Workbook

Sheet Başla
B2: EXCEL KLİNİĞİ
B3: OKUMA | Kitap okuma takibi
B4: Bu yıl kaç kitap, kaç sayfa okudun, hedefin neresindesin, en sevdiklerin hangileri.
B6: NASIL KULLANILIR
B7: 1. Kitaplar | C7: Kitabı, sayfa sayısını, başlama ve bitiş tarihini, bitince puanını yaz.
B8: 2. Özet | C8: Yıllık hedefini gir; aylık biten kitap ve sayfa, tür dağılımı ve en sevdiklerin.
B10: BİLMEN GEREKENLER
B11: Durum | C11: Bitiş tarihi varsa Bitti, yalnız başlama tarihi varsa Okunuyor, ikisi de yoksa Sırada yazar.
B12: Yıl | C12: Kitap, bittiği yıla ve aya sayılır.
B13: Kapasite | C13: Kitaplar: 500 satır.
B15: RENKLER
B16: Sarı hücre | C16: Senin dolduracağın hücre. İçindeki örnekleri silip kendi bilgini yaz.
B17: Beyaz hücre, açık başlık | C17: Formül. Değiştirme, kendiliğinden hesaplanır.

Sheet Kitaplar
A1: Kitaplar
A2: Okuduğun, okumakta olduğun ve sıradaki kitapları yaz.
A4: Kitap | B4: Yazar | C4: Tür | D4: Sayfa | E4: Başlama | F4: Bitiş | G4: Puan (1-5) | H4: Durum | I4: Gün | J4: Günde sayfa | K4: y
A5: Örnek Roman 1 | B5: Yazar Alfa | C5: Roman | D5: 320 | E5: 46235 | F5: 46250 | G5: 5 | H5: =IF(A5="","",IF(F5<>"","Bitti",IF(E5<>"","Okunuyor","Sırada"))) -> Bitti | I5: =IF(OR(E5="",F5=""),"",F5-E5+1) -> 16 | J5: =IF(OR(I5="",D5=""),"",D5/I5) -> 20 | K5: =IF(AND(A5<>"",G5<>""),G5+ROW()/1000000,"") -> 5.000005
A6: Örnek Tarih Kitabı | B6: Yazar Beta | C6: Tarih | D6: 450 | E6: 46254 | F6: 46283 | G6: 4 | H6: =IF(A6="","",IF(F6<>"","Bitti",IF(E6<>"","Okunuyor","Sırada"))) -> Bitti | I6: =IF(OR(E6="",F6=""),"",F6-E6+1) -> 30 | J6: =IF(OR(I6="",D6=""),"",D6/I6) -> 15 | K6: =IF(AND(A6<>"",G6<>""),G6+ROW()/1000000,"") -> 4.000006
A7: Örnek Bilim Kitabı | B7: Yazar Gama | C7: Bilim | D7: 280 | E7: 46285 | F7: 46298 | G7: 3 | H7: =IF(A7="","",IF(F7<>"","Bitti",IF(E7<>"","Okunuyor","Sırada"))) -> Bitti | I7: =IF(OR(E7="",F7=""),"",F7-E7+1) -> 14 | J7: =IF(OR(I7="",D7=""),"",D7/I7) -> 20 | K7: =IF(AND(A7<>"",G7<>""),G7+ROW()/1000000,"") -> 3.000007
A8: Örnek Roman 2 | B8: Yazar Alfa | C8: Roman | D8: 400 | E8: 46299 | H8: =IF(A8="","",IF(F8<>"","Bitti",IF(E8<>"","Okunuyor","Sırada"))) -> Okunuyor | I8: =IF(OR(E8="",F8=""),"",F8-E8+1) | J8: =IF(OR(I8="",D8=""),"",D8/I8) | K8: =IF(AND(A8<>"",G8<>""),G8+ROW()/1000000,"")
A9: Örnek Öykü Kitabı | B9: Yazar Delta | C9: Öykü | D9: 180 | H9: =IF(A9="","",IF(F9<>"","Bitti",IF(E9<>"","Okunuyor","Sırada"))) -> Sırada | I9: =IF(OR(E9="",F9=""),"",F9-E9+1) | J9: =IF(OR(I9="",D9=""),"",D9/I9) | K9: =IF(AND(A9<>"",G9<>""),G9+ROW()/1000000,"")
H10: =IF(A10="","",IF(F10<>"","Bitti",IF(E10<>"","Okunuyor","Sırada"))) | I10: =IF(OR(E10="",F10=""),"",F10-E10+1) | J10: =IF(OR(I10="",D10=""),"",D10/I10) | K10: =IF(AND(A10<>"",G10<>""),G10+ROW()/1000000,"")
H11: =IF(A11="","",IF(F11<>"","Bitti",IF(E11<>"","Okunuyor","Sırada"))) | I11: =IF(OR(E11="",F11=""),"",F11-E11+1) | J11: =IF(OR(I11="",D11=""),"",D11/I11) | K11: =IF(AND(A11<>"",G11<>""),G11+ROW()/1000000,"")
H12: =IF(A12="","",IF(F12<>"","Bitti",IF(E12<>"","Okunuyor","Sırada"))) | I12: =IF(OR(E12="",F12=""),"",F12-E12+1) | J12: =IF(OR(I12="",D12=""),"",D12/I12) | K12: =IF(AND(A12<>"",G12<>""),G12+ROW()/1000000,"")
H13: =IF(A13="","",IF(F13<>"","Bitti",IF(E13<>"","Okunuyor","Sırada"))) | I13: =IF(OR(E13="",F13=""),"",F13-E13+1) | J13: =IF(OR(I13="",D13=""),"",D13/I13) | K13: =IF(AND(A13<>"",G13<>""),G13+ROW()/1000000,"")
H14: =IF(A14="","",IF(F14<>"","Bitti",IF(E14<>"","Okunuyor","Sırada"))) | I14: =IF(OR(E14="",F14=""),"",F14-E14+1) | J14: =IF(OR(I14="",D14=""),"",D14/I14) | K14: =IF(AND(A14<>"",G14<>""),G14+ROW()/1000000,"")
H15: =IF(A15="","",IF(F15<>"","Bitti",IF(E15<>"","Okunuyor","Sırada"))) | I15: =IF(OR(E15="",F15=""),"",F15-E15+1) | J15: =IF(OR(I15="",D15=""),"",D15/I15) | K15: =IF(AND(A15<>"",G15<>""),G15+ROW()/1000000,"")
H16: =IF(A16="","",IF(F16<>"","Bitti",IF(E16<>"","Okunuyor","Sırada"))) | I16: =IF(OR(E16="",F16=""),"",F16-E16+1) | J16: =IF(OR(I16="",D16=""),"",D16/I16) | K16: =IF(AND(A16<>"",G16<>""),G16+ROW()/1000000,"")
H17: =IF(A17="","",IF(F17<>"","Bitti",IF(E17<>"","Okunuyor","Sırada"))) | I17: =IF(OR(E17="",F17=""),"",F17-E17+1) | J17: =IF(OR(I17="",D17=""),"",D17/I17) | K17: =IF(AND(A17<>"",G17<>""),G17+ROW()/1000000,"")
H18: =IF(A18="","",IF(F18<>"","Bitti",IF(E18<>"","Okunuyor","Sırada"))) | I18: =IF(OR(E18="",F18=""),"",F18-E18+1) | J18: =IF(OR(I18="",D18=""),"",D18/I18) | K18: =IF(AND(A18<>"",G18<>""),G18+ROW()/1000000,"")
H19: =IF(A19="","",IF(F19<>"","Bitti",IF(E19<>"","Okunuyor","Sırada"))) | I19: =IF(OR(E19="",F19=""),"",F19-E19+1) | J19: =IF(OR(I19="",D19=""),"",D19/I19) | K19: =IF(AND(A19<>"",G19<>""),G19+ROW()/1000000,"")
H20: =IF(A20="","",IF(F20<>"","Bitti",IF(E20<>"","Okunuyor","Sırada"))) | I20: =IF(OR(E20="",F20=""),"",F20-E20+1) | J20: =IF(OR(I20="",D20=""),"",D20/I20) | K20: =IF(AND(A20<>"",G20<>""),G20+ROW()/1000000,"")
H21: =IF(A21="","",IF(F21<>"","Bitti",IF(E21<>"","Okunuyor","Sırada"))) | I21: =IF(OR(E21="",F21=""),"",F21-E21+1) | J21: =IF(OR(I21="",D21=""),"",D21/I21) | K21: =IF(AND(A21<>"",G21<>""),G21+ROW()/1000000,"")
... H504: =IF(A504="","",IF(F504<>"","Bitti",IF(E504<>"","Okunuyor","Sırada"))) | I504: =IF(OR(E504="",F504=""),"",F504-E504+1) | J504: =IF(OR(I504="",D504=""),"",D504/I504) | K504: =IF(AND(A504<>"",G504<>""),G504+ROW()/1000000,"")

Sheet Özet
A1: Özet
A2: Yılı ve yıllık kitap hedefini yaz.
B3: Yıl | C3: 2026 | D3: Yıllık hedef (kitap) | F3: 24
B5: Biten kitap | C5: Hedefe göre | D5: Okunan sayfa | E5: Ortalama puan | F5: Okunan | G5: Sırada
B6: =C23 -> 3 | C6: =IF(F3=0,0,C23/F3) -> 0.125 | D6: =D23 -> 1050 | E6: =IFERROR(AVERAGEIFS(Kitaplar!$G$5:$G$504,Kitaplar!$F$5:$F$504,">="&DATE($C$3,1,1),Kitaplar!$F$5:$F$504,"<"&DATE($C$3+1,1,1)),0) -> 4 | F6: =COUNTIF(Kitaplar!$H$5:$H$504,"Okunuyor") -> 1 | G6: =COUNTIF(Kitaplar!$H$5:$H$504,"Sırada") -> 1
B9: Aylık tablo | F9: Türe göre (seçili yıl) | I9: En yüksek puanlı 5 kitap
B10: Ay | C10: Biten kitap | D10: Sayfa | F10: Tür | G10: Kitap | I10: Kitap | J10: Puan
B11: Ocak | C11: =COUNTIFS(Kitaplar!$F$5:$F$504,">="&DATE($C$3,1,1),Kitaplar!$F$5:$F$504,"<"&DATE($C$3,2,1)) -> 0 | D11: =SUMIFS(Kitaplar!$D$5:$D$504,Kitaplar!$F$5:$F$504,">="&DATE($C$3,1,1),Kitaplar!$F$5:$F$504,"<"&DATE($C$3,2,1)) -> 0 | F11: =IF(Listeler!A5="","",Listeler!A5) -> Roman | G11: =IF(F11="","",COUNTIFS(Kitaplar!$C$5:$C$504,F11,Kitaplar!$F$5:$F$504,">="&DATE($C$3,1,1),Kitaplar!$F$5:$F$504,"<"&DATE($C$3+1,1,1))) -> 1 | I11: =IFERROR(INDEX(Kitaplar!$A$5:$A$504,MATCH(LARGE(Kitaplar!$K$5:$K$504,1),Kitaplar!$K$5:$K$504,0))&"","") -> Örnek Roman 1 | J11: =IF(I11="","",INDEX(Kitaplar!$G$5:$G$504,MATCH(LARGE(Kitaplar!$K$5:$K$504,1),Kitaplar!$K$5:$K$504,0))) -> 5
B12: Şubat | C12: =COUNTIFS(Kitaplar!$F$5:$F$504,">="&DATE($C$3,2,1),Kitaplar!$F$5:$F$504,"<"&DATE($C$3,3,1)) -> 0 | D12: =SUMIFS(Kitaplar!$D$5:$D$504,Kitaplar!$F$5:$F$504,">="&DATE($C$3,2,1),Kitaplar!$F$5:$F$504,"<"&DATE($C$3,3,1)) -> 0 | F12: =IF(Listeler!A6="","",Listeler!A6) -> Öykü | G12: =IF(F12="","",COUNTIFS(Kitaplar!$C$5:$C$504,F12,Kitaplar!$F$5:$F$504,">="&DATE($C$3,1,1),Kitaplar!$F$5:$F$504,"<"&DATE($C$3+1,1,1))) -> 0 | I12: =IFERROR(INDEX(Kitaplar!$A$5:$A$504,MATCH(LARGE(Kitaplar!$K$5:$K$504,2),Kitaplar!$K$5:$K$504,0))&"","") -> Örnek Tarih Kitabı | J12: =IF(I12="","",INDEX(Kitaplar!$G$5:$G$504,MATCH(LARGE(Kitaplar!$K$5:$K$504,2),Kitaplar!$K$5:$K$504,0))) -> 4
B13: Mart | C13: =COUNTIFS(Kitaplar!$F$5:$F$504,">="&DATE($C$3,3,1),Kitaplar!$F$5:$F$504,"<"&DATE($C$3,4,1)) -> 0 | D13: =SUMIFS(Kitaplar!$D$5:$D$504,Kitaplar!$F$5:$F$504,">="&DATE($C$3,3,1),Kitaplar!$F$5:$F$504,"<"&DATE($C$3,4,1)) -> 0 | F13: =IF(Listeler!A7="","",Listeler!A7) -> Tarih | G13: =IF(F13="","",COUNTIFS(Kitaplar!$C$5:$C$504,F13,Kitaplar!$F$5:$F$504,">="&DATE($C$3,1,1),Kitaplar!$F$5:$F$504,"<"&DATE($C$3+1,1,1))) -> 1 | I13: =IFERROR(INDEX(Kitaplar!$A$5:$A$504,MATCH(LARGE(Kitaplar!$K$5:$K$504,3),Kitaplar!$K$5:$K$504,0))&"","") -> Örnek Bilim Kitabı | J13: =IF(I13="","",INDEX(Kitaplar!$G$5:$G$504,MATCH(LARGE(Kitaplar!$K$5:$K$504,3),Kitaplar!$K$5:$K$504,0))) -> 3
B14: Nisan | C14: =COUNTIFS(Kitaplar!$F$5:$F$504,">="&DATE($C$3,4,1),Kitaplar!$F$5:$F$504,"<"&DATE($C$3,5,1)) -> 0 | D14: =SUMIFS(Kitaplar!$D$5:$D$504,Kitaplar!$F$5:$F$504,">="&DATE($C$3,4,1),Kitaplar!$F$5:$F$504,"<"&DATE($C$3,5,1)) -> 0 | F14: =IF(Listeler!A8="","",Listeler!A8) -> Bilim | G14: =IF(F14="","",COUNTIFS(Kitaplar!$C$5:$C$504,F14,Kitaplar!$F$5:$F$504,">="&DATE($C$3,1,1),Kitaplar!$F$5:$F$504,"<"&DATE($C$3+1,1,1))) -> 1 | I14: =IFERROR(INDEX(Kitaplar!$A$5:$A$504,MATCH(LARGE(Kitaplar!$K$5:$K$504,4),Kitaplar!$K$5:$K$504,0))&"","") | J14: =IF(I14="","",INDEX(Kitaplar!$G$5:$G$504,MATCH(LARGE(Kitaplar!$K$5:$K$504,4),Kitaplar!$K$5:$K$504,0)))
B15: Mayıs | C15: =COUNTIFS(Kitaplar!$F$5:$F$504,">="&DATE($C$3,5,1),Kitaplar!$F$5:$F$504,"<"&DATE($C$3,6,1)) -> 0 | D15: =SUMIFS(Kitaplar!$D$5:$D$504,Kitaplar!$F$5:$F$504,">="&DATE($C$3,5,1),Kitaplar!$F$5:$F$504,"<"&DATE($C$3,6,1)) -> 0 | F15: =IF(Listeler!A9="","",Listeler!A9) -> Kişisel gelişim | G15: =IF(F15="","",COUNTIFS(Kitaplar!$C$5:$C$504,F15,Kitaplar!$F$5:$F$504,">="&DATE($C$3,1,1),Kitaplar!$F$5:$F$504,"<"&DATE($C$3+1,1,1))) -> 0 | I15: =IFERROR(INDEX(Kitaplar!$A$5:$A$504,MATCH(LARGE(Kitaplar!$K$5:$K$504,5),Kitaplar!$K$5:$K$504,0))&"","") | J15: =IF(I15="","",INDEX(Kitaplar!$G$5:$G$504,MATCH(LARGE(Kitaplar!$K$5:$K$504,5),Kitaplar!$K$5:$K$504,0)))
B16: Haziran | C16: =COUNTIFS(Kitaplar!$F$5:$F$504,">="&DATE($C$3,6,1),Kitaplar!$F$5:$F$504,"<"&DATE($C$3,7,1)) -> 0 | D16: =SUMIFS(Kitaplar!$D$5:$D$504,Kitaplar!$F$5:$F$504,">="&DATE($C$3,6,1),Kitaplar!$F$5:$F$504,"<"&DATE($C$3,7,1)) -> 0 | F16: =IF(Listeler!A10="","",Listeler!A10) -> İş ve ekonomi | G16: =IF(F16="","",COUNTIFS(Kitaplar!$C$5:$C$504,F16,Kitaplar!$F$5:$F$504,">="&DATE($C$3,1,1),Kitaplar!$F$5:$F$504,"<"&DATE($C$3+1,1,1))) -> 0
B17: Temmuz | C17: =COUNTIFS(Kitaplar!$F$5:$F$504,">="&DATE($C$3,7,1),Kitaplar!$F$5:$F$504,"<"&DATE($C$3,8,1)) -> 0 | D17: =SUMIFS(Kitaplar!$D$5:$D$504,Kitaplar!$F$5:$F$504,">="&DATE($C$3,7,1),Kitaplar!$F$5:$F$504,"<"&DATE($C$3,8,1)) -> 0 | F17: =IF(Listeler!A11="","",Listeler!A11) -> Biyografi | G17: =IF(F17="","",COUNTIFS(Kitaplar!$C$5:$C$504,F17,Kitaplar!$F$5:$F$504,">="&DATE($C$3,1,1),Kitaplar!$F$5:$F$504,"<"&DATE($C$3+1,1,1))) -> 0
B18: Ağustos | C18: =COUNTIFS(Kitaplar!$F$5:$F$504,">="&DATE($C$3,8,1),Kitaplar!$F$5:$F$504,"<"&DATE($C$3,9,1)) -> 1 | D18: =SUMIFS(Kitaplar!$D$5:$D$504,Kitaplar!$F$5:$F$504,">="&DATE($C$3,8,1),Kitaplar!$F$5:$F$504,"<"&DATE($C$3,9,1)) -> 320 | F18: =IF(Listeler!A12="","",Listeler!A12) -> Diğer | G18: =IF(F18="","",COUNTIFS(Kitaplar!$C$5:$C$504,F18,Kitaplar!$F$5:$F$504,">="&DATE($C$3,1,1),Kitaplar!$F$5:$F$504,"<"&DATE($C$3+1,1,1))) -> 0
B19: Eylül | C19: =COUNTIFS(Kitaplar!$F$5:$F$504,">="&DATE($C$3,9,1),Kitaplar!$F$5:$F$504,"<"&DATE($C$3,10,1)) -> 1 | D19: =SUMIFS(Kitaplar!$D$5:$D$504,Kitaplar!$F$5:$F$504,">="&DATE($C$3,9,1),Kitaplar!$F$5:$F$504,"<"&DATE($C$3,10,1)) -> 450 | F19: =IF(Listeler!A13="","",Listeler!A13) | G19: =IF(F19="","",COUNTIFS(Kitaplar!$C$5:$C$504,F19,Kitaplar!$F$5:$F$504,">="&DATE($C$3,1,1),Kitaplar!$F$5:$F$504,"<"&DATE($C$3+1,1,1)))
B20: Ekim | C20: =COUNTIFS(Kitaplar!$F$5:$F$504,">="&DATE($C$3,10,1),Kitaplar!$F$5:$F$504,"<"&DATE($C$3,11,1)) -> 1 | D20: =SUMIFS(Kitaplar!$D$5:$D$504,Kitaplar!$F$5:$F$504,">="&DATE($C$3,10,1),Kitaplar!$F$5:$F$504,"<"&DATE($C$3,11,1)) -> 280 | F20: =IF(Listeler!A14="","",Listeler!A14) | G20: =IF(F20="","",COUNTIFS(Kitaplar!$C$5:$C$504,F20,Kitaplar!$F$5:$F$504,">="&DATE($C$3,1,1),Kitaplar!$F$5:$F$504,"<"&DATE($C$3+1,1,1)))
B21: Kasım | C21: =COUNTIFS(Kitaplar!$F$5:$F$504,">="&DATE($C$3,11,1),Kitaplar!$F$5:$F$504,"<"&DATE($C$3,12,1)) -> 0 | D21: =SUMIFS(Kitaplar!$D$5:$D$504,Kitaplar!$F$5:$F$504,">="&DATE($C$3,11,1),Kitaplar!$F$5:$F$504,"<"&DATE($C$3,12,1)) -> 0
B22: Aralık | C22: =COUNTIFS(Kitaplar!$F$5:$F$504,">="&DATE($C$3,12,1),Kitaplar!$F$5:$F$504,"<"&DATE($C$3,13,1)) -> 0 | D22: =SUMIFS(Kitaplar!$D$5:$D$504,Kitaplar!$F$5:$F$504,">="&DATE($C$3,12,1),Kitaplar!$F$5:$F$504,"<"&DATE($C$3,13,1)) -> 0
B23: TOPLAM | C23: =SUM(C11:C22) -> 3 | D23: =SUM(D11:D22) -> 1050

Sheet Listeler
A1: Listeler
A2: Açılır listelerde çıkan seçenekler. Sarı hücrelere kendi seçeneklerini yaz.
A4: Tür
A5: Roman
A6: Öykü
A7: Tarih
A8: Bilim
A9: Kişisel gelişim
A10: İş ve ekonomi
A11: Biyografi
A12: Diğer

Sheet AI Komutları
B1: Yapay Zeka Komutları
B2: İlgili sayfada başlık satırıyla birlikte kayıtlarını seç, kopyala, kullandığın yapay zeka asistanına yapıştır ve altına komutu ekle.
B3: Dikkat: Paylaşılacak kişisel bilgi yok. Yapay zekanın verdiği rakamları dosyadaki özet sayfasıyla karşılaştır.
B5: Ne için | C5: Komut (kopyala, yapıştır)
B6: Sıradaki kitap | C6: [Kitaplar sayfası] Puanlarıma bakarak sevdiğim türleri çıkar ve sıradaki kitaplarımdan hangisiyle devam etmemi önerirsin?
B7: Okuma hızı | C7: [Kitaplar sayfası] Günde ortalama kaç sayfa okuyorum? Yıl hedefime yetişmek için günde kaç sayfa gerekir?
B8: Yıl özeti | C8: [Özet sayfası] Okuma yılımı beş cümleyle özetle.
B9: Not çıkarma | C9: [kitap adı] kitabından aklımda kalanları yazacağım; bunları üç ana fikre topla.
