Workbook

Sheet Başla
B2: EXCEL KLİNİĞİ
B3: EŞYA | Ev eşyası ve garanti takibi
B4: Evde ne var, kaça alındı, garantisi ne zaman bitiyor; sigorta ya da taşınma için hazır liste.
B6: NASIL KULLANILIR
B7: 1. Listeler | C7: Odaları ve kategorileri kendi evine göre düzenle.
B8: 2. Eşyalar | C8: Her eşyayı odası, alış tarihi, değeri ve garanti bitişiyle yaz.
B9: 3. Özet | C9: Toplam değer, oda ve kategori dağılımı, garantisi bitmek üzere olanlar.
B11: BİLMEN GEREKENLER
B12: Değer | C12: Yazdığın tutar alış bedeli ya da bugünkü tahmini değer olabilir; hangisini seçtiysen hep aynısını kullan.
B13: Sigorta | C13: Liste sigorta başvurusunda yardımcı olur ama poliçe ya da ekspertiz yerine geçmez.
B14: Kapasite | C14: Eşyalar: 400 satır.
B16: RENKLER
B17: Sarı hücre | C17: Senin dolduracağın hücre. İçindeki örnekleri silip kendi bilgini yaz.
B18: Beyaz hücre, açık başlık | C18: Formül. Değiştirme, kendiliğinden hesaplanır.

Sheet Eşyalar
A1: Eşyalar
A2: Her eşyayı bir satır yaz. Garanti bitiş tarihini faturadan ya da garanti belgesinden al.
A4: Eşya | B4: Oda | C4: Kategori | D4: Alış tarihi | E4: Değer (₺) | F4: Garanti bitişi | G4: Marka ve seri no | H4: Garanti | I4: Yaş (yıl) | J4: y
A5: Buzdolabı | B5: Mutfak | C5: Beyaz eşya | D5: 45422 | E5: 45000 | F5: 46517 | G5: Örnek | H5: =IF(A5="","",IF(F5="","Belirsiz",IF(F5<TODAY(),"Bitti",IF(F5<=TODAY()+30,"30 gün içinde","Sürüyor")))) -> Sürüyor | I5: =IF(OR(A5="",D5=""),"",(TODAY()-D5)/365.25) -> 2.4010951 | J5: =IF(AND(A5<>"",F5<>"",F5>=TODAY()),F5+ROW()/1000000,"") -> 46517
A6: Televizyon | B6: Salon | C6: Elektronik | D6: 45962 | E6: 38000 | F6: 46319 | G6: Örnek | H6: =IF(A6="","",IF(F6="","Belirsiz",IF(F6<TODAY(),"Bitti",IF(F6<=TODAY()+30,"30 gün içinde","Sürüyor")))) -> 30 gün içinde | I6: =IF(OR(A6="",D6=""),"",(TODAY()-D6)/365.25) -> 0.92265572 | J6: =IF(AND(A6<>"",F6<>"",F6>=TODAY()),F6+ROW()/1000000,"") -> 46319
A7: Koltuk takımı | B7: Salon | C7: Mobilya | D7: 44621 | E7: 60000 | F7: 45352 | G7: Örnek | H7: =IF(A7="","",IF(F7="","Belirsiz",IF(F7<TODAY(),"Bitti",IF(F7<=TODAY()+30,"30 gün içinde","Sürüyor")))) -> Bitti | I7: =IF(OR(A7="",D7=""),"",(TODAY()-D7)/365.25) -> 4.5941136 | J7: =IF(AND(A7<>"",F7<>"",F7>=TODAY()),F7+ROW()/1000000,"")
A8: Dizüstü bilgisayar | B8: Yatak odası | C8: Elektronik | D8: 45702 | E8: 52000 | F8: 46432 | G8: Örnek | H8: =IF(A8="","",IF(F8="","Belirsiz",IF(F8<TODAY(),"Bitti",IF(F8<=TODAY()+30,"30 gün içinde","Sürüyor")))) -> Sürüyor | I8: =IF(OR(A8="",D8=""),"",(TODAY()-D8)/365.25) -> 1.6344969 | J8: =IF(AND(A8<>"",F8<>"",F8>=TODAY()),F8+ROW()/1000000,"") -> 46432
A9: Kahve makinesi | B9: Mutfak | C9: Küçük ev aleti | D9: 46027 | E9: 7000 | G9: Örnek | H9: =IF(A9="","",IF(F9="","Belirsiz",IF(F9<TODAY(),"Bitti",IF(F9<=TODAY()+30,"30 gün içinde","Sürüyor")))) -> Belirsiz | I9: =IF(OR(A9="",D9=""),"",(TODAY()-D9)/365.25) -> 0.74469541 | J9: =IF(AND(A9<>"",F9<>"",F9>=TODAY()),F9+ROW()/1000000,"")
H10: =IF(A10="","",IF(F10="","Belirsiz",IF(F10<TODAY(),"Bitti",IF(F10<=TODAY()+30,"30 gün içinde","Sürüyor")))) | I10: =IF(OR(A10="",D10=""),"",(TODAY()-D10)/365.25) | J10: =IF(AND(A10<>"",F10<>"",F10>=TODAY()),F10+ROW()/1000000,"")
H11: =IF(A11="","",IF(F11="","Belirsiz",IF(F11<TODAY(),"Bitti",IF(F11<=TODAY()+30,"30 gün içinde","Sürüyor")))) | I11: =IF(OR(A11="",D11=""),"",(TODAY()-D11)/365.25) | J11: =IF(AND(A11<>"",F11<>"",F11>=TODAY()),F11+ROW()/1000000,"")
H12: =IF(A12="","",IF(F12="","Belirsiz",IF(F12<TODAY(),"Bitti",IF(F12<=TODAY()+30,"30 gün içinde","Sürüyor")))) | I12: =IF(OR(A12="",D12=""),"",(TODAY()-D12)/365.25) | J12: =IF(AND(A12<>"",F12<>"",F12>=TODAY()),F12+ROW()/1000000,"")
H13: =IF(A13="","",IF(F13="","Belirsiz",IF(F13<TODAY(),"Bitti",IF(F13<=TODAY()+30,"30 gün içinde","Sürüyor")))) | I13: =IF(OR(A13="",D13=""),"",(TODAY()-D13)/365.25) | J13: =IF(AND(A13<>"",F13<>"",F13>=TODAY()),F13+ROW()/1000000,"")
H14: =IF(A14="","",IF(F14="","Belirsiz",IF(F14<TODAY(),"Bitti",IF(F14<=TODAY()+30,"30 gün içinde","Sürüyor")))) | I14: =IF(OR(A14="",D14=""),"",(TODAY()-D14)/365.25) | J14: =IF(AND(A14<>"",F14<>"",F14>=TODAY()),F14+ROW()/1000000,"")
H15: =IF(A15="","",IF(F15="","Belirsiz",IF(F15<TODAY(),"Bitti",IF(F15<=TODAY()+30,"30 gün içinde","Sürüyor")))) | I15: =IF(OR(A15="",D15=""),"",(TODAY()-D15)/365.25) | J15: =IF(AND(A15<>"",F15<>"",F15>=TODAY()),F15+ROW()/1000000,"")
H16: =IF(A16="","",IF(F16="","Belirsiz",IF(F16<TODAY(),"Bitti",IF(F16<=TODAY()+30,"30 gün içinde","Sürüyor")))) | I16: =IF(OR(A16="",D16=""),"",(TODAY()-D16)/365.25) | J16: =IF(AND(A16<>"",F16<>"",F16>=TODAY()),F16+ROW()/1000000,"")
H17: =IF(A17="","",IF(F17="","Belirsiz",IF(F17<TODAY(),"Bitti",IF(F17<=TODAY()+30,"30 gün içinde","Sürüyor")))) | I17: =IF(OR(A17="",D17=""),"",(TODAY()-D17)/365.25) | J17: =IF(AND(A17<>"",F17<>"",F17>=TODAY()),F17+ROW()/1000000,"")
H18: =IF(A18="","",IF(F18="","Belirsiz",IF(F18<TODAY(),"Bitti",IF(F18<=TODAY()+30,"30 gün içinde","Sürüyor")))) | I18: =IF(OR(A18="",D18=""),"",(TODAY()-D18)/365.25) | J18: =IF(AND(A18<>"",F18<>"",F18>=TODAY()),F18+ROW()/1000000,"")
H19: =IF(A19="","",IF(F19="","Belirsiz",IF(F19<TODAY(),"Bitti",IF(F19<=TODAY()+30,"30 gün içinde","Sürüyor")))) | I19: =IF(OR(A19="",D19=""),"",(TODAY()-D19)/365.25) | J19: =IF(AND(A19<>"",F19<>"",F19>=TODAY()),F19+ROW()/1000000,"")
H20: =IF(A20="","",IF(F20="","Belirsiz",IF(F20<TODAY(),"Bitti",IF(F20<=TODAY()+30,"30 gün içinde","Sürüyor")))) | I20: =IF(OR(A20="",D20=""),"",(TODAY()-D20)/365.25) | J20: =IF(AND(A20<>"",F20<>"",F20>=TODAY()),F20+ROW()/1000000,"")
H21: =IF(A21="","",IF(F21="","Belirsiz",IF(F21<TODAY(),"Bitti",IF(F21<=TODAY()+30,"30 gün içinde","Sürüyor")))) | I21: =IF(OR(A21="",D21=""),"",(TODAY()-D21)/365.25) | J21: =IF(AND(A21<>"",F21<>"",F21>=TODAY()),F21+ROW()/1000000,"")
... H404: =IF(A404="","",IF(F404="","Belirsiz",IF(F404<TODAY(),"Bitti",IF(F404<=TODAY()+30,"30 gün içinde","Sürüyor")))) | I404: =IF(OR(A404="",D404=""),"",(TODAY()-D404)/365.25) | J404: =IF(AND(A404<>"",F404<>"",F404>=TODAY()),F404+ROW()/1000000,"")

Sheet Özet
A1: Özet
A2: Bu sayfaya yazma.
B5: Eşya | C5: Toplam değer | D5: Garantisi süren | E5: 30 gün içinde biten
B6: =COUNTA(Eşyalar!$A$5:$A$404) -> 5 | C6: =SUM(Eşyalar!$E$5:$E$404) -> 202000 | D6: =COUNTIF(Eşyalar!$H$5:$H$404,"Sürüyor")+COUNTIF(Eşyalar!$H$5:$H$404,"30 gün içinde") -> 3 | E6: =COUNTIF(Eşyalar!$H$5:$H$404,"30 gün içinde") -> 1
B8: Odaya göre | I8: Garantisi en yakın bitecek 10 eşya
B9: Oda | C9: Adet | D9: Değer (₺) | I9: Eşya | J9: Garanti bitişi
B10: =IF(Listeler!A5="","",Listeler!A5) -> Salon | C10: =IF(B10="","",COUNTIF(Eşyalar!$B$5:$B$404,B10)) -> 2 | D10: =IF(B10="","",SUMIFS(Eşyalar!$E$5:$E$404,Eşyalar!$B$5:$B$404,B10)) -> 98000 | I10: =IFERROR(INDEX(Eşyalar!$A$5:$A$404,MATCH(SMALL(Eşyalar!$J$5:$J$404,1),Eşyalar!$J$5:$J$404,0))&"","") -> Televizyon | J10: =IF(I10="","",INDEX(Eşyalar!$F$5:$F$404,MATCH(SMALL(Eşyalar!$J$5:$J$404,1),Eşyalar!$J$5:$J$404,0))) -> 46319
B11: =IF(Listeler!A6="","",Listeler!A6) -> Mutfak | C11: =IF(B11="","",COUNTIF(Eşyalar!$B$5:$B$404,B11)) -> 2 | D11: =IF(B11="","",SUMIFS(Eşyalar!$E$5:$E$404,Eşyalar!$B$5:$B$404,B11)) -> 52000 | I11: =IFERROR(INDEX(Eşyalar!$A$5:$A$404,MATCH(SMALL(Eşyalar!$J$5:$J$404,2),Eşyalar!$J$5:$J$404,0))&"","") -> Dizüstü bilgisayar | J11: =IF(I11="","",INDEX(Eşyalar!$F$5:$F$404,MATCH(SMALL(Eşyalar!$J$5:$J$404,2),Eşyalar!$J$5:$J$404,0))) -> 46432
B12: =IF(Listeler!A7="","",Listeler!A7) -> Yatak odası | C12: =IF(B12="","",COUNTIF(Eşyalar!$B$5:$B$404,B12)) -> 1 | D12: =IF(B12="","",SUMIFS(Eşyalar!$E$5:$E$404,Eşyalar!$B$5:$B$404,B12)) -> 52000 | I12: =IFERROR(INDEX(Eşyalar!$A$5:$A$404,MATCH(SMALL(Eşyalar!$J$5:$J$404,3),Eşyalar!$J$5:$J$404,0))&"","") -> Buzdolabı | J12: =IF(I12="","",INDEX(Eşyalar!$F$5:$F$404,MATCH(SMALL(Eşyalar!$J$5:$J$404,3),Eşyalar!$J$5:$J$404,0))) -> 46517
B13: =IF(Listeler!A8="","",Listeler!A8) -> Çocuk odası | C13: =IF(B13="","",COUNTIF(Eşyalar!$B$5:$B$404,B13)) -> 0 | D13: =IF(B13="","",SUMIFS(Eşyalar!$E$5:$E$404,Eşyalar!$B$5:$B$404,B13)) -> 0 | I13: =IFERROR(INDEX(Eşyalar!$A$5:$A$404,MATCH(SMALL(Eşyalar!$J$5:$J$404,4),Eşyalar!$J$5:$J$404,0))&"","") | J13: =IF(I13="","",INDEX(Eşyalar!$F$5:$F$404,MATCH(SMALL(Eşyalar!$J$5:$J$404,4),Eşyalar!$J$5:$J$404,0)))
B14: =IF(Listeler!A9="","",Listeler!A9) -> Banyo | C14: =IF(B14="","",COUNTIF(Eşyalar!$B$5:$B$404,B14)) -> 0 | D14: =IF(B14="","",SUMIFS(Eşyalar!$E$5:$E$404,Eşyalar!$B$5:$B$404,B14)) -> 0 | I14: =IFERROR(INDEX(Eşyalar!$A$5:$A$404,MATCH(SMALL(Eşyalar!$J$5:$J$404,5),Eşyalar!$J$5:$J$404,0))&"","") | J14: =IF(I14="","",INDEX(Eşyalar!$F$5:$F$404,MATCH(SMALL(Eşyalar!$J$5:$J$404,5),Eşyalar!$J$5:$J$404,0)))
B15: =IF(Listeler!A10="","",Listeler!A10) -> Balkon | C15: =IF(B15="","",COUNTIF(Eşyalar!$B$5:$B$404,B15)) -> 0 | D15: =IF(B15="","",SUMIFS(Eşyalar!$E$5:$E$404,Eşyalar!$B$5:$B$404,B15)) -> 0 | I15: =IFERROR(INDEX(Eşyalar!$A$5:$A$404,MATCH(SMALL(Eşyalar!$J$5:$J$404,6),Eşyalar!$J$5:$J$404,0))&"","") | J15: =IF(I15="","",INDEX(Eşyalar!$F$5:$F$404,MATCH(SMALL(Eşyalar!$J$5:$J$404,6),Eşyalar!$J$5:$J$404,0)))
B16: =IF(Listeler!A11="","",Listeler!A11) -> Depo | C16: =IF(B16="","",COUNTIF(Eşyalar!$B$5:$B$404,B16)) -> 0 | D16: =IF(B16="","",SUMIFS(Eşyalar!$E$5:$E$404,Eşyalar!$B$5:$B$404,B16)) -> 0 | I16: =IFERROR(INDEX(Eşyalar!$A$5:$A$404,MATCH(SMALL(Eşyalar!$J$5:$J$404,7),Eşyalar!$J$5:$J$404,0))&"","") | J16: =IF(I16="","",INDEX(Eşyalar!$F$5:$F$404,MATCH(SMALL(Eşyalar!$J$5:$J$404,7),Eşyalar!$J$5:$J$404,0)))
B17: =IF(Listeler!A12="","",Listeler!A12) | C17: =IF(B17="","",COUNTIF(Eşyalar!$B$5:$B$404,B17)) | D17: =IF(B17="","",SUMIFS(Eşyalar!$E$5:$E$404,Eşyalar!$B$5:$B$404,B17)) | I17: =IFERROR(INDEX(Eşyalar!$A$5:$A$404,MATCH(SMALL(Eşyalar!$J$5:$J$404,8),Eşyalar!$J$5:$J$404,0))&"","") | J17: =IF(I17="","",INDEX(Eşyalar!$F$5:$F$404,MATCH(SMALL(Eşyalar!$J$5:$J$404,8),Eşyalar!$J$5:$J$404,0)))
B18: =IF(Listeler!A13="","",Listeler!A13) | C18: =IF(B18="","",COUNTIF(Eşyalar!$B$5:$B$404,B18)) | D18: =IF(B18="","",SUMIFS(Eşyalar!$E$5:$E$404,Eşyalar!$B$5:$B$404,B18)) | I18: =IFERROR(INDEX(Eşyalar!$A$5:$A$404,MATCH(SMALL(Eşyalar!$J$5:$J$404,9),Eşyalar!$J$5:$J$404,0))&"","") | J18: =IF(I18="","",INDEX(Eşyalar!$F$5:$F$404,MATCH(SMALL(Eşyalar!$J$5:$J$404,9),Eşyalar!$J$5:$J$404,0)))
B19: =IF(Listeler!A14="","",Listeler!A14) | C19: =IF(B19="","",COUNTIF(Eşyalar!$B$5:$B$404,B19)) | D19: =IF(B19="","",SUMIFS(Eşyalar!$E$5:$E$404,Eşyalar!$B$5:$B$404,B19)) | I19: =IFERROR(INDEX(Eşyalar!$A$5:$A$404,MATCH(SMALL(Eşyalar!$J$5:$J$404,10),Eşyalar!$J$5:$J$404,0))&"","") | J19: =IF(I19="","",INDEX(Eşyalar!$F$5:$F$404,MATCH(SMALL(Eşyalar!$J$5:$J$404,10),Eşyalar!$J$5:$J$404,0)))
B21: Kategoriye göre
B22: Kategori | C22: Adet | D22: Değer (₺)
B23: =IF(Listeler!B5="","",Listeler!B5) -> Beyaz eşya | C23: =IF(B23="","",COUNTIF(Eşyalar!$C$5:$C$404,B23)) -> 1 | D23: =IF(B23="","",SUMIFS(Eşyalar!$E$5:$E$404,Eşyalar!$C$5:$C$404,B23)) -> 45000
B24: =IF(Listeler!B6="","",Listeler!B6) -> Elektronik | C24: =IF(B24="","",COUNTIF(Eşyalar!$C$5:$C$404,B24)) -> 2 | D24: =IF(B24="","",SUMIFS(Eşyalar!$E$5:$E$404,Eşyalar!$C$5:$C$404,B24)) -> 90000
B25: =IF(Listeler!B7="","",Listeler!B7) -> Mobilya | C25: =IF(B25="","",COUNTIF(Eşyalar!$C$5:$C$404,B25)) -> 1 | D25: =IF(B25="","",SUMIFS(Eşyalar!$E$5:$E$404,Eşyalar!$C$5:$C$404,B25)) -> 60000
B26: =IF(Listeler!B8="","",Listeler!B8) -> Küçük ev aleti | C26: =IF(B26="","",COUNTIF(Eşyalar!$C$5:$C$404,B26)) -> 1 | D26: =IF(B26="","",SUMIFS(Eşyalar!$E$5:$E$404,Eşyalar!$C$5:$C$404,B26)) -> 7000
B27: =IF(Listeler!B9="","",Listeler!B9) -> Değerli eşya | C27: =IF(B27="","",COUNTIF(Eşyalar!$C$5:$C$404,B27)) -> 0 | D27: =IF(B27="","",SUMIFS(Eşyalar!$E$5:$E$404,Eşyalar!$C$5:$C$404,B27)) -> 0
B28: =IF(Listeler!B10="","",Listeler!B10) -> Diğer | C28: =IF(B28="","",COUNTIF(Eşyalar!$C$5:$C$404,B28)) -> 0 | D28: =IF(B28="","",SUMIFS(Eşyalar!$E$5:$E$404,Eşyalar!$C$5:$C$404,B28)) -> 0
B29: =IF(Listeler!B11="","",Listeler!B11) | C29: =IF(B29="","",COUNTIF(Eşyalar!$C$5:$C$404,B29)) | D29: =IF(B29="","",SUMIFS(Eşyalar!$E$5:$E$404,Eşyalar!$C$5:$C$404,B29))
B30: =IF(Listeler!B12="","",Listeler!B12) | C30: =IF(B30="","",COUNTIF(Eşyalar!$C$5:$C$404,B30)) | D30: =IF(B30="","",SUMIFS(Eşyalar!$E$5:$E$404,Eşyalar!$C$5:$C$404,B30))

Sheet Listeler
A1: Listeler
A2: Açılır listelerde çıkan seçenekler. Sarı hücrelere kendi seçeneklerini yaz.
A4: Oda | B4: Kategori
A5: Salon | B5: Beyaz eşya
A6: Mutfak | B6: Elektronik
A7: Yatak odası | B7: Mobilya
A8: Çocuk odası | B8: Küçük ev aleti
A9: Banyo | B9: Değerli eşya
A10: Balkon | B10: Diğer
A11: Depo

Sheet AI Komutları
B1: Yapay Zeka Komutları
B2: İlgili sayfada başlık satırıyla birlikte kayıtlarını seç, kopyala, kullandığın yapay zeka asistanına yapıştır ve altına komutu ekle.
B3: Dikkat: Seri numaralarını ve adresini paylaşma. Yapay zekanın verdiği rakamları dosyadaki özet sayfasıyla karşılaştır.
B5: Ne için | C5: Komut (kopyala, yapıştır)
B6: Garanti hatırlatma | C6: [Özet sayfası] Garantisi yakında biten eşyalar için garanti bitmeden kontrol etmem gerekenleri yaz.
B7: Sigorta özeti | C7: [Eşyalar sayfası] Sigortacıya gönderilecek, kategori bazında toplamları gösteren kısa bir özet hazırla.
B8: Yenileme planı | C8: Yaşı 8 yılı geçen beyaz eşyaları listele ve yenileme için öncelik sırası öner.
B9: Taşınma listesi | C9: [Eşyalar sayfası] Oda oda taşınma kontrol listesi oluştur.
