Workbook

Sheet Başla
B2: EXCEL KLİNİĞİ
B3: TANSİYON | Alacak Borç Takibi
B4: Kim sana borçlu, sen kime borçlusun, hangisi gecikti. Kaydı gir, durumu dosya söylesin.
B6: NASIL KULLANILIR
B7: 1. Kişiler | C7: Müşterilerini ve borçlu olduğun kişi ya da firmaları yaz. Buraya eklediğin her ad, kayıt girerken açılır listede görünür.
B8: 2. Kayıtlar | C8: Her alacak ya da borç için bir satır gir: tür, kişi, açıklama, belge tarihi, vade tarihi, tutar. Para geldikçe ya da ödedikçe Ödenen sütununu güncelle.
B9: 3. Özet | C9: Hiçbir şey yazma, yalnızca bak. Toplam alacak ve borç, gecikenler, önümüzdeki 7 gün, vade tablosu ve kişi bazında durum kendiliğinden hesaplanır.
B10: 4. AI Komutları | C10: Kayıtlarını bir yapay zeka asistanına yapıştırıp kullanabileceğin hazır komutlar; hatırlatma mesajı yazdırma dahil.
B12: DURUM NE DEMEK
B13: Ödendi | C13: Kalan tutar sıfır.
B14: Gecikti | C14: Vade tarihi geçmiş ve hâlâ kalan var. Gecikme sütunu kaç gün geçtiğini gösterir.
B15: Bu hafta | C15: Vadesi bugün ya da önümüzdeki 7 gün içinde.
B16: Bekliyor | C16: Vadesine 7 günden fazla var.
B17: Vadesiz | C17: Vade tarihi girilmemiş. Gecikme hesaplanamaz, mümkünse vade yaz.
B19: RENKLER
B20: Sarı hücre | C20: Senin dolduracağın hücre.
B21: Beyaz / yeşil hücre | C21: Formül ya da başlık. Değiştirme, kendiliğinden hesaplanır.
B23: ÖNEMLİ
B24: Örnek kayıtlar | C24: Kayıtlar sayfasındaki 8 satır ve Kişiler sayfasındaki 5 ad örnektir. Başlamadan önce yalnızca sarı hücrelerdeki içeriği sil; Kalan, Durum ve Gecikme sütunlarına dokunma.
B25: Tarih | C25: Durumlar bilgisayarının bugünkü tarihine göre hesaplanır ve dosyayı her açtığında güncellenir.
B26: Kapasite | C26: Kayıtlar sayfası 300 satıra, Kişiler sayfası 40 ada kadar hesaplanır.
B27: Kişi adı değişirse | C27: Bir kişinin adını sonradan değiştirirsen eski kayıtlardaki ad aynı kalır. Eski kayıtları da güncelle, yoksa kişi tablosunda görünmez.

Sheet Kayıtlar
A1: Kayıtlar
A2: Her satıra bir alacak ya da borç. Sarı sütunları doldur; Kalan, Durum ve Gecikme kendiliğinden hesaplanır.
A4: Tür | B4: Kişi / Firma | C4: Açıklama | D4: Belge Tarihi | E4: Vade Tarihi | F4: Tutar (₺) | G4: Ödenen (₺) | H4: Kalan (₺) | I4: Durum | J4: Gecikme (gün) | K4: Not
A5: Alacak | B5: Müşteri Alfa | C5: Örnek: Eylül mal teslimi | D5: 46254 | E5: 46285 | F5: 18500 | G5: 5000 | H5: =IF(F5="","",F5-G5) -> 13500 | I5: =IF(F5="","",IF(H5<=0,"Ödendi",IF(E5="","Vadesiz",IF(E5<Özet!$C$3,"Gecikti",IF(E5<=Özet!$C$3+7,"Bu hafta","Bekliyor"))))) -> Gecikti | J5: =IF(I5="Gecikti",Özet!$C$3-E5,"") -> 14
A6: Alacak | B6: Müşteri Beta | C6: Örnek: Kurulum hizmeti | D6: 46275 | E6: 46303 | F6: 12000 | H6: =IF(F6="","",F6-G6) -> 12000 | I6: =IF(F6="","",IF(H6<=0,"Ödendi",IF(E6="","Vadesiz",IF(E6<Özet!$C$3,"Gecikti",IF(E6<=Özet!$C$3+7,"Bu hafta","Bekliyor"))))) -> Bu hafta | J6: =IF(I6="Gecikti",Özet!$C$3-E6,"")
A7: Alacak | B7: Müşteri Gama | C7: Örnek: Toptan satış | D7: 46290 | E7: 46341 | F7: 7400 | H7: =IF(F7="","",F7-G7) -> 7400 | I7: =IF(F7="","",IF(H7<=0,"Ödendi",IF(E7="","Vadesiz",IF(E7<Özet!$C$3,"Gecikti",IF(E7<=Özet!$C$3+7,"Bu hafta","Bekliyor"))))) -> Bekliyor | J7: =IF(I7="Gecikti",Özet!$C$3-E7,"")
A8: Alacak | B8: Müşteri Alfa | C8: Örnek: Temmuz faturası | D8: 46188 | E8: 46218 | F8: 9000 | G8: 9000 | H8: =IF(F8="","",F8-G8) -> 0 | I8: =IF(F8="","",IF(H8<=0,"Ödendi",IF(E8="","Vadesiz",IF(E8<Özet!$C$3,"Gecikti",IF(E8<=Özet!$C$3+7,"Bu hafta","Bekliyor"))))) -> Ödendi | J8: =IF(I8="Gecikti",Özet!$C$3-E8,"")
A9: Alacak | B9: Müşteri Beta | C9: Örnek: Haziran bakım işi | D9: 46174 | E9: 46203 | F9: 4200 | H9: =IF(F9="","",F9-G9) -> 4200 | I9: =IF(F9="","",IF(H9<=0,"Ödendi",IF(E9="","Vadesiz",IF(E9<Özet!$C$3,"Gecikti",IF(E9<=Özet!$C$3+7,"Bu hafta","Bekliyor"))))) -> Gecikti | J9: =IF(I9="Gecikti",Özet!$C$3-E9,"") -> 96
A10: Borç | B10: Tedarikçi Alfa | C10: Örnek: Ürün alımı | D10: 46280 | E10: 46305 | F10: 22000 | G10: 10000 | H10: =IF(F10="","",F10-G10) -> 12000 | I10: =IF(F10="","",IF(H10<=0,"Ödendi",IF(E10="","Vadesiz",IF(E10<Özet!$C$3,"Gecikti",IF(E10<=Özet!$C$3+7,"Bu hafta","Bekliyor"))))) -> Bu hafta | J10: =IF(I10="Gecikti",Özet!$C$3-E10,"")
A11: Borç | B11: Tedarikçi Alfa | C11: Örnek: Ağustos alımı | D11: 46244 | E11: 46293 | F11: 6500 | H11: =IF(F11="","",F11-G11) -> 6500 | I11: =IF(F11="","",IF(H11<=0,"Ödendi",IF(E11="","Vadesiz",IF(E11<Özet!$C$3,"Gecikti",IF(E11<=Özet!$C$3+7,"Bu hafta","Bekliyor"))))) -> Gecikti | J11: =IF(I11="Gecikti",Özet!$C$3-E11,"") -> 6
A12: Borç | B12: Ofis Kirası | C12: Örnek: Kasım kirası | D12: 46296 | E12: 46327 | F12: 12000 | H12: =IF(F12="","",F12-G12) -> 12000 | I12: =IF(F12="","",IF(H12<=0,"Ödendi",IF(E12="","Vadesiz",IF(E12<Özet!$C$3,"Gecikti",IF(E12<=Özet!$C$3+7,"Bu hafta","Bekliyor"))))) -> Bekliyor | J12: =IF(I12="Gecikti",Özet!$C$3-E12,"")
H13: =IF(F13="","",F13-G13) | I13: =IF(F13="","",IF(H13<=0,"Ödendi",IF(E13="","Vadesiz",IF(E13<Özet!$C$3,"Gecikti",IF(E13<=Özet!$C$3+7,"Bu hafta","Bekliyor"))))) | J13: =IF(I13="Gecikti",Özet!$C$3-E13,"")
H14: =IF(F14="","",F14-G14) | I14: =IF(F14="","",IF(H14<=0,"Ödendi",IF(E14="","Vadesiz",IF(E14<Özet!$C$3,"Gecikti",IF(E14<=Özet!$C$3+7,"Bu hafta","Bekliyor"))))) | J14: =IF(I14="Gecikti",Özet!$C$3-E14,"")
H15: =IF(F15="","",F15-G15) | I15: =IF(F15="","",IF(H15<=0,"Ödendi",IF(E15="","Vadesiz",IF(E15<Özet!$C$3,"Gecikti",IF(E15<=Özet!$C$3+7,"Bu hafta","Bekliyor"))))) | J15: =IF(I15="Gecikti",Özet!$C$3-E15,"")
H16: =IF(F16="","",F16-G16) | I16: =IF(F16="","",IF(H16<=0,"Ödendi",IF(E16="","Vadesiz",IF(E16<Özet!$C$3,"Gecikti",IF(E16<=Özet!$C$3+7,"Bu hafta","Bekliyor"))))) | J16: =IF(I16="Gecikti",Özet!$C$3-E16,"")
H17: =IF(F17="","",F17-G17) | I17: =IF(F17="","",IF(H17<=0,"Ödendi",IF(E17="","Vadesiz",IF(E17<Özet!$C$3,"Gecikti",IF(E17<=Özet!$C$3+7,"Bu hafta","Bekliyor"))))) | J17: =IF(I17="Gecikti",Özet!$C$3-E17,"")
H18: =IF(F18="","",F18-G18) | I18: =IF(F18="","",IF(H18<=0,"Ödendi",IF(E18="","Vadesiz",IF(E18<Özet!$C$3,"Gecikti",IF(E18<=Özet!$C$3+7,"Bu hafta","Bekliyor"))))) | J18: =IF(I18="Gecikti",Özet!$C$3-E18,"")
H19: =IF(F19="","",F19-G19) | I19: =IF(F19="","",IF(H19<=0,"Ödendi",IF(E19="","Vadesiz",IF(E19<Özet!$C$3,"Gecikti",IF(E19<=Özet!$C$3+7,"Bu hafta","Bekliyor"))))) | J19: =IF(I19="Gecikti",Özet!$C$3-E19,"")
H20: =IF(F20="","",F20-G20) | I20: =IF(F20="","",IF(H20<=0,"Ödendi",IF(E20="","Vadesiz",IF(E20<Özet!$C$3,"Gecikti",IF(E20<=Özet!$C$3+7,"Bu hafta","Bekliyor"))))) | J20: =IF(I20="Gecikti",Özet!$C$3-E20,"")
H21: =IF(F21="","",F21-G21) | I21: =IF(F21="","",IF(H21<=0,"Ödendi",IF(E21="","Vadesiz",IF(E21<Özet!$C$3,"Gecikti",IF(E21<=Özet!$C$3+7,"Bu hafta","Bekliyor"))))) | J21: =IF(I21="Gecikti",Özet!$C$3-E21,"")
H22: =IF(F22="","",F22-G22) | I22: =IF(F22="","",IF(H22<=0,"Ödendi",IF(E22="","Vadesiz",IF(E22<Özet!$C$3,"Gecikti",IF(E22<=Özet!$C$3+7,"Bu hafta","Bekliyor"))))) | J22: =IF(I22="Gecikti",Özet!$C$3-E22,"")
H23: =IF(F23="","",F23-G23) | I23: =IF(F23="","",IF(H23<=0,"Ödendi",IF(E23="","Vadesiz",IF(E23<Özet!$C$3,"Gecikti",IF(E23<=Özet!$C$3+7,"Bu hafta","Bekliyor"))))) | J23: =IF(I23="Gecikti",Özet!$C$3-E23,"")
H24: =IF(F24="","",F24-G24) | I24: =IF(F24="","",IF(H24<=0,"Ödendi",IF(E24="","Vadesiz",IF(E24<Özet!$C$3,"Gecikti",IF(E24<=Özet!$C$3+7,"Bu hafta","Bekliyor"))))) | J24: =IF(I24="Gecikti",Özet!$C$3-E24,"")
... H304: =IF(F304="","",F304-G304) | I304: =IF(F304="","",IF(H304<=0,"Ödendi",IF(E304="","Vadesiz",IF(E304<Özet!$C$3,"Gecikti",IF(E304<=Özet!$C$3+7,"Bu hafta","Bekliyor"))))) | J304: =IF(I304="Gecikti",Özet!$C$3-E304,"")

Sheet Özet
B1: Özet
B3: Bugün | C3: =TODAY() -> 46299 | D3: ← Kendiliğinden güncellenir, dokunma
B5: Toplam Alacak | C5: Geciken Alacak | D5: Toplam Borç | E5: Geciken Borç | F5: Net (Alacak − Borç)
B6: =SUMIFS(Kayıtlar!$H$5:$H$304,Kayıtlar!$A$5:$A$304,"Alacak") -> 37100 | C6: =SUMIFS(Kayıtlar!$H$5:$H$304,Kayıtlar!$A$5:$A$304,"Alacak",Kayıtlar!$E$5:$E$304,"<"&$C$3) -> 17700 | D6: =SUMIFS(Kayıtlar!$H$5:$H$304,Kayıtlar!$A$5:$A$304,"Borç") -> 30500 | E6: =SUMIFS(Kayıtlar!$H$5:$H$304,Kayıtlar!$A$5:$A$304,"Borç",Kayıtlar!$E$5:$E$304,"<"&$C$3) -> 6500 | F6: =B6-D6 -> 6600
B8: Önümüzdeki 7 gün (bugün dahil)
B9: Tahsil edilecek | C9: =SUMIFS(Kayıtlar!$H$5:$H$304,Kayıtlar!$A$5:$A$304,"Alacak",Kayıtlar!$E$5:$E$304,">="&$C$3,Kayıtlar!$E$5:$E$304,"<="&$C$3+7) -> 12000 | D9: Ödenecek | E9: =SUMIFS(Kayıtlar!$H$5:$H$304,Kayıtlar!$A$5:$A$304,"Borç",Kayıtlar!$E$5:$E$304,">="&$C$3,Kayıtlar!$E$5:$E$304,"<="&$C$3+7) -> 12000
B11: Vade Tablosu (kalan tutarlar) | H11: Kişi Bazında Durum
B12: Vade Durumu | C12: Alacak | D12: Borç | H12: Kişi / Firma | I12: Alacak | J12: Geciken Alacak | K12: Borç | L12: Net
B13: Vadesi gelmemiş | C13: =SUMIFS(Kayıtlar!$H$5:$H$304,Kayıtlar!$A$5:$A$304,"Alacak",Kayıtlar!$E$5:$E$304,">="&$C$3-0) -> 19400 | D13: =SUMIFS(Kayıtlar!$H$5:$H$304,Kayıtlar!$A$5:$A$304,"Borç",Kayıtlar!$E$5:$E$304,">="&$C$3-0) -> 24000 | H13: =IF(Kişiler!A4="","",Kişiler!A4) -> Müşteri Alfa | I13: =IF(H13="","",SUMIFS(Kayıtlar!$H$5:$H$304,Kayıtlar!$A$5:$A$304,"Alacak",Kayıtlar!$B$5:$B$304,H13)) -> 13500 | J13: =IF(H13="","",SUMIFS(Kayıtlar!$H$5:$H$304,Kayıtlar!$A$5:$A$304,"Alacak",Kayıtlar!$B$5:$B$304,H13,Kayıtlar!$E$5:$E$304,"<"&$C$3)) -> 13500 | K13: =IF(H13="","",SUMIFS(Kayıtlar!$H$5:$H$304,Kayıtlar!$A$5:$A$304,"Borç",Kayıtlar!$B$5:$B$304,H13)) -> 0 | L13: =IF(H13="","",I13-K13) -> 13500
B14: 1-30 gün gecikmiş | C14: =SUMIFS(Kayıtlar!$H$5:$H$304,Kayıtlar!$A$5:$A$304,"Alacak",Kayıtlar!$E$5:$E$304,"<="&$C$3-1,Kayıtlar!$E$5:$E$304,">="&$C$3-30) -> 13500 | D14: =SUMIFS(Kayıtlar!$H$5:$H$304,Kayıtlar!$A$5:$A$304,"Borç",Kayıtlar!$E$5:$E$304,"<="&$C$3-1,Kayıtlar!$E$5:$E$304,">="&$C$3-30) -> 6500 | H14: =IF(Kişiler!A5="","",Kişiler!A5) -> Müşteri Beta | I14: =IF(H14="","",SUMIFS(Kayıtlar!$H$5:$H$304,Kayıtlar!$A$5:$A$304,"Alacak",Kayıtlar!$B$5:$B$304,H14)) -> 16200 | J14: =IF(H14="","",SUMIFS(Kayıtlar!$H$5:$H$304,Kayıtlar!$A$5:$A$304,"Alacak",Kayıtlar!$B$5:$B$304,H14,Kayıtlar!$E$5:$E$304,"<"&$C$3)) -> 4200 | K14: =IF(H14="","",SUMIFS(Kayıtlar!$H$5:$H$304,Kayıtlar!$A$5:$A$304,"Borç",Kayıtlar!$B$5:$B$304,H14)) -> 0 | L14: =IF(H14="","",I14-K14) -> 16200
B15: 31-60 gün gecikmiş | C15: =SUMIFS(Kayıtlar!$H$5:$H$304,Kayıtlar!$A$5:$A$304,"Alacak",Kayıtlar!$E$5:$E$304,"<="&$C$3-31,Kayıtlar!$E$5:$E$304,">="&$C$3-60) -> 0 | D15: =SUMIFS(Kayıtlar!$H$5:$H$304,Kayıtlar!$A$5:$A$304,"Borç",Kayıtlar!$E$5:$E$304,"<="&$C$3-31,Kayıtlar!$E$5:$E$304,">="&$C$3-60) -> 0 | H15: =IF(Kişiler!A6="","",Kişiler!A6) -> Müşteri Gama | I15: =IF(H15="","",SUMIFS(Kayıtlar!$H$5:$H$304,Kayıtlar!$A$5:$A$304,"Alacak",Kayıtlar!$B$5:$B$304,H15)) -> 7400 | J15: =IF(H15="","",SUMIFS(Kayıtlar!$H$5:$H$304,Kayıtlar!$A$5:$A$304,"Alacak",Kayıtlar!$B$5:$B$304,H15,Kayıtlar!$E$5:$E$304,"<"&$C$3)) -> 0 | K15: =IF(H15="","",SUMIFS(Kayıtlar!$H$5:$H$304,Kayıtlar!$A$5:$A$304,"Borç",Kayıtlar!$B$5:$B$304,H15)) -> 0 | L15: =IF(H15="","",I15-K15) -> 7400
B16: 61-90 gün gecikmiş | C16: =SUMIFS(Kayıtlar!$H$5:$H$304,Kayıtlar!$A$5:$A$304,"Alacak",Kayıtlar!$E$5:$E$304,"<="&$C$3-61,Kayıtlar!$E$5:$E$304,">="&$C$3-90) -> 0 | D16: =SUMIFS(Kayıtlar!$H$5:$H$304,Kayıtlar!$A$5:$A$304,"Borç",Kayıtlar!$E$5:$E$304,"<="&$C$3-61,Kayıtlar!$E$5:$E$304,">="&$C$3-90) -> 0 | H16: =IF(Kişiler!A7="","",Kişiler!A7) -> Tedarikçi Alfa | I16: =IF(H16="","",SUMIFS(Kayıtlar!$H$5:$H$304,Kayıtlar!$A$5:$A$304,"Alacak",Kayıtlar!$B$5:$B$304,H16)) -> 0 | J16: =IF(H16="","",SUMIFS(Kayıtlar!$H$5:$H$304,Kayıtlar!$A$5:$A$304,"Alacak",Kayıtlar!$B$5:$B$304,H16,Kayıtlar!$E$5:$E$304,"<"&$C$3)) -> 0 | K16: =IF(H16="","",SUMIFS(Kayıtlar!$H$5:$H$304,Kayıtlar!$A$5:$A$304,"Borç",Kayıtlar!$B$5:$B$304,H16)) -> 18500 | L16: =IF(H16="","",I16-K16) -> -18500
B17: 90 günden fazla | C17: =SUMIFS(Kayıtlar!$H$5:$H$304,Kayıtlar!$A$5:$A$304,"Alacak",Kayıtlar!$E$5:$E$304,"<="&$C$3-91) -> 4200 | D17: =SUMIFS(Kayıtlar!$H$5:$H$304,Kayıtlar!$A$5:$A$304,"Borç",Kayıtlar!$E$5:$E$304,"<="&$C$3-91) -> 0 | H17: =IF(Kişiler!A8="","",Kişiler!A8) -> Ofis Kirası | I17: =IF(H17="","",SUMIFS(Kayıtlar!$H$5:$H$304,Kayıtlar!$A$5:$A$304,"Alacak",Kayıtlar!$B$5:$B$304,H17)) -> 0 | J17: =IF(H17="","",SUMIFS(Kayıtlar!$H$5:$H$304,Kayıtlar!$A$5:$A$304,"Alacak",Kayıtlar!$B$5:$B$304,H17,Kayıtlar!$E$5:$E$304,"<"&$C$3)) -> 0 | K17: =IF(H17="","",SUMIFS(Kayıtlar!$H$5:$H$304,Kayıtlar!$A$5:$A$304,"Borç",Kayıtlar!$B$5:$B$304,H17)) -> 12000 | L17: =IF(H17="","",I17-K17) -> -12000
B18: Vadesiz | C18: =C19-SUM(C13:C17) -> 0 | D18: =D19-SUM(D13:D17) -> 0 | H18: =IF(Kişiler!A9="","",Kişiler!A9) | I18: =IF(H18="","",SUMIFS(Kayıtlar!$H$5:$H$304,Kayıtlar!$A$5:$A$304,"Alacak",Kayıtlar!$B$5:$B$304,H18)) | J18: =IF(H18="","",SUMIFS(Kayıtlar!$H$5:$H$304,Kayıtlar!$A$5:$A$304,"Alacak",Kayıtlar!$B$5:$B$304,H18,Kayıtlar!$E$5:$E$304,"<"&$C$3)) | K18: =IF(H18="","",SUMIFS(Kayıtlar!$H$5:$H$304,Kayıtlar!$A$5:$A$304,"Borç",Kayıtlar!$B$5:$B$304,H18)) | L18: =IF(H18="","",I18-K18)
B19: TOPLAM | C19: =B6 -> 37100 | D19: =D6 -> 30500 | H19: =IF(Kişiler!A10="","",Kişiler!A10) | I19: =IF(H19="","",SUMIFS(Kayıtlar!$H$5:$H$304,Kayıtlar!$A$5:$A$304,"Alacak",Kayıtlar!$B$5:$B$304,H19)) | J19: =IF(H19="","",SUMIFS(Kayıtlar!$H$5:$H$304,Kayıtlar!$A$5:$A$304,"Alacak",Kayıtlar!$B$5:$B$304,H19,Kayıtlar!$E$5:$E$304,"<"&$C$3)) | K19: =IF(H19="","",SUMIFS(Kayıtlar!$H$5:$H$304,Kayıtlar!$A$5:$A$304,"Borç",Kayıtlar!$B$5:$B$304,H19)) | L19: =IF(H19="","",I19-K19)
H20: =IF(Kişiler!A11="","",Kişiler!A11) | I20: =IF(H20="","",SUMIFS(Kayıtlar!$H$5:$H$304,Kayıtlar!$A$5:$A$304,"Alacak",Kayıtlar!$B$5:$B$304,H20)) | J20: =IF(H20="","",SUMIFS(Kayıtlar!$H$5:$H$304,Kayıtlar!$A$5:$A$304,"Alacak",Kayıtlar!$B$5:$B$304,H20,Kayıtlar!$E$5:$E$304,"<"&$C$3)) | K20: =IF(H20="","",SUMIFS(Kayıtlar!$H$5:$H$304,Kayıtlar!$A$5:$A$304,"Borç",Kayıtlar!$B$5:$B$304,H20)) | L20: =IF(H20="","",I20-K20)
H21: =IF(Kişiler!A12="","",Kişiler!A12) | I21: =IF(H21="","",SUMIFS(Kayıtlar!$H$5:$H$304,Kayıtlar!$A$5:$A$304,"Alacak",Kayıtlar!$B$5:$B$304,H21)) | J21: =IF(H21="","",SUMIFS(Kayıtlar!$H$5:$H$304,Kayıtlar!$A$5:$A$304,"Alacak",Kayıtlar!$B$5:$B$304,H21,Kayıtlar!$E$5:$E$304,"<"&$C$3)) | K21: =IF(H21="","",SUMIFS(Kayıtlar!$H$5:$H$304,Kayıtlar!$A$5:$A$304,"Borç",Kayıtlar!$B$5:$B$304,H21)) | L21: =IF(H21="","",I21-K21)
H22: =IF(Kişiler!A13="","",Kişiler!A13) | I22: =IF(H22="","",SUMIFS(Kayıtlar!$H$5:$H$304,Kayıtlar!$A$5:$A$304,"Alacak",Kayıtlar!$B$5:$B$304,H22)) | J22: =IF(H22="","",SUMIFS(Kayıtlar!$H$5:$H$304,Kayıtlar!$A$5:$A$304,"Alacak",Kayıtlar!$B$5:$B$304,H22,Kayıtlar!$E$5:$E$304,"<"&$C$3)) | K22: =IF(H22="","",SUMIFS(Kayıtlar!$H$5:$H$304,Kayıtlar!$A$5:$A$304,"Borç",Kayıtlar!$B$5:$B$304,H22)) | L22: =IF(H22="","",I22-K22)
H23: =IF(Kişiler!A14="","",Kişiler!A14) | I23: =IF(H23="","",SUMIFS(Kayıtlar!$H$5:$H$304,Kayıtlar!$A$5:$A$304,"Alacak",Kayıtlar!$B$5:$B$304,H23)) | J23: =IF(H23="","",SUMIFS(Kayıtlar!$H$5:$H$304,Kayıtlar!$A$5:$A$304,"Alacak",Kayıtlar!$B$5:$B$304,H23,Kayıtlar!$E$5:$E$304,"<"&$C$3)) | K23: =IF(H23="","",SUMIFS(Kayıtlar!$H$5:$H$304,Kayıtlar!$A$5:$A$304,"Borç",Kayıtlar!$B$5:$B$304,H23)) | L23: =IF(H23="","",I23-K23)
H24: =IF(Kişiler!A15="","",Kişiler!A15) | I24: =IF(H24="","",SUMIFS(Kayıtlar!$H$5:$H$304,Kayıtlar!$A$5:$A$304,"Alacak",Kayıtlar!$B$5:$B$304,H24)) | J24: =IF(H24="","",SUMIFS(Kayıtlar!$H$5:$H$304,Kayıtlar!$A$5:$A$304,"Alacak",Kayıtlar!$B$5:$B$304,H24,Kayıtlar!$E$5:$E$304,"<"&$C$3)) | K24: =IF(H24="","",SUMIFS(Kayıtlar!$H$5:$H$304,Kayıtlar!$A$5:$A$304,"Borç",Kayıtlar!$B$5:$B$304,H24)) | L24: =IF(H24="","",I24-K24)
H25: =IF(Kişiler!A16="","",Kişiler!A16) | I25: =IF(H25="","",SUMIFS(Kayıtlar!$H$5:$H$304,Kayıtlar!$A$5:$A$304,"Alacak",Kayıtlar!$B$5:$B$304,H25)) | J25: =IF(H25="","",SUMIFS(Kayıtlar!$H$5:$H$304,Kayıtlar!$A$5:$A$304,"Alacak",Kayıtlar!$B$5:$B$304,H25,Kayıtlar!$E$5:$E$304,"<"&$C$3)) | K25: =IF(H25="","",SUMIFS(Kayıtlar!$H$5:$H$304,Kayıtlar!$A$5:$A$304,"Borç",Kayıtlar!$B$5:$B$304,H25)) | L25: =IF(H25="","",I25-K25)
H26: =IF(Kişiler!A17="","",Kişiler!A17) | I26: =IF(H26="","",SUMIFS(Kayıtlar!$H$5:$H$304,Kayıtlar!$A$5:$A$304,"Alacak",Kayıtlar!$B$5:$B$304,H26)) | J26: =IF(H26="","",SUMIFS(Kayıtlar!$H$5:$H$304,Kayıtlar!$A$5:$A$304,"Alacak",Kayıtlar!$B$5:$B$304,H26,Kayıtlar!$E$5:$E$304,"<"&$C$3)) | K26: =IF(H26="","",SUMIFS(Kayıtlar!$H$5:$H$304,Kayıtlar!$A$5:$A$304,"Borç",Kayıtlar!$B$5:$B$304,H26)) | L26: =IF(H26="","",I26-K26)
H27: =IF(Kişiler!A18="","",Kişiler!A18) | I27: =IF(H27="","",SUMIFS(Kayıtlar!$H$5:$H$304,Kayıtlar!$A$5:$A$304,"Alacak",Kayıtlar!$B$5:$B$304,H27)) | J27: =IF(H27="","",SUMIFS(Kayıtlar!$H$5:$H$304,Kayıtlar!$A$5:$A$304,"Alacak",Kayıtlar!$B$5:$B$304,H27,Kayıtlar!$E$5:$E$304,"<"&$C$3)) | K27: =IF(H27="","",SUMIFS(Kayıtlar!$H$5:$H$304,Kayıtlar!$A$5:$A$304,"Borç",Kayıtlar!$B$5:$B$304,H27)) | L27: =IF(H27="","",I27-K27)
H28: =IF(Kişiler!A19="","",Kişiler!A19) | I28: =IF(H28="","",SUMIFS(Kayıtlar!$H$5:$H$304,Kayıtlar!$A$5:$A$304,"Alacak",Kayıtlar!$B$5:$B$304,H28)) | J28: =IF(H28="","",SUMIFS(Kayıtlar!$H$5:$H$304,Kayıtlar!$A$5:$A$304,"Alacak",Kayıtlar!$B$5:$B$304,H28,Kayıtlar!$E$5:$E$304,"<"&$C$3)) | K28: =IF(H28="","",SUMIFS(Kayıtlar!$H$5:$H$304,Kayıtlar!$A$5:$A$304,"Borç",Kayıtlar!$B$5:$B$304,H28)) | L28: =IF(H28="","",I28-K28)
H29: =IF(Kişiler!A20="","",Kişiler!A20) | I29: =IF(H29="","",SUMIFS(Kayıtlar!$H$5:$H$304,Kayıtlar!$A$5:$A$304,"Alacak",Kayıtlar!$B$5:$B$304,H29)) | J29: =IF(H29="","",SUMIFS(Kayıtlar!$H$5:$H$304,Kayıtlar!$A$5:$A$304,"Alacak",Kayıtlar!$B$5:$B$304,H29,Kayıtlar!$E$5:$E$304,"<"&$C$3)) | K29: =IF(H29="","",SUMIFS(Kayıtlar!$H$5:$H$304,Kayıtlar!$A$5:$A$304,"Borç",Kayıtlar!$B$5:$B$304,H29)) | L29: =IF(H29="","",I29-K29)
H30: =IF(Kişiler!A21="","",Kişiler!A21) | I30: =IF(H30="","",SUMIFS(Kayıtlar!$H$5:$H$304,Kayıtlar!$A$5:$A$304,"Alacak",Kayıtlar!$B$5:$B$304,H30)) | J30: =IF(H30="","",SUMIFS(Kayıtlar!$H$5:$H$304,Kayıtlar!$A$5:$A$304,"Alacak",Kayıtlar!$B$5:$B$304,H30,Kayıtlar!$E$5:$E$304,"<"&$C$3)) | K30: =IF(H30="","",SUMIFS(Kayıtlar!$H$5:$H$304,Kayıtlar!$A$5:$A$304,"Borç",Kayıtlar!$B$5:$B$304,H30)) | L30: =IF(H30="","",I30-K30)
H31: =IF(Kişiler!A22="","",Kişiler!A22) | I31: =IF(H31="","",SUMIFS(Kayıtlar!$H$5:$H$304,Kayıtlar!$A$5:$A$304,"Alacak",Kayıtlar!$B$5:$B$304,H31)) | J31: =IF(H31="","",SUMIFS(Kayıtlar!$H$5:$H$304,Kayıtlar!$A$5:$A$304,"Alacak",Kayıtlar!$B$5:$B$304,H31,Kayıtlar!$E$5:$E$304,"<"&$C$3)) | K31: =IF(H31="","",SUMIFS(Kayıtlar!$H$5:$H$304,Kayıtlar!$A$5:$A$304,"Borç",Kayıtlar!$B$5:$B$304,H31)) | L31: =IF(H31="","",I31-K31)
... H52: =IF(Kişiler!A43="","",Kişiler!A43) | I52: =IF(H52="","",SUMIFS(Kayıtlar!$H$5:$H$304,Kayıtlar!$A$5:$A$304,"Alacak",Kayıtlar!$B$5:$B$304,H52)) | J52: =IF(H52="","",SUMIFS(Kayıtlar!$H$5:$H$304,Kayıtlar!$A$5:$A$304,"Alacak",Kayıtlar!$B$5:$B$304,H52,Kayıtlar!$E$5:$E$304,"<"&$C$3)) | K52: =IF(H52="","",SUMIFS(Kayıtlar!$H$5:$H$304,Kayıtlar!$A$5:$A$304,"Borç",Kayıtlar!$B$5:$B$304,H52)) | L52: =IF(H52="","",I52-K52)

Sheet Kişiler
A1: Kişiler
A2: Müşteri, tedarikçi, kiracı, kim varsa. Ad sütunu zorunlu, diğerleri isteğe bağlı.
A3: Kişi / Firma | B3: Telefon | C3: Not
A4: Müşteri Alfa | C4: Örnek kişi, silebilirsin
A5: Müşteri Beta | C5: Örnek kişi, silebilirsin
A6: Müşteri Gama | C6: Örnek kişi, silebilirsin
A7: Tedarikçi Alfa | C7: Örnek kişi, silebilirsin
A8: Ofis Kirası | C8: Örnek kişi, silebilirsin

Sheet AI Komutları
B1: Yapay Zeka Komutları
B2: Kayıtlar sayfasında başlık satırıyla birlikte kayıtlarını seç, kopyala, kullandığın yapay zeka asistanına yapıştır ve altına aşağıdaki komutlardan birini ekle.
B3: Dikkat: Bu sayfada gerçek kişi ve firma adları var. Yapıştırmadan önce adları Müşteri Alfa, Müşteri Beta gibi takma adlarla değiştir; telefon ve IBAN paylaşma. Yapay zekanın verdiği rakamları Özet sayfasıyla karşılaştır.
B5: Ne için | C5: Komut (kopyala, yapıştır)
B6: Genel durum | C6: Yukarıdaki tablo benim alacak ve borç kayıtlarım. Toplam alacağımı, toplam borcumu ve gecikenleri hesapla, durumumu üç cümleyle özetle.
B7: Kibar hatırlatma | C7: Durumu Gecikti olan her alacak için müşteriye gönderebileceğim kısa ve kibar bir hatırlatma mesajı yaz. Mesajda tutar ve vade tarihi geçsin, suçlayıcı olmasın.
B8: Sert hatırlatma | C8: 60 günden fazla gecikmiş alacaklar için daha net ama saygılı ikinci bir hatırlatma mesajı yaz. Son ödeme için bir tarih iste.
B9: Kimi önce aramalıyım | C9: Geciken alacakları tutar ve gecikme gününe göre sırala. Bugün ilk hangi üç kişiyle konuşmam gerektiğini nedenleriyle söyle.
B10: Ödeme sırası | C10: Borçlarımı vade tarihine göre sırala ve önümüzdeki 30 gün için hafta hafta bir ödeme planı çıkar.
B11: Nakit dengesi | C11: Önümüzdeki 30 günde tahsil etmeyi beklediğim tutarla ödemem gereken tutarı hafta hafta karşılaştır. Açık veren hafta varsa belirt.
B12: Riskli müşteri | C12: Hangi müşteriler sürekli geç ödüyor ya da birden fazla gecikmiş kaydı var? Yalnızca tablodaki verilere dayanarak listele.
B13: Taksit önerisi | C13: En büyük gecikmiş alacak için müşteriye sunabileceğim iki farklı taksit planı öner ve bunu anlatan kısa bir mesaj yaz.
B14: Haftalık rapor | C14: Bu tablodan bana tek sayfalık haftalık özet hazırla: tahsil edilenler, gecikenler, bu hafta vadesi gelenler.
B15: Kayıt kontrolü | C15: Bu kayıtlarda eksik ya da tutarsız görünen satır var mı? Vadesi belge tarihinden önce olan, tutarı boş kalan ya da iki kez girilmiş gibi duranları göster.
