Workbook

Sheet Başla
B2: EXCEL KLİNİĞİ
B3: NABIZ | Gelir Gider Defteri
B4: Esnaf, serbest çalışan ve ev bütçesi için. Kaydı gir, özet kendiliğinden çıksın.
B6: NASIL KULLANILIR
B7: 1. Kategoriler | C7: Kendi gelir ve gider kategorilerini yaz. Listeye eklediğin her kategori, kayıt girerken açılır listede görünür.
B8: 2. Kayıtlar | C8: Her gelir ya da gider için bir satır gir: tarih, tür, kategori, açıklama, tutar, ödeme şekli. Tutarı her zaman artı sayı olarak yaz.
B9: 3. Özet | C9: Yılı seç. Aylık gelir, gider, net ve kategori dağılımı kendiliğinden hesaplanır. Bu sayfada yıldan başka hiçbir hücreye dokunma.
B10: 4. AI Komutları | C10: Kayıtlarını bir yapay zeka asistanına yapıştırıp kullanabileceğin hazır komutlar.
B12: RENKLER
B13: Sarı hücre | C13: Senin dolduracağın hücre.
B14: Beyaz / yeşil hücre | C14: Formül ya da başlık. Değiştirme, kendiliğinden hesaplanır.
B16: ÖNEMLİ
B17: Örnek kayıtlar | C17: Kayıtlar sayfasındaki 8 satır örnektir. Kullanmaya başlamadan önce seçip sil (yalnızca A-F sütunlarındaki içeriği).
B18: Kapasite | C18: Kayıtlar sayfası 500 satıra kadar hesaplanır. Dolunca dosyanın boş bir kopyasıyla yeni yıla başla.
B19: Kategori adı değişirse | C19: Bir kategorinin adını sonradan değiştirirsen eski kayıtlardaki ad aynı kalır. Eski kayıtları da güncelle, yoksa özet dağılımında görünmez.

Sheet Kayıtlar
A1: Kayıtlar
A2: Her satıra bir gelir ya da gider. Tutarı artı sayı olarak gir; tür sütunu gelir mi gider mi olduğunu belirler.
A4: Tarih | B4: Tür | C4: Kategori | D4: Açıklama | E4: Tutar (₺) | F4: Ödeme Şekli
A5: 46266 | B5: Gelir | C5: Satış | D5: Örnek: Eylül satışları | E5: 42000 | F5: Havale / EFT
A6: 46268 | B6: Gider | C6: Kira | D6: Örnek: Dükkân kirası | E6: 12000 | F6: Havale / EFT
A7: 46275 | B7: Gider | C7: Faturalar | D7: Örnek: Elektrik faturası | E7: 1850 | F7: Banka Kartı
A8: 46280 | B8: Gider | C8: Malzeme / Stok | D8: Örnek: Ürün alımı | E8: 9500 | F8: Kredi Kartı
A9: 46296 | B9: Gelir | C9: Satış | D9: Örnek: Ekim ilk hafta satışları | E9: 15500 | F9: Nakit
A10: 46297 | B10: Gider | C10: Kira | D10: Örnek: Dükkân kirası | E10: 12000 | F10: Havale / EFT
A11: 46298 | B11: Gider | C11: İnternet / Telefon | D11: Örnek: İnternet faturası | E11: 650 | F11: Banka Kartı
A12: 46299 | B12: Gelir | C12: Hizmet Geliri | D12: Örnek: Kurulum hizmeti | E12: 3000 | F12: Havale / EFT

Sheet Özet
B1: Özet
B3: Yıl | C3: 2026 | D3: ← Görmek istediğin yılı yaz
B5: Toplam Gelir | C5: Toplam Gider | D5: Net (Kalan) | E5: Kalan / Gelir | F5: Aylık Ort. Gider
B6: =C22 -> 60500 | C6: =D22 -> 36000 | D6: =E22 -> 24500 | E6: =IF(C22=0,0,E22/C22) -> 0.40495868 | F6: =IF(COUNTIF(D10:D21,">0")=0,0,D22/COUNTIF(D10:D21,">0")) -> 18000
B8: Aylık Tablo | H8: Gider Dağılımı | L8: Gelir Dağılımı
B9: Ay | C9: Gelir | D9: Gider | E9: Net | F9: Birikimli Net | H9: Kategori | I9: Tutar | J9: Pay | L9: Kategori | M9: Tutar | N9: Pay
B10: Ocak | C10: =SUMIFS(Kayıtlar!$E$5:$E$504,Kayıtlar!$B$5:$B$504,"Gelir",Kayıtlar!$A$5:$A$504,">="&DATE($C$3,1,1),Kayıtlar!$A$5:$A$504,"<"&DATE($C$3,2,1)) -> 0 | D10: =SUMIFS(Kayıtlar!$E$5:$E$504,Kayıtlar!$B$5:$B$504,"Gider",Kayıtlar!$A$5:$A$504,">="&DATE($C$3,1,1),Kayıtlar!$A$5:$A$504,"<"&DATE($C$3,2,1)) -> 0 | E10: =C10-D10 -> 0 | F10: =E10 -> 0 | H10: =IF(Kategoriler!C4="","",Kategoriler!C4) -> Kira | I10: =IF(H10="","",SUMIFS(Kayıtlar!$E$5:$E$504,Kayıtlar!$B$5:$B$504,"Gider",Kayıtlar!$C$5:$C$504,H10,Kayıtlar!$A$5:$A$504,">="&DATE($C$3,1,1),Kayıtlar!$A$5:$A$504,"<"&DATE($C$3+1,1,1))) -> 24000 | J10: =IF(OR(H10="",$D$22=0),"",I10/$D$22) -> 0.66666667 | L10: =IF(Kategoriler!A4="","",Kategoriler!A4) -> Satış | M10: =IF(L10="","",SUMIFS(Kayıtlar!$E$5:$E$504,Kayıtlar!$B$5:$B$504,"Gelir",Kayıtlar!$C$5:$C$504,L10,Kayıtlar!$A$5:$A$504,">="&DATE($C$3,1,1),Kayıtlar!$A$5:$A$504,"<"&DATE($C$3+1,1,1))) -> 57500 | N10: =IF(OR(L10="",$C$22=0),"",M10/$C$22) -> 0.95041322
B11: Şubat | C11: =SUMIFS(Kayıtlar!$E$5:$E$504,Kayıtlar!$B$5:$B$504,"Gelir",Kayıtlar!$A$5:$A$504,">="&DATE($C$3,2,1),Kayıtlar!$A$5:$A$504,"<"&DATE($C$3,3,1)) -> 0 | D11: =SUMIFS(Kayıtlar!$E$5:$E$504,Kayıtlar!$B$5:$B$504,"Gider",Kayıtlar!$A$5:$A$504,">="&DATE($C$3,2,1),Kayıtlar!$A$5:$A$504,"<"&DATE($C$3,3,1)) -> 0 | E11: =C11-D11 -> 0 | F11: =F10+E11 -> 0 | H11: =IF(Kategoriler!C5="","",Kategoriler!C5) -> Faturalar | I11: =IF(H11="","",SUMIFS(Kayıtlar!$E$5:$E$504,Kayıtlar!$B$5:$B$504,"Gider",Kayıtlar!$C$5:$C$504,H11,Kayıtlar!$A$5:$A$504,">="&DATE($C$3,1,1),Kayıtlar!$A$5:$A$504,"<"&DATE($C$3+1,1,1))) -> 1850 | J11: =IF(OR(H11="",$D$22=0),"",I11/$D$22) -> 0.051388889 | L11: =IF(Kategoriler!A5="","",Kategoriler!A5) -> Hizmet Geliri | M11: =IF(L11="","",SUMIFS(Kayıtlar!$E$5:$E$504,Kayıtlar!$B$5:$B$504,"Gelir",Kayıtlar!$C$5:$C$504,L11,Kayıtlar!$A$5:$A$504,">="&DATE($C$3,1,1),Kayıtlar!$A$5:$A$504,"<"&DATE($C$3+1,1,1))) -> 3000 | N11: =IF(OR(L11="",$C$22=0),"",M11/$C$22) -> 0.049586777
B12: Mart | C12: =SUMIFS(Kayıtlar!$E$5:$E$504,Kayıtlar!$B$5:$B$504,"Gelir",Kayıtlar!$A$5:$A$504,">="&DATE($C$3,3,1),Kayıtlar!$A$5:$A$504,"<"&DATE($C$3,4,1)) -> 0 | D12: =SUMIFS(Kayıtlar!$E$5:$E$504,Kayıtlar!$B$5:$B$504,"Gider",Kayıtlar!$A$5:$A$504,">="&DATE($C$3,3,1),Kayıtlar!$A$5:$A$504,"<"&DATE($C$3,4,1)) -> 0 | E12: =C12-D12 -> 0 | F12: =F11+E12 -> 0 | H12: =IF(Kategoriler!C6="","",Kategoriler!C6) -> İnternet / Telefon | I12: =IF(H12="","",SUMIFS(Kayıtlar!$E$5:$E$504,Kayıtlar!$B$5:$B$504,"Gider",Kayıtlar!$C$5:$C$504,H12,Kayıtlar!$A$5:$A$504,">="&DATE($C$3,1,1),Kayıtlar!$A$5:$A$504,"<"&DATE($C$3+1,1,1))) -> 650 | J12: =IF(OR(H12="",$D$22=0),"",I12/$D$22) -> 0.018055556 | L12: =IF(Kategoriler!A6="","",Kategoriler!A6) -> Maaş | M12: =IF(L12="","",SUMIFS(Kayıtlar!$E$5:$E$504,Kayıtlar!$B$5:$B$504,"Gelir",Kayıtlar!$C$5:$C$504,L12,Kayıtlar!$A$5:$A$504,">="&DATE($C$3,1,1),Kayıtlar!$A$5:$A$504,"<"&DATE($C$3+1,1,1))) -> 0 | N12: =IF(OR(L12="",$C$22=0),"",M12/$C$22) -> 0
B13: Nisan | C13: =SUMIFS(Kayıtlar!$E$5:$E$504,Kayıtlar!$B$5:$B$504,"Gelir",Kayıtlar!$A$5:$A$504,">="&DATE($C$3,4,1),Kayıtlar!$A$5:$A$504,"<"&DATE($C$3,5,1)) -> 0 | D13: =SUMIFS(Kayıtlar!$E$5:$E$504,Kayıtlar!$B$5:$B$504,"Gider",Kayıtlar!$A$5:$A$504,">="&DATE($C$3,4,1),Kayıtlar!$A$5:$A$504,"<"&DATE($C$3,5,1)) -> 0 | E13: =C13-D13 -> 0 | F13: =F12+E13 -> 0 | H13: =IF(Kategoriler!C7="","",Kategoriler!C7) -> Market / Gıda | I13: =IF(H13="","",SUMIFS(Kayıtlar!$E$5:$E$504,Kayıtlar!$B$5:$B$504,"Gider",Kayıtlar!$C$5:$C$504,H13,Kayıtlar!$A$5:$A$504,">="&DATE($C$3,1,1),Kayıtlar!$A$5:$A$504,"<"&DATE($C$3+1,1,1))) -> 0 | J13: =IF(OR(H13="",$D$22=0),"",I13/$D$22) -> 0 | L13: =IF(Kategoriler!A7="","",Kategoriler!A7) -> Kira Geliri | M13: =IF(L13="","",SUMIFS(Kayıtlar!$E$5:$E$504,Kayıtlar!$B$5:$B$504,"Gelir",Kayıtlar!$C$5:$C$504,L13,Kayıtlar!$A$5:$A$504,">="&DATE($C$3,1,1),Kayıtlar!$A$5:$A$504,"<"&DATE($C$3+1,1,1))) -> 0 | N13: =IF(OR(L13="",$C$22=0),"",M13/$C$22) -> 0
B14: Mayıs | C14: =SUMIFS(Kayıtlar!$E$5:$E$504,Kayıtlar!$B$5:$B$504,"Gelir",Kayıtlar!$A$5:$A$504,">="&DATE($C$3,5,1),Kayıtlar!$A$5:$A$504,"<"&DATE($C$3,6,1)) -> 0 | D14: =SUMIFS(Kayıtlar!$E$5:$E$504,Kayıtlar!$B$5:$B$504,"Gider",Kayıtlar!$A$5:$A$504,">="&DATE($C$3,5,1),Kayıtlar!$A$5:$A$504,"<"&DATE($C$3,6,1)) -> 0 | E14: =C14-D14 -> 0 | F14: =F13+E14 -> 0 | H14: =IF(Kategoriler!C8="","",Kategoriler!C8) -> Ulaşım / Yakıt | I14: =IF(H14="","",SUMIFS(Kayıtlar!$E$5:$E$504,Kayıtlar!$B$5:$B$504,"Gider",Kayıtlar!$C$5:$C$504,H14,Kayıtlar!$A$5:$A$504,">="&DATE($C$3,1,1),Kayıtlar!$A$5:$A$504,"<"&DATE($C$3+1,1,1))) -> 0 | J14: =IF(OR(H14="",$D$22=0),"",I14/$D$22) -> 0 | L14: =IF(Kategoriler!A8="","",Kategoriler!A8) -> Faiz / Yatırım | M14: =IF(L14="","",SUMIFS(Kayıtlar!$E$5:$E$504,Kayıtlar!$B$5:$B$504,"Gelir",Kayıtlar!$C$5:$C$504,L14,Kayıtlar!$A$5:$A$504,">="&DATE($C$3,1,1),Kayıtlar!$A$5:$A$504,"<"&DATE($C$3+1,1,1))) -> 0 | N14: =IF(OR(L14="",$C$22=0),"",M14/$C$22) -> 0
B15: Haziran | C15: =SUMIFS(Kayıtlar!$E$5:$E$504,Kayıtlar!$B$5:$B$504,"Gelir",Kayıtlar!$A$5:$A$504,">="&DATE($C$3,6,1),Kayıtlar!$A$5:$A$504,"<"&DATE($C$3,7,1)) -> 0 | D15: =SUMIFS(Kayıtlar!$E$5:$E$504,Kayıtlar!$B$5:$B$504,"Gider",Kayıtlar!$A$5:$A$504,">="&DATE($C$3,6,1),Kayıtlar!$A$5:$A$504,"<"&DATE($C$3,7,1)) -> 0 | E15: =C15-D15 -> 0 | F15: =F14+E15 -> 0 | H15: =IF(Kategoriler!C9="","",Kategoriler!C9) -> Malzeme / Stok | I15: =IF(H15="","",SUMIFS(Kayıtlar!$E$5:$E$504,Kayıtlar!$B$5:$B$504,"Gider",Kayıtlar!$C$5:$C$504,H15,Kayıtlar!$A$5:$A$504,">="&DATE($C$3,1,1),Kayıtlar!$A$5:$A$504,"<"&DATE($C$3+1,1,1))) -> 9500 | J15: =IF(OR(H15="",$D$22=0),"",I15/$D$22) -> 0.26388889 | L15: =IF(Kategoriler!A9="","",Kategoriler!A9) -> Diğer Gelir | M15: =IF(L15="","",SUMIFS(Kayıtlar!$E$5:$E$504,Kayıtlar!$B$5:$B$504,"Gelir",Kayıtlar!$C$5:$C$504,L15,Kayıtlar!$A$5:$A$504,">="&DATE($C$3,1,1),Kayıtlar!$A$5:$A$504,"<"&DATE($C$3+1,1,1))) -> 0 | N15: =IF(OR(L15="",$C$22=0),"",M15/$C$22) -> 0
B16: Temmuz | C16: =SUMIFS(Kayıtlar!$E$5:$E$504,Kayıtlar!$B$5:$B$504,"Gelir",Kayıtlar!$A$5:$A$504,">="&DATE($C$3,7,1),Kayıtlar!$A$5:$A$504,"<"&DATE($C$3,8,1)) -> 0 | D16: =SUMIFS(Kayıtlar!$E$5:$E$504,Kayıtlar!$B$5:$B$504,"Gider",Kayıtlar!$A$5:$A$504,">="&DATE($C$3,7,1),Kayıtlar!$A$5:$A$504,"<"&DATE($C$3,8,1)) -> 0 | E16: =C16-D16 -> 0 | F16: =F15+E16 -> 0 | H16: =IF(Kategoriler!C10="","",Kategoriler!C10) -> Personel | I16: =IF(H16="","",SUMIFS(Kayıtlar!$E$5:$E$504,Kayıtlar!$B$5:$B$504,"Gider",Kayıtlar!$C$5:$C$504,H16,Kayıtlar!$A$5:$A$504,">="&DATE($C$3,1,1),Kayıtlar!$A$5:$A$504,"<"&DATE($C$3+1,1,1))) -> 0 | J16: =IF(OR(H16="",$D$22=0),"",I16/$D$22) -> 0 | L16: =IF(Kategoriler!A10="","",Kategoriler!A10) | M16: =IF(L16="","",SUMIFS(Kayıtlar!$E$5:$E$504,Kayıtlar!$B$5:$B$504,"Gelir",Kayıtlar!$C$5:$C$504,L16,Kayıtlar!$A$5:$A$504,">="&DATE($C$3,1,1),Kayıtlar!$A$5:$A$504,"<"&DATE($C$3+1,1,1))) | N16: =IF(OR(L16="",$C$22=0),"",M16/$C$22)
B17: Ağustos | C17: =SUMIFS(Kayıtlar!$E$5:$E$504,Kayıtlar!$B$5:$B$504,"Gelir",Kayıtlar!$A$5:$A$504,">="&DATE($C$3,8,1),Kayıtlar!$A$5:$A$504,"<"&DATE($C$3,9,1)) -> 0 | D17: =SUMIFS(Kayıtlar!$E$5:$E$504,Kayıtlar!$B$5:$B$504,"Gider",Kayıtlar!$A$5:$A$504,">="&DATE($C$3,8,1),Kayıtlar!$A$5:$A$504,"<"&DATE($C$3,9,1)) -> 0 | E17: =C17-D17 -> 0 | F17: =F16+E17 -> 0 | H17: =IF(Kategoriler!C11="","",Kategoriler!C11) -> Vergi / SGK | I17: =IF(H17="","",SUMIFS(Kayıtlar!$E$5:$E$504,Kayıtlar!$B$5:$B$504,"Gider",Kayıtlar!$C$5:$C$504,H17,Kayıtlar!$A$5:$A$504,">="&DATE($C$3,1,1),Kayıtlar!$A$5:$A$504,"<"&DATE($C$3+1,1,1))) -> 0 | J17: =IF(OR(H17="",$D$22=0),"",I17/$D$22) -> 0 | L17: =IF(Kategoriler!A11="","",Kategoriler!A11) | M17: =IF(L17="","",SUMIFS(Kayıtlar!$E$5:$E$504,Kayıtlar!$B$5:$B$504,"Gelir",Kayıtlar!$C$5:$C$504,L17,Kayıtlar!$A$5:$A$504,">="&DATE($C$3,1,1),Kayıtlar!$A$5:$A$504,"<"&DATE($C$3+1,1,1))) | N17: =IF(OR(L17="",$C$22=0),"",M17/$C$22)
B18: Eylül | C18: =SUMIFS(Kayıtlar!$E$5:$E$504,Kayıtlar!$B$5:$B$504,"Gelir",Kayıtlar!$A$5:$A$504,">="&DATE($C$3,9,1),Kayıtlar!$A$5:$A$504,"<"&DATE($C$3,10,1)) -> 42000 | D18: =SUMIFS(Kayıtlar!$E$5:$E$504,Kayıtlar!$B$5:$B$504,"Gider",Kayıtlar!$A$5:$A$504,">="&DATE($C$3,9,1),Kayıtlar!$A$5:$A$504,"<"&DATE($C$3,10,1)) -> 23350 | E18: =C18-D18 -> 18650 | F18: =F17+E18 -> 18650 | H18: =IF(Kategoriler!C12="","",Kategoriler!C12) -> Reklam / Tanıtım | I18: =IF(H18="","",SUMIFS(Kayıtlar!$E$5:$E$504,Kayıtlar!$B$5:$B$504,"Gider",Kayıtlar!$C$5:$C$504,H18,Kayıtlar!$A$5:$A$504,">="&DATE($C$3,1,1),Kayıtlar!$A$5:$A$504,"<"&DATE($C$3+1,1,1))) -> 0 | J18: =IF(OR(H18="",$D$22=0),"",I18/$D$22) -> 0 | L18: =IF(Kategoriler!A12="","",Kategoriler!A12) | M18: =IF(L18="","",SUMIFS(Kayıtlar!$E$5:$E$504,Kayıtlar!$B$5:$B$504,"Gelir",Kayıtlar!$C$5:$C$504,L18,Kayıtlar!$A$5:$A$504,">="&DATE($C$3,1,1),Kayıtlar!$A$5:$A$504,"<"&DATE($C$3+1,1,1))) | N18: =IF(OR(L18="",$C$22=0),"",M18/$C$22)
B19: Ekim | C19: =SUMIFS(Kayıtlar!$E$5:$E$504,Kayıtlar!$B$5:$B$504,"Gelir",Kayıtlar!$A$5:$A$504,">="&DATE($C$3,10,1),Kayıtlar!$A$5:$A$504,"<"&DATE($C$3,11,1)) -> 18500 | D19: =SUMIFS(Kayıtlar!$E$5:$E$504,Kayıtlar!$B$5:$B$504,"Gider",Kayıtlar!$A$5:$A$504,">="&DATE($C$3,10,1),Kayıtlar!$A$5:$A$504,"<"&DATE($C$3,11,1)) -> 12650 | E19: =C19-D19 -> 5850 | F19: =F18+E19 -> 24500 | H19: =IF(Kategoriler!C13="","",Kategoriler!C13) -> Kargo | I19: =IF(H19="","",SUMIFS(Kayıtlar!$E$5:$E$504,Kayıtlar!$B$5:$B$504,"Gider",Kayıtlar!$C$5:$C$504,H19,Kayıtlar!$A$5:$A$504,">="&DATE($C$3,1,1),Kayıtlar!$A$5:$A$504,"<"&DATE($C$3+1,1,1))) -> 0 | J19: =IF(OR(H19="",$D$22=0),"",I19/$D$22) -> 0 | L19: =IF(Kategoriler!A13="","",Kategoriler!A13) | M19: =IF(L19="","",SUMIFS(Kayıtlar!$E$5:$E$504,Kayıtlar!$B$5:$B$504,"Gelir",Kayıtlar!$C$5:$C$504,L19,Kayıtlar!$A$5:$A$504,">="&DATE($C$3,1,1),Kayıtlar!$A$5:$A$504,"<"&DATE($C$3+1,1,1))) | N19: =IF(OR(L19="",$C$22=0),"",M19/$C$22)
B20: Kasım | C20: =SUMIFS(Kayıtlar!$E$5:$E$504,Kayıtlar!$B$5:$B$504,"Gelir",Kayıtlar!$A$5:$A$504,">="&DATE($C$3,11,1),Kayıtlar!$A$5:$A$504,"<"&DATE($C$3,12,1)) -> 0 | D20: =SUMIFS(Kayıtlar!$E$5:$E$504,Kayıtlar!$B$5:$B$504,"Gider",Kayıtlar!$A$5:$A$504,">="&DATE($C$3,11,1),Kayıtlar!$A$5:$A$504,"<"&DATE($C$3,12,1)) -> 0 | E20: =C20-D20 -> 0 | F20: =F19+E20 -> 24500 | H20: =IF(Kategoriler!C14="","",Kategoriler!C14) -> Sağlık | I20: =IF(H20="","",SUMIFS(Kayıtlar!$E$5:$E$504,Kayıtlar!$B$5:$B$504,"Gider",Kayıtlar!$C$5:$C$504,H20,Kayıtlar!$A$5:$A$504,">="&DATE($C$3,1,1),Kayıtlar!$A$5:$A$504,"<"&DATE($C$3+1,1,1))) -> 0 | J20: =IF(OR(H20="",$D$22=0),"",I20/$D$22) -> 0 | L20: =IF(Kategoriler!A14="","",Kategoriler!A14) | M20: =IF(L20="","",SUMIFS(Kayıtlar!$E$5:$E$504,Kayıtlar!$B$5:$B$504,"Gelir",Kayıtlar!$C$5:$C$504,L20,Kayıtlar!$A$5:$A$504,">="&DATE($C$3,1,1),Kayıtlar!$A$5:$A$504,"<"&DATE($C$3+1,1,1))) | N20: =IF(OR(L20="",$C$22=0),"",M20/$C$22)
B21: Aralık | C21: =SUMIFS(Kayıtlar!$E$5:$E$504,Kayıtlar!$B$5:$B$504,"Gelir",Kayıtlar!$A$5:$A$504,">="&DATE($C$3,12,1),Kayıtlar!$A$5:$A$504,"<"&DATE($C$3,13,1)) -> 0 | D21: =SUMIFS(Kayıtlar!$E$5:$E$504,Kayıtlar!$B$5:$B$504,"Gider",Kayıtlar!$A$5:$A$504,">="&DATE($C$3,12,1),Kayıtlar!$A$5:$A$504,"<"&DATE($C$3,13,1)) -> 0 | E21: =C21-D21 -> 0 | F21: =F20+E21 -> 24500 | H21: =IF(Kategoriler!C15="","",Kategoriler!C15) -> Eğitim | I21: =IF(H21="","",SUMIFS(Kayıtlar!$E$5:$E$504,Kayıtlar!$B$5:$B$504,"Gider",Kayıtlar!$C$5:$C$504,H21,Kayıtlar!$A$5:$A$504,">="&DATE($C$3,1,1),Kayıtlar!$A$5:$A$504,"<"&DATE($C$3+1,1,1))) -> 0 | J21: =IF(OR(H21="",$D$22=0),"",I21/$D$22) -> 0 | L21: =IF(Kategoriler!A15="","",Kategoriler!A15) | M21: =IF(L21="","",SUMIFS(Kayıtlar!$E$5:$E$504,Kayıtlar!$B$5:$B$504,"Gelir",Kayıtlar!$C$5:$C$504,L21,Kayıtlar!$A$5:$A$504,">="&DATE($C$3,1,1),Kayıtlar!$A$5:$A$504,"<"&DATE($C$3+1,1,1))) | N21: =IF(OR(L21="",$C$22=0),"",M21/$C$22)
B22: TOPLAM | C22: =SUM(C10:C21) -> 60500 | D22: =SUM(D10:D21) -> 36000 | E22: =SUM(E10:E21) -> 24500 | F22: =F21 -> 24500 | H22: =IF(Kategoriler!C16="","",Kategoriler!C16) -> Eğlence | I22: =IF(H22="","",SUMIFS(Kayıtlar!$E$5:$E$504,Kayıtlar!$B$5:$B$504,"Gider",Kayıtlar!$C$5:$C$504,H22,Kayıtlar!$A$5:$A$504,">="&DATE($C$3,1,1),Kayıtlar!$A$5:$A$504,"<"&DATE($C$3+1,1,1))) -> 0 | J22: =IF(OR(H22="",$D$22=0),"",I22/$D$22) -> 0
H23: =IF(Kategoriler!C17="","",Kategoriler!C17) -> Diğer Gider | I23: =IF(H23="","",SUMIFS(Kayıtlar!$E$5:$E$504,Kayıtlar!$B$5:$B$504,"Gider",Kayıtlar!$C$5:$C$504,H23,Kayıtlar!$A$5:$A$504,">="&DATE($C$3,1,1),Kayıtlar!$A$5:$A$504,"<"&DATE($C$3+1,1,1))) -> 0 | J23: =IF(OR(H23="",$D$22=0),"",I23/$D$22) -> 0
H24: =IF(Kategoriler!C18="","",Kategoriler!C18) | I24: =IF(H24="","",SUMIFS(Kayıtlar!$E$5:$E$504,Kayıtlar!$B$5:$B$504,"Gider",Kayıtlar!$C$5:$C$504,H24,Kayıtlar!$A$5:$A$504,">="&DATE($C$3,1,1),Kayıtlar!$A$5:$A$504,"<"&DATE($C$3+1,1,1))) | J24: =IF(OR(H24="",$D$22=0),"",I24/$D$22)
H25: =IF(Kategoriler!C19="","",Kategoriler!C19) | I25: =IF(H25="","",SUMIFS(Kayıtlar!$E$5:$E$504,Kayıtlar!$B$5:$B$504,"Gider",Kayıtlar!$C$5:$C$504,H25,Kayıtlar!$A$5:$A$504,">="&DATE($C$3,1,1),Kayıtlar!$A$5:$A$504,"<"&DATE($C$3+1,1,1))) | J25: =IF(OR(H25="",$D$22=0),"",I25/$D$22)
H26: =IF(Kategoriler!C20="","",Kategoriler!C20) | I26: =IF(H26="","",SUMIFS(Kayıtlar!$E$5:$E$504,Kayıtlar!$B$5:$B$504,"Gider",Kayıtlar!$C$5:$C$504,H26,Kayıtlar!$A$5:$A$504,">="&DATE($C$3,1,1),Kayıtlar!$A$5:$A$504,"<"&DATE($C$3+1,1,1))) | J26: =IF(OR(H26="",$D$22=0),"",I26/$D$22)
H27: =IF(Kategoriler!C21="","",Kategoriler!C21) | I27: =IF(H27="","",SUMIFS(Kayıtlar!$E$5:$E$504,Kayıtlar!$B$5:$B$504,"Gider",Kayıtlar!$C$5:$C$504,H27,Kayıtlar!$A$5:$A$504,">="&DATE($C$3,1,1),Kayıtlar!$A$5:$A$504,"<"&DATE($C$3+1,1,1))) | J27: =IF(OR(H27="",$D$22=0),"",I27/$D$22)
H28: =IF(Kategoriler!C22="","",Kategoriler!C22) | I28: =IF(H28="","",SUMIFS(Kayıtlar!$E$5:$E$504,Kayıtlar!$B$5:$B$504,"Gider",Kayıtlar!$C$5:$C$504,H28,Kayıtlar!$A$5:$A$504,">="&DATE($C$3,1,1),Kayıtlar!$A$5:$A$504,"<"&DATE($C$3+1,1,1))) | J28: =IF(OR(H28="",$D$22=0),"",I28/$D$22)
H29: =IF(Kategoriler!C23="","",Kategoriler!C23) | I29: =IF(H29="","",SUMIFS(Kayıtlar!$E$5:$E$504,Kayıtlar!$B$5:$B$504,"Gider",Kayıtlar!$C$5:$C$504,H29,Kayıtlar!$A$5:$A$504,">="&DATE($C$3,1,1),Kayıtlar!$A$5:$A$504,"<"&DATE($C$3+1,1,1))) | J29: =IF(OR(H29="",$D$22=0),"",I29/$D$22)

Sheet Kategoriler
A1: Kategoriler
A2: Sarı hücrelere kendi kategorilerini yaz. Boş bıraktıkların listede görünmez.
A3: Gelir Kategorileri | C3: Gider Kategorileri | E3: Ödeme Şekli
A4: Satış | C4: Kira | E4: Nakit
A5: Hizmet Geliri | C5: Faturalar | E5: Banka Kartı
A6: Maaş | C6: İnternet / Telefon | E6: Kredi Kartı
A7: Kira Geliri | C7: Market / Gıda | E7: Havale / EFT
A8: Faiz / Yatırım | C8: Ulaşım / Yakıt
A9: Diğer Gelir | C9: Malzeme / Stok
C10: Personel
C11: Vergi / SGK
C12: Reklam / Tanıtım
C13: Kargo
C14: Sağlık
C15: Eğitim
C16: Eğlence
C17: Diğer Gider

Sheet AI Komutları
B1: Yapay Zeka Komutları
B2: Kayıtlar sayfasında başlık satırıyla birlikte kayıtlarını seç, kopyala, kullandığın yapay zeka asistanına yapıştır ve altına aşağıdaki komutlardan birini ekle.
B3: Dikkat: Açıklama sütununda kişi adı, IBAN, kimlik numarası gibi bilgiler varsa yapıştırmadan önce sil. Yapay zekanın verdiği rakamları Özet sayfasıyla karşılaştır.
B5: Ne için | C5: Komut (kopyala, yapıştır)
B6: Genel durum | C6: Yukarıdaki tablo benim gelir gider kayıtlarım. Toplam gelir, toplam gider ve kalanı ay ay hesapla, sonra durumumu üç cümleyle özetle.
B7: En büyük giderler | C7: Bu kayıtlara göre en çok para harcadığım 3 kategoriyi tutarları ve toplam gider içindeki paylarıyla listele.
B8: Tasarruf fikri | C8: Bu giderlerden hangilerini azaltabilirim? Her öneri için aylık kaç lira kazanacağımı tahmini olarak yaz. Yalnızca tablodaki verilere dayan.
B9: Aylar arası fark | C9: Son iki ayı karşılaştır. Hangi kategoride ne kadar artış ya da azalış var? En büyük üç değişikliği yaz.
B10: Sabit ve değişken gider | C10: Giderlerimi her ay tekrar eden sabit giderler ve aydan aya değişen giderler diye ikiye ayır, ikisinin toplamını ver.
B11: Olağan dışı kayıt | C11: Bu kayıtlarda alışılmadık derecede yüksek ya da tekrar girilmiş gibi görünen satır var mı? Varsa tarihini ve tutarını göster.
B12: Gelecek ay tahmini | C12: Geçmiş aylara bakarak gelecek ay için gelir ve gider tahmini yap. Tahmini hangi varsayıma dayandırdığını bir cümleyle açıkla.
B13: Bütçe önerisi | C13: Aylık gelirimi temel alarak her gider kategorisi için bir üst sınır öner. Sonucu kategori ve tutar sütunlu tablo olarak ver.
B14: Ödeme şekli | C14: Harcamalarımın ne kadarı nakit, ne kadarı kart, ne kadarı havale? Yüzdeleriyle göster.
B15: Kategori düzeltme | C15: Açıklamalara bakarak yanlış kategoriye girilmiş olabilecek kayıtları bul ve doğru kategoriyi öner.
