Workbook

Sheet Başla
B2: EXCEL KLİNİĞİ
B3: ÇEK | Çek ve senet takibi
B4: Elindeki ve verdiğin çeklerin vadesi ne zaman, hangi ay ne kadar tahsil edecek, ne kadar ödeyeceksin.
B6: NASIL KULLANILIR
B7: 1. Belgeler | C7: Aldığın ve verdiğin çek ve senetleri vade ve tutarıyla yaz.
B8: 2. Durum | C8: Tahsil edince, ödeyince, ciro edince ya da karşılıksız çıkınca durumu değiştir.
B9: 3. Özet | C9: Bekleyen tutarlar, bu hafta tahsil edilecek ve ödenecekler, vade dilimleri ve aylık takvim.
B11: BİLMEN GEREKENLER
B12: Bekleyen | C12: Yalnızca durumu Bekliyor olan belgeler toplamlara ve takvime girer.
B13: Ciro | C13: Ciro ettiğin çeki Ciro edildi yap; karşılıksız çıkarsa sorumluluğun sürebilir, dosya bunu izlemez.
B14: Kapasite | C14: Belgeler: 1000 satır.
B16: RENKLER
B17: Sarı hücre | C17: Senin dolduracağın hücre. İçindeki örnekleri silip kendi bilgini yaz.
B18: Beyaz hücre, açık başlık | C18: Formül. Değiştirme, kendiliğinden hesaplanır.

Sheet Belgeler
A1: Çek ve Senetler
A2: Aldığın ve verdiğin her çek ya da senet bir satır. Tahsil edince ya da ödeyince durumu değiştir.
A4: Tür | B4: Belge | C4: Kişi ya da firma | D4: Banka | E4: Belge no | F4: Vade | G4: Tutar (₺) | H4: Durum | I4: Kalan gün | J4: Uyarı | K4: y
A5: Alınan | B5: Çek | C5: Müşteri Alfa | D5: Banka Alfa | E5: 001 | F5: 46304 | G5: 40000 | H5: Bekliyor | I5: =IF(OR(F5="",H5<>"Bekliyor"),"",F5-TODAY()) -> 5 | J5: =IF(I5="","",IF(I5<0,"Vadesi geçti",IF(I5<=7,"Bu hafta",""))) -> Bu hafta | K5: =IF(H5="Bekliyor",G5,0) -> 40000
A6: Alınan | B6: Senet | C6: Müşteri Beta | E6: S-7 | F6: 46344 | G6: 25000 | H6: Bekliyor | I6: =IF(OR(F6="",H6<>"Bekliyor"),"",F6-TODAY()) -> 45 | J6: =IF(I6="","",IF(I6<0,"Vadesi geçti",IF(I6<=7,"Bu hafta",""))) | K6: =IF(H6="Bekliyor",G6,0) -> 25000
A7: Verilen | B7: Çek | C7: Tedarikçi Alfa | D7: Banka Beta | E7: 104 | F7: 46319 | G7: 30000 | H7: Bekliyor | I7: =IF(OR(F7="",H7<>"Bekliyor"),"",F7-TODAY()) -> 20 | J7: =IF(I7="","",IF(I7<0,"Vadesi geçti",IF(I7<=7,"Bu hafta",""))) | K7: =IF(H7="Bekliyor",G7,0) -> 30000
A8: Alınan | B8: Çek | C8: Müşteri Gama | D8: Banka Alfa | E8: 002 | F8: 46289 | G8: 15000 | H8: Karşılıksız | I8: =IF(OR(F8="",H8<>"Bekliyor"),"",F8-TODAY()) | J8: =IF(I8="","",IF(I8<0,"Vadesi geçti",IF(I8<=7,"Bu hafta",""))) | K8: =IF(H8="Bekliyor",G8,0) -> 0
A9: Verilen | B9: Çek | C9: Tedarikçi Beta | D9: Banka Beta | E9: 105 | F9: 46297 | G9: 12000 | H9: Bekliyor | I9: =IF(OR(F9="",H9<>"Bekliyor"),"",F9-TODAY()) -> -2 | J9: =IF(I9="","",IF(I9<0,"Vadesi geçti",IF(I9<=7,"Bu hafta",""))) -> Vadesi geçti | K9: =IF(H9="Bekliyor",G9,0) -> 12000
A10: Alınan | B10: Çek | C10: Müşteri Alfa | D10: Banka Alfa | E10: 000 | F10: 46269 | G10: 20000 | H10: Tahsil edildi | I10: =IF(OR(F10="",H10<>"Bekliyor"),"",F10-TODAY()) | J10: =IF(I10="","",IF(I10<0,"Vadesi geçti",IF(I10<=7,"Bu hafta",""))) | K10: =IF(H10="Bekliyor",G10,0) -> 0
I11: =IF(OR(F11="",H11<>"Bekliyor"),"",F11-TODAY()) | J11: =IF(I11="","",IF(I11<0,"Vadesi geçti",IF(I11<=7,"Bu hafta",""))) | K11: =IF(H11="Bekliyor",G11,0) -> 0
I12: =IF(OR(F12="",H12<>"Bekliyor"),"",F12-TODAY()) | J12: =IF(I12="","",IF(I12<0,"Vadesi geçti",IF(I12<=7,"Bu hafta",""))) | K12: =IF(H12="Bekliyor",G12,0) -> 0
I13: =IF(OR(F13="",H13<>"Bekliyor"),"",F13-TODAY()) | J13: =IF(I13="","",IF(I13<0,"Vadesi geçti",IF(I13<=7,"Bu hafta",""))) | K13: =IF(H13="Bekliyor",G13,0) -> 0
I14: =IF(OR(F14="",H14<>"Bekliyor"),"",F14-TODAY()) | J14: =IF(I14="","",IF(I14<0,"Vadesi geçti",IF(I14<=7,"Bu hafta",""))) | K14: =IF(H14="Bekliyor",G14,0) -> 0
I15: =IF(OR(F15="",H15<>"Bekliyor"),"",F15-TODAY()) | J15: =IF(I15="","",IF(I15<0,"Vadesi geçti",IF(I15<=7,"Bu hafta",""))) | K15: =IF(H15="Bekliyor",G15,0) -> 0
I16: =IF(OR(F16="",H16<>"Bekliyor"),"",F16-TODAY()) | J16: =IF(I16="","",IF(I16<0,"Vadesi geçti",IF(I16<=7,"Bu hafta",""))) | K16: =IF(H16="Bekliyor",G16,0) -> 0
I17: =IF(OR(F17="",H17<>"Bekliyor"),"",F17-TODAY()) | J17: =IF(I17="","",IF(I17<0,"Vadesi geçti",IF(I17<=7,"Bu hafta",""))) | K17: =IF(H17="Bekliyor",G17,0) -> 0
I18: =IF(OR(F18="",H18<>"Bekliyor"),"",F18-TODAY()) | J18: =IF(I18="","",IF(I18<0,"Vadesi geçti",IF(I18<=7,"Bu hafta",""))) | K18: =IF(H18="Bekliyor",G18,0) -> 0
I19: =IF(OR(F19="",H19<>"Bekliyor"),"",F19-TODAY()) | J19: =IF(I19="","",IF(I19<0,"Vadesi geçti",IF(I19<=7,"Bu hafta",""))) | K19: =IF(H19="Bekliyor",G19,0) -> 0
I20: =IF(OR(F20="",H20<>"Bekliyor"),"",F20-TODAY()) | J20: =IF(I20="","",IF(I20<0,"Vadesi geçti",IF(I20<=7,"Bu hafta",""))) | K20: =IF(H20="Bekliyor",G20,0) -> 0
I21: =IF(OR(F21="",H21<>"Bekliyor"),"",F21-TODAY()) | J21: =IF(I21="","",IF(I21<0,"Vadesi geçti",IF(I21<=7,"Bu hafta",""))) | K21: =IF(H21="Bekliyor",G21,0) -> 0
I22: =IF(OR(F22="",H22<>"Bekliyor"),"",F22-TODAY()) | J22: =IF(I22="","",IF(I22<0,"Vadesi geçti",IF(I22<=7,"Bu hafta",""))) | K22: =IF(H22="Bekliyor",G22,0) -> 0
... I1004: =IF(OR(F1004="",H1004<>"Bekliyor"),"",F1004-TODAY()) | J1004: =IF(I1004="","",IF(I1004<0,"Vadesi geçti",IF(I1004<=7,"Bu hafta",""))) | K1004: =IF(H1004="Bekliyor",G1004,0) -> 0

Sheet Özet
A1: Özet
A2: Yıl, aylık vade takvimi içindir.
B3: Yıl | C3: 2026
B5: Bekleyen alınan | C5: Bekleyen verilen | D5: Net | E5: 7 günde tahsil edilecek | F5: 7 günde ödenecek | G5: Karşılıksız
B6: =SUMIFS(Belgeler!$K$5:$K$1004,Belgeler!$A$5:$A$1004,"Alınan") -> 65000 | C6: =SUMIFS(Belgeler!$K$5:$K$1004,Belgeler!$A$5:$A$1004,"Verilen") -> 42000 | D6: =B6-C6 -> 23000 | E6: =SUMIFS(Belgeler!$K$5:$K$1004,Belgeler!$A$5:$A$1004,"Alınan",Belgeler!$I$5:$I$1004,">=0",Belgeler!$I$5:$I$1004,"<=7") -> 40000 | F6: =SUMIFS(Belgeler!$K$5:$K$1004,Belgeler!$A$5:$A$1004,"Verilen",Belgeler!$I$5:$I$1004,">=0",Belgeler!$I$5:$I$1004,"<=7") -> 0 | G6: =SUMIFS(Belgeler!$G$5:$G$1004,Belgeler!$H$5:$H$1004,"Karşılıksız") -> 15000
B9: Vade takvimi (bekleyenler) | I9: Vade dilimleri (bekleyenler)
B10: Ay | C10: Tahsil edilecek (₺) | D10: Ödenecek (₺) | E10: Net (₺) | I10: Dilim | J10: Alınan (₺) | K10: Verilen (₺)
B11: Ocak | C11: =SUMIFS(Belgeler!$K$5:$K$1004,Belgeler!$F$5:$F$1004,">="&DATE($C$3,1,1),Belgeler!$F$5:$F$1004,"<"&DATE($C$3,2,1),Belgeler!$A$5:$A$1004,"Alınan") -> 0 | D11: =SUMIFS(Belgeler!$K$5:$K$1004,Belgeler!$F$5:$F$1004,">="&DATE($C$3,1,1),Belgeler!$F$5:$F$1004,"<"&DATE($C$3,2,1),Belgeler!$A$5:$A$1004,"Verilen") -> 0 | E11: =C11-D11 -> 0 | I11: Vadesi geçmiş | J11: =SUMIFS(Belgeler!$K$5:$K$1004,Belgeler!$A$5:$A$1004,"Alınan",Belgeler!$I$5:$I$1004,"<=-1") -> 0 | K11: =SUMIFS(Belgeler!$K$5:$K$1004,Belgeler!$A$5:$A$1004,"Verilen",Belgeler!$I$5:$I$1004,"<=-1") -> 12000
B12: Şubat | C12: =SUMIFS(Belgeler!$K$5:$K$1004,Belgeler!$F$5:$F$1004,">="&DATE($C$3,2,1),Belgeler!$F$5:$F$1004,"<"&DATE($C$3,3,1),Belgeler!$A$5:$A$1004,"Alınan") -> 0 | D12: =SUMIFS(Belgeler!$K$5:$K$1004,Belgeler!$F$5:$F$1004,">="&DATE($C$3,2,1),Belgeler!$F$5:$F$1004,"<"&DATE($C$3,3,1),Belgeler!$A$5:$A$1004,"Verilen") -> 0 | E12: =C12-D12 -> 0 | I12: 0-30 gün | J12: =SUMIFS(Belgeler!$K$5:$K$1004,Belgeler!$A$5:$A$1004,"Alınan",Belgeler!$I$5:$I$1004,">=0",Belgeler!$I$5:$I$1004,"<=30") -> 40000 | K12: =SUMIFS(Belgeler!$K$5:$K$1004,Belgeler!$A$5:$A$1004,"Verilen",Belgeler!$I$5:$I$1004,">=0",Belgeler!$I$5:$I$1004,"<=30") -> 30000
B13: Mart | C13: =SUMIFS(Belgeler!$K$5:$K$1004,Belgeler!$F$5:$F$1004,">="&DATE($C$3,3,1),Belgeler!$F$5:$F$1004,"<"&DATE($C$3,4,1),Belgeler!$A$5:$A$1004,"Alınan") -> 0 | D13: =SUMIFS(Belgeler!$K$5:$K$1004,Belgeler!$F$5:$F$1004,">="&DATE($C$3,3,1),Belgeler!$F$5:$F$1004,"<"&DATE($C$3,4,1),Belgeler!$A$5:$A$1004,"Verilen") -> 0 | E13: =C13-D13 -> 0 | I13: 31-60 gün | J13: =SUMIFS(Belgeler!$K$5:$K$1004,Belgeler!$A$5:$A$1004,"Alınan",Belgeler!$I$5:$I$1004,">=31",Belgeler!$I$5:$I$1004,"<=60") -> 25000 | K13: =SUMIFS(Belgeler!$K$5:$K$1004,Belgeler!$A$5:$A$1004,"Verilen",Belgeler!$I$5:$I$1004,">=31",Belgeler!$I$5:$I$1004,"<=60") -> 0
B14: Nisan | C14: =SUMIFS(Belgeler!$K$5:$K$1004,Belgeler!$F$5:$F$1004,">="&DATE($C$3,4,1),Belgeler!$F$5:$F$1004,"<"&DATE($C$3,5,1),Belgeler!$A$5:$A$1004,"Alınan") -> 0 | D14: =SUMIFS(Belgeler!$K$5:$K$1004,Belgeler!$F$5:$F$1004,">="&DATE($C$3,4,1),Belgeler!$F$5:$F$1004,"<"&DATE($C$3,5,1),Belgeler!$A$5:$A$1004,"Verilen") -> 0 | E14: =C14-D14 -> 0 | I14: 61-90 gün | J14: =SUMIFS(Belgeler!$K$5:$K$1004,Belgeler!$A$5:$A$1004,"Alınan",Belgeler!$I$5:$I$1004,">=61",Belgeler!$I$5:$I$1004,"<=90") -> 0 | K14: =SUMIFS(Belgeler!$K$5:$K$1004,Belgeler!$A$5:$A$1004,"Verilen",Belgeler!$I$5:$I$1004,">=61",Belgeler!$I$5:$I$1004,"<=90") -> 0
B15: Mayıs | C15: =SUMIFS(Belgeler!$K$5:$K$1004,Belgeler!$F$5:$F$1004,">="&DATE($C$3,5,1),Belgeler!$F$5:$F$1004,"<"&DATE($C$3,6,1),Belgeler!$A$5:$A$1004,"Alınan") -> 0 | D15: =SUMIFS(Belgeler!$K$5:$K$1004,Belgeler!$F$5:$F$1004,">="&DATE($C$3,5,1),Belgeler!$F$5:$F$1004,"<"&DATE($C$3,6,1),Belgeler!$A$5:$A$1004,"Verilen") -> 0 | E15: =C15-D15 -> 0 | I15: 90 günden uzun | J15: =SUMIFS(Belgeler!$K$5:$K$1004,Belgeler!$A$5:$A$1004,"Alınan",Belgeler!$I$5:$I$1004,">=91") -> 0 | K15: =SUMIFS(Belgeler!$K$5:$K$1004,Belgeler!$A$5:$A$1004,"Verilen",Belgeler!$I$5:$I$1004,">=91") -> 0
B16: Haziran | C16: =SUMIFS(Belgeler!$K$5:$K$1004,Belgeler!$F$5:$F$1004,">="&DATE($C$3,6,1),Belgeler!$F$5:$F$1004,"<"&DATE($C$3,7,1),Belgeler!$A$5:$A$1004,"Alınan") -> 0 | D16: =SUMIFS(Belgeler!$K$5:$K$1004,Belgeler!$F$5:$F$1004,">="&DATE($C$3,6,1),Belgeler!$F$5:$F$1004,"<"&DATE($C$3,7,1),Belgeler!$A$5:$A$1004,"Verilen") -> 0 | E16: =C16-D16 -> 0
B17: Temmuz | C17: =SUMIFS(Belgeler!$K$5:$K$1004,Belgeler!$F$5:$F$1004,">="&DATE($C$3,7,1),Belgeler!$F$5:$F$1004,"<"&DATE($C$3,8,1),Belgeler!$A$5:$A$1004,"Alınan") -> 0 | D17: =SUMIFS(Belgeler!$K$5:$K$1004,Belgeler!$F$5:$F$1004,">="&DATE($C$3,7,1),Belgeler!$F$5:$F$1004,"<"&DATE($C$3,8,1),Belgeler!$A$5:$A$1004,"Verilen") -> 0 | E17: =C17-D17 -> 0
B18: Ağustos | C18: =SUMIFS(Belgeler!$K$5:$K$1004,Belgeler!$F$5:$F$1004,">="&DATE($C$3,8,1),Belgeler!$F$5:$F$1004,"<"&DATE($C$3,9,1),Belgeler!$A$5:$A$1004,"Alınan") -> 0 | D18: =SUMIFS(Belgeler!$K$5:$K$1004,Belgeler!$F$5:$F$1004,">="&DATE($C$3,8,1),Belgeler!$F$5:$F$1004,"<"&DATE($C$3,9,1),Belgeler!$A$5:$A$1004,"Verilen") -> 0 | E18: =C18-D18 -> 0
B19: Eylül | C19: =SUMIFS(Belgeler!$K$5:$K$1004,Belgeler!$F$5:$F$1004,">="&DATE($C$3,9,1),Belgeler!$F$5:$F$1004,"<"&DATE($C$3,10,1),Belgeler!$A$5:$A$1004,"Alınan") -> 0 | D19: =SUMIFS(Belgeler!$K$5:$K$1004,Belgeler!$F$5:$F$1004,">="&DATE($C$3,9,1),Belgeler!$F$5:$F$1004,"<"&DATE($C$3,10,1),Belgeler!$A$5:$A$1004,"Verilen") -> 0 | E19: =C19-D19 -> 0
B20: Ekim | C20: =SUMIFS(Belgeler!$K$5:$K$1004,Belgeler!$F$5:$F$1004,">="&DATE($C$3,10,1),Belgeler!$F$5:$F$1004,"<"&DATE($C$3,11,1),Belgeler!$A$5:$A$1004,"Alınan") -> 40000 | D20: =SUMIFS(Belgeler!$K$5:$K$1004,Belgeler!$F$5:$F$1004,">="&DATE($C$3,10,1),Belgeler!$F$5:$F$1004,"<"&DATE($C$3,11,1),Belgeler!$A$5:$A$1004,"Verilen") -> 42000 | E20: =C20-D20 -> -2000
B21: Kasım | C21: =SUMIFS(Belgeler!$K$5:$K$1004,Belgeler!$F$5:$F$1004,">="&DATE($C$3,11,1),Belgeler!$F$5:$F$1004,"<"&DATE($C$3,12,1),Belgeler!$A$5:$A$1004,"Alınan") -> 25000 | D21: =SUMIFS(Belgeler!$K$5:$K$1004,Belgeler!$F$5:$F$1004,">="&DATE($C$3,11,1),Belgeler!$F$5:$F$1004,"<"&DATE($C$3,12,1),Belgeler!$A$5:$A$1004,"Verilen") -> 0 | E21: =C21-D21 -> 25000
B22: Aralık | C22: =SUMIFS(Belgeler!$K$5:$K$1004,Belgeler!$F$5:$F$1004,">="&DATE($C$3,12,1),Belgeler!$F$5:$F$1004,"<"&DATE($C$3,13,1),Belgeler!$A$5:$A$1004,"Alınan") -> 0 | D22: =SUMIFS(Belgeler!$K$5:$K$1004,Belgeler!$F$5:$F$1004,">="&DATE($C$3,12,1),Belgeler!$F$5:$F$1004,"<"&DATE($C$3,13,1),Belgeler!$A$5:$A$1004,"Verilen") -> 0 | E22: =C22-D22 -> 0
B23: TOPLAM | C23: =SUM(C11:C22) -> 65000 | D23: =SUM(D11:D22) -> 42000 | E23: =SUM(E11:E22) -> 23000

Sheet AI Komutları
B1: Yapay Zeka Komutları
B2: İlgili sayfada başlık satırıyla birlikte kayıtlarını seç, kopyala, kullandığın yapay zeka asistanına yapıştır ve altına komutu ekle.
B3: Dikkat: Kişi, firma ve hesap bilgilerini takma adla değiştir. Yapay zekanın verdiği rakamları dosyadaki özet sayfasıyla karşılaştır.
B5: Ne için | C5: Komut (kopyala, yapıştır)
B6: Nakit planı | C6: [Özet sayfasındaki vade takvimi] Hangi aylarda ödeyeceğim tahsil edeceğimden fazla? O aylar için ne yapabilirim?
B7: Risk | C7: [Belgeler sayfası] Tek bir kişiden aldığım çeklerin toplamı çok yüksek mi? Yoğunlaşmayı göster.
B8: Hatırlatma | C8: Vadesi yaklaşan senet için borçluya gönderilecek kısa bir hatırlatma yaz.
B9: Karşılıksız çek | C9: Karşılıksız çıkan çek için atılabilecek ilk adımları genel hatlarıyla anlat; hukuki kesinlik için avukata danışmam gerektiğini biliyorum.
