Workbook

Sheet Başla
B2: EXCEL KLİNİĞİ
B3: SİPARİŞ | Online sipariş ve net kazanç takibi
B4: Hangi kanaldan ne sattın, komisyon ve kargodan sonra elinde ne kaldı, iade oranın ne.
B6: NASIL KULLANILIR
B7: 1. Kanallar | C7: Sattığın yerleri ve komisyon oranlarını yaz.
B8: 2. Siparişler | C8: Her siparişi tutarı, ürün maliyeti, kargo ve durumuyla gir.
B9: 3. Özet | C9: Aylık sipariş, ciro ve net kazanç; kanal bazında iade oranı.
B11: BİLMEN GEREKENLER
B12: Net | C12: Tutar − komisyon − ürün maliyeti − kargo. İadede kargo zarar yazılır, iptalde sıfırdır.
B13: Komisyon | C13: Kanal sayfasındaki tek orana göre hesaplanır; kategoriye göre değişen oranlar için ortalama oranı yaz.
B14: Kapasite | C14: Kanallar: 15 satır; Siparişler: 3000 satır.
B16: RENKLER
B17: Sarı hücre | C17: Senin dolduracağın hücre. İçindeki örnekleri silip kendi bilgini yaz.
B18: Beyaz hücre, açık başlık | C18: Formül. Değiştirme, kendiliğinden hesaplanır.

Sheet Siparişler
A1: Siparişler
A2: Her sipariş bir satır. Durum değiştikçe güncelle.
A4: Tarih | B4: Sipariş no | C4: Kanal | D4: Ürün | E4: Tutar (₺) | F4: Ürün maliyeti (₺) | G4: Kargo (₺) | H4: Durum | I4: Komisyon (₺) | J4: Net (₺)
A5: 46296 | B5: S-1 | C5: Pazaryeri Alfa | D5: Ürün 1 | E5: 600 | F5: 330 | G5: 70 | H5: Teslim edildi | I5: =IF(OR(A5="",C5=""),"",IF(OR(H5="İade",H5="İptal"),0,E5*IFERROR(INDEX(Kanallar!$B$5:$B$19,MATCH(C5,Kanallar!$A$5:$A$19,0)),0))) -> 120 | J5: =IF(I5="","",IF(H5="İptal",0,IF(H5="İade",-G5,E5-I5-F5-G5))) -> 80
A6: 46297 | B6: S-2 | C6: Kendi sitem | D6: Ürün 2 | E6: 900 | F6: 500 | G6: 70 | H6: Kargoda | I6: =IF(OR(A6="",C6=""),"",IF(OR(H6="İade",H6="İptal"),0,E6*IFERROR(INDEX(Kanallar!$B$5:$B$19,MATCH(C6,Kanallar!$A$5:$A$19,0)),0))) -> 36 | J6: =IF(I6="","",IF(H6="İptal",0,IF(H6="İade",-G6,E6-I6-F6-G6))) -> 294
A7: 46297 | B7: S-3 | C7: Pazaryeri Alfa | D7: Ürün 1 | E7: 600 | F7: 330 | G7: 70 | H7: İade | I7: =IF(OR(A7="",C7=""),"",IF(OR(H7="İade",H7="İptal"),0,E7*IFERROR(INDEX(Kanallar!$B$5:$B$19,MATCH(C7,Kanallar!$A$5:$A$19,0)),0))) -> 0 | J7: =IF(I7="","",IF(H7="İptal",0,IF(H7="İade",-G7,E7-I7-F7-G7))) -> -70
A8: 46298 | B8: S-4 | C8: Instagram | D8: Ürün 3 | E8: 450 | F8: 200 | G8: 60 | H8: Hazırlanıyor | I8: =IF(OR(A8="",C8=""),"",IF(OR(H8="İade",H8="İptal"),0,E8*IFERROR(INDEX(Kanallar!$B$5:$B$19,MATCH(C8,Kanallar!$A$5:$A$19,0)),0))) -> 0 | J8: =IF(I8="","",IF(H8="İptal",0,IF(H8="İade",-G8,E8-I8-F8-G8))) -> 190
A9: 46298 | B9: S-5 | C9: Pazaryeri Alfa | D9: Ürün 2 | E9: 900 | F9: 500 | G9: 70 | H9: İptal | I9: =IF(OR(A9="",C9=""),"",IF(OR(H9="İade",H9="İptal"),0,E9*IFERROR(INDEX(Kanallar!$B$5:$B$19,MATCH(C9,Kanallar!$A$5:$A$19,0)),0))) -> 0 | J9: =IF(I9="","",IF(H9="İptal",0,IF(H9="İade",-G9,E9-I9-F9-G9))) -> 0
A10: 46293 | B10: S-0 | C10: Pazaryeri Alfa | D10: Ürün 1 | E10: 600 | F10: 330 | G10: 70 | H10: Teslim edildi | I10: =IF(OR(A10="",C10=""),"",IF(OR(H10="İade",H10="İptal"),0,E10*IFERROR(INDEX(Kanallar!$B$5:$B$19,MATCH(C10,Kanallar!$A$5:$A$19,0)),0))) -> 120 | J10: =IF(I10="","",IF(H10="İptal",0,IF(H10="İade",-G10,E10-I10-F10-G10))) -> 80
I11: =IF(OR(A11="",C11=""),"",IF(OR(H11="İade",H11="İptal"),0,E11*IFERROR(INDEX(Kanallar!$B$5:$B$19,MATCH(C11,Kanallar!$A$5:$A$19,0)),0))) | J11: =IF(I11="","",IF(H11="İptal",0,IF(H11="İade",-G11,E11-I11-F11-G11)))
I12: =IF(OR(A12="",C12=""),"",IF(OR(H12="İade",H12="İptal"),0,E12*IFERROR(INDEX(Kanallar!$B$5:$B$19,MATCH(C12,Kanallar!$A$5:$A$19,0)),0))) | J12: =IF(I12="","",IF(H12="İptal",0,IF(H12="İade",-G12,E12-I12-F12-G12)))
I13: =IF(OR(A13="",C13=""),"",IF(OR(H13="İade",H13="İptal"),0,E13*IFERROR(INDEX(Kanallar!$B$5:$B$19,MATCH(C13,Kanallar!$A$5:$A$19,0)),0))) | J13: =IF(I13="","",IF(H13="İptal",0,IF(H13="İade",-G13,E13-I13-F13-G13)))
I14: =IF(OR(A14="",C14=""),"",IF(OR(H14="İade",H14="İptal"),0,E14*IFERROR(INDEX(Kanallar!$B$5:$B$19,MATCH(C14,Kanallar!$A$5:$A$19,0)),0))) | J14: =IF(I14="","",IF(H14="İptal",0,IF(H14="İade",-G14,E14-I14-F14-G14)))
I15: =IF(OR(A15="",C15=""),"",IF(OR(H15="İade",H15="İptal"),0,E15*IFERROR(INDEX(Kanallar!$B$5:$B$19,MATCH(C15,Kanallar!$A$5:$A$19,0)),0))) | J15: =IF(I15="","",IF(H15="İptal",0,IF(H15="İade",-G15,E15-I15-F15-G15)))
I16: =IF(OR(A16="",C16=""),"",IF(OR(H16="İade",H16="İptal"),0,E16*IFERROR(INDEX(Kanallar!$B$5:$B$19,MATCH(C16,Kanallar!$A$5:$A$19,0)),0))) | J16: =IF(I16="","",IF(H16="İptal",0,IF(H16="İade",-G16,E16-I16-F16-G16)))
I17: =IF(OR(A17="",C17=""),"",IF(OR(H17="İade",H17="İptal"),0,E17*IFERROR(INDEX(Kanallar!$B$5:$B$19,MATCH(C17,Kanallar!$A$5:$A$19,0)),0))) | J17: =IF(I17="","",IF(H17="İptal",0,IF(H17="İade",-G17,E17-I17-F17-G17)))
I18: =IF(OR(A18="",C18=""),"",IF(OR(H18="İade",H18="İptal"),0,E18*IFERROR(INDEX(Kanallar!$B$5:$B$19,MATCH(C18,Kanallar!$A$5:$A$19,0)),0))) | J18: =IF(I18="","",IF(H18="İptal",0,IF(H18="İade",-G18,E18-I18-F18-G18)))
I19: =IF(OR(A19="",C19=""),"",IF(OR(H19="İade",H19="İptal"),0,E19*IFERROR(INDEX(Kanallar!$B$5:$B$19,MATCH(C19,Kanallar!$A$5:$A$19,0)),0))) | J19: =IF(I19="","",IF(H19="İptal",0,IF(H19="İade",-G19,E19-I19-F19-G19)))
I20: =IF(OR(A20="",C20=""),"",IF(OR(H20="İade",H20="İptal"),0,E20*IFERROR(INDEX(Kanallar!$B$5:$B$19,MATCH(C20,Kanallar!$A$5:$A$19,0)),0))) | J20: =IF(I20="","",IF(H20="İptal",0,IF(H20="İade",-G20,E20-I20-F20-G20)))
I21: =IF(OR(A21="",C21=""),"",IF(OR(H21="İade",H21="İptal"),0,E21*IFERROR(INDEX(Kanallar!$B$5:$B$19,MATCH(C21,Kanallar!$A$5:$A$19,0)),0))) | J21: =IF(I21="","",IF(H21="İptal",0,IF(H21="İade",-G21,E21-I21-F21-G21)))
I22: =IF(OR(A22="",C22=""),"",IF(OR(H22="İade",H22="İptal"),0,E22*IFERROR(INDEX(Kanallar!$B$5:$B$19,MATCH(C22,Kanallar!$A$5:$A$19,0)),0))) | J22: =IF(I22="","",IF(H22="İptal",0,IF(H22="İade",-G22,E22-I22-F22-G22)))
... I3004: =IF(OR(A3004="",C3004=""),"",IF(OR(H3004="İade",H3004="İptal"),0,E3004*IFERROR(INDEX(Kanallar!$B$5:$B$19,MATCH(C3004,Kanallar!$A$5:$A$19,0)),0))) | J3004: =IF(I3004="","",IF(H3004="İptal",0,IF(H3004="İade",-G3004,E3004-I3004-F3004-G3004)))

Sheet Kanallar
A1: Satış Kanalları
A2: Sattığın yerleri ve komisyon oranlarını yaz.
A4: Kanal | B4: Komisyon oranı | C4: Sipariş | D4: Ciro (₺) | E4: Net (₺) | F4: İade oranı
A5: Pazaryeri Alfa | B5: 0.2 | C5: =IF(A5="","",COUNTIFS(Siparişler!$C$5:$C$3004,A5,Siparişler!$H$5:$H$3004,"<>İptal")) -> 3 | D5: =IF(A5="","",SUMIFS(Siparişler!$E$5:$E$3004,Siparişler!$C$5:$C$3004,A5,Siparişler!$H$5:$H$3004,"<>İade",Siparişler!$H$5:$H$3004,"<>İptal")) -> 1200 | E5: =IF(A5="","",SUMIFS(Siparişler!$J$5:$J$3004,Siparişler!$C$5:$C$3004,A5)) -> 90 | F5: =IF(OR(A5="",C5=0),"",COUNTIFS(Siparişler!$C$5:$C$3004,A5,Siparişler!$H$5:$H$3004,"İade")/C5) -> 0.33333333
A6: Kendi sitem | B6: 0.04 | C6: =IF(A6="","",COUNTIFS(Siparişler!$C$5:$C$3004,A6,Siparişler!$H$5:$H$3004,"<>İptal")) -> 1 | D6: =IF(A6="","",SUMIFS(Siparişler!$E$5:$E$3004,Siparişler!$C$5:$C$3004,A6,Siparişler!$H$5:$H$3004,"<>İade",Siparişler!$H$5:$H$3004,"<>İptal")) -> 900 | E6: =IF(A6="","",SUMIFS(Siparişler!$J$5:$J$3004,Siparişler!$C$5:$C$3004,A6)) -> 294 | F6: =IF(OR(A6="",C6=0),"",COUNTIFS(Siparişler!$C$5:$C$3004,A6,Siparişler!$H$5:$H$3004,"İade")/C6) -> 0
A7: Instagram | B7: 0 | C7: =IF(A7="","",COUNTIFS(Siparişler!$C$5:$C$3004,A7,Siparişler!$H$5:$H$3004,"<>İptal")) -> 1 | D7: =IF(A7="","",SUMIFS(Siparişler!$E$5:$E$3004,Siparişler!$C$5:$C$3004,A7,Siparişler!$H$5:$H$3004,"<>İade",Siparişler!$H$5:$H$3004,"<>İptal")) -> 450 | E7: =IF(A7="","",SUMIFS(Siparişler!$J$5:$J$3004,Siparişler!$C$5:$C$3004,A7)) -> 190 | F7: =IF(OR(A7="",C7=0),"",COUNTIFS(Siparişler!$C$5:$C$3004,A7,Siparişler!$H$5:$H$3004,"İade")/C7) -> 0
C8: =IF(A8="","",COUNTIFS(Siparişler!$C$5:$C$3004,A8,Siparişler!$H$5:$H$3004,"<>İptal")) | D8: =IF(A8="","",SUMIFS(Siparişler!$E$5:$E$3004,Siparişler!$C$5:$C$3004,A8,Siparişler!$H$5:$H$3004,"<>İade",Siparişler!$H$5:$H$3004,"<>İptal")) | E8: =IF(A8="","",SUMIFS(Siparişler!$J$5:$J$3004,Siparişler!$C$5:$C$3004,A8)) | F8: =IF(OR(A8="",C8=0),"",COUNTIFS(Siparişler!$C$5:$C$3004,A8,Siparişler!$H$5:$H$3004,"İade")/C8)
C9: =IF(A9="","",COUNTIFS(Siparişler!$C$5:$C$3004,A9,Siparişler!$H$5:$H$3004,"<>İptal")) | D9: =IF(A9="","",SUMIFS(Siparişler!$E$5:$E$3004,Siparişler!$C$5:$C$3004,A9,Siparişler!$H$5:$H$3004,"<>İade",Siparişler!$H$5:$H$3004,"<>İptal")) | E9: =IF(A9="","",SUMIFS(Siparişler!$J$5:$J$3004,Siparişler!$C$5:$C$3004,A9)) | F9: =IF(OR(A9="",C9=0),"",COUNTIFS(Siparişler!$C$5:$C$3004,A9,Siparişler!$H$5:$H$3004,"İade")/C9)
C10: =IF(A10="","",COUNTIFS(Siparişler!$C$5:$C$3004,A10,Siparişler!$H$5:$H$3004,"<>İptal")) | D10: =IF(A10="","",SUMIFS(Siparişler!$E$5:$E$3004,Siparişler!$C$5:$C$3004,A10,Siparişler!$H$5:$H$3004,"<>İade",Siparişler!$H$5:$H$3004,"<>İptal")) | E10: =IF(A10="","",SUMIFS(Siparişler!$J$5:$J$3004,Siparişler!$C$5:$C$3004,A10)) | F10: =IF(OR(A10="",C10=0),"",COUNTIFS(Siparişler!$C$5:$C$3004,A10,Siparişler!$H$5:$H$3004,"İade")/C10)
C11: =IF(A11="","",COUNTIFS(Siparişler!$C$5:$C$3004,A11,Siparişler!$H$5:$H$3004,"<>İptal")) | D11: =IF(A11="","",SUMIFS(Siparişler!$E$5:$E$3004,Siparişler!$C$5:$C$3004,A11,Siparişler!$H$5:$H$3004,"<>İade",Siparişler!$H$5:$H$3004,"<>İptal")) | E11: =IF(A11="","",SUMIFS(Siparişler!$J$5:$J$3004,Siparişler!$C$5:$C$3004,A11)) | F11: =IF(OR(A11="",C11=0),"",COUNTIFS(Siparişler!$C$5:$C$3004,A11,Siparişler!$H$5:$H$3004,"İade")/C11)
C12: =IF(A12="","",COUNTIFS(Siparişler!$C$5:$C$3004,A12,Siparişler!$H$5:$H$3004,"<>İptal")) | D12: =IF(A12="","",SUMIFS(Siparişler!$E$5:$E$3004,Siparişler!$C$5:$C$3004,A12,Siparişler!$H$5:$H$3004,"<>İade",Siparişler!$H$5:$H$3004,"<>İptal")) | E12: =IF(A12="","",SUMIFS(Siparişler!$J$5:$J$3004,Siparişler!$C$5:$C$3004,A12)) | F12: =IF(OR(A12="",C12=0),"",COUNTIFS(Siparişler!$C$5:$C$3004,A12,Siparişler!$H$5:$H$3004,"İade")/C12)
C13: =IF(A13="","",COUNTIFS(Siparişler!$C$5:$C$3004,A13,Siparişler!$H$5:$H$3004,"<>İptal")) | D13: =IF(A13="","",SUMIFS(Siparişler!$E$5:$E$3004,Siparişler!$C$5:$C$3004,A13,Siparişler!$H$5:$H$3004,"<>İade",Siparişler!$H$5:$H$3004,"<>İptal")) | E13: =IF(A13="","",SUMIFS(Siparişler!$J$5:$J$3004,Siparişler!$C$5:$C$3004,A13)) | F13: =IF(OR(A13="",C13=0),"",COUNTIFS(Siparişler!$C$5:$C$3004,A13,Siparişler!$H$5:$H$3004,"İade")/C13)
C14: =IF(A14="","",COUNTIFS(Siparişler!$C$5:$C$3004,A14,Siparişler!$H$5:$H$3004,"<>İptal")) | D14: =IF(A14="","",SUMIFS(Siparişler!$E$5:$E$3004,Siparişler!$C$5:$C$3004,A14,Siparişler!$H$5:$H$3004,"<>İade",Siparişler!$H$5:$H$3004,"<>İptal")) | E14: =IF(A14="","",SUMIFS(Siparişler!$J$5:$J$3004,Siparişler!$C$5:$C$3004,A14)) | F14: =IF(OR(A14="",C14=0),"",COUNTIFS(Siparişler!$C$5:$C$3004,A14,Siparişler!$H$5:$H$3004,"İade")/C14)
C15: =IF(A15="","",COUNTIFS(Siparişler!$C$5:$C$3004,A15,Siparişler!$H$5:$H$3004,"<>İptal")) | D15: =IF(A15="","",SUMIFS(Siparişler!$E$5:$E$3004,Siparişler!$C$5:$C$3004,A15,Siparişler!$H$5:$H$3004,"<>İade",Siparişler!$H$5:$H$3004,"<>İptal")) | E15: =IF(A15="","",SUMIFS(Siparişler!$J$5:$J$3004,Siparişler!$C$5:$C$3004,A15)) | F15: =IF(OR(A15="",C15=0),"",COUNTIFS(Siparişler!$C$5:$C$3004,A15,Siparişler!$H$5:$H$3004,"İade")/C15)
C16: =IF(A16="","",COUNTIFS(Siparişler!$C$5:$C$3004,A16,Siparişler!$H$5:$H$3004,"<>İptal")) | D16: =IF(A16="","",SUMIFS(Siparişler!$E$5:$E$3004,Siparişler!$C$5:$C$3004,A16,Siparişler!$H$5:$H$3004,"<>İade",Siparişler!$H$5:$H$3004,"<>İptal")) | E16: =IF(A16="","",SUMIFS(Siparişler!$J$5:$J$3004,Siparişler!$C$5:$C$3004,A16)) | F16: =IF(OR(A16="",C16=0),"",COUNTIFS(Siparişler!$C$5:$C$3004,A16,Siparişler!$H$5:$H$3004,"İade")/C16)
C17: =IF(A17="","",COUNTIFS(Siparişler!$C$5:$C$3004,A17,Siparişler!$H$5:$H$3004,"<>İptal")) | D17: =IF(A17="","",SUMIFS(Siparişler!$E$5:$E$3004,Siparişler!$C$5:$C$3004,A17,Siparişler!$H$5:$H$3004,"<>İade",Siparişler!$H$5:$H$3004,"<>İptal")) | E17: =IF(A17="","",SUMIFS(Siparişler!$J$5:$J$3004,Siparişler!$C$5:$C$3004,A17)) | F17: =IF(OR(A17="",C17=0),"",COUNTIFS(Siparişler!$C$5:$C$3004,A17,Siparişler!$H$5:$H$3004,"İade")/C17)
C18: =IF(A18="","",COUNTIFS(Siparişler!$C$5:$C$3004,A18,Siparişler!$H$5:$H$3004,"<>İptal")) | D18: =IF(A18="","",SUMIFS(Siparişler!$E$5:$E$3004,Siparişler!$C$5:$C$3004,A18,Siparişler!$H$5:$H$3004,"<>İade",Siparişler!$H$5:$H$3004,"<>İptal")) | E18: =IF(A18="","",SUMIFS(Siparişler!$J$5:$J$3004,Siparişler!$C$5:$C$3004,A18)) | F18: =IF(OR(A18="",C18=0),"",COUNTIFS(Siparişler!$C$5:$C$3004,A18,Siparişler!$H$5:$H$3004,"İade")/C18)
C19: =IF(A19="","",COUNTIFS(Siparişler!$C$5:$C$3004,A19,Siparişler!$H$5:$H$3004,"<>İptal")) | D19: =IF(A19="","",SUMIFS(Siparişler!$E$5:$E$3004,Siparişler!$C$5:$C$3004,A19,Siparişler!$H$5:$H$3004,"<>İade",Siparişler!$H$5:$H$3004,"<>İptal")) | E19: =IF(A19="","",SUMIFS(Siparişler!$J$5:$J$3004,Siparişler!$C$5:$C$3004,A19)) | F19: =IF(OR(A19="",C19=0),"",COUNTIFS(Siparişler!$C$5:$C$3004,A19,Siparişler!$H$5:$H$3004,"İade")/C19)

Sheet Özet
A1: Özet
A2: Bu sayfada yalnızca yılı değiştir.
B3: Yıl | C3: 2026
B5: Yıl cirosu | C5: Net kazanç | D5: Net / ciro | E5: Kargolanacak | F5: İade oranı
B6: =D23 -> 2550 | C6: =E23 -> 574 | D6: =IF(D23=0,0,E23/D23) -> 0.22509804 | E6: =COUNTIF(Siparişler!$H$5:$H$3004,"Hazırlanıyor") -> 1 | F6: =IF(COUNTIFS(Siparişler!$H$5:$H$3004,"<>İptal",Siparişler!$H$5:$H$3004,"<>")=0,0,COUNTIF(Siparişler!$H$5:$H$3004,"İade")/COUNTIFS(Siparişler!$H$5:$H$3004,"<>İptal",Siparişler!$H$5:$H$3004,"<>")) -> 0.2
B9: Aylık tablo
B10: Ay | C10: Sipariş | D10: Ciro (₺) | E10: Net (₺)
B11: Ocak | C11: =COUNTIFS(Siparişler!$A$5:$A$3004,">="&DATE($C$3,1,1),Siparişler!$A$5:$A$3004,"<"&DATE($C$3,2,1),Siparişler!$H$5:$H$3004,"<>İptal",Siparişler!$H$5:$H$3004,"<>") -> 0 | D11: =SUMIFS(Siparişler!$E$5:$E$3004,Siparişler!$A$5:$A$3004,">="&DATE($C$3,1,1),Siparişler!$A$5:$A$3004,"<"&DATE($C$3,2,1),Siparişler!$H$5:$H$3004,"<>İade",Siparişler!$H$5:$H$3004,"<>İptal") -> 0 | E11: =SUMIFS(Siparişler!$J$5:$J$3004,Siparişler!$A$5:$A$3004,">="&DATE($C$3,1,1),Siparişler!$A$5:$A$3004,"<"&DATE($C$3,2,1)) -> 0
B12: Şubat | C12: =COUNTIFS(Siparişler!$A$5:$A$3004,">="&DATE($C$3,2,1),Siparişler!$A$5:$A$3004,"<"&DATE($C$3,3,1),Siparişler!$H$5:$H$3004,"<>İptal",Siparişler!$H$5:$H$3004,"<>") -> 0 | D12: =SUMIFS(Siparişler!$E$5:$E$3004,Siparişler!$A$5:$A$3004,">="&DATE($C$3,2,1),Siparişler!$A$5:$A$3004,"<"&DATE($C$3,3,1),Siparişler!$H$5:$H$3004,"<>İade",Siparişler!$H$5:$H$3004,"<>İptal") -> 0 | E12: =SUMIFS(Siparişler!$J$5:$J$3004,Siparişler!$A$5:$A$3004,">="&DATE($C$3,2,1),Siparişler!$A$5:$A$3004,"<"&DATE($C$3,3,1)) -> 0
B13: Mart | C13: =COUNTIFS(Siparişler!$A$5:$A$3004,">="&DATE($C$3,3,1),Siparişler!$A$5:$A$3004,"<"&DATE($C$3,4,1),Siparişler!$H$5:$H$3004,"<>İptal",Siparişler!$H$5:$H$3004,"<>") -> 0 | D13: =SUMIFS(Siparişler!$E$5:$E$3004,Siparişler!$A$5:$A$3004,">="&DATE($C$3,3,1),Siparişler!$A$5:$A$3004,"<"&DATE($C$3,4,1),Siparişler!$H$5:$H$3004,"<>İade",Siparişler!$H$5:$H$3004,"<>İptal") -> 0 | E13: =SUMIFS(Siparişler!$J$5:$J$3004,Siparişler!$A$5:$A$3004,">="&DATE($C$3,3,1),Siparişler!$A$5:$A$3004,"<"&DATE($C$3,4,1)) -> 0
B14: Nisan | C14: =COUNTIFS(Siparişler!$A$5:$A$3004,">="&DATE($C$3,4,1),Siparişler!$A$5:$A$3004,"<"&DATE($C$3,5,1),Siparişler!$H$5:$H$3004,"<>İptal",Siparişler!$H$5:$H$3004,"<>") -> 0 | D14: =SUMIFS(Siparişler!$E$5:$E$3004,Siparişler!$A$5:$A$3004,">="&DATE($C$3,4,1),Siparişler!$A$5:$A$3004,"<"&DATE($C$3,5,1),Siparişler!$H$5:$H$3004,"<>İade",Siparişler!$H$5:$H$3004,"<>İptal") -> 0 | E14: =SUMIFS(Siparişler!$J$5:$J$3004,Siparişler!$A$5:$A$3004,">="&DATE($C$3,4,1),Siparişler!$A$5:$A$3004,"<"&DATE($C$3,5,1)) -> 0
B15: Mayıs | C15: =COUNTIFS(Siparişler!$A$5:$A$3004,">="&DATE($C$3,5,1),Siparişler!$A$5:$A$3004,"<"&DATE($C$3,6,1),Siparişler!$H$5:$H$3004,"<>İptal",Siparişler!$H$5:$H$3004,"<>") -> 0 | D15: =SUMIFS(Siparişler!$E$5:$E$3004,Siparişler!$A$5:$A$3004,">="&DATE($C$3,5,1),Siparişler!$A$5:$A$3004,"<"&DATE($C$3,6,1),Siparişler!$H$5:$H$3004,"<>İade",Siparişler!$H$5:$H$3004,"<>İptal") -> 0 | E15: =SUMIFS(Siparişler!$J$5:$J$3004,Siparişler!$A$5:$A$3004,">="&DATE($C$3,5,1),Siparişler!$A$5:$A$3004,"<"&DATE($C$3,6,1)) -> 0
B16: Haziran | C16: =COUNTIFS(Siparişler!$A$5:$A$3004,">="&DATE($C$3,6,1),Siparişler!$A$5:$A$3004,"<"&DATE($C$3,7,1),Siparişler!$H$5:$H$3004,"<>İptal",Siparişler!$H$5:$H$3004,"<>") -> 0 | D16: =SUMIFS(Siparişler!$E$5:$E$3004,Siparişler!$A$5:$A$3004,">="&DATE($C$3,6,1),Siparişler!$A$5:$A$3004,"<"&DATE($C$3,7,1),Siparişler!$H$5:$H$3004,"<>İade",Siparişler!$H$5:$H$3004,"<>İptal") -> 0 | E16: =SUMIFS(Siparişler!$J$5:$J$3004,Siparişler!$A$5:$A$3004,">="&DATE($C$3,6,1),Siparişler!$A$5:$A$3004,"<"&DATE($C$3,7,1)) -> 0
B17: Temmuz | C17: =COUNTIFS(Siparişler!$A$5:$A$3004,">="&DATE($C$3,7,1),Siparişler!$A$5:$A$3004,"<"&DATE($C$3,8,1),Siparişler!$H$5:$H$3004,"<>İptal",Siparişler!$H$5:$H$3004,"<>") -> 0 | D17: =SUMIFS(Siparişler!$E$5:$E$3004,Siparişler!$A$5:$A$3004,">="&DATE($C$3,7,1),Siparişler!$A$5:$A$3004,"<"&DATE($C$3,8,1),Siparişler!$H$5:$H$3004,"<>İade",Siparişler!$H$5:$H$3004,"<>İptal") -> 0 | E17: =SUMIFS(Siparişler!$J$5:$J$3004,Siparişler!$A$5:$A$3004,">="&DATE($C$3,7,1),Siparişler!$A$5:$A$3004,"<"&DATE($C$3,8,1)) -> 0
B18: Ağustos | C18: =COUNTIFS(Siparişler!$A$5:$A$3004,">="&DATE($C$3,8,1),Siparişler!$A$5:$A$3004,"<"&DATE($C$3,9,1),Siparişler!$H$5:$H$3004,"<>İptal",Siparişler!$H$5:$H$3004,"<>") -> 0 | D18: =SUMIFS(Siparişler!$E$5:$E$3004,Siparişler!$A$5:$A$3004,">="&DATE($C$3,8,1),Siparişler!$A$5:$A$3004,"<"&DATE($C$3,9,1),Siparişler!$H$5:$H$3004,"<>İade",Siparişler!$H$5:$H$3004,"<>İptal") -> 0 | E18: =SUMIFS(Siparişler!$J$5:$J$3004,Siparişler!$A$5:$A$3004,">="&DATE($C$3,8,1),Siparişler!$A$5:$A$3004,"<"&DATE($C$3,9,1)) -> 0
B19: Eylül | C19: =COUNTIFS(Siparişler!$A$5:$A$3004,">="&DATE($C$3,9,1),Siparişler!$A$5:$A$3004,"<"&DATE($C$3,10,1),Siparişler!$H$5:$H$3004,"<>İptal",Siparişler!$H$5:$H$3004,"<>") -> 1 | D19: =SUMIFS(Siparişler!$E$5:$E$3004,Siparişler!$A$5:$A$3004,">="&DATE($C$3,9,1),Siparişler!$A$5:$A$3004,"<"&DATE($C$3,10,1),Siparişler!$H$5:$H$3004,"<>İade",Siparişler!$H$5:$H$3004,"<>İptal") -> 600 | E19: =SUMIFS(Siparişler!$J$5:$J$3004,Siparişler!$A$5:$A$3004,">="&DATE($C$3,9,1),Siparişler!$A$5:$A$3004,"<"&DATE($C$3,10,1)) -> 80
B20: Ekim | C20: =COUNTIFS(Siparişler!$A$5:$A$3004,">="&DATE($C$3,10,1),Siparişler!$A$5:$A$3004,"<"&DATE($C$3,11,1),Siparişler!$H$5:$H$3004,"<>İptal",Siparişler!$H$5:$H$3004,"<>") -> 4 | D20: =SUMIFS(Siparişler!$E$5:$E$3004,Siparişler!$A$5:$A$3004,">="&DATE($C$3,10,1),Siparişler!$A$5:$A$3004,"<"&DATE($C$3,11,1),Siparişler!$H$5:$H$3004,"<>İade",Siparişler!$H$5:$H$3004,"<>İptal") -> 1950 | E20: =SUMIFS(Siparişler!$J$5:$J$3004,Siparişler!$A$5:$A$3004,">="&DATE($C$3,10,1),Siparişler!$A$5:$A$3004,"<"&DATE($C$3,11,1)) -> 494
B21: Kasım | C21: =COUNTIFS(Siparişler!$A$5:$A$3004,">="&DATE($C$3,11,1),Siparişler!$A$5:$A$3004,"<"&DATE($C$3,12,1),Siparişler!$H$5:$H$3004,"<>İptal",Siparişler!$H$5:$H$3004,"<>") -> 0 | D21: =SUMIFS(Siparişler!$E$5:$E$3004,Siparişler!$A$5:$A$3004,">="&DATE($C$3,11,1),Siparişler!$A$5:$A$3004,"<"&DATE($C$3,12,1),Siparişler!$H$5:$H$3004,"<>İade",Siparişler!$H$5:$H$3004,"<>İptal") -> 0 | E21: =SUMIFS(Siparişler!$J$5:$J$3004,Siparişler!$A$5:$A$3004,">="&DATE($C$3,11,1),Siparişler!$A$5:$A$3004,"<"&DATE($C$3,12,1)) -> 0
B22: Aralık | C22: =COUNTIFS(Siparişler!$A$5:$A$3004,">="&DATE($C$3,12,1),Siparişler!$A$5:$A$3004,"<"&DATE($C$3,13,1),Siparişler!$H$5:$H$3004,"<>İptal",Siparişler!$H$5:$H$3004,"<>") -> 0 | D22: =SUMIFS(Siparişler!$E$5:$E$3004,Siparişler!$A$5:$A$3004,">="&DATE($C$3,12,1),Siparişler!$A$5:$A$3004,"<"&DATE($C$3,13,1),Siparişler!$H$5:$H$3004,"<>İade",Siparişler!$H$5:$H$3004,"<>İptal") -> 0 | E22: =SUMIFS(Siparişler!$J$5:$J$3004,Siparişler!$A$5:$A$3004,">="&DATE($C$3,12,1),Siparişler!$A$5:$A$3004,"<"&DATE($C$3,13,1)) -> 0
B23: TOPLAM | C23: =SUM(C11:C22) -> 5 | D23: =SUM(D11:D22) -> 2550 | E23: =SUM(E11:E22) -> 574

Sheet AI Komutları
B1: Yapay Zeka Komutları
B2: İlgili sayfada başlık satırıyla birlikte kayıtlarını seç, kopyala, kullandığın yapay zeka asistanına yapıştır ve altına komutu ekle.
B3: Dikkat: Müşteri adı ve adres yazma; sipariş numarası yeterli. Yapay zekanın verdiği rakamları dosyadaki özet sayfasıyla karşılaştır.
B5: Ne için | C5: Komut (kopyala, yapıştır)
B6: Kanal karşılaştırma | C6: [Kanallar sayfası] Hangi kanal sipariş başına daha çok net bırakıyor? İade oranıyla birlikte yorumla.
B7: İade nedeni | C7: [Siparişler sayfası] İade edilen siparişlerde ortak ürün ya da kanal var mı?
B8: Fiyat | C8: Komisyon ve kargo sonrası elimde en az [tutar] kalması için satış fiyatı ne olmalı? Ürün maliyetim [tutar].
B9: Günlük iş | C9: [Siparişler sayfası] Durumu Hazırlanıyor olan siparişleri kargolama listesi olarak sırala.
