Workbook

Sheet Başla
B2: EXCEL KLİNİĞİ
B3: CHECK-UP | Esnaf İşletme Defteri
B4: Satış, alış, stok, veresiye, kasa ve kâr tek dosyada. Hareketi gir, işletmenin durumunu Panel söylesin.
B6: İLK KURULUM (bir kez)
B7: 1. Ayarlar | C7: İşletme adını, açılış kasa bakiyesini ve gider kategorilerini yaz.
B8: 2. Ürünler | C8: Sattığın ürünleri gir: ad, birim, alış maliyeti, satış fiyatı, eldeki açılış stoku ve kritik seviye.
B9: 3. Cariler | C9: Veresiye çalıştığın müşterileri ve tedarikçileri gir. Önceden kalan alacak ya da borç varsa açılış sütunlarına yaz.
B11: GÜNLÜK KULLANIM
B12: Satışlar | C12: Her satış bir satır. Ürünü seç, adedi yaz. Birim fiyatı boş bırakırsan Ürünler sayfasındaki satış fiyatı kullanılır. Veresiye satışta müşteri seçmek zorunlu.
B13: Alışlar | C13: Her mal alımı bir satır. Birim maliyeti boş bırakırsan Ürünler sayfasındaki alış maliyeti kullanılır. Alış girince stok artar.
B14: Giderler | C14: Kira, fatura, personel gibi mal alımı dışındaki harcamalar.
B15: Cari Hareket | C15: Veresiye müşteriden para aldığında Tahsilat, tedarikçiye veresiye borcunu ödediğinde Ödeme gir.
B16: Panel | C16: Hiçbir şey yazma, yalnızca yılı seç. Ciro, kâr, kasa, alacak, borç, stok ve uyarılar kendiliğinden hesaplanır.
B18: NASIL HESAPLANIR
B19: Stok | C19: Mevcut = açılış stoku + alışlar − satışlar. Mevcut kritik seviyeye inince Kritik, sıfıra inince Tükendi yazar.
B20: Satılan malın maliyeti | C20: Satılan adet × Ürünler sayfasındaki güncel alış maliyeti. Alış maliyetini değiştirirsen geçmiş satışların maliyeti ve kârı da yeni rakama göre hesaplanır.
B21: Kasa + Banka | C21: Açılış bakiyesi + peşin satışlar + tahsilatlar − peşin alışlar − ödemeler − giderler. Nakit, kart ve havale ayrımı yapılmaz, hepsi tek bakiyedir.
B22: Alacak ve borç | C22: Alacak = açılış alacağı + veresiye satışlar − tahsilatlar. Borç = açılış borcu + veresiye alışlar − ödemeler.
B23: KDV | C23: Dosya KDV ayrımı yapmaz. Tutarları KDV dahil ya da hariç gir, ama hep aynı şekilde gir. Resmî defter ya da beyanname yerine geçmez.
B25: RENKLER
B26: Sarı hücre | C26: Senin dolduracağın hücre.
B27: Beyaz hücre, açık yeşil başlık | C27: Formül. Değiştirme, kendiliğinden hesaplanır.
B29: ÖNEMLİ
B30: Örnek veriler | C30: Dosya örnek bir kırtasiye dükkânının verileriyle dolu gelir. Başlamadan önce Satışlar, Alışlar, Giderler, Cari Hareket, Ürünler ve Cariler sayfalarında yalnızca sarı hücrelerin içeriğini sil.
B31: Ad değiştirme | C31: Ürün ve cari adları hareketleri birbirine bağlar. Bir adı sonradan değiştirirsen eski hareketlerdeki adı da değiştir, yoksa stok ve bakiye eksik çıkar. Aynı ad iki kez girilemez.
B32: Kapasite | C32: 1000 satış, 500 alış, 500 gider, 500 cari hareket, 200 ürün, 100 cari. Dolunca boş bir kopyayla yeni döneme başla; stok ve bakiyeleri açılış olarak gir.

Sheet Panel
B1: =Ayarlar!C4&" | CHECK-UP" -> Örnek Kırtasiye | CHECK-UP
B3: Yıl | C3: 2026 | D3: ← Bu sayfada yalnızca yılı değiştir
B5: Seçilen yıl
B6: Ciro | C6: Satış Maliyeti | D6: Brüt Kâr | E6: Giderler | F6: Net Kâr | G6: Net Kâr / Ciro
B7: =C28 -> 60500 | C7: =D28 -> 39300 | D7: =E28 -> 21200 | E7: =F28 -> 14050 | F7: =G28 -> 7150 | G7: =IF(C28=0,0,G28/C28) -> 0.11818182
B9: Şu anki durum (tüm kayıtlar)
B10: Kasa + Banka | C10: Toplam Alacak | D10: Toplam Borç | E10: Stok Değeri | F10: Kritik / Tükenen Ürün | G10: Net Durum
B11: =Ayarlar!C5+SUMIFS(Satışlar!$G$5:$G$1004,Satışlar!$F$5:$F$1004,"Peşin")+SUMIFS('Cari Hareket'!$D$5:$D$504,'Cari Hareket'!$B$5:$B$504,"Tahsilat")-SUMIFS(Alışlar!$G$5:$G$504,Alışlar!$F$5:$F$504,"Peşin")-SUMIFS('Cari Hareket'!$D$5:$D$504,'Cari Hareket'!$B$5:$B$504,"Ödeme")-SUM(Giderler!$D$5:$D$504) -> 23850 | C11: =SUM(Cariler!$G$5:$G$104) -> 29700 | D11: =SUM(Cariler!$J$5:$J$104) -> 5300 | E11: =SUM(Ürünler!$J$5:$J$204) -> 16560 | F11: =COUNTIF(Ürünler!$K$5:$K$204,"Kritik")+COUNTIF(Ürünler!$K$5:$K$204,"Tükendi") -> 3 | G11: =B11+C11-D11+E11 -> 64810
B12: Net Durum = Kasa + Banka + Alacak − Borç + Stok Değeri
B14: Aylık Kâr Zarar | I14: En Çok Satan 5 Ürün (tüm kayıtlar)
B15: Ay | C15: Satış | D15: Maliyet | E15: Brüt Kâr | F15: Gider | G15: Net Kâr | I15: Ürün | J15: Satış (₺)
B16: Ocak | C16: =SUMIFS(Satışlar!$G$5:$G$1004,Satışlar!$A$5:$A$1004,">="&DATE($C$3,1,1),Satışlar!$A$5:$A$1004,"<"&DATE($C$3,2,1)) -> 0 | D16: =SUMIFS(Satışlar!$H$5:$H$1004,Satışlar!$A$5:$A$1004,">="&DATE($C$3,1,1),Satışlar!$A$5:$A$1004,"<"&DATE($C$3,2,1)) -> 0 | E16: =C16-D16 -> 0 | F16: =SUMIFS(Giderler!$D$5:$D$504,Giderler!$A$5:$A$504,">="&DATE($C$3,1,1),Giderler!$A$5:$A$504,"<"&DATE($C$3,2,1)) -> 0 | G16: =E16-F16 -> 0 | I16: =IFERROR(IF(LARGE(Ürünler!$M$5:$M$204,1)<1,"",INDEX(Ürünler!$A$5:$A$204,MATCH(LARGE(Ürünler!$M$5:$M$204,1),Ürünler!$M$5:$M$204,0))),"") -> Fotokopi Kâğıdı | J16: =IF(I16="","",INDEX(Ürünler!$L$5:$L$204,MATCH(I16,Ürünler!$A$5:$A$204,0))) -> 18200
B17: Şubat | C17: =SUMIFS(Satışlar!$G$5:$G$1004,Satışlar!$A$5:$A$1004,">="&DATE($C$3,2,1),Satışlar!$A$5:$A$1004,"<"&DATE($C$3,3,1)) -> 0 | D17: =SUMIFS(Satışlar!$H$5:$H$1004,Satışlar!$A$5:$A$1004,">="&DATE($C$3,2,1),Satışlar!$A$5:$A$1004,"<"&DATE($C$3,3,1)) -> 0 | E17: =C17-D17 -> 0 | F17: =SUMIFS(Giderler!$D$5:$D$504,Giderler!$A$5:$A$504,">="&DATE($C$3,2,1),Giderler!$A$5:$A$504,"<"&DATE($C$3,3,1)) -> 0 | G17: =E17-F17 -> 0 | I17: =IFERROR(IF(LARGE(Ürünler!$M$5:$M$204,2)<1,"",INDEX(Ürünler!$A$5:$A$204,MATCH(LARGE(Ürünler!$M$5:$M$204,2),Ürünler!$M$5:$M$204,0))),"") -> Defter A4 | J17: =IF(I17="","",INDEX(Ürünler!$L$5:$L$204,MATCH(I17,Ürünler!$A$5:$A$204,0))) -> 13200
B18: Mart | C18: =SUMIFS(Satışlar!$G$5:$G$1004,Satışlar!$A$5:$A$1004,">="&DATE($C$3,3,1),Satışlar!$A$5:$A$1004,"<"&DATE($C$3,4,1)) -> 0 | D18: =SUMIFS(Satışlar!$H$5:$H$1004,Satışlar!$A$5:$A$1004,">="&DATE($C$3,3,1),Satışlar!$A$5:$A$1004,"<"&DATE($C$3,4,1)) -> 0 | E18: =C18-D18 -> 0 | F18: =SUMIFS(Giderler!$D$5:$D$504,Giderler!$A$5:$A$504,">="&DATE($C$3,3,1),Giderler!$A$5:$A$504,"<"&DATE($C$3,4,1)) -> 0 | G18: =E18-F18 -> 0 | I18: =IFERROR(IF(LARGE(Ürünler!$M$5:$M$204,3)<1,"",INDEX(Ürünler!$A$5:$A$204,MATCH(LARGE(Ürünler!$M$5:$M$204,3),Ürünler!$M$5:$M$204,0))),"") -> Boya Kalemi Seti | J18: =IF(I18="","",INDEX(Ürünler!$L$5:$L$204,MATCH(I18,Ürünler!$A$5:$A$204,0))) -> 9200
B19: Nisan | C19: =SUMIFS(Satışlar!$G$5:$G$1004,Satışlar!$A$5:$A$1004,">="&DATE($C$3,4,1),Satışlar!$A$5:$A$1004,"<"&DATE($C$3,5,1)) -> 0 | D19: =SUMIFS(Satışlar!$H$5:$H$1004,Satışlar!$A$5:$A$1004,">="&DATE($C$3,4,1),Satışlar!$A$5:$A$1004,"<"&DATE($C$3,5,1)) -> 0 | E19: =C19-D19 -> 0 | F19: =SUMIFS(Giderler!$D$5:$D$504,Giderler!$A$5:$A$504,">="&DATE($C$3,4,1),Giderler!$A$5:$A$504,"<"&DATE($C$3,5,1)) -> 0 | G19: =E19-F19 -> 0 | I19: =IFERROR(IF(LARGE(Ürünler!$M$5:$M$204,4)<1,"",INDEX(Ürünler!$A$5:$A$204,MATCH(LARGE(Ürünler!$M$5:$M$204,4),Ürünler!$M$5:$M$204,0))),"") -> Klasör | J19: =IF(I19="","",INDEX(Ürünler!$L$5:$L$204,MATCH(I19,Ürünler!$A$5:$A$204,0))) -> 9000
B20: Mayıs | C20: =SUMIFS(Satışlar!$G$5:$G$1004,Satışlar!$A$5:$A$1004,">="&DATE($C$3,5,1),Satışlar!$A$5:$A$1004,"<"&DATE($C$3,6,1)) -> 0 | D20: =SUMIFS(Satışlar!$H$5:$H$1004,Satışlar!$A$5:$A$1004,">="&DATE($C$3,5,1),Satışlar!$A$5:$A$1004,"<"&DATE($C$3,6,1)) -> 0 | E20: =C20-D20 -> 0 | F20: =SUMIFS(Giderler!$D$5:$D$504,Giderler!$A$5:$A$504,">="&DATE($C$3,5,1),Giderler!$A$5:$A$504,"<"&DATE($C$3,6,1)) -> 0 | G20: =E20-F20 -> 0 | I20: =IFERROR(IF(LARGE(Ürünler!$M$5:$M$204,5)<1,"",INDEX(Ürünler!$A$5:$A$204,MATCH(LARGE(Ürünler!$M$5:$M$204,5),Ürünler!$M$5:$M$204,0))),"") -> Tükenmez Kalem | J20: =IF(I20="","",INDEX(Ürünler!$L$5:$L$204,MATCH(I20,Ürünler!$A$5:$A$204,0))) -> 8800
B21: Haziran | C21: =SUMIFS(Satışlar!$G$5:$G$1004,Satışlar!$A$5:$A$1004,">="&DATE($C$3,6,1),Satışlar!$A$5:$A$1004,"<"&DATE($C$3,7,1)) -> 0 | D21: =SUMIFS(Satışlar!$H$5:$H$1004,Satışlar!$A$5:$A$1004,">="&DATE($C$3,6,1),Satışlar!$A$5:$A$1004,"<"&DATE($C$3,7,1)) -> 0 | E21: =C21-D21 -> 0 | F21: =SUMIFS(Giderler!$D$5:$D$504,Giderler!$A$5:$A$504,">="&DATE($C$3,6,1),Giderler!$A$5:$A$504,"<"&DATE($C$3,7,1)) -> 0 | G21: =E21-F21 -> 0
B22: Temmuz | C22: =SUMIFS(Satışlar!$G$5:$G$1004,Satışlar!$A$5:$A$1004,">="&DATE($C$3,7,1),Satışlar!$A$5:$A$1004,"<"&DATE($C$3,8,1)) -> 0 | D22: =SUMIFS(Satışlar!$H$5:$H$1004,Satışlar!$A$5:$A$1004,">="&DATE($C$3,7,1),Satışlar!$A$5:$A$1004,"<"&DATE($C$3,8,1)) -> 0 | E22: =C22-D22 -> 0 | F22: =SUMIFS(Giderler!$D$5:$D$504,Giderler!$A$5:$A$504,">="&DATE($C$3,7,1),Giderler!$A$5:$A$504,"<"&DATE($C$3,8,1)) -> 0 | G22: =E22-F22 -> 0 | I22: Stok Uyarısı (ilk 8)
B23: Ağustos | C23: =SUMIFS(Satışlar!$G$5:$G$1004,Satışlar!$A$5:$A$1004,">="&DATE($C$3,8,1),Satışlar!$A$5:$A$1004,"<"&DATE($C$3,9,1)) -> 0 | D23: =SUMIFS(Satışlar!$H$5:$H$1004,Satışlar!$A$5:$A$1004,">="&DATE($C$3,8,1),Satışlar!$A$5:$A$1004,"<"&DATE($C$3,9,1)) -> 0 | E23: =C23-D23 -> 0 | F23: =SUMIFS(Giderler!$D$5:$D$504,Giderler!$A$5:$A$504,">="&DATE($C$3,8,1),Giderler!$A$5:$A$504,"<"&DATE($C$3,9,1)) -> 0 | G23: =E23-F23 -> 0 | I23: Ürün | J23: Mevcut | K23: Durum
B24: Eylül | C24: =SUMIFS(Satışlar!$G$5:$G$1004,Satışlar!$A$5:$A$1004,">="&DATE($C$3,9,1),Satışlar!$A$5:$A$1004,"<"&DATE($C$3,10,1)) -> 40800 | D24: =SUMIFS(Satışlar!$H$5:$H$1004,Satışlar!$A$5:$A$1004,">="&DATE($C$3,9,1),Satışlar!$A$5:$A$1004,"<"&DATE($C$3,10,1)) -> 27560 | E24: =C24-D24 -> 13240 | F24: =SUMIFS(Giderler!$D$5:$D$504,Giderler!$A$5:$A$504,">="&DATE($C$3,9,1),Giderler!$A$5:$A$504,"<"&DATE($C$3,10,1)) -> 7630 | G24: =E24-F24 -> 5610 | I24: =IFERROR(INDEX(Ürünler!$A$1:$A$204,SMALL(Ürünler!$N$5:$N$204,1)),"") -> Fotokopi Kâğıdı | J24: =IF(I24="","",INDEX(Ürünler!$I$5:$I$204,MATCH(I24,Ürünler!$A$5:$A$204,0))) -> 20 | K24: =IF(I24="","",INDEX(Ürünler!$K$5:$K$204,MATCH(I24,Ürünler!$A$5:$A$204,0))) -> Kritik
B25: Ekim | C25: =SUMIFS(Satışlar!$G$5:$G$1004,Satışlar!$A$5:$A$1004,">="&DATE($C$3,10,1),Satışlar!$A$5:$A$1004,"<"&DATE($C$3,11,1)) -> 19700 | D25: =SUMIFS(Satışlar!$H$5:$H$1004,Satışlar!$A$5:$A$1004,">="&DATE($C$3,10,1),Satışlar!$A$5:$A$1004,"<"&DATE($C$3,11,1)) -> 11740 | E25: =C25-D25 -> 7960 | F25: =SUMIFS(Giderler!$D$5:$D$504,Giderler!$A$5:$A$504,">="&DATE($C$3,10,1),Giderler!$A$5:$A$504,"<"&DATE($C$3,11,1)) -> 6420 | G25: =E25-F25 -> 1540 | I25: =IFERROR(INDEX(Ürünler!$A$1:$A$204,SMALL(Ürünler!$N$5:$N$204,2)),"") -> Boya Kalemi Seti | J25: =IF(I25="","",INDEX(Ürünler!$I$5:$I$204,MATCH(I25,Ürünler!$A$5:$A$204,0))) -> 6 | K25: =IF(I25="","",INDEX(Ürünler!$K$5:$K$204,MATCH(I25,Ürünler!$A$5:$A$204,0))) -> Kritik
B26: Kasım | C26: =SUMIFS(Satışlar!$G$5:$G$1004,Satışlar!$A$5:$A$1004,">="&DATE($C$3,11,1),Satışlar!$A$5:$A$1004,"<"&DATE($C$3,12,1)) -> 0 | D26: =SUMIFS(Satışlar!$H$5:$H$1004,Satışlar!$A$5:$A$1004,">="&DATE($C$3,11,1),Satışlar!$A$5:$A$1004,"<"&DATE($C$3,12,1)) -> 0 | E26: =C26-D26 -> 0 | F26: =SUMIFS(Giderler!$D$5:$D$504,Giderler!$A$5:$A$504,">="&DATE($C$3,11,1),Giderler!$A$5:$A$504,"<"&DATE($C$3,12,1)) -> 0 | G26: =E26-F26 -> 0 | I26: =IFERROR(INDEX(Ürünler!$A$1:$A$204,SMALL(Ürünler!$N$5:$N$204,3)),"") -> Hesap Makinesi | J26: =IF(I26="","",INDEX(Ürünler!$I$5:$I$204,MATCH(I26,Ürünler!$A$5:$A$204,0))) -> 2 | K26: =IF(I26="","",INDEX(Ürünler!$K$5:$K$204,MATCH(I26,Ürünler!$A$5:$A$204,0))) -> Kritik
B27: Aralık | C27: =SUMIFS(Satışlar!$G$5:$G$1004,Satışlar!$A$5:$A$1004,">="&DATE($C$3,12,1),Satışlar!$A$5:$A$1004,"<"&DATE($C$3,13,1)) -> 0 | D27: =SUMIFS(Satışlar!$H$5:$H$1004,Satışlar!$A$5:$A$1004,">="&DATE($C$3,12,1),Satışlar!$A$5:$A$1004,"<"&DATE($C$3,13,1)) -> 0 | E27: =C27-D27 -> 0 | F27: =SUMIFS(Giderler!$D$5:$D$504,Giderler!$A$5:$A$504,">="&DATE($C$3,12,1),Giderler!$A$5:$A$504,"<"&DATE($C$3,13,1)) -> 0 | G27: =E27-F27 -> 0 | I27: =IFERROR(INDEX(Ürünler!$A$1:$A$204,SMALL(Ürünler!$N$5:$N$204,4)),"") | J27: =IF(I27="","",INDEX(Ürünler!$I$5:$I$204,MATCH(I27,Ürünler!$A$5:$A$204,0))) | K27: =IF(I27="","",INDEX(Ürünler!$K$5:$K$204,MATCH(I27,Ürünler!$A$5:$A$204,0)))
B28: TOPLAM | C28: =SUM(C16:C27) -> 60500 | D28: =SUM(D16:D27) -> 39300 | E28: =SUM(E16:E27) -> 21200 | F28: =SUM(F16:F27) -> 14050 | G28: =SUM(G16:G27) -> 7150 | I28: =IFERROR(INDEX(Ürünler!$A$1:$A$204,SMALL(Ürünler!$N$5:$N$204,5)),"") | J28: =IF(I28="","",INDEX(Ürünler!$I$5:$I$204,MATCH(I28,Ürünler!$A$5:$A$204,0))) | K28: =IF(I28="","",INDEX(Ürünler!$K$5:$K$204,MATCH(I28,Ürünler!$A$5:$A$204,0)))
I29: =IFERROR(INDEX(Ürünler!$A$1:$A$204,SMALL(Ürünler!$N$5:$N$204,6)),"") | J29: =IF(I29="","",INDEX(Ürünler!$I$5:$I$204,MATCH(I29,Ürünler!$A$5:$A$204,0))) | K29: =IF(I29="","",INDEX(Ürünler!$K$5:$K$204,MATCH(I29,Ürünler!$A$5:$A$204,0)))
I30: =IFERROR(INDEX(Ürünler!$A$1:$A$204,SMALL(Ürünler!$N$5:$N$204,7)),"") | J30: =IF(I30="","",INDEX(Ürünler!$I$5:$I$204,MATCH(I30,Ürünler!$A$5:$A$204,0))) | K30: =IF(I30="","",INDEX(Ürünler!$K$5:$K$204,MATCH(I30,Ürünler!$A$5:$A$204,0)))
I31: =IFERROR(INDEX(Ürünler!$A$1:$A$204,SMALL(Ürünler!$N$5:$N$204,8)),"") | J31: =IF(I31="","",INDEX(Ürünler!$I$5:$I$204,MATCH(I31,Ürünler!$A$5:$A$204,0))) | K31: =IF(I31="","",INDEX(Ürünler!$K$5:$K$204,MATCH(I31,Ürünler!$A$5:$A$204,0)))
I33: En Çok Alacaklı Olduğun 5 Kişi
I34: Kişi / Firma | J34: Alacak (₺)
I35: =IFERROR(IF(LARGE(Cariler!$L$5:$L$104,1)<1,"",INDEX(Cariler!$A$5:$A$104,MATCH(LARGE(Cariler!$L$5:$L$104,1),Cariler!$L$5:$L$104,0))),"") -> Müşteri Alfa | J35: =IF(I35="","",INDEX(Cariler!$G$5:$G$104,MATCH(I35,Cariler!$A$5:$A$104,0))) -> 16900
I36: =IFERROR(IF(LARGE(Cariler!$L$5:$L$104,2)<1,"",INDEX(Cariler!$A$5:$A$104,MATCH(LARGE(Cariler!$L$5:$L$104,2),Cariler!$L$5:$L$104,0))),"") -> Müşteri Gama | J36: =IF(I36="","",INDEX(Cariler!$G$5:$G$104,MATCH(I36,Cariler!$A$5:$A$104,0))) -> 7800
I37: =IFERROR(IF(LARGE(Cariler!$L$5:$L$104,3)<1,"",INDEX(Cariler!$A$5:$A$104,MATCH(LARGE(Cariler!$L$5:$L$104,3),Cariler!$L$5:$L$104,0))),"") -> Müşteri Beta | J37: =IF(I37="","",INDEX(Cariler!$G$5:$G$104,MATCH(I37,Cariler!$A$5:$A$104,0))) -> 5000
I38: =IFERROR(IF(LARGE(Cariler!$L$5:$L$104,4)<1,"",INDEX(Cariler!$A$5:$A$104,MATCH(LARGE(Cariler!$L$5:$L$104,4),Cariler!$L$5:$L$104,0))),"") | J38: =IF(I38="","",INDEX(Cariler!$G$5:$G$104,MATCH(I38,Cariler!$A$5:$A$104,0)))
I39: =IFERROR(IF(LARGE(Cariler!$L$5:$L$104,5)<1,"",INDEX(Cariler!$A$5:$A$104,MATCH(LARGE(Cariler!$L$5:$L$104,5),Cariler!$L$5:$L$104,0))),"") | J39: =IF(I39="","",INDEX(Cariler!$G$5:$G$104,MATCH(I39,Cariler!$A$5:$A$104,0)))

Sheet Satışlar
A1: Satışlar
A2: Her satış bir satır. Birim fiyatı boş bırakırsan liste fiyatı kullanılır. Veresiye satışta müşteri seç.
A4: Tarih | B4: Müşteri | C4: Ürün | D4: Adet | E4: Birim Fiyat (₺) isteğe bağlı | F4: Ödeme | G4: Tutar (₺) | H4: Maliyet (₺) | I4: Kâr (₺) | J4: Not
A5: 46267 | C5: Defter A4 | D5: 80 | F5: Peşin | G5: =IF(OR(C5="",D5=""),"",D5*IF(E5="",IFERROR(INDEX(Ürünler!$D$5:$D$204,MATCH(C5,Ürünler!$A$5:$A$204,0)),0),E5)) -> 4800 | H5: =IF(G5="","",D5*IFERROR(INDEX(Ürünler!$C$5:$C$204,MATCH(C5,Ürünler!$A$5:$A$204,0)),0)) -> 2800 | I5: =IF(G5="","",G5-H5) -> 2000 | J5: Örnek kayıt
A6: 46270 | B6: Müşteri Gama | C6: Tükenmez Kalem | D6: 400 | E6: 13 | F6: Veresiye | G6: =IF(OR(C6="",D6=""),"",D6*IF(E6="",IFERROR(INDEX(Ürünler!$D$5:$D$204,MATCH(C6,Ürünler!$A$5:$A$204,0)),0),E6)) -> 5200 | H6: =IF(G6="","",D6*IFERROR(INDEX(Ürünler!$C$5:$C$204,MATCH(C6,Ürünler!$A$5:$A$204,0)),0)) -> 3200 | I6: =IF(G6="","",G6-H6) -> 2000 | J6: Örnek kayıt
A7: 46274 | C7: Fotokopi Kâğıdı | D7: 20 | F7: Peşin | G7: =IF(OR(C7="",D7=""),"",D7*IF(E7="",IFERROR(INDEX(Ürünler!$D$5:$D$204,MATCH(C7,Ürünler!$A$5:$A$204,0)),0),E7)) -> 3800 | H7: =IF(G7="","",D7*IFERROR(INDEX(Ürünler!$C$5:$C$204,MATCH(C7,Ürünler!$A$5:$A$204,0)),0)) -> 2800 | I7: =IF(G7="","",G7-H7) -> 1000 | J7: Örnek kayıt
A8: 46279 | B8: Müşteri Beta | C8: Klasör | D8: 120 | F8: Veresiye | G8: =IF(OR(C8="",D8=""),"",D8*IF(E8="",IFERROR(INDEX(Ürünler!$D$5:$D$204,MATCH(C8,Ürünler!$A$5:$A$204,0)),0),E8)) -> 9000 | H8: =IF(G8="","",D8*IFERROR(INDEX(Ürünler!$C$5:$C$204,MATCH(C8,Ürünler!$A$5:$A$204,0)),0)) -> 5400 | I8: =IF(G8="","",G8-H8) -> 3600 | J8: Örnek kayıt
A9: 46285 | C9: Boya Kalemi Seti | D9: 24 | F9: Peşin | G9: =IF(OR(C9="",D9=""),"",D9*IF(E9="",IFERROR(INDEX(Ürünler!$D$5:$D$204,MATCH(C9,Ürünler!$A$5:$A$204,0)),0),E9)) -> 3600 | H9: =IF(G9="","",D9*IFERROR(INDEX(Ürünler!$C$5:$C$204,MATCH(C9,Ürünler!$A$5:$A$204,0)),0)) -> 2160 | I9: =IF(G9="","",G9-H9) -> 1440 | J9: Örnek kayıt
A10: 46292 | B10: Müşteri Alfa | C10: Fotokopi Kâğıdı | D10: 80 | E10: 180 | F10: Veresiye | G10: =IF(OR(C10="",D10=""),"",D10*IF(E10="",IFERROR(INDEX(Ürünler!$D$5:$D$204,MATCH(C10,Ürünler!$A$5:$A$204,0)),0),E10)) -> 14400 | H10: =IF(G10="","",D10*IFERROR(INDEX(Ürünler!$C$5:$C$204,MATCH(C10,Ürünler!$A$5:$A$204,0)),0)) -> 11200 | I10: =IF(G10="","",G10-H10) -> 3200 | J10: Örnek kayıt
A11: 46296 | C11: Hesap Makinesi | D11: 6 | F11: Peşin | G11: =IF(OR(C11="",D11=""),"",D11*IF(E11="",IFERROR(INDEX(Ürünler!$D$5:$D$204,MATCH(C11,Ürünler!$A$5:$A$204,0)),0),E11)) -> 2100 | H11: =IF(G11="","",D11*IFERROR(INDEX(Ürünler!$C$5:$C$204,MATCH(C11,Ürünler!$A$5:$A$204,0)),0)) -> 1320 | I11: =IF(G11="","",G11-H11) -> 780 | J11: Örnek kayıt
A12: 46297 | C12: Defter A4 | D12: 140 | F12: Peşin | G12: =IF(OR(C12="",D12=""),"",D12*IF(E12="",IFERROR(INDEX(Ürünler!$D$5:$D$204,MATCH(C12,Ürünler!$A$5:$A$204,0)),0),E12)) -> 8400 | H12: =IF(G12="","",D12*IFERROR(INDEX(Ürünler!$C$5:$C$204,MATCH(C12,Ürünler!$A$5:$A$204,0)),0)) -> 4900 | I12: =IF(G12="","",G12-H12) -> 3500 | J12: Örnek kayıt
A13: 46298 | B13: Müşteri Gama | C13: Boya Kalemi Seti | D13: 40 | E13: 140 | F13: Veresiye | G13: =IF(OR(C13="",D13=""),"",D13*IF(E13="",IFERROR(INDEX(Ürünler!$D$5:$D$204,MATCH(C13,Ürünler!$A$5:$A$204,0)),0),E13)) -> 5600 | H13: =IF(G13="","",D13*IFERROR(INDEX(Ürünler!$C$5:$C$204,MATCH(C13,Ürünler!$A$5:$A$204,0)),0)) -> 3600 | I13: =IF(G13="","",G13-H13) -> 2000 | J13: Örnek kayıt
A14: 46299 | C14: Tükenmez Kalem | D14: 240 | F14: Peşin | G14: =IF(OR(C14="",D14=""),"",D14*IF(E14="",IFERROR(INDEX(Ürünler!$D$5:$D$204,MATCH(C14,Ürünler!$A$5:$A$204,0)),0),E14)) -> 3600 | H14: =IF(G14="","",D14*IFERROR(INDEX(Ürünler!$C$5:$C$204,MATCH(C14,Ürünler!$A$5:$A$204,0)),0)) -> 1920 | I14: =IF(G14="","",G14-H14) -> 1680 | J14: Örnek kayıt
G15: =IF(OR(C15="",D15=""),"",D15*IF(E15="",IFERROR(INDEX(Ürünler!$D$5:$D$204,MATCH(C15,Ürünler!$A$5:$A$204,0)),0),E15)) | H15: =IF(G15="","",D15*IFERROR(INDEX(Ürünler!$C$5:$C$204,MATCH(C15,Ürünler!$A$5:$A$204,0)),0)) | I15: =IF(G15="","",G15-H15)
G16: =IF(OR(C16="",D16=""),"",D16*IF(E16="",IFERROR(INDEX(Ürünler!$D$5:$D$204,MATCH(C16,Ürünler!$A$5:$A$204,0)),0),E16)) | H16: =IF(G16="","",D16*IFERROR(INDEX(Ürünler!$C$5:$C$204,MATCH(C16,Ürünler!$A$5:$A$204,0)),0)) | I16: =IF(G16="","",G16-H16)
G17: =IF(OR(C17="",D17=""),"",D17*IF(E17="",IFERROR(INDEX(Ürünler!$D$5:$D$204,MATCH(C17,Ürünler!$A$5:$A$204,0)),0),E17)) | H17: =IF(G17="","",D17*IFERROR(INDEX(Ürünler!$C$5:$C$204,MATCH(C17,Ürünler!$A$5:$A$204,0)),0)) | I17: =IF(G17="","",G17-H17)
G18: =IF(OR(C18="",D18=""),"",D18*IF(E18="",IFERROR(INDEX(Ürünler!$D$5:$D$204,MATCH(C18,Ürünler!$A$5:$A$204,0)),0),E18)) | H18: =IF(G18="","",D18*IFERROR(INDEX(Ürünler!$C$5:$C$204,MATCH(C18,Ürünler!$A$5:$A$204,0)),0)) | I18: =IF(G18="","",G18-H18)
G19: =IF(OR(C19="",D19=""),"",D19*IF(E19="",IFERROR(INDEX(Ürünler!$D$5:$D$204,MATCH(C19,Ürünler!$A$5:$A$204,0)),0),E19)) | H19: =IF(G19="","",D19*IFERROR(INDEX(Ürünler!$C$5:$C$204,MATCH(C19,Ürünler!$A$5:$A$204,0)),0)) | I19: =IF(G19="","",G19-H19)
G20: =IF(OR(C20="",D20=""),"",D20*IF(E20="",IFERROR(INDEX(Ürünler!$D$5:$D$204,MATCH(C20,Ürünler!$A$5:$A$204,0)),0),E20)) | H20: =IF(G20="","",D20*IFERROR(INDEX(Ürünler!$C$5:$C$204,MATCH(C20,Ürünler!$A$5:$A$204,0)),0)) | I20: =IF(G20="","",G20-H20)
G21: =IF(OR(C21="",D21=""),"",D21*IF(E21="",IFERROR(INDEX(Ürünler!$D$5:$D$204,MATCH(C21,Ürünler!$A$5:$A$204,0)),0),E21)) | H21: =IF(G21="","",D21*IFERROR(INDEX(Ürünler!$C$5:$C$204,MATCH(C21,Ürünler!$A$5:$A$204,0)),0)) | I21: =IF(G21="","",G21-H21)
G22: =IF(OR(C22="",D22=""),"",D22*IF(E22="",IFERROR(INDEX(Ürünler!$D$5:$D$204,MATCH(C22,Ürünler!$A$5:$A$204,0)),0),E22)) | H22: =IF(G22="","",D22*IFERROR(INDEX(Ürünler!$C$5:$C$204,MATCH(C22,Ürünler!$A$5:$A$204,0)),0)) | I22: =IF(G22="","",G22-H22)
G23: =IF(OR(C23="",D23=""),"",D23*IF(E23="",IFERROR(INDEX(Ürünler!$D$5:$D$204,MATCH(C23,Ürünler!$A$5:$A$204,0)),0),E23)) | H23: =IF(G23="","",D23*IFERROR(INDEX(Ürünler!$C$5:$C$204,MATCH(C23,Ürünler!$A$5:$A$204,0)),0)) | I23: =IF(G23="","",G23-H23)
G24: =IF(OR(C24="",D24=""),"",D24*IF(E24="",IFERROR(INDEX(Ürünler!$D$5:$D$204,MATCH(C24,Ürünler!$A$5:$A$204,0)),0),E24)) | H24: =IF(G24="","",D24*IFERROR(INDEX(Ürünler!$C$5:$C$204,MATCH(C24,Ürünler!$A$5:$A$204,0)),0)) | I24: =IF(G24="","",G24-H24)
G25: =IF(OR(C25="",D25=""),"",D25*IF(E25="",IFERROR(INDEX(Ürünler!$D$5:$D$204,MATCH(C25,Ürünler!$A$5:$A$204,0)),0),E25)) | H25: =IF(G25="","",D25*IFERROR(INDEX(Ürünler!$C$5:$C$204,MATCH(C25,Ürünler!$A$5:$A$204,0)),0)) | I25: =IF(G25="","",G25-H25)
G26: =IF(OR(C26="",D26=""),"",D26*IF(E26="",IFERROR(INDEX(Ürünler!$D$5:$D$204,MATCH(C26,Ürünler!$A$5:$A$204,0)),0),E26)) | H26: =IF(G26="","",D26*IFERROR(INDEX(Ürünler!$C$5:$C$204,MATCH(C26,Ürünler!$A$5:$A$204,0)),0)) | I26: =IF(G26="","",G26-H26)
... G1004: =IF(OR(C1004="",D1004=""),"",D1004*IF(E1004="",IFERROR(INDEX(Ürünler!$D$5:$D$204,MATCH(C1004,Ürünler!$A$5:$A$204,0)),0),E1004)) | H1004: =IF(G1004="","",D1004*IFERROR(INDEX(Ürünler!$C$5:$C$204,MATCH(C1004,Ürünler!$A$5:$A$204,0)),0)) | I1004: =IF(G1004="","",G1004-H1004)

Sheet Alışlar
A1: Alışlar
A2: Her mal alımı bir satır. Birim maliyeti boş bırakırsan Ürünler sayfasındaki alış maliyeti kullanılır.
A4: Tarih | B4: Tedarikçi | C4: Ürün | D4: Adet | E4: Birim Maliyet (₺) isteğe bağlı | F4: Ödeme | G4: Tutar (₺) | H4: Not
A5: 46273 | B5: Tedarikçi Alfa | C5: Fotokopi Kâğıdı | D5: 30 | F5: Veresiye | G5: =IF(OR(C5="",D5=""),"",D5*IF(E5="",IFERROR(INDEX(Ürünler!$C$5:$C$204,MATCH(C5,Ürünler!$A$5:$A$204,0)),0),E5)) -> 4200 | H5: Örnek kayıt
A6: 46287 | B6: Tedarikçi Beta | C6: Defter A4 | D6: 100 | E6: 34 | F6: Peşin | G6: =IF(OR(C6="",D6=""),"",D6*IF(E6="",IFERROR(INDEX(Ürünler!$C$5:$C$204,MATCH(C6,Ürünler!$A$5:$A$204,0)),0),E6)) -> 3400 | H6: Örnek kayıt
A7: 46297 | B7: Tedarikçi Alfa | C7: Tükenmez Kalem | D7: 200 | F7: Veresiye | G7: =IF(OR(C7="",D7=""),"",D7*IF(E7="",IFERROR(INDEX(Ürünler!$C$5:$C$204,MATCH(C7,Ürünler!$A$5:$A$204,0)),0),E7)) -> 1600 | H7: Örnek kayıt
G8: =IF(OR(C8="",D8=""),"",D8*IF(E8="",IFERROR(INDEX(Ürünler!$C$5:$C$204,MATCH(C8,Ürünler!$A$5:$A$204,0)),0),E8))
G9: =IF(OR(C9="",D9=""),"",D9*IF(E9="",IFERROR(INDEX(Ürünler!$C$5:$C$204,MATCH(C9,Ürünler!$A$5:$A$204,0)),0),E9))
G10: =IF(OR(C10="",D10=""),"",D10*IF(E10="",IFERROR(INDEX(Ürünler!$C$5:$C$204,MATCH(C10,Ürünler!$A$5:$A$204,0)),0),E10))
G11: =IF(OR(C11="",D11=""),"",D11*IF(E11="",IFERROR(INDEX(Ürünler!$C$5:$C$204,MATCH(C11,Ürünler!$A$5:$A$204,0)),0),E11))
G12: =IF(OR(C12="",D12=""),"",D12*IF(E12="",IFERROR(INDEX(Ürünler!$C$5:$C$204,MATCH(C12,Ürünler!$A$5:$A$204,0)),0),E12))
G13: =IF(OR(C13="",D13=""),"",D13*IF(E13="",IFERROR(INDEX(Ürünler!$C$5:$C$204,MATCH(C13,Ürünler!$A$5:$A$204,0)),0),E13))
G14: =IF(OR(C14="",D14=""),"",D14*IF(E14="",IFERROR(INDEX(Ürünler!$C$5:$C$204,MATCH(C14,Ürünler!$A$5:$A$204,0)),0),E14))
G15: =IF(OR(C15="",D15=""),"",D15*IF(E15="",IFERROR(INDEX(Ürünler!$C$5:$C$204,MATCH(C15,Ürünler!$A$5:$A$204,0)),0),E15))
G16: =IF(OR(C16="",D16=""),"",D16*IF(E16="",IFERROR(INDEX(Ürünler!$C$5:$C$204,MATCH(C16,Ürünler!$A$5:$A$204,0)),0),E16))
G17: =IF(OR(C17="",D17=""),"",D17*IF(E17="",IFERROR(INDEX(Ürünler!$C$5:$C$204,MATCH(C17,Ürünler!$A$5:$A$204,0)),0),E17))
G18: =IF(OR(C18="",D18=""),"",D18*IF(E18="",IFERROR(INDEX(Ürünler!$C$5:$C$204,MATCH(C18,Ürünler!$A$5:$A$204,0)),0),E18))
G19: =IF(OR(C19="",D19=""),"",D19*IF(E19="",IFERROR(INDEX(Ürünler!$C$5:$C$204,MATCH(C19,Ürünler!$A$5:$A$204,0)),0),E19))
... G504: =IF(OR(C504="",D504=""),"",D504*IF(E504="",IFERROR(INDEX(Ürünler!$C$5:$C$204,MATCH(C504,Ürünler!$A$5:$A$204,0)),0),E504))

Sheet Giderler
A1: Giderler
A2: Mal alımı dışındaki harcamalar. Mal alımını Alışlar sayfasına gir.
A4: Tarih | B4: Kategori | C4: Açıklama | D4: Tutar (₺)
A5: 46266 | B5: Kira | C5: Örnek: Eylül kirası | D5: 6000
A6: 46277 | B6: Faturalar | C6: Örnek: Elektrik | D6: 1250
A7: 46290 | B7: Kargo | C7: Örnek: Kargo ücreti | D7: 380
A8: 46296 | B8: Kira | C8: Örnek: Ekim kirası | D8: 6000
A9: 46298 | B9: İnternet / Telefon | C9: Örnek: İnternet faturası | D9: 420

Sheet Cari Hareket
A1: Cari Hareket
A2: Tahsilat: veresiye müşteriden para aldım. Ödeme: tedarikçiye veresiye borcumu ödedim.
A4: Tarih | B4: Tür | C4: Kişi / Firma | D4: Tutar (₺) | E4: Açıklama
A5: 46285 | B5: Tahsilat | C5: Müşteri Gama | D5: 3000 | E5: Örnek kayıt
A6: 46296 | B6: Ödeme | C6: Tedarikçi Alfa | D6: 2000 | E6: Örnek kayıt
A7: 46298 | B7: Tahsilat | C7: Müşteri Beta | D7: 4000 | E7: Örnek kayıt

Sheet Ürünler
A1: Ürünler ve Stok
A2: Sarı sütunları doldur. Giren, çıkan, mevcut stok ve durum Satışlar ile Alışlar sayfalarından hesaplanır.
A4: Ürün | B4: Birim | C4: Alış Maliyeti (₺) | D4: Satış Fiyatı (₺) | E4: Açılış Stoku | F4: Kritik Seviye | G4: Giren | H4: Çıkan | I4: Mevcut | J4: Stok Değeri (₺) | K4: Durum | L4: Toplam Satış (₺) | M4: y1 | N4: y2
A5: Defter A4 | B5: Adet | C5: 35 | D5: 60 | E5: 300 | F5: 60 | G5: =IF(A5="","",SUMIFS(Alışlar!$D$5:$D$504,Alışlar!$C$5:$C$504,A5)) -> 100 | H5: =IF(A5="","",SUMIFS(Satışlar!$D$5:$D$1004,Satışlar!$C$5:$C$1004,A5)) -> 220 | I5: =IF(A5="","",E5+G5-H5) -> 180 | J5: =IF(A5="","",I5*C5) -> 6300 | K5: =IF(A5="","",IF(I5<=0,"Tükendi",IF(I5<=F5,"Kritik","Yeterli"))) -> Yeterli | L5: =IF(A5="","",SUMIFS(Satışlar!$G$5:$G$1004,Satışlar!$C$5:$C$1004,A5)) -> 13200 | M5: =IF(A5="","",L5+ROW()/1000000) -> 13200 | N5: =IF(OR(K5="Tükendi",K5="Kritik"),ROW(),"")
A6: Tükenmez Kalem | B6: Adet | C6: 8 | D6: 15 | E6: 800 | F6: 150 | G6: =IF(A6="","",SUMIFS(Alışlar!$D$5:$D$504,Alışlar!$C$5:$C$504,A6)) -> 200 | H6: =IF(A6="","",SUMIFS(Satışlar!$D$5:$D$1004,Satışlar!$C$5:$C$1004,A6)) -> 640 | I6: =IF(A6="","",E6+G6-H6) -> 360 | J6: =IF(A6="","",I6*C6) -> 2880 | K6: =IF(A6="","",IF(I6<=0,"Tükendi",IF(I6<=F6,"Kritik","Yeterli"))) -> Yeterli | L6: =IF(A6="","",SUMIFS(Satışlar!$G$5:$G$1004,Satışlar!$C$5:$C$1004,A6)) -> 8800 | M6: =IF(A6="","",L6+ROW()/1000000) -> 8800 | N6: =IF(OR(K6="Tükendi",K6="Kritik"),ROW(),"")
A7: Fotokopi Kâğıdı | B7: Paket | C7: 140 | D7: 190 | E7: 90 | F7: 25 | G7: =IF(A7="","",SUMIFS(Alışlar!$D$5:$D$504,Alışlar!$C$5:$C$504,A7)) -> 30 | H7: =IF(A7="","",SUMIFS(Satışlar!$D$5:$D$1004,Satışlar!$C$5:$C$1004,A7)) -> 100 | I7: =IF(A7="","",E7+G7-H7) -> 20 | J7: =IF(A7="","",I7*C7) -> 2800 | K7: =IF(A7="","",IF(I7<=0,"Tükendi",IF(I7<=F7,"Kritik","Yeterli"))) -> Kritik | L7: =IF(A7="","",SUMIFS(Satışlar!$G$5:$G$1004,Satışlar!$C$5:$C$1004,A7)) -> 18200 | M7: =IF(A7="","",L7+ROW()/1000000) -> 18200 | N7: =IF(OR(K7="Tükendi",K7="Kritik"),ROW(),"") -> 7
A8: Klasör | B8: Adet | C8: 45 | D8: 75 | E8: 200 | F8: 40 | G8: =IF(A8="","",SUMIFS(Alışlar!$D$5:$D$504,Alışlar!$C$5:$C$504,A8)) -> 0 | H8: =IF(A8="","",SUMIFS(Satışlar!$D$5:$D$1004,Satışlar!$C$5:$C$1004,A8)) -> 120 | I8: =IF(A8="","",E8+G8-H8) -> 80 | J8: =IF(A8="","",I8*C8) -> 3600 | K8: =IF(A8="","",IF(I8<=0,"Tükendi",IF(I8<=F8,"Kritik","Yeterli"))) -> Yeterli | L8: =IF(A8="","",SUMIFS(Satışlar!$G$5:$G$1004,Satışlar!$C$5:$C$1004,A8)) -> 9000 | M8: =IF(A8="","",L8+ROW()/1000000) -> 9000 | N8: =IF(OR(K8="Tükendi",K8="Kritik"),ROW(),"")
A9: Boya Kalemi Seti | B9: Set | C9: 90 | D9: 150 | E9: 70 | F9: 10 | G9: =IF(A9="","",SUMIFS(Alışlar!$D$5:$D$504,Alışlar!$C$5:$C$504,A9)) -> 0 | H9: =IF(A9="","",SUMIFS(Satışlar!$D$5:$D$1004,Satışlar!$C$5:$C$1004,A9)) -> 64 | I9: =IF(A9="","",E9+G9-H9) -> 6 | J9: =IF(A9="","",I9*C9) -> 540 | K9: =IF(A9="","",IF(I9<=0,"Tükendi",IF(I9<=F9,"Kritik","Yeterli"))) -> Kritik | L9: =IF(A9="","",SUMIFS(Satışlar!$G$5:$G$1004,Satışlar!$C$5:$C$1004,A9)) -> 9200 | M9: =IF(A9="","",L9+ROW()/1000000) -> 9200 | N9: =IF(OR(K9="Tükendi",K9="Kritik"),ROW(),"") -> 9
A10: Hesap Makinesi | B10: Adet | C10: 220 | D10: 350 | E10: 8 | F10: 3 | G10: =IF(A10="","",SUMIFS(Alışlar!$D$5:$D$504,Alışlar!$C$5:$C$504,A10)) -> 0 | H10: =IF(A10="","",SUMIFS(Satışlar!$D$5:$D$1004,Satışlar!$C$5:$C$1004,A10)) -> 6 | I10: =IF(A10="","",E10+G10-H10) -> 2 | J10: =IF(A10="","",I10*C10) -> 440 | K10: =IF(A10="","",IF(I10<=0,"Tükendi",IF(I10<=F10,"Kritik","Yeterli"))) -> Kritik | L10: =IF(A10="","",SUMIFS(Satışlar!$G$5:$G$1004,Satışlar!$C$5:$C$1004,A10)) -> 2100 | M10: =IF(A10="","",L10+ROW()/1000000) -> 2100 | N10: =IF(OR(K10="Tükendi",K10="Kritik"),ROW(),"") -> 10
G11: =IF(A11="","",SUMIFS(Alışlar!$D$5:$D$504,Alışlar!$C$5:$C$504,A11)) | H11: =IF(A11="","",SUMIFS(Satışlar!$D$5:$D$1004,Satışlar!$C$5:$C$1004,A11)) | I11: =IF(A11="","",E11+G11-H11) | J11: =IF(A11="","",I11*C11) | K11: =IF(A11="","",IF(I11<=0,"Tükendi",IF(I11<=F11,"Kritik","Yeterli"))) | L11: =IF(A11="","",SUMIFS(Satışlar!$G$5:$G$1004,Satışlar!$C$5:$C$1004,A11)) | M11: =IF(A11="","",L11+ROW()/1000000) | N11: =IF(OR(K11="Tükendi",K11="Kritik"),ROW(),"")
G12: =IF(A12="","",SUMIFS(Alışlar!$D$5:$D$504,Alışlar!$C$5:$C$504,A12)) | H12: =IF(A12="","",SUMIFS(Satışlar!$D$5:$D$1004,Satışlar!$C$5:$C$1004,A12)) | I12: =IF(A12="","",E12+G12-H12) | J12: =IF(A12="","",I12*C12) | K12: =IF(A12="","",IF(I12<=0,"Tükendi",IF(I12<=F12,"Kritik","Yeterli"))) | L12: =IF(A12="","",SUMIFS(Satışlar!$G$5:$G$1004,Satışlar!$C$5:$C$1004,A12)) | M12: =IF(A12="","",L12+ROW()/1000000) | N12: =IF(OR(K12="Tükendi",K12="Kritik"),ROW(),"")
G13: =IF(A13="","",SUMIFS(Alışlar!$D$5:$D$504,Alışlar!$C$5:$C$504,A13)) | H13: =IF(A13="","",SUMIFS(Satışlar!$D$5:$D$1004,Satışlar!$C$5:$C$1004,A13)) | I13: =IF(A13="","",E13+G13-H13) | J13: =IF(A13="","",I13*C13) | K13: =IF(A13="","",IF(I13<=0,"Tükendi",IF(I13<=F13,"Kritik","Yeterli"))) | L13: =IF(A13="","",SUMIFS(Satışlar!$G$5:$G$1004,Satışlar!$C$5:$C$1004,A13)) | M13: =IF(A13="","",L13+ROW()/1000000) | N13: =IF(OR(K13="Tükendi",K13="Kritik"),ROW(),"")
G14: =IF(A14="","",SUMIFS(Alışlar!$D$5:$D$504,Alışlar!$C$5:$C$504,A14)) | H14: =IF(A14="","",SUMIFS(Satışlar!$D$5:$D$1004,Satışlar!$C$5:$C$1004,A14)) | I14: =IF(A14="","",E14+G14-H14) | J14: =IF(A14="","",I14*C14) | K14: =IF(A14="","",IF(I14<=0,"Tükendi",IF(I14<=F14,"Kritik","Yeterli"))) | L14: =IF(A14="","",SUMIFS(Satışlar!$G$5:$G$1004,Satışlar!$C$5:$C$1004,A14)) | M14: =IF(A14="","",L14+ROW()/1000000) | N14: =IF(OR(K14="Tükendi",K14="Kritik"),ROW(),"")
G15: =IF(A15="","",SUMIFS(Alışlar!$D$5:$D$504,Alışlar!$C$5:$C$504,A15)) | H15: =IF(A15="","",SUMIFS(Satışlar!$D$5:$D$1004,Satışlar!$C$5:$C$1004,A15)) | I15: =IF(A15="","",E15+G15-H15) | J15: =IF(A15="","",I15*C15) | K15: =IF(A15="","",IF(I15<=0,"Tükendi",IF(I15<=F15,"Kritik","Yeterli"))) | L15: =IF(A15="","",SUMIFS(Satışlar!$G$5:$G$1004,Satışlar!$C$5:$C$1004,A15)) | M15: =IF(A15="","",L15+ROW()/1000000) | N15: =IF(OR(K15="Tükendi",K15="Kritik"),ROW(),"")
G16: =IF(A16="","",SUMIFS(Alışlar!$D$5:$D$504,Alışlar!$C$5:$C$504,A16)) | H16: =IF(A16="","",SUMIFS(Satışlar!$D$5:$D$1004,Satışlar!$C$5:$C$1004,A16)) | I16: =IF(A16="","",E16+G16-H16) | J16: =IF(A16="","",I16*C16) | K16: =IF(A16="","",IF(I16<=0,"Tükendi",IF(I16<=F16,"Kritik","Yeterli"))) | L16: =IF(A16="","",SUMIFS(Satışlar!$G$5:$G$1004,Satışlar!$C$5:$C$1004,A16)) | M16: =IF(A16="","",L16+ROW()/1000000) | N16: =IF(OR(K16="Tükendi",K16="Kritik"),ROW(),"")
G17: =IF(A17="","",SUMIFS(Alışlar!$D$5:$D$504,Alışlar!$C$5:$C$504,A17)) | H17: =IF(A17="","",SUMIFS(Satışlar!$D$5:$D$1004,Satışlar!$C$5:$C$1004,A17)) | I17: =IF(A17="","",E17+G17-H17) | J17: =IF(A17="","",I17*C17) | K17: =IF(A17="","",IF(I17<=0,"Tükendi",IF(I17<=F17,"Kritik","Yeterli"))) | L17: =IF(A17="","",SUMIFS(Satışlar!$G$5:$G$1004,Satışlar!$C$5:$C$1004,A17)) | M17: =IF(A17="","",L17+ROW()/1000000) | N17: =IF(OR(K17="Tükendi",K17="Kritik"),ROW(),"")
G18: =IF(A18="","",SUMIFS(Alışlar!$D$5:$D$504,Alışlar!$C$5:$C$504,A18)) | H18: =IF(A18="","",SUMIFS(Satışlar!$D$5:$D$1004,Satışlar!$C$5:$C$1004,A18)) | I18: =IF(A18="","",E18+G18-H18) | J18: =IF(A18="","",I18*C18) | K18: =IF(A18="","",IF(I18<=0,"Tükendi",IF(I18<=F18,"Kritik","Yeterli"))) | L18: =IF(A18="","",SUMIFS(Satışlar!$G$5:$G$1004,Satışlar!$C$5:$C$1004,A18)) | M18: =IF(A18="","",L18+ROW()/1000000) | N18: =IF(OR(K18="Tükendi",K18="Kritik"),ROW(),"")
G19: =IF(A19="","",SUMIFS(Alışlar!$D$5:$D$504,Alışlar!$C$5:$C$504,A19)) | H19: =IF(A19="","",SUMIFS(Satışlar!$D$5:$D$1004,Satışlar!$C$5:$C$1004,A19)) | I19: =IF(A19="","",E19+G19-H19) | J19: =IF(A19="","",I19*C19) | K19: =IF(A19="","",IF(I19<=0,"Tükendi",IF(I19<=F19,"Kritik","Yeterli"))) | L19: =IF(A19="","",SUMIFS(Satışlar!$G$5:$G$1004,Satışlar!$C$5:$C$1004,A19)) | M19: =IF(A19="","",L19+ROW()/1000000) | N19: =IF(OR(K19="Tükendi",K19="Kritik"),ROW(),"")
G20: =IF(A20="","",SUMIFS(Alışlar!$D$5:$D$504,Alışlar!$C$5:$C$504,A20)) | H20: =IF(A20="","",SUMIFS(Satışlar!$D$5:$D$1004,Satışlar!$C$5:$C$1004,A20)) | I20: =IF(A20="","",E20+G20-H20) | J20: =IF(A20="","",I20*C20) | K20: =IF(A20="","",IF(I20<=0,"Tükendi",IF(I20<=F20,"Kritik","Yeterli"))) | L20: =IF(A20="","",SUMIFS(Satışlar!$G$5:$G$1004,Satışlar!$C$5:$C$1004,A20)) | M20: =IF(A20="","",L20+ROW()/1000000) | N20: =IF(OR(K20="Tükendi",K20="Kritik"),ROW(),"")
G21: =IF(A21="","",SUMIFS(Alışlar!$D$5:$D$504,Alışlar!$C$5:$C$504,A21)) | H21: =IF(A21="","",SUMIFS(Satışlar!$D$5:$D$1004,Satışlar!$C$5:$C$1004,A21)) | I21: =IF(A21="","",E21+G21-H21) | J21: =IF(A21="","",I21*C21) | K21: =IF(A21="","",IF(I21<=0,"Tükendi",IF(I21<=F21,"Kritik","Yeterli"))) | L21: =IF(A21="","",SUMIFS(Satışlar!$G$5:$G$1004,Satışlar!$C$5:$C$1004,A21)) | M21: =IF(A21="","",L21+ROW()/1000000) | N21: =IF(OR(K21="Tükendi",K21="Kritik"),ROW(),"")
G22: =IF(A22="","",SUMIFS(Alışlar!$D$5:$D$504,Alışlar!$C$5:$C$504,A22)) | H22: =IF(A22="","",SUMIFS(Satışlar!$D$5:$D$1004,Satışlar!$C$5:$C$1004,A22)) | I22: =IF(A22="","",E22+G22-H22) | J22: =IF(A22="","",I22*C22) | K22: =IF(A22="","",IF(I22<=0,"Tükendi",IF(I22<=F22,"Kritik","Yeterli"))) | L22: =IF(A22="","",SUMIFS(Satışlar!$G$5:$G$1004,Satışlar!$C$5:$C$1004,A22)) | M22: =IF(A22="","",L22+ROW()/1000000) | N22: =IF(OR(K22="Tükendi",K22="Kritik"),ROW(),"")
... G204: =IF(A204="","",SUMIFS(Alışlar!$D$5:$D$504,Alışlar!$C$5:$C$504,A204)) | H204: =IF(A204="","",SUMIFS(Satışlar!$D$5:$D$1004,Satışlar!$C$5:$C$1004,A204)) | I204: =IF(A204="","",E204+G204-H204) | J204: =IF(A204="","",I204*C204) | K204: =IF(A204="","",IF(I204<=0,"Tükendi",IF(I204<=F204,"Kritik","Yeterli"))) | L204: =IF(A204="","",SUMIFS(Satışlar!$G$5:$G$1004,Satışlar!$C$5:$C$1004,A204)) | M204: =IF(A204="","",L204+ROW()/1000000) | N204: =IF(OR(K204="Tükendi",K204="Kritik"),ROW(),"")

Sheet Cariler
A1: Cariler (Müşteri ve Tedarikçi)
A2: Sarı sütunları doldur. Bakiyeler Satışlar, Alışlar ve Cari Hareket sayfalarından hesaplanır.
A4: Ad | B4: Telefon | C4: Açılış Alacağı (₺) | D4: Açılış Borcu (₺) | E4: Veresiye Satış | F4: Tahsilat | G4: ALACAK BAKİYE | H4: Veresiye Alış | I4: Ödeme | J4: BORÇ BAKİYE | K4: Net (Alacak − Borç) | L4: y1
A5: Müşteri Alfa | C5: 2500 | E5: =IF(A5="","",SUMIFS(Satışlar!$G$5:$G$1004,Satışlar!$B$5:$B$1004,A5,Satışlar!$F$5:$F$1004,"Veresiye")) -> 14400 | F5: =IF(A5="","",SUMIFS('Cari Hareket'!$D$5:$D$504,'Cari Hareket'!$B$5:$B$504,"Tahsilat",'Cari Hareket'!$C$5:$C$504,A5)) -> 0 | G5: =IF(A5="","",C5+E5-F5) -> 16900 | H5: =IF(A5="","",SUMIFS(Alışlar!$G$5:$G$504,Alışlar!$B$5:$B$504,A5,Alışlar!$F$5:$F$504,"Veresiye")) -> 0 | I5: =IF(A5="","",SUMIFS('Cari Hareket'!$D$5:$D$504,'Cari Hareket'!$B$5:$B$504,"Ödeme",'Cari Hareket'!$C$5:$C$504,A5)) -> 0 | J5: =IF(A5="","",D5+H5-I5) -> 0 | K5: =IF(A5="","",G5-J5) -> 16900 | L5: =IF(A5="","",G5+ROW()/1000000) -> 16900
A6: Müşteri Beta | E6: =IF(A6="","",SUMIFS(Satışlar!$G$5:$G$1004,Satışlar!$B$5:$B$1004,A6,Satışlar!$F$5:$F$1004,"Veresiye")) -> 9000 | F6: =IF(A6="","",SUMIFS('Cari Hareket'!$D$5:$D$504,'Cari Hareket'!$B$5:$B$504,"Tahsilat",'Cari Hareket'!$C$5:$C$504,A6)) -> 4000 | G6: =IF(A6="","",C6+E6-F6) -> 5000 | H6: =IF(A6="","",SUMIFS(Alışlar!$G$5:$G$504,Alışlar!$B$5:$B$504,A6,Alışlar!$F$5:$F$504,"Veresiye")) -> 0 | I6: =IF(A6="","",SUMIFS('Cari Hareket'!$D$5:$D$504,'Cari Hareket'!$B$5:$B$504,"Ödeme",'Cari Hareket'!$C$5:$C$504,A6)) -> 0 | J6: =IF(A6="","",D6+H6-I6) -> 0 | K6: =IF(A6="","",G6-J6) -> 5000 | L6: =IF(A6="","",G6+ROW()/1000000) -> 5000
A7: Müşteri Gama | E7: =IF(A7="","",SUMIFS(Satışlar!$G$5:$G$1004,Satışlar!$B$5:$B$1004,A7,Satışlar!$F$5:$F$1004,"Veresiye")) -> 10800 | F7: =IF(A7="","",SUMIFS('Cari Hareket'!$D$5:$D$504,'Cari Hareket'!$B$5:$B$504,"Tahsilat",'Cari Hareket'!$C$5:$C$504,A7)) -> 3000 | G7: =IF(A7="","",C7+E7-F7) -> 7800 | H7: =IF(A7="","",SUMIFS(Alışlar!$G$5:$G$504,Alışlar!$B$5:$B$504,A7,Alışlar!$F$5:$F$504,"Veresiye")) -> 0 | I7: =IF(A7="","",SUMIFS('Cari Hareket'!$D$5:$D$504,'Cari Hareket'!$B$5:$B$504,"Ödeme",'Cari Hareket'!$C$5:$C$504,A7)) -> 0 | J7: =IF(A7="","",D7+H7-I7) -> 0 | K7: =IF(A7="","",G7-J7) -> 7800 | L7: =IF(A7="","",G7+ROW()/1000000) -> 7800
A8: Tedarikçi Alfa | D8: 1500 | E8: =IF(A8="","",SUMIFS(Satışlar!$G$5:$G$1004,Satışlar!$B$5:$B$1004,A8,Satışlar!$F$5:$F$1004,"Veresiye")) -> 0 | F8: =IF(A8="","",SUMIFS('Cari Hareket'!$D$5:$D$504,'Cari Hareket'!$B$5:$B$504,"Tahsilat",'Cari Hareket'!$C$5:$C$504,A8)) -> 0 | G8: =IF(A8="","",C8+E8-F8) -> 0 | H8: =IF(A8="","",SUMIFS(Alışlar!$G$5:$G$504,Alışlar!$B$5:$B$504,A8,Alışlar!$F$5:$F$504,"Veresiye")) -> 5800 | I8: =IF(A8="","",SUMIFS('Cari Hareket'!$D$5:$D$504,'Cari Hareket'!$B$5:$B$504,"Ödeme",'Cari Hareket'!$C$5:$C$504,A8)) -> 2000 | J8: =IF(A8="","",D8+H8-I8) -> 5300 | K8: =IF(A8="","",G8-J8) -> -5300 | L8: =IF(A8="","",G8+ROW()/1000000) -> 8e-06
A9: Tedarikçi Beta | E9: =IF(A9="","",SUMIFS(Satışlar!$G$5:$G$1004,Satışlar!$B$5:$B$1004,A9,Satışlar!$F$5:$F$1004,"Veresiye")) -> 0 | F9: =IF(A9="","",SUMIFS('Cari Hareket'!$D$5:$D$504,'Cari Hareket'!$B$5:$B$504,"Tahsilat",'Cari Hareket'!$C$5:$C$504,A9)) -> 0 | G9: =IF(A9="","",C9+E9-F9) -> 0 | H9: =IF(A9="","",SUMIFS(Alışlar!$G$5:$G$504,Alışlar!$B$5:$B$504,A9,Alışlar!$F$5:$F$504,"Veresiye")) -> 0 | I9: =IF(A9="","",SUMIFS('Cari Hareket'!$D$5:$D$504,'Cari Hareket'!$B$5:$B$504,"Ödeme",'Cari Hareket'!$C$5:$C$504,A9)) -> 0 | J9: =IF(A9="","",D9+H9-I9) -> 0 | K9: =IF(A9="","",G9-J9) -> 0 | L9: =IF(A9="","",G9+ROW()/1000000) -> 9e-06
E10: =IF(A10="","",SUMIFS(Satışlar!$G$5:$G$1004,Satışlar!$B$5:$B$1004,A10,Satışlar!$F$5:$F$1004,"Veresiye")) | F10: =IF(A10="","",SUMIFS('Cari Hareket'!$D$5:$D$504,'Cari Hareket'!$B$5:$B$504,"Tahsilat",'Cari Hareket'!$C$5:$C$504,A10)) | G10: =IF(A10="","",C10+E10-F10) | H10: =IF(A10="","",SUMIFS(Alışlar!$G$5:$G$504,Alışlar!$B$5:$B$504,A10,Alışlar!$F$5:$F$504,"Veresiye")) | I10: =IF(A10="","",SUMIFS('Cari Hareket'!$D$5:$D$504,'Cari Hareket'!$B$5:$B$504,"Ödeme",'Cari Hareket'!$C$5:$C$504,A10)) | J10: =IF(A10="","",D10+H10-I10) | K10: =IF(A10="","",G10-J10) | L10: =IF(A10="","",G10+ROW()/1000000)
E11: =IF(A11="","",SUMIFS(Satışlar!$G$5:$G$1004,Satışlar!$B$5:$B$1004,A11,Satışlar!$F$5:$F$1004,"Veresiye")) | F11: =IF(A11="","",SUMIFS('Cari Hareket'!$D$5:$D$504,'Cari Hareket'!$B$5:$B$504,"Tahsilat",'Cari Hareket'!$C$5:$C$504,A11)) | G11: =IF(A11="","",C11+E11-F11) | H11: =IF(A11="","",SUMIFS(Alışlar!$G$5:$G$504,Alışlar!$B$5:$B$504,A11,Alışlar!$F$5:$F$504,"Veresiye")) | I11: =IF(A11="","",SUMIFS('Cari Hareket'!$D$5:$D$504,'Cari Hareket'!$B$5:$B$504,"Ödeme",'Cari Hareket'!$C$5:$C$504,A11)) | J11: =IF(A11="","",D11+H11-I11) | K11: =IF(A11="","",G11-J11) | L11: =IF(A11="","",G11+ROW()/1000000)
E12: =IF(A12="","",SUMIFS(Satışlar!$G$5:$G$1004,Satışlar!$B$5:$B$1004,A12,Satışlar!$F$5:$F$1004,"Veresiye")) | F12: =IF(A12="","",SUMIFS('Cari Hareket'!$D$5:$D$504,'Cari Hareket'!$B$5:$B$504,"Tahsilat",'Cari Hareket'!$C$5:$C$504,A12)) | G12: =IF(A12="","",C12+E12-F12) | H12: =IF(A12="","",SUMIFS(Alışlar!$G$5:$G$504,Alışlar!$B$5:$B$504,A12,Alışlar!$F$5:$F$504,"Veresiye")) | I12: =IF(A12="","",SUMIFS('Cari Hareket'!$D$5:$D$504,'Cari Hareket'!$B$5:$B$504,"Ödeme",'Cari Hareket'!$C$5:$C$504,A12)) | J12: =IF(A12="","",D12+H12-I12) | K12: =IF(A12="","",G12-J12) | L12: =IF(A12="","",G12+ROW()/1000000)
E13: =IF(A13="","",SUMIFS(Satışlar!$G$5:$G$1004,Satışlar!$B$5:$B$1004,A13,Satışlar!$F$5:$F$1004,"Veresiye")) | F13: =IF(A13="","",SUMIFS('Cari Hareket'!$D$5:$D$504,'Cari Hareket'!$B$5:$B$504,"Tahsilat",'Cari Hareket'!$C$5:$C$504,A13)) | G13: =IF(A13="","",C13+E13-F13) | H13: =IF(A13="","",SUMIFS(Alışlar!$G$5:$G$504,Alışlar!$B$5:$B$504,A13,Alışlar!$F$5:$F$504,"Veresiye")) | I13: =IF(A13="","",SUMIFS('Cari Hareket'!$D$5:$D$504,'Cari Hareket'!$B$5:$B$504,"Ödeme",'Cari Hareket'!$C$5:$C$504,A13)) | J13: =IF(A13="","",D13+H13-I13) | K13: =IF(A13="","",G13-J13) | L13: =IF(A13="","",G13+ROW()/1000000)
E14: =IF(A14="","",SUMIFS(Satışlar!$G$5:$G$1004,Satışlar!$B$5:$B$1004,A14,Satışlar!$F$5:$F$1004,"Veresiye")) | F14: =IF(A14="","",SUMIFS('Cari Hareket'!$D$5:$D$504,'Cari Hareket'!$B$5:$B$504,"Tahsilat",'Cari Hareket'!$C$5:$C$504,A14)) | G14: =IF(A14="","",C14+E14-F14) | H14: =IF(A14="","",SUMIFS(Alışlar!$G$5:$G$504,Alışlar!$B$5:$B$504,A14,Alışlar!$F$5:$F$504,"Veresiye")) | I14: =IF(A14="","",SUMIFS('Cari Hareket'!$D$5:$D$504,'Cari Hareket'!$B$5:$B$504,"Ödeme",'Cari Hareket'!$C$5:$C$504,A14)) | J14: =IF(A14="","",D14+H14-I14) | K14: =IF(A14="","",G14-J14) | L14: =IF(A14="","",G14+ROW()/1000000)
E15: =IF(A15="","",SUMIFS(Satışlar!$G$5:$G$1004,Satışlar!$B$5:$B$1004,A15,Satışlar!$F$5:$F$1004,"Veresiye")) | F15: =IF(A15="","",SUMIFS('Cari Hareket'!$D$5:$D$504,'Cari Hareket'!$B$5:$B$504,"Tahsilat",'Cari Hareket'!$C$5:$C$504,A15)) | G15: =IF(A15="","",C15+E15-F15) | H15: =IF(A15="","",SUMIFS(Alışlar!$G$5:$G$504,Alışlar!$B$5:$B$504,A15,Alışlar!$F$5:$F$504,"Veresiye")) | I15: =IF(A15="","",SUMIFS('Cari Hareket'!$D$5:$D$504,'Cari Hareket'!$B$5:$B$504,"Ödeme",'Cari Hareket'!$C$5:$C$504,A15)) | J15: =IF(A15="","",D15+H15-I15) | K15: =IF(A15="","",G15-J15) | L15: =IF(A15="","",G15+ROW()/1000000)
E16: =IF(A16="","",SUMIFS(Satışlar!$G$5:$G$1004,Satışlar!$B$5:$B$1004,A16,Satışlar!$F$5:$F$1004,"Veresiye")) | F16: =IF(A16="","",SUMIFS('Cari Hareket'!$D$5:$D$504,'Cari Hareket'!$B$5:$B$504,"Tahsilat",'Cari Hareket'!$C$5:$C$504,A16)) | G16: =IF(A16="","",C16+E16-F16) | H16: =IF(A16="","",SUMIFS(Alışlar!$G$5:$G$504,Alışlar!$B$5:$B$504,A16,Alışlar!$F$5:$F$504,"Veresiye")) | I16: =IF(A16="","",SUMIFS('Cari Hareket'!$D$5:$D$504,'Cari Hareket'!$B$5:$B$504,"Ödeme",'Cari Hareket'!$C$5:$C$504,A16)) | J16: =IF(A16="","",D16+H16-I16) | K16: =IF(A16="","",G16-J16) | L16: =IF(A16="","",G16+ROW()/1000000)
E17: =IF(A17="","",SUMIFS(Satışlar!$G$5:$G$1004,Satışlar!$B$5:$B$1004,A17,Satışlar!$F$5:$F$1004,"Veresiye")) | F17: =IF(A17="","",SUMIFS('Cari Hareket'!$D$5:$D$504,'Cari Hareket'!$B$5:$B$504,"Tahsilat",'Cari Hareket'!$C$5:$C$504,A17)) | G17: =IF(A17="","",C17+E17-F17) | H17: =IF(A17="","",SUMIFS(Alışlar!$G$5:$G$504,Alışlar!$B$5:$B$504,A17,Alışlar!$F$5:$F$504,"Veresiye")) | I17: =IF(A17="","",SUMIFS('Cari Hareket'!$D$5:$D$504,'Cari Hareket'!$B$5:$B$504,"Ödeme",'Cari Hareket'!$C$5:$C$504,A17)) | J17: =IF(A17="","",D17+H17-I17) | K17: =IF(A17="","",G17-J17) | L17: =IF(A17="","",G17+ROW()/1000000)
E18: =IF(A18="","",SUMIFS(Satışlar!$G$5:$G$1004,Satışlar!$B$5:$B$1004,A18,Satışlar!$F$5:$F$1004,"Veresiye")) | F18: =IF(A18="","",SUMIFS('Cari Hareket'!$D$5:$D$504,'Cari Hareket'!$B$5:$B$504,"Tahsilat",'Cari Hareket'!$C$5:$C$504,A18)) | G18: =IF(A18="","",C18+E18-F18) | H18: =IF(A18="","",SUMIFS(Alışlar!$G$5:$G$504,Alışlar!$B$5:$B$504,A18,Alışlar!$F$5:$F$504,"Veresiye")) | I18: =IF(A18="","",SUMIFS('Cari Hareket'!$D$5:$D$504,'Cari Hareket'!$B$5:$B$504,"Ödeme",'Cari Hareket'!$C$5:$C$504,A18)) | J18: =IF(A18="","",D18+H18-I18) | K18: =IF(A18="","",G18-J18) | L18: =IF(A18="","",G18+ROW()/1000000)
E19: =IF(A19="","",SUMIFS(Satışlar!$G$5:$G$1004,Satışlar!$B$5:$B$1004,A19,Satışlar!$F$5:$F$1004,"Veresiye")) | F19: =IF(A19="","",SUMIFS('Cari Hareket'!$D$5:$D$504,'Cari Hareket'!$B$5:$B$504,"Tahsilat",'Cari Hareket'!$C$5:$C$504,A19)) | G19: =IF(A19="","",C19+E19-F19) | H19: =IF(A19="","",SUMIFS(Alışlar!$G$5:$G$504,Alışlar!$B$5:$B$504,A19,Alışlar!$F$5:$F$504,"Veresiye")) | I19: =IF(A19="","",SUMIFS('Cari Hareket'!$D$5:$D$504,'Cari Hareket'!$B$5:$B$504,"Ödeme",'Cari Hareket'!$C$5:$C$504,A19)) | J19: =IF(A19="","",D19+H19-I19) | K19: =IF(A19="","",G19-J19) | L19: =IF(A19="","",G19+ROW()/1000000)
E20: =IF(A20="","",SUMIFS(Satışlar!$G$5:$G$1004,Satışlar!$B$5:$B$1004,A20,Satışlar!$F$5:$F$1004,"Veresiye")) | F20: =IF(A20="","",SUMIFS('Cari Hareket'!$D$5:$D$504,'Cari Hareket'!$B$5:$B$504,"Tahsilat",'Cari Hareket'!$C$5:$C$504,A20)) | G20: =IF(A20="","",C20+E20-F20) | H20: =IF(A20="","",SUMIFS(Alışlar!$G$5:$G$504,Alışlar!$B$5:$B$504,A20,Alışlar!$F$5:$F$504,"Veresiye")) | I20: =IF(A20="","",SUMIFS('Cari Hareket'!$D$5:$D$504,'Cari Hareket'!$B$5:$B$504,"Ödeme",'Cari Hareket'!$C$5:$C$504,A20)) | J20: =IF(A20="","",D20+H20-I20) | K20: =IF(A20="","",G20-J20) | L20: =IF(A20="","",G20+ROW()/1000000)
E21: =IF(A21="","",SUMIFS(Satışlar!$G$5:$G$1004,Satışlar!$B$5:$B$1004,A21,Satışlar!$F$5:$F$1004,"Veresiye")) | F21: =IF(A21="","",SUMIFS('Cari Hareket'!$D$5:$D$504,'Cari Hareket'!$B$5:$B$504,"Tahsilat",'Cari Hareket'!$C$5:$C$504,A21)) | G21: =IF(A21="","",C21+E21-F21) | H21: =IF(A21="","",SUMIFS(Alışlar!$G$5:$G$504,Alışlar!$B$5:$B$504,A21,Alışlar!$F$5:$F$504,"Veresiye")) | I21: =IF(A21="","",SUMIFS('Cari Hareket'!$D$5:$D$504,'Cari Hareket'!$B$5:$B$504,"Ödeme",'Cari Hareket'!$C$5:$C$504,A21)) | J21: =IF(A21="","",D21+H21-I21) | K21: =IF(A21="","",G21-J21) | L21: =IF(A21="","",G21+ROW()/1000000)
... E104: =IF(A104="","",SUMIFS(Satışlar!$G$5:$G$1004,Satışlar!$B$5:$B$1004,A104,Satışlar!$F$5:$F$1004,"Veresiye")) | F104: =IF(A104="","",SUMIFS('Cari Hareket'!$D$5:$D$504,'Cari Hareket'!$B$5:$B$504,"Tahsilat",'Cari Hareket'!$C$5:$C$504,A104)) | G104: =IF(A104="","",C104+E104-F104) | H104: =IF(A104="","",SUMIFS(Alışlar!$G$5:$G$504,Alışlar!$B$5:$B$504,A104,Alışlar!$F$5:$F$504,"Veresiye")) | I104: =IF(A104="","",SUMIFS('Cari Hareket'!$D$5:$D$504,'Cari Hareket'!$B$5:$B$504,"Ödeme",'Cari Hareket'!$C$5:$C$504,A104)) | J104: =IF(A104="","",D104+H104-I104) | K104: =IF(A104="","",G104-J104) | L104: =IF(A104="","",G104+ROW()/1000000)

Sheet Ayarlar
B1: Ayarlar
B2: Sarı hücreleri bir kez doldur.
E3: Gider Kategorileri
B4: İşletme Adı | C4: Örnek Kırtasiye | E4: Kira
B5: Açılış Kasa + Banka Bakiyesi | C5: 10000 | E5: Faturalar
B6: Dosyayı kullanmaya başladığın gün kasada ve bankada olan toplam para (kullanıcı girişi). | E6: İnternet / Telefon
E7: Personel
E8: Vergi / SGK
E9: Kargo
E10: Reklam / Tanıtım
E11: Ulaşım / Yakıt
E12: Bakım / Onarım
E13: Banka / POS Masrafı
E14: Diğer Gider

Sheet AI Komutları
B1: Yapay Zeka Komutları
B2: İlgili sayfada başlık satırıyla birlikte kayıtlarını seç, kopyala, kullandığın yapay zeka asistanına yapıştır ve altına komutu ekle. Hangi sayfanın yapıştırılacağı her komutta yazıyor.
B3: Dikkat: Müşteri ve tedarikçi adlarını yapıştırmadan önce Müşteri Alfa, Tedarikçi Alfa gibi takma adlarla değiştir; telefon paylaşma. Yapay zekanın verdiği rakamları Panel sayfasıyla karşılaştır.
B5: Ne için | C5: Komut (kopyala, yapıştır)
B6: Aylık durum raporu | C6: [Panel sayfasındaki Aylık Kâr Zarar tablosunu yapıştır] Bu tablo dükkânımın aylık satış, maliyet, gider ve net kârı. Durumu beş cümleyle özetle, en iyi ve en kötü ayı nedenleriyle belirt.
B7: En kârlı ürünler | C7: [Satışlar sayfasını yapıştır] Ürün bazında toplam ciroyu, toplam kârı ve kâr oranını hesapla. Sonucu kâra göre sıralı tablo olarak ver.
B8: Zam önerisi | C8: [Ürünler sayfasını yapıştır] Alış maliyeti ile satış fiyatı arasındaki farkı en düşük olan ürünleri bul. Her biri için yüzde 10 zam yaparsam birim kârım kaç lira artar, göster.
B9: Sipariş listesi | C9: [Ürünler sayfasını yapıştır] Durumu Kritik ya da Tükendi olan ürünler için tedarikçiye göndereceğim sipariş listesini hazırla. Her üründen kritik seviyenin üç katına çıkacak kadar adet öner.
B10: Ölü stok | C10: [Ürünler ve Satışlar sayfalarını yapıştır] Stokta olup son 60 günde hiç satılmamış ya da çok az satılmış ürünleri listele. Bu ürünlere bağlı parayı Stok Değeri sütunundan topla.
B11: Veresiye hatırlatma | C11: [Cariler sayfasını yapıştır] Alacak bakiyesi olan her müşteri için kısa ve kibar bir ödeme hatırlatma mesajı yaz. Mesajda bakiye tutarı geçsin.
B12: Gider kontrolü | C12: [Giderler sayfasını yapıştır] Giderlerimi kategoriye göre topla, ciroya oranla yüksek görünenleri belirt ve azaltmak için iki somut öneri ver.
B13: En iyi müşteriler | C13: [Satışlar sayfasını yapıştır] Müşteri bazında toplam alışveriş tutarını ve alışveriş sayısını çıkar. İlk beş müşteriyi listele.
B14: Satış günleri | C14: [Satışlar sayfasını yapıştır] Haftanın hangi günlerinde daha çok satış yapıyorum? Gün gün toplam ciroyu ver ve en zayıf gün için bir kampanya fikri öner.
B15: Kayıt kontrolü | C15: [Satışlar ve Alışlar sayfalarını yapıştır] Eksik ya da tutarsız görünen satır var mı? Tarihi boş, adedi olağan dışı yüksek ya da iki kez girilmiş gibi duranları göster.
