Workbook

Sheet Başla
B2: EXCEL KLİNİĞİ
B3: DİYET | Aylık bütçe planı
B4: Her kategoriye bir sınır koy, harcadıkça yaz; hangi kalemde sınırı aştığını ve ay sonuna kadar günde ne harcayabileceğini gör.
B6: NASIL KULLANILIR
B7: 1. Plan | C7: Gelir ve gider kategorilerini, türünü ve aylık plan tutarını yaz. Tür dört seçenekten biridir: Gelir, Sabit gider, Değişken gider, Birikim.
B8: 2. Hareketler | C8: Para girdikçe ve çıktıkça bir satır yaz: tarih, kategori, tutar.
B9: 3. Ay | C9: Yılı ve ayı seç. Her kategoride plan, gerçekleşen, fark ve kullanım oranını gör. Sınırı aşan gider kırmızı olur.
B10: 4. Yıl | C10: On iki ayın gelir, gider, birikim ve kalanını yan yana gör.
B12: BİLMEN GEREKENLER
B13: Günlük harcanabilir tutar | C13: Değişken gider planından bu ay harcadığın düşülür, kalan tutar ay sonuna kadar kalan güne bölünür. Yalnızca içinde bulunduğun ay seçiliyken hesaplanır.
B14: Tek plan | C14: Plan tutarı bütün aylar için aynıdır. Ay ay farklı plan tutmaz.
B15: Kapasite | C15: 40 kategori, 2000 hareket. Kategori adını değiştirirsen eski hareketlerdeki adı da değiştir.
B17: RENKLER
B18: Sarı hücre | C18: Senin dolduracağın hücre. İçindeki örnekleri silip kendi bilgini yaz.
B19: Beyaz hücre, açık başlık | C19: Formül. Değiştirme, kendiliğinden hesaplanır.

Sheet Hareketler
A1: Hareketler
A2: Her gelir, harcama ya da birikim bir satır. Tutarı her zaman artı sayı yaz; türünü kategori belirler.
A4: Tarih | B4: Kategori | C4: Tutar (₺) | D4: Not | E4: Tür
A5: 46296 | B5: Maaş | C5: 75000 | D5: Örnek | E5: =IF(B5="","",IFERROR(INDEX(Plan!$B$5:$B$44,MATCH(B5,Plan!$A$5:$A$44,0))&"","Kategori yok")) -> Gelir
A6: 46296 | B6: Kira | C6: 22000 | D6: Örnek | E6: =IF(B6="","",IFERROR(INDEX(Plan!$B$5:$B$44,MATCH(B6,Plan!$A$5:$A$44,0))&"","Kategori yok")) -> Sabit gider
A7: 46297 | B7: Market | C7: 3200 | D7: Örnek | E7: =IF(B7="","",IFERROR(INDEX(Plan!$B$5:$B$44,MATCH(B7,Plan!$A$5:$A$44,0))&"","Kategori yok")) -> Değişken gider
A8: 46297 | B8: Birikim hesabı | C8: 10000 | D8: Örnek | E8: =IF(B8="","",IFERROR(INDEX(Plan!$B$5:$B$44,MATCH(B8,Plan!$A$5:$A$44,0))&"","Kategori yok")) -> Birikim
A9: 46298 | B9: Ulaşım | C9: 900 | D9: Örnek | E9: =IF(B9="","",IFERROR(INDEX(Plan!$B$5:$B$44,MATCH(B9,Plan!$A$5:$A$44,0))&"","Kategori yok")) -> Değişken gider
A10: 46298 | B10: Dışarıda yemek | C10: 1800 | D10: Örnek | E10: =IF(B10="","",IFERROR(INDEX(Plan!$B$5:$B$44,MATCH(B10,Plan!$A$5:$A$44,0))&"","Kategori yok")) -> Değişken gider
A11: 46299 | B11: Market | C11: 2600 | D11: Örnek | E11: =IF(B11="","",IFERROR(INDEX(Plan!$B$5:$B$44,MATCH(B11,Plan!$A$5:$A$44,0))&"","Kategori yok")) -> Değişken gider
A12: 46299 | B12: Giyim | C12: 4200 | D12: Örnek | E12: =IF(B12="","",IFERROR(INDEX(Plan!$B$5:$B$44,MATCH(B12,Plan!$A$5:$A$44,0))&"","Kategori yok")) -> Değişken gider
A13: 46266 | B13: Maaş | C13: 75000 | D13: Örnek | E13: =IF(B13="","",IFERROR(INDEX(Plan!$B$5:$B$44,MATCH(B13,Plan!$A$5:$A$44,0))&"","Kategori yok")) -> Gelir
A14: 46266 | B14: Kira | C14: 22000 | D14: Örnek | E14: =IF(B14="","",IFERROR(INDEX(Plan!$B$5:$B$44,MATCH(B14,Plan!$A$5:$A$44,0))&"","Kategori yok")) -> Sabit gider
A15: 46270 | B15: Market | C15: 15500 | D15: Örnek | E15: =IF(B15="","",IFERROR(INDEX(Plan!$B$5:$B$44,MATCH(B15,Plan!$A$5:$A$44,0))&"","Kategori yok")) -> Değişken gider
A16: 46275 | B16: Faturalar | C16: 3300 | D16: Örnek | E16: =IF(B16="","",IFERROR(INDEX(Plan!$B$5:$B$44,MATCH(B16,Plan!$A$5:$A$44,0))&"","Kategori yok")) -> Sabit gider
... A20: 46290 | B20: Birikim hesabı | C20: 8000 | D20: Örnek | E20: =IF(B20="","",IFERROR(INDEX(Plan!$B$5:$B$44,MATCH(B20,Plan!$A$5:$A$44,0))&"","Kategori yok")) -> Birikim
E21: =IF(B21="","",IFERROR(INDEX(Plan!$B$5:$B$44,MATCH(B21,Plan!$A$5:$A$44,0))&"","Kategori yok"))
E22: =IF(B22="","",IFERROR(INDEX(Plan!$B$5:$B$44,MATCH(B22,Plan!$A$5:$A$44,0))&"","Kategori yok"))
E23: =IF(B23="","",IFERROR(INDEX(Plan!$B$5:$B$44,MATCH(B23,Plan!$A$5:$A$44,0))&"","Kategori yok"))
E24: =IF(B24="","",IFERROR(INDEX(Plan!$B$5:$B$44,MATCH(B24,Plan!$A$5:$A$44,0))&"","Kategori yok"))
E25: =IF(B25="","",IFERROR(INDEX(Plan!$B$5:$B$44,MATCH(B25,Plan!$A$5:$A$44,0))&"","Kategori yok"))
E26: =IF(B26="","",IFERROR(INDEX(Plan!$B$5:$B$44,MATCH(B26,Plan!$A$5:$A$44,0))&"","Kategori yok"))
E27: =IF(B27="","",IFERROR(INDEX(Plan!$B$5:$B$44,MATCH(B27,Plan!$A$5:$A$44,0))&"","Kategori yok"))
E28: =IF(B28="","",IFERROR(INDEX(Plan!$B$5:$B$44,MATCH(B28,Plan!$A$5:$A$44,0))&"","Kategori yok"))
E29: =IF(B29="","",IFERROR(INDEX(Plan!$B$5:$B$44,MATCH(B29,Plan!$A$5:$A$44,0))&"","Kategori yok"))
E30: =IF(B30="","",IFERROR(INDEX(Plan!$B$5:$B$44,MATCH(B30,Plan!$A$5:$A$44,0))&"","Kategori yok"))
E31: =IF(B31="","",IFERROR(INDEX(Plan!$B$5:$B$44,MATCH(B31,Plan!$A$5:$A$44,0))&"","Kategori yok"))
E32: =IF(B32="","",IFERROR(INDEX(Plan!$B$5:$B$44,MATCH(B32,Plan!$A$5:$A$44,0))&"","Kategori yok"))
... E2004: =IF(B2004="","",IFERROR(INDEX(Plan!$B$5:$B$44,MATCH(B2004,Plan!$A$5:$A$44,0))&"","Kategori yok"))

Sheet Ay
A1: Ay Görünümü
A2: Yılı ve ayı yaz. Kategori kategori plan, gerçekleşen ve kalan.
B3: Yıl | C3: 2026 | D3: Ay (1-12) | E3: 10
B5: Gelir | C5: Sabit gider | D5: Değişken gider | E5: Birikim | F5: Kalan
B6: =SUMIFS(Hareketler!$C$5:$C$2004,Hareketler!$E$5:$E$2004,"Gelir",Hareketler!$A$5:$A$2004,">="&DATE($C$3,$E$3,1),Hareketler!$A$5:$A$2004,"<"&DATE($C$3,$E$3+1,1)) -> 75000 | C6: =SUMIFS(Hareketler!$C$5:$C$2004,Hareketler!$E$5:$E$2004,"Sabit gider",Hareketler!$A$5:$A$2004,">="&DATE($C$3,$E$3,1),Hareketler!$A$5:$A$2004,"<"&DATE($C$3,$E$3+1,1)) -> 22000 | D6: =SUMIFS(Hareketler!$C$5:$C$2004,Hareketler!$E$5:$E$2004,"Değişken gider",Hareketler!$A$5:$A$2004,">="&DATE($C$3,$E$3,1),Hareketler!$A$5:$A$2004,"<"&DATE($C$3,$E$3+1,1)) -> 12700 | E6: =SUMIFS(Hareketler!$C$5:$C$2004,Hareketler!$E$5:$E$2004,"Birikim",Hareketler!$A$5:$A$2004,">="&DATE($C$3,$E$3,1),Hareketler!$A$5:$A$2004,"<"&DATE($C$3,$E$3+1,1)) -> 10000 | F6: =B6-C6-D6-E6 -> 30300
B8: Bugünden ay sonuna kadar günde harcayabileceğin (değişken gider planına göre): | F8: =IF(AND(TODAY()>=DATE($C$3,$E$3,1),TODAY()<DATE($C$3,$E$3+1,1)),MAX(0,SUMIFS(Plan!$C$5:$C$44,Plan!$B$5:$B$44,"Değişken gider")-D6)/(DATE($C$3,$E$3+1,1)-TODAY()),"Seçili ay içinde değilsin") -> 564.28571
B10: Kategori | C10: Tür | D10: Plan (₺) | E10: Gerçekleşen (₺) | F10: Fark (₺) | G10: Kullanım
B11: =IF(Plan!A5="","",Plan!A5) -> Maaş | C11: =IF(B11="","",Plan!B5&"") -> Gelir | D11: =IF(B11="","",Plan!C5) -> 75000 | E11: =IF(B11="","",SUMIFS(Hareketler!$C$5:$C$2004,Hareketler!$B$5:$B$2004,B11,Hareketler!$A$5:$A$2004,">="&DATE($C$3,$E$3,1),Hareketler!$A$5:$A$2004,"<"&DATE($C$3,$E$3+1,1))) -> 75000 | F11: =IF(B11="","",IF(OR(C11="Gelir",C11="Birikim"),E11-D11,D11-E11)) -> 0 | G11: =IF(OR(B11="",D11=0),"",E11/D11) -> 1
B12: =IF(Plan!A6="","",Plan!A6) -> Ek gelir | C12: =IF(B12="","",Plan!B6&"") -> Gelir | D12: =IF(B12="","",Plan!C6) -> 5000 | E12: =IF(B12="","",SUMIFS(Hareketler!$C$5:$C$2004,Hareketler!$B$5:$B$2004,B12,Hareketler!$A$5:$A$2004,">="&DATE($C$3,$E$3,1),Hareketler!$A$5:$A$2004,"<"&DATE($C$3,$E$3+1,1))) -> 0 | F12: =IF(B12="","",IF(OR(C12="Gelir",C12="Birikim"),E12-D12,D12-E12)) -> -5000 | G12: =IF(OR(B12="",D12=0),"",E12/D12) -> 0
B13: =IF(Plan!A7="","",Plan!A7) -> Kira | C13: =IF(B13="","",Plan!B7&"") -> Sabit gider | D13: =IF(B13="","",Plan!C7) -> 22000 | E13: =IF(B13="","",SUMIFS(Hareketler!$C$5:$C$2004,Hareketler!$B$5:$B$2004,B13,Hareketler!$A$5:$A$2004,">="&DATE($C$3,$E$3,1),Hareketler!$A$5:$A$2004,"<"&DATE($C$3,$E$3+1,1))) -> 22000 | F13: =IF(B13="","",IF(OR(C13="Gelir",C13="Birikim"),E13-D13,D13-E13)) -> 0 | G13: =IF(OR(B13="",D13=0),"",E13/D13) -> 1
B14: =IF(Plan!A8="","",Plan!A8) -> Faturalar | C14: =IF(B14="","",Plan!B8&"") -> Sabit gider | D14: =IF(B14="","",Plan!C8) -> 3500 | E14: =IF(B14="","",SUMIFS(Hareketler!$C$5:$C$2004,Hareketler!$B$5:$B$2004,B14,Hareketler!$A$5:$A$2004,">="&DATE($C$3,$E$3,1),Hareketler!$A$5:$A$2004,"<"&DATE($C$3,$E$3+1,1))) -> 0 | F14: =IF(B14="","",IF(OR(C14="Gelir",C14="Birikim"),E14-D14,D14-E14)) -> 3500 | G14: =IF(OR(B14="",D14=0),"",E14/D14) -> 0
B15: =IF(Plan!A9="","",Plan!A9) -> Market | C15: =IF(B15="","",Plan!B9&"") -> Değişken gider | D15: =IF(B15="","",Plan!C9) -> 14000 | E15: =IF(B15="","",SUMIFS(Hareketler!$C$5:$C$2004,Hareketler!$B$5:$B$2004,B15,Hareketler!$A$5:$A$2004,">="&DATE($C$3,$E$3,1),Hareketler!$A$5:$A$2004,"<"&DATE($C$3,$E$3+1,1))) -> 5800 | F15: =IF(B15="","",IF(OR(C15="Gelir",C15="Birikim"),E15-D15,D15-E15)) -> 8200 | G15: =IF(OR(B15="",D15=0),"",E15/D15) -> 0.41428571
B16: =IF(Plan!A10="","",Plan!A10) -> Ulaşım | C16: =IF(B16="","",Plan!B10&"") -> Değişken gider | D16: =IF(B16="","",Plan!C10) -> 4000 | E16: =IF(B16="","",SUMIFS(Hareketler!$C$5:$C$2004,Hareketler!$B$5:$B$2004,B16,Hareketler!$A$5:$A$2004,">="&DATE($C$3,$E$3,1),Hareketler!$A$5:$A$2004,"<"&DATE($C$3,$E$3+1,1))) -> 900 | F16: =IF(B16="","",IF(OR(C16="Gelir",C16="Birikim"),E16-D16,D16-E16)) -> 3100 | G16: =IF(OR(B16="",D16=0),"",E16/D16) -> 0.225
B17: =IF(Plan!A11="","",Plan!A11) -> Dışarıda yemek | C17: =IF(B17="","",Plan!B11&"") -> Değişken gider | D17: =IF(B17="","",Plan!C11) -> 5000 | E17: =IF(B17="","",SUMIFS(Hareketler!$C$5:$C$2004,Hareketler!$B$5:$B$2004,B17,Hareketler!$A$5:$A$2004,">="&DATE($C$3,$E$3,1),Hareketler!$A$5:$A$2004,"<"&DATE($C$3,$E$3+1,1))) -> 1800 | F17: =IF(B17="","",IF(OR(C17="Gelir",C17="Birikim"),E17-D17,D17-E17)) -> 3200 | G17: =IF(OR(B17="",D17=0),"",E17/D17) -> 0.36
B18: =IF(Plan!A12="","",Plan!A12) -> Giyim | C18: =IF(B18="","",Plan!B12&"") -> Değişken gider | D18: =IF(B18="","",Plan!C12) -> 3000 | E18: =IF(B18="","",SUMIFS(Hareketler!$C$5:$C$2004,Hareketler!$B$5:$B$2004,B18,Hareketler!$A$5:$A$2004,">="&DATE($C$3,$E$3,1),Hareketler!$A$5:$A$2004,"<"&DATE($C$3,$E$3+1,1))) -> 4200 | F18: =IF(B18="","",IF(OR(C18="Gelir",C18="Birikim"),E18-D18,D18-E18)) -> -1200 | G18: =IF(OR(B18="",D18=0),"",E18/D18) -> 1.4
B19: =IF(Plan!A13="","",Plan!A13) -> Eğlence | C19: =IF(B19="","",Plan!B13&"") -> Değişken gider | D19: =IF(B19="","",Plan!C13) -> 2500 | E19: =IF(B19="","",SUMIFS(Hareketler!$C$5:$C$2004,Hareketler!$B$5:$B$2004,B19,Hareketler!$A$5:$A$2004,">="&DATE($C$3,$E$3,1),Hareketler!$A$5:$A$2004,"<"&DATE($C$3,$E$3+1,1))) -> 0 | F19: =IF(B19="","",IF(OR(C19="Gelir",C19="Birikim"),E19-D19,D19-E19)) -> 2500 | G19: =IF(OR(B19="",D19=0),"",E19/D19) -> 0
B20: =IF(Plan!A14="","",Plan!A14) -> Birikim hesabı | C20: =IF(B20="","",Plan!B14&"") -> Birikim | D20: =IF(B20="","",Plan!C14) -> 10000 | E20: =IF(B20="","",SUMIFS(Hareketler!$C$5:$C$2004,Hareketler!$B$5:$B$2004,B20,Hareketler!$A$5:$A$2004,">="&DATE($C$3,$E$3,1),Hareketler!$A$5:$A$2004,"<"&DATE($C$3,$E$3+1,1))) -> 10000 | F20: =IF(B20="","",IF(OR(C20="Gelir",C20="Birikim"),E20-D20,D20-E20)) -> 0 | G20: =IF(OR(B20="",D20=0),"",E20/D20) -> 1
B21: =IF(Plan!A15="","",Plan!A15) | C21: =IF(B21="","",Plan!B15&"") | D21: =IF(B21="","",Plan!C15) | E21: =IF(B21="","",SUMIFS(Hareketler!$C$5:$C$2004,Hareketler!$B$5:$B$2004,B21,Hareketler!$A$5:$A$2004,">="&DATE($C$3,$E$3,1),Hareketler!$A$5:$A$2004,"<"&DATE($C$3,$E$3+1,1))) | F21: =IF(B21="","",IF(OR(C21="Gelir",C21="Birikim"),E21-D21,D21-E21)) | G21: =IF(OR(B21="",D21=0),"",E21/D21)
B22: =IF(Plan!A16="","",Plan!A16) | C22: =IF(B22="","",Plan!B16&"") | D22: =IF(B22="","",Plan!C16) | E22: =IF(B22="","",SUMIFS(Hareketler!$C$5:$C$2004,Hareketler!$B$5:$B$2004,B22,Hareketler!$A$5:$A$2004,">="&DATE($C$3,$E$3,1),Hareketler!$A$5:$A$2004,"<"&DATE($C$3,$E$3+1,1))) | F22: =IF(B22="","",IF(OR(C22="Gelir",C22="Birikim"),E22-D22,D22-E22)) | G22: =IF(OR(B22="",D22=0),"",E22/D22)
... B50: =IF(Plan!A44="","",Plan!A44) | C50: =IF(B50="","",Plan!B44&"") | D50: =IF(B50="","",Plan!C44) | E50: =IF(B50="","",SUMIFS(Hareketler!$C$5:$C$2004,Hareketler!$B$5:$B$2004,B50,Hareketler!$A$5:$A$2004,">="&DATE($C$3,$E$3,1),Hareketler!$A$5:$A$2004,"<"&DATE($C$3,$E$3+1,1))) | F50: =IF(B50="","",IF(OR(C50="Gelir",C50="Birikim"),E50-D50,D50-E50)) | G50: =IF(OR(B50="",D50=0),"",E50/D50)

Sheet Yıl
A1: Yıl Görünümü
A2: Yılı Ay sayfasından değiştir.
B4: Ay | C4: Gelir (₺) | D4: Sabit gider (₺) | E4: Değişken gider (₺) | F4: Birikim (₺) | G4: Kalan (₺)
B5: Ocak | C5: =SUMIFS(Hareketler!$C$5:$C$2004,Hareketler!$E$5:$E$2004,"Gelir",Hareketler!$A$5:$A$2004,">="&DATE(Ay!$C$3,1,1),Hareketler!$A$5:$A$2004,"<"&DATE(Ay!$C$3,2,1)) -> 0 | D5: =SUMIFS(Hareketler!$C$5:$C$2004,Hareketler!$E$5:$E$2004,"Sabit gider",Hareketler!$A$5:$A$2004,">="&DATE(Ay!$C$3,1,1),Hareketler!$A$5:$A$2004,"<"&DATE(Ay!$C$3,2,1)) -> 0 | E5: =SUMIFS(Hareketler!$C$5:$C$2004,Hareketler!$E$5:$E$2004,"Değişken gider",Hareketler!$A$5:$A$2004,">="&DATE(Ay!$C$3,1,1),Hareketler!$A$5:$A$2004,"<"&DATE(Ay!$C$3,2,1)) -> 0 | F5: =SUMIFS(Hareketler!$C$5:$C$2004,Hareketler!$E$5:$E$2004,"Birikim",Hareketler!$A$5:$A$2004,">="&DATE(Ay!$C$3,1,1),Hareketler!$A$5:$A$2004,"<"&DATE(Ay!$C$3,2,1)) -> 0 | G5: =C5-D5-E5-F5 -> 0
B6: Şubat | C6: =SUMIFS(Hareketler!$C$5:$C$2004,Hareketler!$E$5:$E$2004,"Gelir",Hareketler!$A$5:$A$2004,">="&DATE(Ay!$C$3,2,1),Hareketler!$A$5:$A$2004,"<"&DATE(Ay!$C$3,3,1)) -> 0 | D6: =SUMIFS(Hareketler!$C$5:$C$2004,Hareketler!$E$5:$E$2004,"Sabit gider",Hareketler!$A$5:$A$2004,">="&DATE(Ay!$C$3,2,1),Hareketler!$A$5:$A$2004,"<"&DATE(Ay!$C$3,3,1)) -> 0 | E6: =SUMIFS(Hareketler!$C$5:$C$2004,Hareketler!$E$5:$E$2004,"Değişken gider",Hareketler!$A$5:$A$2004,">="&DATE(Ay!$C$3,2,1),Hareketler!$A$5:$A$2004,"<"&DATE(Ay!$C$3,3,1)) -> 0 | F6: =SUMIFS(Hareketler!$C$5:$C$2004,Hareketler!$E$5:$E$2004,"Birikim",Hareketler!$A$5:$A$2004,">="&DATE(Ay!$C$3,2,1),Hareketler!$A$5:$A$2004,"<"&DATE(Ay!$C$3,3,1)) -> 0 | G6: =C6-D6-E6-F6 -> 0
B7: Mart | C7: =SUMIFS(Hareketler!$C$5:$C$2004,Hareketler!$E$5:$E$2004,"Gelir",Hareketler!$A$5:$A$2004,">="&DATE(Ay!$C$3,3,1),Hareketler!$A$5:$A$2004,"<"&DATE(Ay!$C$3,4,1)) -> 0 | D7: =SUMIFS(Hareketler!$C$5:$C$2004,Hareketler!$E$5:$E$2004,"Sabit gider",Hareketler!$A$5:$A$2004,">="&DATE(Ay!$C$3,3,1),Hareketler!$A$5:$A$2004,"<"&DATE(Ay!$C$3,4,1)) -> 0 | E7: =SUMIFS(Hareketler!$C$5:$C$2004,Hareketler!$E$5:$E$2004,"Değişken gider",Hareketler!$A$5:$A$2004,">="&DATE(Ay!$C$3,3,1),Hareketler!$A$5:$A$2004,"<"&DATE(Ay!$C$3,4,1)) -> 0 | F7: =SUMIFS(Hareketler!$C$5:$C$2004,Hareketler!$E$5:$E$2004,"Birikim",Hareketler!$A$5:$A$2004,">="&DATE(Ay!$C$3,3,1),Hareketler!$A$5:$A$2004,"<"&DATE(Ay!$C$3,4,1)) -> 0 | G7: =C7-D7-E7-F7 -> 0
B8: Nisan | C8: =SUMIFS(Hareketler!$C$5:$C$2004,Hareketler!$E$5:$E$2004,"Gelir",Hareketler!$A$5:$A$2004,">="&DATE(Ay!$C$3,4,1),Hareketler!$A$5:$A$2004,"<"&DATE(Ay!$C$3,5,1)) -> 0 | D8: =SUMIFS(Hareketler!$C$5:$C$2004,Hareketler!$E$5:$E$2004,"Sabit gider",Hareketler!$A$5:$A$2004,">="&DATE(Ay!$C$3,4,1),Hareketler!$A$5:$A$2004,"<"&DATE(Ay!$C$3,5,1)) -> 0 | E8: =SUMIFS(Hareketler!$C$5:$C$2004,Hareketler!$E$5:$E$2004,"Değişken gider",Hareketler!$A$5:$A$2004,">="&DATE(Ay!$C$3,4,1),Hareketler!$A$5:$A$2004,"<"&DATE(Ay!$C$3,5,1)) -> 0 | F8: =SUMIFS(Hareketler!$C$5:$C$2004,Hareketler!$E$5:$E$2004,"Birikim",Hareketler!$A$5:$A$2004,">="&DATE(Ay!$C$3,4,1),Hareketler!$A$5:$A$2004,"<"&DATE(Ay!$C$3,5,1)) -> 0 | G8: =C8-D8-E8-F8 -> 0
B9: Mayıs | C9: =SUMIFS(Hareketler!$C$5:$C$2004,Hareketler!$E$5:$E$2004,"Gelir",Hareketler!$A$5:$A$2004,">="&DATE(Ay!$C$3,5,1),Hareketler!$A$5:$A$2004,"<"&DATE(Ay!$C$3,6,1)) -> 0 | D9: =SUMIFS(Hareketler!$C$5:$C$2004,Hareketler!$E$5:$E$2004,"Sabit gider",Hareketler!$A$5:$A$2004,">="&DATE(Ay!$C$3,5,1),Hareketler!$A$5:$A$2004,"<"&DATE(Ay!$C$3,6,1)) -> 0 | E9: =SUMIFS(Hareketler!$C$5:$C$2004,Hareketler!$E$5:$E$2004,"Değişken gider",Hareketler!$A$5:$A$2004,">="&DATE(Ay!$C$3,5,1),Hareketler!$A$5:$A$2004,"<"&DATE(Ay!$C$3,6,1)) -> 0 | F9: =SUMIFS(Hareketler!$C$5:$C$2004,Hareketler!$E$5:$E$2004,"Birikim",Hareketler!$A$5:$A$2004,">="&DATE(Ay!$C$3,5,1),Hareketler!$A$5:$A$2004,"<"&DATE(Ay!$C$3,6,1)) -> 0 | G9: =C9-D9-E9-F9 -> 0
B10: Haziran | C10: =SUMIFS(Hareketler!$C$5:$C$2004,Hareketler!$E$5:$E$2004,"Gelir",Hareketler!$A$5:$A$2004,">="&DATE(Ay!$C$3,6,1),Hareketler!$A$5:$A$2004,"<"&DATE(Ay!$C$3,7,1)) -> 0 | D10: =SUMIFS(Hareketler!$C$5:$C$2004,Hareketler!$E$5:$E$2004,"Sabit gider",Hareketler!$A$5:$A$2004,">="&DATE(Ay!$C$3,6,1),Hareketler!$A$5:$A$2004,"<"&DATE(Ay!$C$3,7,1)) -> 0 | E10: =SUMIFS(Hareketler!$C$5:$C$2004,Hareketler!$E$5:$E$2004,"Değişken gider",Hareketler!$A$5:$A$2004,">="&DATE(Ay!$C$3,6,1),Hareketler!$A$5:$A$2004,"<"&DATE(Ay!$C$3,7,1)) -> 0 | F10: =SUMIFS(Hareketler!$C$5:$C$2004,Hareketler!$E$5:$E$2004,"Birikim",Hareketler!$A$5:$A$2004,">="&DATE(Ay!$C$3,6,1),Hareketler!$A$5:$A$2004,"<"&DATE(Ay!$C$3,7,1)) -> 0 | G10: =C10-D10-E10-F10 -> 0
B11: Temmuz | C11: =SUMIFS(Hareketler!$C$5:$C$2004,Hareketler!$E$5:$E$2004,"Gelir",Hareketler!$A$5:$A$2004,">="&DATE(Ay!$C$3,7,1),Hareketler!$A$5:$A$2004,"<"&DATE(Ay!$C$3,8,1)) -> 0 | D11: =SUMIFS(Hareketler!$C$5:$C$2004,Hareketler!$E$5:$E$2004,"Sabit gider",Hareketler!$A$5:$A$2004,">="&DATE(Ay!$C$3,7,1),Hareketler!$A$5:$A$2004,"<"&DATE(Ay!$C$3,8,1)) -> 0 | E11: =SUMIFS(Hareketler!$C$5:$C$2004,Hareketler!$E$5:$E$2004,"Değişken gider",Hareketler!$A$5:$A$2004,">="&DATE(Ay!$C$3,7,1),Hareketler!$A$5:$A$2004,"<"&DATE(Ay!$C$3,8,1)) -> 0 | F11: =SUMIFS(Hareketler!$C$5:$C$2004,Hareketler!$E$5:$E$2004,"Birikim",Hareketler!$A$5:$A$2004,">="&DATE(Ay!$C$3,7,1),Hareketler!$A$5:$A$2004,"<"&DATE(Ay!$C$3,8,1)) -> 0 | G11: =C11-D11-E11-F11 -> 0
B12: Ağustos | C12: =SUMIFS(Hareketler!$C$5:$C$2004,Hareketler!$E$5:$E$2004,"Gelir",Hareketler!$A$5:$A$2004,">="&DATE(Ay!$C$3,8,1),Hareketler!$A$5:$A$2004,"<"&DATE(Ay!$C$3,9,1)) -> 0 | D12: =SUMIFS(Hareketler!$C$5:$C$2004,Hareketler!$E$5:$E$2004,"Sabit gider",Hareketler!$A$5:$A$2004,">="&DATE(Ay!$C$3,8,1),Hareketler!$A$5:$A$2004,"<"&DATE(Ay!$C$3,9,1)) -> 0 | E12: =SUMIFS(Hareketler!$C$5:$C$2004,Hareketler!$E$5:$E$2004,"Değişken gider",Hareketler!$A$5:$A$2004,">="&DATE(Ay!$C$3,8,1),Hareketler!$A$5:$A$2004,"<"&DATE(Ay!$C$3,9,1)) -> 0 | F12: =SUMIFS(Hareketler!$C$5:$C$2004,Hareketler!$E$5:$E$2004,"Birikim",Hareketler!$A$5:$A$2004,">="&DATE(Ay!$C$3,8,1),Hareketler!$A$5:$A$2004,"<"&DATE(Ay!$C$3,9,1)) -> 0 | G12: =C12-D12-E12-F12 -> 0
B13: Eylül | C13: =SUMIFS(Hareketler!$C$5:$C$2004,Hareketler!$E$5:$E$2004,"Gelir",Hareketler!$A$5:$A$2004,">="&DATE(Ay!$C$3,9,1),Hareketler!$A$5:$A$2004,"<"&DATE(Ay!$C$3,10,1)) -> 79000 | D13: =SUMIFS(Hareketler!$C$5:$C$2004,Hareketler!$E$5:$E$2004,"Sabit gider",Hareketler!$A$5:$A$2004,">="&DATE(Ay!$C$3,9,1),Hareketler!$A$5:$A$2004,"<"&DATE(Ay!$C$3,10,1)) -> 25300 | E13: =SUMIFS(Hareketler!$C$5:$C$2004,Hareketler!$E$5:$E$2004,"Değişken gider",Hareketler!$A$5:$A$2004,">="&DATE(Ay!$C$3,9,1),Hareketler!$A$5:$A$2004,"<"&DATE(Ay!$C$3,10,1)) -> 22200 | F13: =SUMIFS(Hareketler!$C$5:$C$2004,Hareketler!$E$5:$E$2004,"Birikim",Hareketler!$A$5:$A$2004,">="&DATE(Ay!$C$3,9,1),Hareketler!$A$5:$A$2004,"<"&DATE(Ay!$C$3,10,1)) -> 8000 | G13: =C13-D13-E13-F13 -> 23500
B14: Ekim | C14: =SUMIFS(Hareketler!$C$5:$C$2004,Hareketler!$E$5:$E$2004,"Gelir",Hareketler!$A$5:$A$2004,">="&DATE(Ay!$C$3,10,1),Hareketler!$A$5:$A$2004,"<"&DATE(Ay!$C$3,11,1)) -> 75000 | D14: =SUMIFS(Hareketler!$C$5:$C$2004,Hareketler!$E$5:$E$2004,"Sabit gider",Hareketler!$A$5:$A$2004,">="&DATE(Ay!$C$3,10,1),Hareketler!$A$5:$A$2004,"<"&DATE(Ay!$C$3,11,1)) -> 22000 | E14: =SUMIFS(Hareketler!$C$5:$C$2004,Hareketler!$E$5:$E$2004,"Değişken gider",Hareketler!$A$5:$A$2004,">="&DATE(Ay!$C$3,10,1),Hareketler!$A$5:$A$2004,"<"&DATE(Ay!$C$3,11,1)) -> 12700 | F14: =SUMIFS(Hareketler!$C$5:$C$2004,Hareketler!$E$5:$E$2004,"Birikim",Hareketler!$A$5:$A$2004,">="&DATE(Ay!$C$3,10,1),Hareketler!$A$5:$A$2004,"<"&DATE(Ay!$C$3,11,1)) -> 10000 | G14: =C14-D14-E14-F14 -> 30300
B15: Kasım | C15: =SUMIFS(Hareketler!$C$5:$C$2004,Hareketler!$E$5:$E$2004,"Gelir",Hareketler!$A$5:$A$2004,">="&DATE(Ay!$C$3,11,1),Hareketler!$A$5:$A$2004,"<"&DATE(Ay!$C$3,12,1)) -> 0 | D15: =SUMIFS(Hareketler!$C$5:$C$2004,Hareketler!$E$5:$E$2004,"Sabit gider",Hareketler!$A$5:$A$2004,">="&DATE(Ay!$C$3,11,1),Hareketler!$A$5:$A$2004,"<"&DATE(Ay!$C$3,12,1)) -> 0 | E15: =SUMIFS(Hareketler!$C$5:$C$2004,Hareketler!$E$5:$E$2004,"Değişken gider",Hareketler!$A$5:$A$2004,">="&DATE(Ay!$C$3,11,1),Hareketler!$A$5:$A$2004,"<"&DATE(Ay!$C$3,12,1)) -> 0 | F15: =SUMIFS(Hareketler!$C$5:$C$2004,Hareketler!$E$5:$E$2004,"Birikim",Hareketler!$A$5:$A$2004,">="&DATE(Ay!$C$3,11,1),Hareketler!$A$5:$A$2004,"<"&DATE(Ay!$C$3,12,1)) -> 0 | G15: =C15-D15-E15-F15 -> 0
B16: Aralık | C16: =SUMIFS(Hareketler!$C$5:$C$2004,Hareketler!$E$5:$E$2004,"Gelir",Hareketler!$A$5:$A$2004,">="&DATE(Ay!$C$3,12,1),Hareketler!$A$5:$A$2004,"<"&DATE(Ay!$C$3,13,1)) -> 0 | D16: =SUMIFS(Hareketler!$C$5:$C$2004,Hareketler!$E$5:$E$2004,"Sabit gider",Hareketler!$A$5:$A$2004,">="&DATE(Ay!$C$3,12,1),Hareketler!$A$5:$A$2004,"<"&DATE(Ay!$C$3,13,1)) -> 0 | E16: =SUMIFS(Hareketler!$C$5:$C$2004,Hareketler!$E$5:$E$2004,"Değişken gider",Hareketler!$A$5:$A$2004,">="&DATE(Ay!$C$3,12,1),Hareketler!$A$5:$A$2004,"<"&DATE(Ay!$C$3,13,1)) -> 0 | F16: =SUMIFS(Hareketler!$C$5:$C$2004,Hareketler!$E$5:$E$2004,"Birikim",Hareketler!$A$5:$A$2004,">="&DATE(Ay!$C$3,12,1),Hareketler!$A$5:$A$2004,"<"&DATE(Ay!$C$3,13,1)) -> 0 | G16: =C16-D16-E16-F16 -> 0
B17: TOPLAM | C17: =SUM(C5:C16) -> 154000 | D17: =SUM(D5:D16) -> 47300 | E17: =SUM(E5:E16) -> 34900 | F17: =SUM(F5:F16) -> 18000 | G17: =SUM(G5:G16) -> 53800
B19: Aylık plan toplamları
B20: Gelir | C20: =SUMIFS(Plan!$C$5:$C$44,Plan!$B$5:$B$44,"Gelir") -> 80000
B21: Sabit gider | C21: =SUMIFS(Plan!$C$5:$C$44,Plan!$B$5:$B$44,"Sabit gider") -> 25500
B22: Değişken gider | C22: =SUMIFS(Plan!$C$5:$C$44,Plan!$B$5:$B$44,"Değişken gider") -> 28500
B23: Birikim | C23: =SUMIFS(Plan!$C$5:$C$44,Plan!$B$5:$B$44,"Birikim") -> 10000

Sheet Plan
A1: Plan
A2: Her kategori için türünü ve aylık plan tutarını yaz.
A4: Kategori | B4: Tür | C4: Aylık plan (₺)
A5: Maaş | B5: Gelir | C5: 75000
A6: Ek gelir | B6: Gelir | C6: 5000
A7: Kira | B7: Sabit gider | C7: 22000
A8: Faturalar | B8: Sabit gider | C8: 3500
A9: Market | B9: Değişken gider | C9: 14000
A10: Ulaşım | B10: Değişken gider | C10: 4000
A11: Dışarıda yemek | B11: Değişken gider | C11: 5000
A12: Giyim | B12: Değişken gider | C12: 3000
A13: Eğlence | B13: Değişken gider | C13: 2500
A14: Birikim hesabı | B14: Birikim | C14: 10000

Sheet AI Komutları
B1: Yapay Zeka Komutları
B2: İlgili sayfada başlık satırıyla birlikte kayıtlarını seç, kopyala, kullandığın yapay zeka asistanına yapıştır ve altına komutu ekle.
B3: Dikkat: Açıklamalardaki kişi adlarını ve hesap numaralarını sil. Yapay zekanın verdiği rakamları dosyadaki özet sayfasıyla karşılaştır.
B5: Ne için | C5: Komut (kopyala, yapıştır)
B6: Sınırı aşanlar | C6: [Ay sayfasındaki tablo] Planı aşan gider kategorilerini ve aşım tutarını listele. Her biri için gelecek ay uygulanabilir bir öneri ver.
B7: Gerçekçi plan | C7: [Yıl sayfası] Son üç ayın gerçekleşen harcamalarına bakarak her değişken gider için daha gerçekçi bir aylık plan öner.
B8: Birikim hedefi | C8: [tutar] biriktirmek istiyorum. Mevcut kalan tutarımla bu kaç ay sürer? Süreyi kısaltmak için hangi kalemlerden ne kadar kısmalıyım?
B9: Haftalık bütçe | C9: [Plan sayfası] Değişken gider planımı haftalık sınırlara böl ve her hafta için kısa bir kontrol listesi yaz.
B10: Harcama alışkanlığı | C10: [Hareketler sayfası] Harcamalarımı haftanın günlerine göre topla. En çok hangi gün ve hangi kategoride harcıyorum?
B11: Ay sonu özeti | C11: [Ay sayfası] Bu ayı beş cümleyle özetle: ne iyi gitti, ne kötü gitti, gelecek ay neye dikkat etmeliyim.
