Workbook

Sheet Başla
B2: EXCEL KLİNİĞİ
B3: MENÜ | Haftalık yemek planı ve alışveriş listesi
B4: Haftanın yemeklerini seç; hangi malzemeden ne kadar alacağını dosya toplasın.
B6: NASIL KULLANILIR
B7: 1. Listeler | C7: Kullandığın malzemeleri yaz.
B8: 2. Yemekler ve Tarifler | C8: Yemeklerini ve her yemeğin malzemelerini miktarıyla gir.
B9: 3. Plan | C9: Haftanın öğünlerine yemek seç.
B10: 4. Alışveriş | C10: Seçtiğin yemeklere göre her malzemeden ne kadar gerektiğini gör.
B12: BİLMEN GEREKENLER
B13: Aynı birim | C13: Bir malzemeyi bütün tariflerde aynı birimle yaz (hep kg ya da hep adet); dosya birim çevirmez.
B14: Evdeki malzeme | C14: Liste evde olanı düşmez; almadan önce dolabına bak.
B15: Kapasite | C15: Yemekler: 60 satır; Tarifler: 600 satır.
B17: RENKLER
B18: Sarı hücre | C18: Senin dolduracağın hücre. İçindeki örnekleri silip kendi bilgini yaz.
B19: Beyaz hücre, açık başlık | C19: Formül. Değiştirme, kendiliğinden hesaplanır.

Sheet Plan
A1: Haftalık Plan
A2: Her öğün için yemeği listeden seç. Yeni hafta için hücreleri silip yeniden doldur.
B4: Gün | C4: Kahvaltı | D4: Öğle | E4: Akşam
B5: Pazartesi | D5: Mercimek çorbası | E5: Kıymalı makarna
B6: Salı | C6: Menemen | E6: Tavuk pilav
B7: Çarşamba
B8: Perşembe | E8: Kıymalı makarna
B9: Cuma
B10: Cumartesi | C10: Menemen | D10: Mercimek çorbası
B11: Pazar

Sheet Alışveriş
A1: Alışveriş
A2: Bu sayfaya yazma. Plan sayfasındaki seçimlere göre hesaplanır.
B5: Planlanan öğün | C5: Farklı yemek
B6: =COUNTA(Plan!C5:E11) -> 7 | C6: =COUNTIF(Yemekler!$C$5:$C$64,">0") -> 4
B8: Bu hafta alınacaklar
B9: Malzeme | C9: Gereken miktar | D9: Birim
B10: =IF(Listeler!A5="","",Listeler!A5) -> Kıyma | C10: =IF(B10="","",SUMIFS(Tarifler!$E$5:$E$604,Tarifler!$B$5:$B$604,B10)) -> 0.8 | D10: =IF(B10="","",IFERROR(INDEX(Tarifler!$D$5:$D$604,MATCH(B10,Tarifler!$B$5:$B$604,0))&"","")) -> kg
B11: =IF(Listeler!A6="","",Listeler!A6) -> Soğan | C11: =IF(B11="","",SUMIFS(Tarifler!$E$5:$E$604,Tarifler!$B$5:$B$604,B11)) -> 0.7 | D11: =IF(B11="","",IFERROR(INDEX(Tarifler!$D$5:$D$604,MATCH(B11,Tarifler!$B$5:$B$604,0))&"","")) -> kg
B12: =IF(Listeler!A7="","",Listeler!A7) -> Domates | C12: =IF(B12="","",SUMIFS(Tarifler!$E$5:$E$604,Tarifler!$B$5:$B$604,B12)) -> 1.4 | D12: =IF(B12="","",IFERROR(INDEX(Tarifler!$D$5:$D$604,MATCH(B12,Tarifler!$B$5:$B$604,0))&"","")) -> kg
B13: =IF(Listeler!A8="","",Listeler!A8) -> Makarna | C13: =IF(B13="","",SUMIFS(Tarifler!$E$5:$E$604,Tarifler!$B$5:$B$604,B13)) -> 1 | D13: =IF(B13="","",IFERROR(INDEX(Tarifler!$D$5:$D$604,MATCH(B13,Tarifler!$B$5:$B$604,0))&"","")) -> kg
B14: =IF(Listeler!A9="","",Listeler!A9) -> Pirinç | C14: =IF(B14="","",SUMIFS(Tarifler!$E$5:$E$604,Tarifler!$B$5:$B$604,B14)) -> 0.4 | D14: =IF(B14="","",IFERROR(INDEX(Tarifler!$D$5:$D$604,MATCH(B14,Tarifler!$B$5:$B$604,0))&"","")) -> kg
B15: =IF(Listeler!A10="","",Listeler!A10) -> Tavuk but | C15: =IF(B15="","",SUMIFS(Tarifler!$E$5:$E$604,Tarifler!$B$5:$B$604,B15)) -> 1 | D15: =IF(B15="","",IFERROR(INDEX(Tarifler!$D$5:$D$604,MATCH(B15,Tarifler!$B$5:$B$604,0))&"","")) -> kg
B16: =IF(Listeler!A11="","",Listeler!A11) -> Yoğurt | C16: =IF(B16="","",SUMIFS(Tarifler!$E$5:$E$604,Tarifler!$B$5:$B$604,B16)) -> 0 | D16: =IF(B16="","",IFERROR(INDEX(Tarifler!$D$5:$D$604,MATCH(B16,Tarifler!$B$5:$B$604,0))&"",""))
B17: =IF(Listeler!A12="","",Listeler!A12) -> Mercimek | C17: =IF(B17="","",SUMIFS(Tarifler!$E$5:$E$604,Tarifler!$B$5:$B$604,B17)) -> 0.5 | D17: =IF(B17="","",IFERROR(INDEX(Tarifler!$D$5:$D$604,MATCH(B17,Tarifler!$B$5:$B$604,0))&"","")) -> kg
B18: =IF(Listeler!A13="","",Listeler!A13) -> Zeytinyağı | C18: =IF(B18="","",SUMIFS(Tarifler!$E$5:$E$604,Tarifler!$B$5:$B$604,B18)) -> 0 | D18: =IF(B18="","",IFERROR(INDEX(Tarifler!$D$5:$D$604,MATCH(B18,Tarifler!$B$5:$B$604,0))&"",""))
B19: =IF(Listeler!A14="","",Listeler!A14) -> Yumurta | C19: =IF(B19="","",SUMIFS(Tarifler!$E$5:$E$604,Tarifler!$B$5:$B$604,B19)) -> 8 | D19: =IF(B19="","",IFERROR(INDEX(Tarifler!$D$5:$D$604,MATCH(B19,Tarifler!$B$5:$B$604,0))&"","")) -> adet
B20: =IF(Listeler!A15="","",Listeler!A15) | C20: =IF(B20="","",SUMIFS(Tarifler!$E$5:$E$604,Tarifler!$B$5:$B$604,B20)) | D20: =IF(B20="","",IFERROR(INDEX(Tarifler!$D$5:$D$604,MATCH(B20,Tarifler!$B$5:$B$604,0))&"",""))
B21: =IF(Listeler!A16="","",Listeler!A16) | C21: =IF(B21="","",SUMIFS(Tarifler!$E$5:$E$604,Tarifler!$B$5:$B$604,B21)) | D21: =IF(B21="","",IFERROR(INDEX(Tarifler!$D$5:$D$604,MATCH(B21,Tarifler!$B$5:$B$604,0))&"",""))
... B89: =IF(Listeler!A84="","",Listeler!A84) | C89: =IF(B89="","",SUMIFS(Tarifler!$E$5:$E$604,Tarifler!$B$5:$B$604,B89)) | D89: =IF(B89="","",IFERROR(INDEX(Tarifler!$D$5:$D$604,MATCH(B89,Tarifler!$B$5:$B$604,0))&"",""))

Sheet Yemekler
A1: Yemekler
A2: Yaptığın yemekleri yaz. Bu hafta kaç kez planlandığı kendiliğinden sayılır.
A4: Yemek | B4: Kaç kişilik | C4: Bu hafta
A5: Kıymalı makarna | B5: 4 | C5: =IF(A5="","",COUNTIF(Plan!$C$5:$E$11,A5)) -> 2
A6: Tavuk pilav | B6: 4 | C6: =IF(A6="","",COUNTIF(Plan!$C$5:$E$11,A6)) -> 1
A7: Mercimek çorbası | B7: 4 | C7: =IF(A7="","",COUNTIF(Plan!$C$5:$E$11,A7)) -> 2
A8: Menemen | B8: 2 | C8: =IF(A8="","",COUNTIF(Plan!$C$5:$E$11,A8)) -> 2
C9: =IF(A9="","",COUNTIF(Plan!$C$5:$E$11,A9))
C10: =IF(A10="","",COUNTIF(Plan!$C$5:$E$11,A10))
C11: =IF(A11="","",COUNTIF(Plan!$C$5:$E$11,A11))
C12: =IF(A12="","",COUNTIF(Plan!$C$5:$E$11,A12))
C13: =IF(A13="","",COUNTIF(Plan!$C$5:$E$11,A13))
C14: =IF(A14="","",COUNTIF(Plan!$C$5:$E$11,A14))
C15: =IF(A15="","",COUNTIF(Plan!$C$5:$E$11,A15))
C16: =IF(A16="","",COUNTIF(Plan!$C$5:$E$11,A16))
C17: =IF(A17="","",COUNTIF(Plan!$C$5:$E$11,A17))
C18: =IF(A18="","",COUNTIF(Plan!$C$5:$E$11,A18))
C19: =IF(A19="","",COUNTIF(Plan!$C$5:$E$11,A19))
C20: =IF(A20="","",COUNTIF(Plan!$C$5:$E$11,A20))
... C64: =IF(A64="","",COUNTIF(Plan!$C$5:$E$11,A64))

Sheet Tarifler
A1: Tarifler
A2: Her satır bir yemeğin bir malzemesi. Miktarı yemeğin tamamı için yaz.
A4: Yemek | B4: Malzeme | C4: Miktar | D4: Birim | E4: Bu hafta gereken
A5: Kıymalı makarna | B5: Kıyma | C5: 0.4 | D5: kg | E5: =IF(OR(A5="",C5=""),"",C5*IFERROR(INDEX(Yemekler!$C$5:$C$64,MATCH(A5,Yemekler!$A$5:$A$64,0)),0)) -> 0.8
A6: Kıymalı makarna | B6: Makarna | C6: 0.5 | D6: kg | E6: =IF(OR(A6="",C6=""),"",C6*IFERROR(INDEX(Yemekler!$C$5:$C$64,MATCH(A6,Yemekler!$A$5:$A$64,0)),0)) -> 1
A7: Kıymalı makarna | B7: Soğan | C7: 0.2 | D7: kg | E7: =IF(OR(A7="",C7=""),"",C7*IFERROR(INDEX(Yemekler!$C$5:$C$64,MATCH(A7,Yemekler!$A$5:$A$64,0)),0)) -> 0.4
A8: Kıymalı makarna | B8: Domates | C8: 0.3 | D8: kg | E8: =IF(OR(A8="",C8=""),"",C8*IFERROR(INDEX(Yemekler!$C$5:$C$64,MATCH(A8,Yemekler!$A$5:$A$64,0)),0)) -> 0.6
A9: Tavuk pilav | B9: Tavuk but | C9: 1 | D9: kg | E9: =IF(OR(A9="",C9=""),"",C9*IFERROR(INDEX(Yemekler!$C$5:$C$64,MATCH(A9,Yemekler!$A$5:$A$64,0)),0)) -> 1
A10: Tavuk pilav | B10: Pirinç | C10: 0.4 | D10: kg | E10: =IF(OR(A10="",C10=""),"",C10*IFERROR(INDEX(Yemekler!$C$5:$C$64,MATCH(A10,Yemekler!$A$5:$A$64,0)),0)) -> 0.4
A11: Mercimek çorbası | B11: Mercimek | C11: 0.25 | D11: kg | E11: =IF(OR(A11="",C11=""),"",C11*IFERROR(INDEX(Yemekler!$C$5:$C$64,MATCH(A11,Yemekler!$A$5:$A$64,0)),0)) -> 0.5
A12: Mercimek çorbası | B12: Soğan | C12: 0.15 | D12: kg | E12: =IF(OR(A12="",C12=""),"",C12*IFERROR(INDEX(Yemekler!$C$5:$C$64,MATCH(A12,Yemekler!$A$5:$A$64,0)),0)) -> 0.3
A13: Menemen | B13: Yumurta | C13: 4 | D13: adet | E13: =IF(OR(A13="",C13=""),"",C13*IFERROR(INDEX(Yemekler!$C$5:$C$64,MATCH(A13,Yemekler!$A$5:$A$64,0)),0)) -> 8
A14: Menemen | B14: Domates | C14: 0.4 | D14: kg | E14: =IF(OR(A14="",C14=""),"",C14*IFERROR(INDEX(Yemekler!$C$5:$C$64,MATCH(A14,Yemekler!$A$5:$A$64,0)),0)) -> 0.8
E15: =IF(OR(A15="",C15=""),"",C15*IFERROR(INDEX(Yemekler!$C$5:$C$64,MATCH(A15,Yemekler!$A$5:$A$64,0)),0))
E16: =IF(OR(A16="",C16=""),"",C16*IFERROR(INDEX(Yemekler!$C$5:$C$64,MATCH(A16,Yemekler!$A$5:$A$64,0)),0))
E17: =IF(OR(A17="",C17=""),"",C17*IFERROR(INDEX(Yemekler!$C$5:$C$64,MATCH(A17,Yemekler!$A$5:$A$64,0)),0))
E18: =IF(OR(A18="",C18=""),"",C18*IFERROR(INDEX(Yemekler!$C$5:$C$64,MATCH(A18,Yemekler!$A$5:$A$64,0)),0))
E19: =IF(OR(A19="",C19=""),"",C19*IFERROR(INDEX(Yemekler!$C$5:$C$64,MATCH(A19,Yemekler!$A$5:$A$64,0)),0))
E20: =IF(OR(A20="",C20=""),"",C20*IFERROR(INDEX(Yemekler!$C$5:$C$64,MATCH(A20,Yemekler!$A$5:$A$64,0)),0))
E21: =IF(OR(A21="",C21=""),"",C21*IFERROR(INDEX(Yemekler!$C$5:$C$64,MATCH(A21,Yemekler!$A$5:$A$64,0)),0))
E22: =IF(OR(A22="",C22=""),"",C22*IFERROR(INDEX(Yemekler!$C$5:$C$64,MATCH(A22,Yemekler!$A$5:$A$64,0)),0))
E23: =IF(OR(A23="",C23=""),"",C23*IFERROR(INDEX(Yemekler!$C$5:$C$64,MATCH(A23,Yemekler!$A$5:$A$64,0)),0))
E24: =IF(OR(A24="",C24=""),"",C24*IFERROR(INDEX(Yemekler!$C$5:$C$64,MATCH(A24,Yemekler!$A$5:$A$64,0)),0))
E25: =IF(OR(A25="",C25=""),"",C25*IFERROR(INDEX(Yemekler!$C$5:$C$64,MATCH(A25,Yemekler!$A$5:$A$64,0)),0))
E26: =IF(OR(A26="",C26=""),"",C26*IFERROR(INDEX(Yemekler!$C$5:$C$64,MATCH(A26,Yemekler!$A$5:$A$64,0)),0))
... E604: =IF(OR(A604="",C604=""),"",C604*IFERROR(INDEX(Yemekler!$C$5:$C$64,MATCH(A604,Yemekler!$A$5:$A$64,0)),0))

Sheet Listeler
A1: Listeler
A2: Açılır listelerde çıkan seçenekler. Sarı hücrelere kendi seçeneklerini yaz.
A4: Malzeme
A5: Kıyma
A6: Soğan
A7: Domates
A8: Makarna
A9: Pirinç
A10: Tavuk but
A11: Yoğurt
A12: Mercimek
A13: Zeytinyağı
A14: Yumurta

Sheet AI Komutları
B1: Yapay Zeka Komutları
B2: İlgili sayfada başlık satırıyla birlikte kayıtlarını seç, kopyala, kullandığın yapay zeka asistanına yapıştır ve altına komutu ekle.
B3: Dikkat: Paylaşılacak kişisel bilgi yok. Yapay zekanın verdiği rakamları dosyadaki özet sayfasıyla karşılaştır.
B5: Ne için | C5: Komut (kopyala, yapıştır)
B6: Yeni tarif | C6: Elimdeki malzemelerle [malzemeler] yapılabilecek üç akşam yemeği öner ve malzeme miktarlarını ver.
B7: Dengeli hafta | C7: [Plan sayfası] Bu haftalık planı çeşitlilik açısından değerlendir ve iki değişiklik öner.
B8: Market sırası | C8: [Alışveriş sayfası] Listeyi market reyonlarına göre grupla.
B9: Bütçe | C9: Bu alışveriş listesinin tahmini tutarını hesaplamak için hangi fiyatları bilmen gerekiyor, sor ve hesapla.
