Workbook

Sheet Başla
B2: EXCEL KLİNİĞİ
B3: ANTRENMAN | Antrenman günlüğü
B4: Hangi harekette ne kaldırdın, rekorun ne, haftalık ve aylık yükün nasıl gidiyor.
B6: NASIL KULLANILIR
B7: 1. Listeler | C7: Yaptığın hareketleri yaz.
B8: 2. Günlük | C8: Her antrenmanda hareket, set, tekrar ve ağırlığı gir.
B9: 3. Özet | C9: Aylık antrenman günü ve hacim, hareket bazında en iyi dereceler.
B11: BİLMEN GEREKENLER
B12: Tahmini 1 tekrar | C12: Ağırlık × (1 + tekrar / 30) formülüyle bulunan yaklaşık değerdir; gerçek en yüksek kaldırışın farklı olabilir.
B13: Rekor | C13: Bir harekette tahmini 1 tekrar değeri o hareketin en yükseğine eşitse Rekor yazar.
B14: Sağlık | C14: Dosya antrenman önerisi vermez. Ağrı ya da sakatlıkta bir uzmana danış.
B15: Kapasite | C15: Günlük: 2000 satır.
B17: RENKLER
B18: Sarı hücre | C18: Senin dolduracağın hücre. İçindeki örnekleri silip kendi bilgini yaz.
B19: Beyaz hücre, açık başlık | C19: Formül. Değiştirme, kendiliğinden hesaplanır.

Sheet Günlük
A1: Antrenman Günlüğü
A2: Her set grubunu bir satır yaz: hareket, set, tekrar ve ağırlık.
A4: Tarih | B4: Hareket | C4: Set | D4: Tekrar | E4: Ağırlık (kg) | F4: Hacim (kg) | G4: Tahmini 1 tekrar (kg) | H4: y1 | I4: Rekor | J4: y2
A5: 46293 | B5: Squat | C5: 3 | D5: 5 | E5: 80 | F5: =IF(OR(C5="",D5="",E5=""),"",C5*D5*E5) -> 1200 | G5: =IF(OR(D5="",E5=""),"",E5*(1+D5/30)) -> 93.333333 | H5: =IF(G5="",0,G5) -> 93.333333 | I5: =IF(H5>0,IF(H5>=SUMPRODUCT(MAX(($B$5:$B$2004=B5)*$H$5:$H$2004)),"Rekor",""),"") | J5: =IF(A5="",0,IF(COUNTIF(A$5:A5,A5)=1,1,0)) -> 1
A6: 46293 | B6: Bench press | C6: 3 | D6: 8 | E6: 60 | F6: =IF(OR(C6="",D6="",E6=""),"",C6*D6*E6) -> 1440 | G6: =IF(OR(D6="",E6=""),"",E6*(1+D6/30)) -> 76 | H6: =IF(G6="",0,G6) -> 76 | I6: =IF(H6>0,IF(H6>=SUMPRODUCT(MAX(($B$5:$B$2004=B6)*$H$5:$H$2004)),"Rekor",""),"") -> Rekor | J6: =IF(A6="",0,IF(COUNTIF(A$5:A6,A6)=1,1,0)) -> 0
A7: 46295 | B7: Deadlift | C7: 1 | D7: 5 | E7: 110 | F7: =IF(OR(C7="",D7="",E7=""),"",C7*D7*E7) -> 550 | G7: =IF(OR(D7="",E7=""),"",E7*(1+D7/30)) -> 128.33333 | H7: =IF(G7="",0,G7) -> 128.33333 | I7: =IF(H7>0,IF(H7>=SUMPRODUCT(MAX(($B$5:$B$2004=B7)*$H$5:$H$2004)),"Rekor",""),"") -> Rekor | J7: =IF(A7="",0,IF(COUNTIF(A$5:A7,A7)=1,1,0)) -> 1
A8: 46297 | B8: Squat | C8: 3 | D8: 5 | E8: 85 | F8: =IF(OR(C8="",D8="",E8=""),"",C8*D8*E8) -> 1275 | G8: =IF(OR(D8="",E8=""),"",E8*(1+D8/30)) -> 99.166667 | H8: =IF(G8="",0,G8) -> 99.166667 | I8: =IF(H8>0,IF(H8>=SUMPRODUCT(MAX(($B$5:$B$2004=B8)*$H$5:$H$2004)),"Rekor",""),"") -> Rekor | J8: =IF(A8="",0,IF(COUNTIF(A$5:A8,A8)=1,1,0)) -> 1
A9: 46297 | B9: Bench press | C9: 3 | D9: 6 | E9: 62.5 | F9: =IF(OR(C9="",D9="",E9=""),"",C9*D9*E9) -> 1125 | G9: =IF(OR(D9="",E9=""),"",E9*(1+D9/30)) -> 75 | H9: =IF(G9="",0,G9) -> 75 | I9: =IF(H9>0,IF(H9>=SUMPRODUCT(MAX(($B$5:$B$2004=B9)*$H$5:$H$2004)),"Rekor",""),"") | J9: =IF(A9="",0,IF(COUNTIF(A$5:A9,A9)=1,1,0)) -> 0
A10: 46299 | B10: Squat | C10: 5 | D10: 3 | E10: 87.5 | F10: =IF(OR(C10="",D10="",E10=""),"",C10*D10*E10) -> 1312.5 | G10: =IF(OR(D10="",E10=""),"",E10*(1+D10/30)) -> 96.25 | H10: =IF(G10="",0,G10) -> 96.25 | I10: =IF(H10>0,IF(H10>=SUMPRODUCT(MAX(($B$5:$B$2004=B10)*$H$5:$H$2004)),"Rekor",""),"") | J10: =IF(A10="",0,IF(COUNTIF(A$5:A10,A10)=1,1,0)) -> 1
F11: =IF(OR(C11="",D11="",E11=""),"",C11*D11*E11) | G11: =IF(OR(D11="",E11=""),"",E11*(1+D11/30)) | H11: =IF(G11="",0,G11) -> 0 | I11: =IF(H11>0,IF(H11>=SUMPRODUCT(MAX(($B$5:$B$2004=B11)*$H$5:$H$2004)),"Rekor",""),"") | J11: =IF(A11="",0,IF(COUNTIF(A$5:A11,A11)=1,1,0)) -> 0
F12: =IF(OR(C12="",D12="",E12=""),"",C12*D12*E12) | G12: =IF(OR(D12="",E12=""),"",E12*(1+D12/30)) | H12: =IF(G12="",0,G12) -> 0 | I12: =IF(H12>0,IF(H12>=SUMPRODUCT(MAX(($B$5:$B$2004=B12)*$H$5:$H$2004)),"Rekor",""),"") | J12: =IF(A12="",0,IF(COUNTIF(A$5:A12,A12)=1,1,0)) -> 0
F13: =IF(OR(C13="",D13="",E13=""),"",C13*D13*E13) | G13: =IF(OR(D13="",E13=""),"",E13*(1+D13/30)) | H13: =IF(G13="",0,G13) -> 0 | I13: =IF(H13>0,IF(H13>=SUMPRODUCT(MAX(($B$5:$B$2004=B13)*$H$5:$H$2004)),"Rekor",""),"") | J13: =IF(A13="",0,IF(COUNTIF(A$5:A13,A13)=1,1,0)) -> 0
F14: =IF(OR(C14="",D14="",E14=""),"",C14*D14*E14) | G14: =IF(OR(D14="",E14=""),"",E14*(1+D14/30)) | H14: =IF(G14="",0,G14) -> 0 | I14: =IF(H14>0,IF(H14>=SUMPRODUCT(MAX(($B$5:$B$2004=B14)*$H$5:$H$2004)),"Rekor",""),"") | J14: =IF(A14="",0,IF(COUNTIF(A$5:A14,A14)=1,1,0)) -> 0
F15: =IF(OR(C15="",D15="",E15=""),"",C15*D15*E15) | G15: =IF(OR(D15="",E15=""),"",E15*(1+D15/30)) | H15: =IF(G15="",0,G15) -> 0 | I15: =IF(H15>0,IF(H15>=SUMPRODUCT(MAX(($B$5:$B$2004=B15)*$H$5:$H$2004)),"Rekor",""),"") | J15: =IF(A15="",0,IF(COUNTIF(A$5:A15,A15)=1,1,0)) -> 0
F16: =IF(OR(C16="",D16="",E16=""),"",C16*D16*E16) | G16: =IF(OR(D16="",E16=""),"",E16*(1+D16/30)) | H16: =IF(G16="",0,G16) -> 0 | I16: =IF(H16>0,IF(H16>=SUMPRODUCT(MAX(($B$5:$B$2004=B16)*$H$5:$H$2004)),"Rekor",""),"") | J16: =IF(A16="",0,IF(COUNTIF(A$5:A16,A16)=1,1,0)) -> 0
F17: =IF(OR(C17="",D17="",E17=""),"",C17*D17*E17) | G17: =IF(OR(D17="",E17=""),"",E17*(1+D17/30)) | H17: =IF(G17="",0,G17) -> 0 | I17: =IF(H17>0,IF(H17>=SUMPRODUCT(MAX(($B$5:$B$2004=B17)*$H$5:$H$2004)),"Rekor",""),"") | J17: =IF(A17="",0,IF(COUNTIF(A$5:A17,A17)=1,1,0)) -> 0
F18: =IF(OR(C18="",D18="",E18=""),"",C18*D18*E18) | G18: =IF(OR(D18="",E18=""),"",E18*(1+D18/30)) | H18: =IF(G18="",0,G18) -> 0 | I18: =IF(H18>0,IF(H18>=SUMPRODUCT(MAX(($B$5:$B$2004=B18)*$H$5:$H$2004)),"Rekor",""),"") | J18: =IF(A18="",0,IF(COUNTIF(A$5:A18,A18)=1,1,0)) -> 0
F19: =IF(OR(C19="",D19="",E19=""),"",C19*D19*E19) | G19: =IF(OR(D19="",E19=""),"",E19*(1+D19/30)) | H19: =IF(G19="",0,G19) -> 0 | I19: =IF(H19>0,IF(H19>=SUMPRODUCT(MAX(($B$5:$B$2004=B19)*$H$5:$H$2004)),"Rekor",""),"") | J19: =IF(A19="",0,IF(COUNTIF(A$5:A19,A19)=1,1,0)) -> 0
F20: =IF(OR(C20="",D20="",E20=""),"",C20*D20*E20) | G20: =IF(OR(D20="",E20=""),"",E20*(1+D20/30)) | H20: =IF(G20="",0,G20) -> 0 | I20: =IF(H20>0,IF(H20>=SUMPRODUCT(MAX(($B$5:$B$2004=B20)*$H$5:$H$2004)),"Rekor",""),"") | J20: =IF(A20="",0,IF(COUNTIF(A$5:A20,A20)=1,1,0)) -> 0
F21: =IF(OR(C21="",D21="",E21=""),"",C21*D21*E21) | G21: =IF(OR(D21="",E21=""),"",E21*(1+D21/30)) | H21: =IF(G21="",0,G21) -> 0 | I21: =IF(H21>0,IF(H21>=SUMPRODUCT(MAX(($B$5:$B$2004=B21)*$H$5:$H$2004)),"Rekor",""),"") | J21: =IF(A21="",0,IF(COUNTIF(A$5:A21,A21)=1,1,0)) -> 0
F22: =IF(OR(C22="",D22="",E22=""),"",C22*D22*E22) | G22: =IF(OR(D22="",E22=""),"",E22*(1+D22/30)) | H22: =IF(G22="",0,G22) -> 0 | I22: =IF(H22>0,IF(H22>=SUMPRODUCT(MAX(($B$5:$B$2004=B22)*$H$5:$H$2004)),"Rekor",""),"") | J22: =IF(A22="",0,IF(COUNTIF(A$5:A22,A22)=1,1,0)) -> 0
... F2004: =IF(OR(C2004="",D2004="",E2004=""),"",C2004*D2004*E2004) | G2004: =IF(OR(D2004="",E2004=""),"",E2004*(1+D2004/30)) | H2004: =IF(G2004="",0,G2004) -> 0 | I2004: =IF(H2004>0,IF(H2004>=SUMPRODUCT(MAX(($B$5:$B$2004=B2004)*$H$5:$H$2004)),"Rekor",""),"") | J2004: =IF(A2004="",0,IF(COUNTIF(A$5:A2004,A2004)=1,1,0)) -> 0

Sheet Özet
A1: Özet
A2: Bu sayfada yalnızca yılı değiştir.
B3: Yıl | C3: 2026
B5: Antrenman günü (yıl) | C5: Toplam hacim (kg) | D5: Rekor sayısı
B6: =C23 -> 4 | C6: =D23 -> 6902.5 | D6: =COUNTIF(Günlük!$I$5:$I$2004,"Rekor") -> 3
B9: Aylık tablo | I9: Harekete göre
B10: Ay | C10: Antrenman günü | D10: Toplam hacim (kg) | I10: Hareket | J10: En yüksek ağırlık (kg) | K10: En iyi tahmini 1 tekrar | L10: Toplam hacim (kg)
B11: Ocak | C11: =SUMIFS(Günlük!$J$5:$J$2004,Günlük!$A$5:$A$2004,">="&DATE($C$3,1,1),Günlük!$A$5:$A$2004,"<"&DATE($C$3,2,1)) -> 0 | D11: =SUMIFS(Günlük!$F$5:$F$2004,Günlük!$A$5:$A$2004,">="&DATE($C$3,1,1),Günlük!$A$5:$A$2004,"<"&DATE($C$3,2,1)) -> 0 | I11: =IF(Listeler!A5="","",Listeler!A5) -> Squat | J11: =IF(I11="","",SUMPRODUCT(MAX((Günlük!$B$5:$B$2004=I11)*Günlük!$E$5:$E$2004))) -> 87.5 | K11: =IF(I11="","",SUMPRODUCT(MAX((Günlük!$B$5:$B$2004=I11)*Günlük!$H$5:$H$2004))) -> 99.166667 | L11: =IF(I11="","",SUMIFS(Günlük!$F$5:$F$2004,Günlük!$B$5:$B$2004,I11)) -> 3787.5
B12: Şubat | C12: =SUMIFS(Günlük!$J$5:$J$2004,Günlük!$A$5:$A$2004,">="&DATE($C$3,2,1),Günlük!$A$5:$A$2004,"<"&DATE($C$3,3,1)) -> 0 | D12: =SUMIFS(Günlük!$F$5:$F$2004,Günlük!$A$5:$A$2004,">="&DATE($C$3,2,1),Günlük!$A$5:$A$2004,"<"&DATE($C$3,3,1)) -> 0 | I12: =IF(Listeler!A6="","",Listeler!A6) -> Bench press | J12: =IF(I12="","",SUMPRODUCT(MAX((Günlük!$B$5:$B$2004=I12)*Günlük!$E$5:$E$2004))) -> 62.5 | K12: =IF(I12="","",SUMPRODUCT(MAX((Günlük!$B$5:$B$2004=I12)*Günlük!$H$5:$H$2004))) -> 76 | L12: =IF(I12="","",SUMIFS(Günlük!$F$5:$F$2004,Günlük!$B$5:$B$2004,I12)) -> 2565
B13: Mart | C13: =SUMIFS(Günlük!$J$5:$J$2004,Günlük!$A$5:$A$2004,">="&DATE($C$3,3,1),Günlük!$A$5:$A$2004,"<"&DATE($C$3,4,1)) -> 0 | D13: =SUMIFS(Günlük!$F$5:$F$2004,Günlük!$A$5:$A$2004,">="&DATE($C$3,3,1),Günlük!$A$5:$A$2004,"<"&DATE($C$3,4,1)) -> 0 | I13: =IF(Listeler!A7="","",Listeler!A7) -> Deadlift | J13: =IF(I13="","",SUMPRODUCT(MAX((Günlük!$B$5:$B$2004=I13)*Günlük!$E$5:$E$2004))) -> 110 | K13: =IF(I13="","",SUMPRODUCT(MAX((Günlük!$B$5:$B$2004=I13)*Günlük!$H$5:$H$2004))) -> 128.33333 | L13: =IF(I13="","",SUMIFS(Günlük!$F$5:$F$2004,Günlük!$B$5:$B$2004,I13)) -> 550
B14: Nisan | C14: =SUMIFS(Günlük!$J$5:$J$2004,Günlük!$A$5:$A$2004,">="&DATE($C$3,4,1),Günlük!$A$5:$A$2004,"<"&DATE($C$3,5,1)) -> 0 | D14: =SUMIFS(Günlük!$F$5:$F$2004,Günlük!$A$5:$A$2004,">="&DATE($C$3,4,1),Günlük!$A$5:$A$2004,"<"&DATE($C$3,5,1)) -> 0 | I14: =IF(Listeler!A8="","",Listeler!A8) -> Barfiks | J14: =IF(I14="","",SUMPRODUCT(MAX((Günlük!$B$5:$B$2004=I14)*Günlük!$E$5:$E$2004))) -> 0 | K14: =IF(I14="","",SUMPRODUCT(MAX((Günlük!$B$5:$B$2004=I14)*Günlük!$H$5:$H$2004))) -> 0 | L14: =IF(I14="","",SUMIFS(Günlük!$F$5:$F$2004,Günlük!$B$5:$B$2004,I14)) -> 0
B15: Mayıs | C15: =SUMIFS(Günlük!$J$5:$J$2004,Günlük!$A$5:$A$2004,">="&DATE($C$3,5,1),Günlük!$A$5:$A$2004,"<"&DATE($C$3,6,1)) -> 0 | D15: =SUMIFS(Günlük!$F$5:$F$2004,Günlük!$A$5:$A$2004,">="&DATE($C$3,5,1),Günlük!$A$5:$A$2004,"<"&DATE($C$3,6,1)) -> 0 | I15: =IF(Listeler!A9="","",Listeler!A9) -> Omuz press | J15: =IF(I15="","",SUMPRODUCT(MAX((Günlük!$B$5:$B$2004=I15)*Günlük!$E$5:$E$2004))) -> 0 | K15: =IF(I15="","",SUMPRODUCT(MAX((Günlük!$B$5:$B$2004=I15)*Günlük!$H$5:$H$2004))) -> 0 | L15: =IF(I15="","",SUMIFS(Günlük!$F$5:$F$2004,Günlük!$B$5:$B$2004,I15)) -> 0
B16: Haziran | C16: =SUMIFS(Günlük!$J$5:$J$2004,Günlük!$A$5:$A$2004,">="&DATE($C$3,6,1),Günlük!$A$5:$A$2004,"<"&DATE($C$3,7,1)) -> 0 | D16: =SUMIFS(Günlük!$F$5:$F$2004,Günlük!$A$5:$A$2004,">="&DATE($C$3,6,1),Günlük!$A$5:$A$2004,"<"&DATE($C$3,7,1)) -> 0 | I16: =IF(Listeler!A10="","",Listeler!A10) -> Koşu (km) | J16: =IF(I16="","",SUMPRODUCT(MAX((Günlük!$B$5:$B$2004=I16)*Günlük!$E$5:$E$2004))) -> 0 | K16: =IF(I16="","",SUMPRODUCT(MAX((Günlük!$B$5:$B$2004=I16)*Günlük!$H$5:$H$2004))) -> 0 | L16: =IF(I16="","",SUMIFS(Günlük!$F$5:$F$2004,Günlük!$B$5:$B$2004,I16)) -> 0
B17: Temmuz | C17: =SUMIFS(Günlük!$J$5:$J$2004,Günlük!$A$5:$A$2004,">="&DATE($C$3,7,1),Günlük!$A$5:$A$2004,"<"&DATE($C$3,8,1)) -> 0 | D17: =SUMIFS(Günlük!$F$5:$F$2004,Günlük!$A$5:$A$2004,">="&DATE($C$3,7,1),Günlük!$A$5:$A$2004,"<"&DATE($C$3,8,1)) -> 0 | I17: =IF(Listeler!A11="","",Listeler!A11) | J17: =IF(I17="","",SUMPRODUCT(MAX((Günlük!$B$5:$B$2004=I17)*Günlük!$E$5:$E$2004))) | K17: =IF(I17="","",SUMPRODUCT(MAX((Günlük!$B$5:$B$2004=I17)*Günlük!$H$5:$H$2004))) | L17: =IF(I17="","",SUMIFS(Günlük!$F$5:$F$2004,Günlük!$B$5:$B$2004,I17))
B18: Ağustos | C18: =SUMIFS(Günlük!$J$5:$J$2004,Günlük!$A$5:$A$2004,">="&DATE($C$3,8,1),Günlük!$A$5:$A$2004,"<"&DATE($C$3,9,1)) -> 0 | D18: =SUMIFS(Günlük!$F$5:$F$2004,Günlük!$A$5:$A$2004,">="&DATE($C$3,8,1),Günlük!$A$5:$A$2004,"<"&DATE($C$3,9,1)) -> 0 | I18: =IF(Listeler!A12="","",Listeler!A12) | J18: =IF(I18="","",SUMPRODUCT(MAX((Günlük!$B$5:$B$2004=I18)*Günlük!$E$5:$E$2004))) | K18: =IF(I18="","",SUMPRODUCT(MAX((Günlük!$B$5:$B$2004=I18)*Günlük!$H$5:$H$2004))) | L18: =IF(I18="","",SUMIFS(Günlük!$F$5:$F$2004,Günlük!$B$5:$B$2004,I18))
B19: Eylül | C19: =SUMIFS(Günlük!$J$5:$J$2004,Günlük!$A$5:$A$2004,">="&DATE($C$3,9,1),Günlük!$A$5:$A$2004,"<"&DATE($C$3,10,1)) -> 2 | D19: =SUMIFS(Günlük!$F$5:$F$2004,Günlük!$A$5:$A$2004,">="&DATE($C$3,9,1),Günlük!$A$5:$A$2004,"<"&DATE($C$3,10,1)) -> 3190 | I19: =IF(Listeler!A13="","",Listeler!A13) | J19: =IF(I19="","",SUMPRODUCT(MAX((Günlük!$B$5:$B$2004=I19)*Günlük!$E$5:$E$2004))) | K19: =IF(I19="","",SUMPRODUCT(MAX((Günlük!$B$5:$B$2004=I19)*Günlük!$H$5:$H$2004))) | L19: =IF(I19="","",SUMIFS(Günlük!$F$5:$F$2004,Günlük!$B$5:$B$2004,I19))
B20: Ekim | C20: =SUMIFS(Günlük!$J$5:$J$2004,Günlük!$A$5:$A$2004,">="&DATE($C$3,10,1),Günlük!$A$5:$A$2004,"<"&DATE($C$3,11,1)) -> 2 | D20: =SUMIFS(Günlük!$F$5:$F$2004,Günlük!$A$5:$A$2004,">="&DATE($C$3,10,1),Günlük!$A$5:$A$2004,"<"&DATE($C$3,11,1)) -> 3712.5 | I20: =IF(Listeler!A14="","",Listeler!A14) | J20: =IF(I20="","",SUMPRODUCT(MAX((Günlük!$B$5:$B$2004=I20)*Günlük!$E$5:$E$2004))) | K20: =IF(I20="","",SUMPRODUCT(MAX((Günlük!$B$5:$B$2004=I20)*Günlük!$H$5:$H$2004))) | L20: =IF(I20="","",SUMIFS(Günlük!$F$5:$F$2004,Günlük!$B$5:$B$2004,I20))
B21: Kasım | C21: =SUMIFS(Günlük!$J$5:$J$2004,Günlük!$A$5:$A$2004,">="&DATE($C$3,11,1),Günlük!$A$5:$A$2004,"<"&DATE($C$3,12,1)) -> 0 | D21: =SUMIFS(Günlük!$F$5:$F$2004,Günlük!$A$5:$A$2004,">="&DATE($C$3,11,1),Günlük!$A$5:$A$2004,"<"&DATE($C$3,12,1)) -> 0 | I21: =IF(Listeler!A15="","",Listeler!A15) | J21: =IF(I21="","",SUMPRODUCT(MAX((Günlük!$B$5:$B$2004=I21)*Günlük!$E$5:$E$2004))) | K21: =IF(I21="","",SUMPRODUCT(MAX((Günlük!$B$5:$B$2004=I21)*Günlük!$H$5:$H$2004))) | L21: =IF(I21="","",SUMIFS(Günlük!$F$5:$F$2004,Günlük!$B$5:$B$2004,I21))
B22: Aralık | C22: =SUMIFS(Günlük!$J$5:$J$2004,Günlük!$A$5:$A$2004,">="&DATE($C$3,12,1),Günlük!$A$5:$A$2004,"<"&DATE($C$3,13,1)) -> 0 | D22: =SUMIFS(Günlük!$F$5:$F$2004,Günlük!$A$5:$A$2004,">="&DATE($C$3,12,1),Günlük!$A$5:$A$2004,"<"&DATE($C$3,13,1)) -> 0 | I22: =IF(Listeler!A16="","",Listeler!A16) | J22: =IF(I22="","",SUMPRODUCT(MAX((Günlük!$B$5:$B$2004=I22)*Günlük!$E$5:$E$2004))) | K22: =IF(I22="","",SUMPRODUCT(MAX((Günlük!$B$5:$B$2004=I22)*Günlük!$H$5:$H$2004))) | L22: =IF(I22="","",SUMIFS(Günlük!$F$5:$F$2004,Günlük!$B$5:$B$2004,I22))
B23: TOPLAM | C23: =SUM(C11:C22) -> 4 | D23: =SUM(D11:D22) -> 6902.5 | I23: =IF(Listeler!A17="","",Listeler!A17) | J23: =IF(I23="","",SUMPRODUCT(MAX((Günlük!$B$5:$B$2004=I23)*Günlük!$E$5:$E$2004))) | K23: =IF(I23="","",SUMPRODUCT(MAX((Günlük!$B$5:$B$2004=I23)*Günlük!$H$5:$H$2004))) | L23: =IF(I23="","",SUMIFS(Günlük!$F$5:$F$2004,Günlük!$B$5:$B$2004,I23))
I24: =IF(Listeler!A18="","",Listeler!A18) | J24: =IF(I24="","",SUMPRODUCT(MAX((Günlük!$B$5:$B$2004=I24)*Günlük!$E$5:$E$2004))) | K24: =IF(I24="","",SUMPRODUCT(MAX((Günlük!$B$5:$B$2004=I24)*Günlük!$H$5:$H$2004))) | L24: =IF(I24="","",SUMIFS(Günlük!$F$5:$F$2004,Günlük!$B$5:$B$2004,I24))
I25: =IF(Listeler!A19="","",Listeler!A19) | J25: =IF(I25="","",SUMPRODUCT(MAX((Günlük!$B$5:$B$2004=I25)*Günlük!$E$5:$E$2004))) | K25: =IF(I25="","",SUMPRODUCT(MAX((Günlük!$B$5:$B$2004=I25)*Günlük!$H$5:$H$2004))) | L25: =IF(I25="","",SUMIFS(Günlük!$F$5:$F$2004,Günlük!$B$5:$B$2004,I25))

Sheet Listeler
A1: Listeler
A2: Açılır listelerde çıkan seçenekler. Sarı hücrelere kendi seçeneklerini yaz.
A4: Hareket
A5: Squat
A6: Bench press
A7: Deadlift
A8: Barfiks
A9: Omuz press
A10: Koşu (km)

Sheet AI Komutları
B1: Yapay Zeka Komutları
B2: İlgili sayfada başlık satırıyla birlikte kayıtlarını seç, kopyala, kullandığın yapay zeka asistanına yapıştır ve altına komutu ekle.
B3: Dikkat: Sağlık bilgilerini paylaşmak zorunda değilsin. Yapay zekanın verdiği rakamları dosyadaki özet sayfasıyla karşılaştır.
B5: Ne için | C5: Komut (kopyala, yapıştır)
B6: Gidiş | C6: [Günlük sayfası] Hareketlerde son altı haftadaki gelişimimi yorumla; hangi harekette takılmışım?
B7: Denge | C7: [Özet sayfası] Hacmim hareketler arasında dengeli mi? İhmal ettiğim bölge var mı?
B8: Sonraki hafta | C8: Son antrenmanlarıma bakarak gelecek hafta için set ve tekrar önerisi çıkar; ağırlık artışını küçük tut.
B9: Kayıt kontrolü | C9: [Günlük sayfası] Olağan dışı görünen ağırlık ya da tekrar girişlerini göster.
