Workbook

Sheet Başla
B2: EXCEL KLİNİĞİ
B3: ACİL | Borç kapatma planı
B4: Borçlarını yaz, her ay ayırabileceğin tutarı gir; hangi borcu önce kapatacağını, ne zaman borçsuz kalacağını ve ne kadar faiz ödeyeceğini gör.
B6: NASIL KULLANILIR
B7: 1. Borçlar | C7: Her borcun kalan tutarını, aylık faiz oranını ve asgari aylık ödemesini yaz. Faizsiz borçta oranı 0 gir.
B8: 2. Ödeme gücü | C8: Asgari ödemelerin üstüne her ay ne kadar ayırabileceğini ve yöntemi (Çığ ya da Kartopu) seç.
B9: 3. Özet | C9: Ne zaman borçsuz kalacağını, toplam faizi ve yalnız asgari ödeseydin ne olacağını gör.
B10: 4. Borçlar sayfasına dön | C10: Her borcun öncelik sırası, kapanış ayı ve ödenecek faizi yazılır.
B12: NASIL HESAPLANIR
B13: Aylık akış | C13: Her ay önce bütün borçların faizi işler ve asgari ödemeleri yapılır. Kalan tutar öncelik sırasındaki ilk borca gider; o kapanınca sıradakine geçer. Kapanan borcun asgari ödemesi de sıradaki borca eklenir.
B14: Faiz oranı | C14: Aylık oranı vergiler dahil gir. Yıllık oran biliyorsan kabaca 12'ye böl; bankanın kendi hesabı küçük farklarla çıkabilir.
B16: BİLMEN GEREKENLER
B17: Banka hesabıyla birebir tutmaz | C17: Gecikme faizi, dönem içi harcama, vergi ve masraf ayrıntıları hesaba katılmaz. Plan bir yol haritasıdır, ödeme tablosu değildir.
B18: Yeni borç yok varsayımı | C18: Plan, kartla yeni harcama yapmadığını ve her ay aynı tutarı ödediğini varsayar.
B19: Finansal tavsiye değildir | C19: Yapılandırma, borç birleştirme gibi kararlar için bankanla ya da bir uzmanla görüş.
B20: Kapasite | C20: 10 borç, 120 ay.
B22: RENKLER
B23: Sarı hücre | C23: Senin dolduracağın hücre. İçindeki örnekleri silip kendi bilgini yaz.
B24: Beyaz hücre, açık başlık | C24: Formül. Değiştirme, kendiliğinden hesaplanır.

Sheet Borçlar
A1: Borçlar
A2: Her borcun kalan tutarını, aylık faiz oranını ve asgari aylık ödemesini yaz.
A4: Borç | B4: Kalan borç (₺) | C4: Aylık faiz oranı | D4: Asgari aylık ödeme (₺) | E4: Öncelik | F4: Kapanış ayı | G4: Ödenecek faiz (₺) | H4: Kontrol | L4: y
A5: Kredi kartı | B5: 60000 | C5: 0.045 | D5: 3000 | E5: =IF(L5>8000000000000000,"",SUMPRODUCT(--($L$5:$L$14<L5))+1) -> 2 | F5: =IF(E5="","",INDEX(Plan!$D$4:$M$4,E5)) -> 46631 | G5: =IF(E5="","",INDEX(Plan!$D$5:$M$5,E5)) -> 23289.407 | H5: =IF(E5="","",IF(D5<=B5*C5,"Asgari ödeme faizi karşılamıyor",IF(F5="Bitmiyor","120 ayda kapanmıyor","OK"))) -> OK | J5: Asgarilerin üstüne ayırabileceğin aylık tutar (₺) | K5: 5000 | L5: =IF(OR(A5="",B5="",B5=0),9000000000000000,IF($K$6="Kartopu",B5,-C5*1000000)+ROW()/1000) -> -44999.995
A6: İhtiyaç kredisi | B6: 120000 | C6: 0.035 | D6: 7500 | E6: =IF(L6>8000000000000000,"",SUMPRODUCT(--($L$5:$L$14<L6))+1) -> 3 | F6: =IF(E6="","",INDEX(Plan!$D$4:$M$4,E6)) -> 46784 | G6: =IF(E6="","",INDEX(Plan!$D$5:$M$5,E6)) -> 48713.332 | H6: =IF(E6="","",IF(D6<=B6*C6,"Asgari ödeme faizi karşılamıyor",IF(F6="Bitmiyor","120 ayda kapanmıyor","OK"))) -> OK | J6: Yöntem | K6: Çığ | L6: =IF(OR(A6="",B6="",B6=0),9000000000000000,IF($K$6="Kartopu",B6,-C6*1000000)+ROW()/1000) -> -34999.994
A7: Kredili hesap | B7: 25000 | C7: 0.05 | D7: 1500 | E7: =IF(L7>8000000000000000,"",SUMPRODUCT(--($L$5:$L$14<L7))+1) -> 1 | F7: =IF(E7="","",INDEX(Plan!$D$4:$M$4,E7)) -> 46419 | G7: =IF(E7="","",INDEX(Plan!$D$5:$M$5,E7)) -> 3490.4365 | H7: =IF(E7="","",IF(D7<=B7*C7,"Asgari ödeme faizi karşılamıyor",IF(F7="Bitmiyor","120 ayda kapanmıyor","OK"))) -> OK | J7: Planın başladığı ay | K7: 46296 | L7: =IF(OR(A7="",B7="",B7=0),9000000000000000,IF($K$6="Kartopu",B7,-C7*1000000)+ROW()/1000) -> -49999.993
A8: Aileden borç | B8: 40000 | C8: 0 | D8: 2000 | E8: =IF(L8>8000000000000000,"",SUMPRODUCT(--($L$5:$L$14<L8))+1) -> 4 | F8: =IF(E8="","",INDEX(Plan!$D$4:$M$4,E8)) -> 46784 | G8: =IF(E8="","",INDEX(Plan!$D$5:$M$5,E8)) -> 0 | H8: =IF(E8="","",IF(D8<=B8*C8,"Asgari ödeme faizi karşılamıyor",IF(F8="Bitmiyor","120 ayda kapanmıyor","OK"))) -> OK | J8: Toplam aylık ödeme gücün (₺) | K8: =SUM(D5:D14)+K5 -> 19000 | L8: =IF(OR(A8="",B8="",B8=0),9000000000000000,IF($K$6="Kartopu",B8,-C8*1000000)+ROW()/1000) -> 0.008
E9: =IF(L9>8000000000000000,"",SUMPRODUCT(--($L$5:$L$14<L9))+1) | F9: =IF(E9="","",INDEX(Plan!$D$4:$M$4,E9)) | G9: =IF(E9="","",INDEX(Plan!$D$5:$M$5,E9)) | H9: =IF(E9="","",IF(D9<=B9*C9,"Asgari ödeme faizi karşılamıyor",IF(F9="Bitmiyor","120 ayda kapanmıyor","OK"))) | L9: =IF(OR(A9="",B9="",B9=0),9000000000000000,IF($K$6="Kartopu",B9,-C9*1000000)+ROW()/1000) -> 9e+15
E10: =IF(L10>8000000000000000,"",SUMPRODUCT(--($L$5:$L$14<L10))+1) | F10: =IF(E10="","",INDEX(Plan!$D$4:$M$4,E10)) | G10: =IF(E10="","",INDEX(Plan!$D$5:$M$5,E10)) | H10: =IF(E10="","",IF(D10<=B10*C10,"Asgari ödeme faizi karşılamıyor",IF(F10="Bitmiyor","120 ayda kapanmıyor","OK"))) | J10: Çığ: faizi en yüksek borca yüklenir, toplamda en az faizi ödetir. | L10: =IF(OR(A10="",B10="",B10=0),9000000000000000,IF($K$6="Kartopu",B10,-C10*1000000)+ROW()/1000) -> 9e+15
E11: =IF(L11>8000000000000000,"",SUMPRODUCT(--($L$5:$L$14<L11))+1) | F11: =IF(E11="","",INDEX(Plan!$D$4:$M$4,E11)) | G11: =IF(E11="","",INDEX(Plan!$D$5:$M$5,E11)) | H11: =IF(E11="","",IF(D11<=B11*C11,"Asgari ödeme faizi karşılamıyor",IF(F11="Bitmiyor","120 ayda kapanmıyor","OK"))) | J11: Kartopu: en küçük borca yüklenir, ilk borç daha çabuk kapanır. | L11: =IF(OR(A11="",B11="",B11=0),9000000000000000,IF($K$6="Kartopu",B11,-C11*1000000)+ROW()/1000) -> 9e+15
E12: =IF(L12>8000000000000000,"",SUMPRODUCT(--($L$5:$L$14<L12))+1) | F12: =IF(E12="","",INDEX(Plan!$D$4:$M$4,E12)) | G12: =IF(E12="","",INDEX(Plan!$D$5:$M$5,E12)) | H12: =IF(E12="","",IF(D12<=B12*C12,"Asgari ödeme faizi karşılamıyor",IF(F12="Bitmiyor","120 ayda kapanmıyor","OK"))) | L12: =IF(OR(A12="",B12="",B12=0),9000000000000000,IF($K$6="Kartopu",B12,-C12*1000000)+ROW()/1000) -> 9e+15
E13: =IF(L13>8000000000000000,"",SUMPRODUCT(--($L$5:$L$14<L13))+1) | F13: =IF(E13="","",INDEX(Plan!$D$4:$M$4,E13)) | G13: =IF(E13="","",INDEX(Plan!$D$5:$M$5,E13)) | H13: =IF(E13="","",IF(D13<=B13*C13,"Asgari ödeme faizi karşılamıyor",IF(F13="Bitmiyor","120 ayda kapanmıyor","OK"))) | L13: =IF(OR(A13="",B13="",B13=0),9000000000000000,IF($K$6="Kartopu",B13,-C13*1000000)+ROW()/1000) -> 9e+15
E14: =IF(L14>8000000000000000,"",SUMPRODUCT(--($L$5:$L$14<L14))+1) | F14: =IF(E14="","",INDEX(Plan!$D$4:$M$4,E14)) | G14: =IF(E14="","",INDEX(Plan!$D$5:$M$5,E14)) | H14: =IF(E14="","",IF(D14<=B14*C14,"Asgari ödeme faizi karşılamıyor",IF(F14="Bitmiyor","120 ayda kapanmıyor","OK"))) | L14: =IF(OR(A14="",B14="",B14=0),9000000000000000,IF($K$6="Kartopu",B14,-C14*1000000)+ROW()/1000) -> 9e+15

Sheet Özet
A1: Özet
A2: Bu sayfaya yazma. Rakamları Borçlar sayfasından değiştir.
B4: Toplam borç | C4: Aylık ödeme gücü | D4: Borçsuz kalacağın ay | E4: Ödeyeceğin toplam faiz
B5: =SUM(Borçlar!$B$5:$B$14) -> 245000 | C5: =Borçlar!K8 -> 19000 | D5: =IF(SUM(Borçlar!$B$5:$B$14)=0,"",IFERROR(INDEX(Plan!$B$11:$B$130,MATCH(0,Plan!$F$11:$F$130,0)),"120 ayda bitmiyor")) -> 46784 | E5: =SUM(Plan!$E$11:$E$130) -> 75493.176
B8: Ek ödeme yapmasaydın
C9: Ek ödemeyle | D9: Yalnız asgari ödemeyle | E9: Fark
B10: Kapanış süresi (ay) | C10: =IFERROR(MATCH(0,Plan!$F$11:$F$130,0),"") -> 17 | D10: =IFERROR(MATCH(0,'Yalnız Asgari'!$F$11:$F$130,0),"") -> 29 | E10: =IF(OR(C10="",D10=""),"",D10-C10) -> 12
B11: Borçsuz kalınan ay | C11: =IF(SUM(Borçlar!$B$5:$B$14)=0,"",IFERROR(INDEX(Plan!$B$11:$B$130,MATCH(0,Plan!$F$11:$F$130,0)),"120 ayda bitmiyor")) -> 46784 | D11: =IF(SUM(Borçlar!$B$5:$B$14)=0,"",IFERROR(INDEX('Yalnız Asgari'!$B$11:$B$130,MATCH(0,'Yalnız Asgari'!$F$11:$F$130,0)),"120 ayda bitmiyor")) -> 47150 | E11: =""
B12: Toplam faiz (₺) | C12: =SUM(Plan!$E$11:$E$130) -> 75493.176 | D12: =SUM('Yalnız Asgari'!$E$11:$E$130) -> 148922.85 | E12: =D12-C12 -> 73429.67
B14: Asgari ödemeyle bile kapanan borçlardan boşalan tutar sıradaki borca aktarılır; iki sütunda da bu varsayılır.
B15: Yalnız asgari ödeme 120 ayda borcu bitirmiyorsa o sütundaki faiz, 120 ayın faizidir; gerçekte daha fazladır.

Sheet Plan
A1: Plan (ek ödemeyle)
B2: Borç | D2: =IFERROR(INDEX(Borçlar!$A$5:$A$14,MATCH(1,Borçlar!$E$5:$E$14,0))&"","") -> Kredili hesap | E2: =IFERROR(INDEX(Borçlar!$A$5:$A$14,MATCH(2,Borçlar!$E$5:$E$14,0))&"","") -> Kredi kartı | F2: =IFERROR(INDEX(Borçlar!$A$5:$A$14,MATCH(3,Borçlar!$E$5:$E$14,0))&"","") -> İhtiyaç kredisi | G2: =IFERROR(INDEX(Borçlar!$A$5:$A$14,MATCH(4,Borçlar!$E$5:$E$14,0))&"","") -> Aileden borç | H2: =IFERROR(INDEX(Borçlar!$A$5:$A$14,MATCH(5,Borçlar!$E$5:$E$14,0))&"","") | I2: =IFERROR(INDEX(Borçlar!$A$5:$A$14,MATCH(6,Borçlar!$E$5:$E$14,0))&"","") | J2: =IFERROR(INDEX(Borçlar!$A$5:$A$14,MATCH(7,Borçlar!$E$5:$E$14,0))&"","") | K2: =IFERROR(INDEX(Borçlar!$A$5:$A$14,MATCH(8,Borçlar!$E$5:$E$14,0))&"","") | L2: =IFERROR(INDEX(Borçlar!$A$5:$A$14,MATCH(9,Borçlar!$E$5:$E$14,0))&"","") | M2: =IFERROR(INDEX(Borçlar!$A$5:$A$14,MATCH(10,Borçlar!$E$5:$E$14,0))&"","")
C3: Öncelik | D3: 1 | E3: 2 | F3: 3 | G3: 4 | H3: 5 | I3: 6 | J3: 7 | K3: 8 | L3: 9 | M3: 10
B4: Kapanış ayı | D4: =IF(D6=0,"",IFERROR(INDEX($B$11:$B$130,MATCH(0,Q11:Q130,0)),"Bitmiyor")) -> 46419 | E4: =IF(E6=0,"",IFERROR(INDEX($B$11:$B$130,MATCH(0,U11:U130,0)),"Bitmiyor")) -> 46631 | F4: =IF(F6=0,"",IFERROR(INDEX($B$11:$B$130,MATCH(0,Y11:Y130,0)),"Bitmiyor")) -> 46784 | G4: =IF(G6=0,"",IFERROR(INDEX($B$11:$B$130,MATCH(0,AC11:AC130,0)),"Bitmiyor")) -> 46784 | H4: =IF(H6=0,"",IFERROR(INDEX($B$11:$B$130,MATCH(0,AG11:AG130,0)),"Bitmiyor")) | I4: =IF(I6=0,"",IFERROR(INDEX($B$11:$B$130,MATCH(0,AK11:AK130,0)),"Bitmiyor")) | J4: =IF(J6=0,"",IFERROR(INDEX($B$11:$B$130,MATCH(0,AO11:AO130,0)),"Bitmiyor")) | K4: =IF(K6=0,"",IFERROR(INDEX($B$11:$B$130,MATCH(0,AS11:AS130,0)),"Bitmiyor")) | L4: =IF(L6=0,"",IFERROR(INDEX($B$11:$B$130,MATCH(0,AW11:AW130,0)),"Bitmiyor")) | M4: =IF(M6=0,"",IFERROR(INDEX($B$11:$B$130,MATCH(0,BA11:BA130,0)),"Bitmiyor"))
B5: Toplam faiz (₺) | D5: =IF(D6=0,0,SUM(N11:N130)-D6-(SUM(Q11:Q130)-Q130)) -> 3490.4365 | E5: =IF(E6=0,0,SUM(R11:R130)-E6-(SUM(U11:U130)-U130)) -> 23289.407 | F5: =IF(F6=0,0,SUM(V11:V130)-F6-(SUM(Y11:Y130)-Y130)) -> 48713.332 | G5: =IF(G6=0,0,SUM(Z11:Z130)-G6-(SUM(AC11:AC130)-AC130)) -> 0 | H5: =IF(H6=0,0,SUM(AD11:AD130)-H6-(SUM(AG11:AG130)-AG130)) -> 0 | I5: =IF(I6=0,0,SUM(AH11:AH130)-I6-(SUM(AK11:AK130)-AK130)) -> 0 | J5: =IF(J6=0,0,SUM(AL11:AL130)-J6-(SUM(AO11:AO130)-AO130)) -> 0 | K5: =IF(K6=0,0,SUM(AP11:AP130)-K6-(SUM(AS11:AS130)-AS130)) -> 0 | L5: =IF(L6=0,0,SUM(AT11:AT130)-L6-(SUM(AW11:AW130)-AW130)) -> 0 | M5: =IF(M6=0,0,SUM(AX11:AX130)-M6-(SUM(BA11:BA130)-BA130)) -> 0
B6: Açılış bakiyesi | D6: =IFERROR(INDEX(Borçlar!$B$5:$B$14,MATCH(1,Borçlar!$E$5:$E$14,0)),0) -> 25000 | E6: =IFERROR(INDEX(Borçlar!$B$5:$B$14,MATCH(2,Borçlar!$E$5:$E$14,0)),0) -> 60000 | F6: =IFERROR(INDEX(Borçlar!$B$5:$B$14,MATCH(3,Borçlar!$E$5:$E$14,0)),0) -> 120000 | G6: =IFERROR(INDEX(Borçlar!$B$5:$B$14,MATCH(4,Borçlar!$E$5:$E$14,0)),0) -> 40000 | H6: =IFERROR(INDEX(Borçlar!$B$5:$B$14,MATCH(5,Borçlar!$E$5:$E$14,0)),0) -> 0 | I6: =IFERROR(INDEX(Borçlar!$B$5:$B$14,MATCH(6,Borçlar!$E$5:$E$14,0)),0) -> 0 | J6: =IFERROR(INDEX(Borçlar!$B$5:$B$14,MATCH(7,Borçlar!$E$5:$E$14,0)),0) -> 0 | K6: =IFERROR(INDEX(Borçlar!$B$5:$B$14,MATCH(8,Borçlar!$E$5:$E$14,0)),0) -> 0 | L6: =IFERROR(INDEX(Borçlar!$B$5:$B$14,MATCH(9,Borçlar!$E$5:$E$14,0)),0) -> 0 | M6: =IFERROR(INDEX(Borçlar!$B$5:$B$14,MATCH(10,Borçlar!$E$5:$E$14,0)),0) -> 0
B7: Aylık faiz | D7: =IFERROR(INDEX(Borçlar!$C$5:$C$14,MATCH(1,Borçlar!$E$5:$E$14,0)),0) -> 0.05 | E7: =IFERROR(INDEX(Borçlar!$C$5:$C$14,MATCH(2,Borçlar!$E$5:$E$14,0)),0) -> 0.045 | F7: =IFERROR(INDEX(Borçlar!$C$5:$C$14,MATCH(3,Borçlar!$E$5:$E$14,0)),0) -> 0.035 | G7: =IFERROR(INDEX(Borçlar!$C$5:$C$14,MATCH(4,Borçlar!$E$5:$E$14,0)),0) -> 0 | H7: =IFERROR(INDEX(Borçlar!$C$5:$C$14,MATCH(5,Borçlar!$E$5:$E$14,0)),0) -> 0 | I7: =IFERROR(INDEX(Borçlar!$C$5:$C$14,MATCH(6,Borçlar!$E$5:$E$14,0)),0) -> 0 | J7: =IFERROR(INDEX(Borçlar!$C$5:$C$14,MATCH(7,Borçlar!$E$5:$E$14,0)),0) -> 0 | K7: =IFERROR(INDEX(Borçlar!$C$5:$C$14,MATCH(8,Borçlar!$E$5:$E$14,0)),0) -> 0 | L7: =IFERROR(INDEX(Borçlar!$C$5:$C$14,MATCH(9,Borçlar!$E$5:$E$14,0)),0) -> 0 | M7: =IFERROR(INDEX(Borçlar!$C$5:$C$14,MATCH(10,Borçlar!$E$5:$E$14,0)),0) -> 0
B8: Asgari ödeme | D8: =IFERROR(INDEX(Borçlar!$D$5:$D$14,MATCH(1,Borçlar!$E$5:$E$14,0)),0) -> 1500 | E8: =IFERROR(INDEX(Borçlar!$D$5:$D$14,MATCH(2,Borçlar!$E$5:$E$14,0)),0) -> 3000 | F8: =IFERROR(INDEX(Borçlar!$D$5:$D$14,MATCH(3,Borçlar!$E$5:$E$14,0)),0) -> 7500 | G8: =IFERROR(INDEX(Borçlar!$D$5:$D$14,MATCH(4,Borçlar!$E$5:$E$14,0)),0) -> 2000 | H8: =IFERROR(INDEX(Borçlar!$D$5:$D$14,MATCH(5,Borçlar!$E$5:$E$14,0)),0) -> 0 | I8: =IFERROR(INDEX(Borçlar!$D$5:$D$14,MATCH(6,Borçlar!$E$5:$E$14,0)),0) -> 0 | J8: =IFERROR(INDEX(Borçlar!$D$5:$D$14,MATCH(7,Borçlar!$E$5:$E$14,0)),0) -> 0 | K8: =IFERROR(INDEX(Borçlar!$D$5:$D$14,MATCH(8,Borçlar!$E$5:$E$14,0)),0) -> 0 | L8: =IFERROR(INDEX(Borçlar!$D$5:$D$14,MATCH(9,Borçlar!$E$5:$E$14,0)),0) -> 0 | M8: =IFERROR(INDEX(Borçlar!$D$5:$D$14,MATCH(10,Borçlar!$E$5:$E$14,0)),0) -> 0
A10: Ay | B10: Tarih | C10: Dağıtılacak ek (₺) | D10: Toplam ödeme (₺) | E10: O ayın faizi (₺) | F10: Kalan borç (₺) | N10: ="Borç 1: toplam" -> Borç 1: toplam | O10: asgari | P10: ek | Q10: bakiye | R10: ="Borç 2: toplam" -> Borç 2: toplam | S10: asgari | T10: ek | U10: bakiye | V10: ="Borç 3: toplam" -> Borç 3: toplam | W10: asgari | X10: ek | Y10: bakiye | Z10: ="Borç 4: toplam" -> Borç 4: toplam | AA10: asgari | AB10: ek | AC10: bakiye | AD10: ="Borç 5: toplam" -> Borç 5: toplam | AE10: asgari | AF10: ek | AG10: bakiye | AH10: ="Borç 6: toplam" -> Borç 6: toplam | AI10: asgari | AJ10: ek | AK10: bakiye | AL10: ="Borç 7: toplam" -> Borç 7: toplam | AM10: asgari | AN10: ek | AO10: bakiye | AP10: ="Borç 8: toplam" -> Borç 8: toplam | AQ10: asgari | AR10: ek | AS10: bakiye | AT10: ="Borç 9: toplam" -> Borç 9: toplam | AU10: asgari | AV10: ek | AW10: bakiye | AX10: ="Borç 10: toplam" -> Borç 10: toplam | AY10: asgari | AZ10: ek | BA10: bakiye
A11: 1 | B11: =EDATE(Borçlar!$K$7,0) -> 46296 | C11: =MAX(0,Borçlar!$K$8-(O11+S11+W11+AA11+AE11+AI11+AM11+AQ11+AU11+AY11)) -> 5000 | D11: =O11+P11+S11+T11+W11+X11+AA11+AB11+AE11+AF11+AI11+AJ11+AM11+AN11+AQ11+AR11+AU11+AV11+AY11+AZ11 -> 19000 | E11: =(N11+R11+V11+Z11+AD11+AH11+AL11+AP11+AT11+AX11)-(D$6+E$6+F$6+G$6+H$6+I$6+J$6+K$6+L$6+M$6) -> 8150 | F11: =Q11+U11+Y11+AC11+AG11+AK11+AO11+AS11+AW11+BA11 -> 234150 | N11: =D$6*(1+D$7) -> 26250 | O11: =MIN(N11,D$8) -> 1500 | P11: =MAX(0,MIN(N11-O11,$C11-(0))) -> 5000 | Q11: =ROUND(N11-O11-P11,2) -> 19750 | R11: =E$6*(1+E$7) -> 62700 | S11: =MIN(R11,E$8) -> 3000 | T11: =MAX(0,MIN(R11-S11,$C11-(P11))) -> 0 | U11: =ROUND(R11-S11-T11,2) -> 59700 | V11: =F$6*(1+F$7) -> 124200 | W11: =MIN(V11,F$8) -> 7500 | X11: =MAX(0,MIN(V11-W11,$C11-(P11+T11))) -> 0 | Y11: =ROUND(V11-W11-X11,2) -> 116700 | Z11: =G$6*(1+G$7) -> 40000 | AA11: =MIN(Z11,G$8) -> 2000 | AB11: =MAX(0,MIN(Z11-AA11,$C11-(P11+T11+X11))) -> 0 | AC11: =ROUND(Z11-AA11-AB11,2) -> 38000 | AD11: =H$6*(1+H$7) -> 0 | AE11: =MIN(AD11,H$8) -> 0 | AF11: =MAX(0,MIN(AD11-AE11,$C11-(P11+T11+X11+AB11))) -> 0 | AG11: =ROUND(AD11-AE11-AF11,2) -> 0 | AH11: =I$6*(1+I$7) -> 0 | AI11: =MIN(AH11,I$8) -> 0 | AJ11: =MAX(0,MIN(AH11-AI11,$C11-(P11+T11+X11+AB11+AF11))) -> 0 | AK11: =ROUND(AH11-AI11-AJ11,2) -> 0 | AL11: =J$6*(1+J$7) -> 0 | AM11: =MIN(AL11,J$8) -> 0 | AN11: =MAX(0,MIN(AL11-AM11,$C11-(P11+T11+X11+AB11+AF11+AJ11))) -> 0 | AO11: =ROUND(AL11-AM11-AN11,2) -> 0 | AP11: =K$6*(1+K$7) -> 0 | AQ11: =MIN(AP11,K$8) -> 0 | AR11: =MAX(0,MIN(AP11-AQ11,$C11-(P11+T11+X11+AB11+AF11+AJ11+AN11))) -> 0 | AS11: =ROUND(AP11-AQ11-AR11,2) -> 0 | AT11: =L$6*(1+L$7) -> 0 | AU11: =MIN(AT11,L$8) -> 0 | AV11: =MAX(0,MIN(AT11-AU11,$C11-(P11+T11+X11+AB11+AF11+AJ11+AN11+AR11))) -> 0 | AW11: =ROUND(AT11-AU11-AV11,2) -> 0 | AX11: =M$6*(1+M$7) -> 0 | AY11: =MIN(AX11,M$8) -> 0 | AZ11: =MAX(0,MIN(AX11-AY11,$C11-(P11+T11+X11+AB11+AF11+AJ11+AN11+AR11+AV11))) -> 0 | BA11: =ROUND(AX11-AY11-AZ11,2) -> 0
A12: 2 | B12: =EDATE(Borçlar!$K$7,1) -> 46327 | C12: =MAX(0,Borçlar!$K$8-(O12+S12+W12+AA12+AE12+AI12+AM12+AQ12+AU12+AY12)) -> 5000 | D12: =O12+P12+S12+T12+W12+X12+AA12+AB12+AE12+AF12+AI12+AJ12+AM12+AN12+AQ12+AR12+AU12+AV12+AY12+AZ12 -> 19000 | E12: =(N12+R12+V12+Z12+AD12+AH12+AL12+AP12+AT12+AX12)-(F11) -> 7758.5 | F12: =Q12+U12+Y12+AC12+AG12+AK12+AO12+AS12+AW12+BA12 -> 222908.5 | N12: =Q11*(1+D$7) -> 20737.5 | O12: =MIN(N12,D$8) -> 1500 | P12: =MAX(0,MIN(N12-O12,$C12-(0))) -> 5000 | Q12: =ROUND(N12-O12-P12,2) -> 14237.5 | R12: =U11*(1+E$7) -> 62386.5 | S12: =MIN(R12,E$8) -> 3000 | T12: =MAX(0,MIN(R12-S12,$C12-(P12))) -> 0 | U12: =ROUND(R12-S12-T12,2) -> 59386.5 | V12: =Y11*(1+F$7) -> 120784.5 | W12: =MIN(V12,F$8) -> 7500 | X12: =MAX(0,MIN(V12-W12,$C12-(P12+T12))) -> 0 | Y12: =ROUND(V12-W12-X12,2) -> 113284.5 | Z12: =AC11*(1+G$7) -> 38000 | AA12: =MIN(Z12,G$8) -> 2000 | AB12: =MAX(0,MIN(Z12-AA12,$C12-(P12+T12+X12))) -> 0 | AC12: =ROUND(Z12-AA12-AB12,2) -> 36000 | AD12: =AG11*(1+H$7) -> 0 | AE12: =MIN(AD12,H$8) -> 0 | AF12: =MAX(0,MIN(AD12-AE12,$C12-(P12+T12+X12+AB12))) -> 0 | AG12: =ROUND(AD12-AE12-AF12,2) -> 0 | AH12: =AK11*(1+I$7) -> 0 | AI12: =MIN(AH12,I$8) -> 0 | AJ12: =MAX(0,MIN(AH12-AI12,$C12-(P12+T12+X12+AB12+AF12))) -> 0 | AK12: =ROUND(AH12-AI12-AJ12,2) -> 0 | AL12: =AO11*(1+J$7) -> 0 | AM12: =MIN(AL12,J$8) -> 0 | AN12: =MAX(0,MIN(AL12-AM12,$C12-(P12+T12+X12+AB12+AF12+AJ12))) -> 0 | AO12: =ROUND(AL12-AM12-AN12,2) -> 0 | AP12: =AS11*(1+K$7) -> 0 | AQ12: =MIN(AP12,K$8) -> 0 | AR12: =MAX(0,MIN(AP12-AQ12,$C12-(P12+T12+X12+AB12+AF12+AJ12+AN12))) -> 0 | AS12: =ROUND(AP12-AQ12-AR12,2) -> 0 | AT12: =AW11*(1+L$7) -> 0 | AU12: =MIN(AT12,L$8) -> 0 | AV12: =MAX(0,MIN(AT12-AU12,$C12-(P12+T12+X12+AB12+AF12+AJ12+AN12+AR12))) -> 0 | AW12: =ROUND(AT12-AU12-AV12,2) -> 0 | AX12: =BA11*(1+M$7) -> 0 | AY12: =MIN(AX12,M$8) -> 0 | AZ12: =MAX(0,MIN(AX12-AY12,$C12-(P12+T12+X12+AB12+AF12+AJ12+AN12+AR12+AV12))) -> 0 | BA12: =ROUND(AX12-AY12-AZ12,2) -> 0
A13: 3 | B13: =EDATE(Borçlar!$K$7,2) -> 46357 | C13: =MAX(0,Borçlar!$K$8-(O13+S13+W13+AA13+AE13+AI13+AM13+AQ13+AU13+AY13)) -> 5000 | D13: =O13+P13+S13+T13+W13+X13+AA13+AB13+AE13+AF13+AI13+AJ13+AM13+AN13+AQ13+AR13+AU13+AV13+AY13+AZ13 -> 19000 | E13: =(N13+R13+V13+Z13+AD13+AH13+AL13+AP13+AT13+AX13)-(F12) -> 7349.225 | F13: =Q13+U13+Y13+AC13+AG13+AK13+AO13+AS13+AW13+BA13 -> 211257.73 | N13: =Q12*(1+D$7) -> 14949.375 | O13: =MIN(N13,D$8) -> 1500 | P13: =MAX(0,MIN(N13-O13,$C13-(0))) -> 5000 | Q13: =ROUND(N13-O13-P13,2) -> 8449.38 | R13: =U12*(1+E$7) -> 62058.893 | S13: =MIN(R13,E$8) -> 3000 | T13: =MAX(0,MIN(R13-S13,$C13-(P13))) -> 0 | U13: =ROUND(R13-S13-T13,2) -> 59058.89 | V13: =Y12*(1+F$7) -> 117249.46 | W13: =MIN(V13,F$8) -> 7500 | X13: =MAX(0,MIN(V13-W13,$C13-(P13+T13))) -> 0 | Y13: =ROUND(V13-W13-X13,2) -> 109749.46 | Z13: =AC12*(1+G$7) -> 36000 | AA13: =MIN(Z13,G$8) -> 2000 | AB13: =MAX(0,MIN(Z13-AA13,$C13-(P13+T13+X13))) -> 0 | AC13: =ROUND(Z13-AA13-AB13,2) -> 34000 | AD13: =AG12*(1+H$7) -> 0 | AE13: =MIN(AD13,H$8) -> 0 | AF13: =MAX(0,MIN(AD13-AE13,$C13-(P13+T13+X13+AB13))) -> 0 | AG13: =ROUND(AD13-AE13-AF13,2) -> 0 | AH13: =AK12*(1+I$7) -> 0 | AI13: =MIN(AH13,I$8) -> 0 | AJ13: =MAX(0,MIN(AH13-AI13,$C13-(P13+T13+X13+AB13+AF13))) -> 0 | AK13: =ROUND(AH13-AI13-AJ13,2) -> 0 | AL13: =AO12*(1+J$7) -> 0 | AM13: =MIN(AL13,J$8) -> 0 | AN13: =MAX(0,MIN(AL13-AM13,$C13-(P13+T13+X13+AB13+AF13+AJ13))) -> 0 | AO13: =ROUND(AL13-AM13-AN13,2) -> 0 | AP13: =AS12*(1+K$7) -> 0 | AQ13: =MIN(AP13,K$8) -> 0 | AR13: =MAX(0,MIN(AP13-AQ13,$C13-(P13+T13+X13+AB13+AF13+AJ13+AN13))) -> 0 | AS13: =ROUND(AP13-AQ13-AR13,2) -> 0 | AT13: =AW12*(1+L$7) -> 0 | AU13: =MIN(AT13,L$8) -> 0 | AV13: =MAX(0,MIN(AT13-AU13,$C13-(P13+T13+X13+AB13+AF13+AJ13+AN13+AR13))) -> 0 | AW13: =ROUND(AT13-AU13-AV13,2) -> 0 | AX13: =BA12*(1+M$7) -> 0 | AY13: =MIN(AX13,M$8) -> 0 | AZ13: =MAX(0,MIN(AX13-AY13,$C13-(P13+T13+X13+AB13+AF13+AJ13+AN13+AR13+AV13))) -> 0 | BA13: =ROUND(AX13-AY13-AZ13,2) -> 0
A14: 4 | B14: =EDATE(Borçlar!$K$7,3) -> 46388 | C14: =MAX(0,Borçlar!$K$8-(O14+S14+W14+AA14+AE14+AI14+AM14+AQ14+AU14+AY14)) -> 5000 | D14: =O14+P14+S14+T14+W14+X14+AA14+AB14+AE14+AF14+AI14+AJ14+AM14+AN14+AQ14+AR14+AU14+AV14+AY14+AZ14 -> 19000 | E14: =(N14+R14+V14+Z14+AD14+AH14+AL14+AP14+AT14+AX14)-(F13) -> 6921.3501 | F14: =Q14+U14+Y14+AC14+AG14+AK14+AO14+AS14+AW14+BA14 -> 199179.08 | N14: =Q13*(1+D$7) -> 8871.849 | O14: =MIN(N14,D$8) -> 1500 | P14: =MAX(0,MIN(N14-O14,$C14-(0))) -> 5000 | Q14: =ROUND(N14-O14-P14,2) -> 2371.85 | R14: =U13*(1+E$7) -> 61716.54 | S14: =MIN(R14,E$8) -> 3000 | T14: =MAX(0,MIN(R14-S14,$C14-(P14))) -> 0 | U14: =ROUND(R14-S14-T14,2) -> 58716.54 | V14: =Y13*(1+F$7) -> 113590.69 | W14: =MIN(V14,F$8) -> 7500 | X14: =MAX(0,MIN(V14-W14,$C14-(P14+T14))) -> 0 | Y14: =ROUND(V14-W14-X14,2) -> 106090.69 | Z14: =AC13*(1+G$7) -> 34000 | AA14: =MIN(Z14,G$8) -> 2000 | AB14: =MAX(0,MIN(Z14-AA14,$C14-(P14+T14+X14))) -> 0 | AC14: =ROUND(Z14-AA14-AB14,2) -> 32000 | AD14: =AG13*(1+H$7) -> 0 | AE14: =MIN(AD14,H$8) -> 0 | AF14: =MAX(0,MIN(AD14-AE14,$C14-(P14+T14+X14+AB14))) -> 0 | AG14: =ROUND(AD14-AE14-AF14,2) -> 0 | AH14: =AK13*(1+I$7) -> 0 | AI14: =MIN(AH14,I$8) -> 0 | AJ14: =MAX(0,MIN(AH14-AI14,$C14-(P14+T14+X14+AB14+AF14))) -> 0 | AK14: =ROUND(AH14-AI14-AJ14,2) -> 0 | AL14: =AO13*(1+J$7) -> 0 | AM14: =MIN(AL14,J$8) -> 0 | AN14: =MAX(0,MIN(AL14-AM14,$C14-(P14+T14+X14+AB14+AF14+AJ14))) -> 0 | AO14: =ROUND(AL14-AM14-AN14,2) -> 0 | AP14: =AS13*(1+K$7) -> 0 | AQ14: =MIN(AP14,K$8) -> 0 | AR14: =MAX(0,MIN(AP14-AQ14,$C14-(P14+T14+X14+AB14+AF14+AJ14+AN14))) -> 0 | AS14: =ROUND(AP14-AQ14-AR14,2) -> 0 | AT14: =AW13*(1+L$7) -> 0 | AU14: =MIN(AT14,L$8) -> 0 | AV14: =MAX(0,MIN(AT14-AU14,$C14-(P14+T14+X14+AB14+AF14+AJ14+AN14+AR14))) -> 0 | AW14: =ROUND(AT14-AU14-AV14,2) -> 0 | AX14: =BA13*(1+M$7) -> 0 | AY14: =MIN(AX14,M$8) -> 0 | AZ14: =MAX(0,MIN(AX14-AY14,$C14-(P14+T14+X14+AB14+AF14+AJ14+AN14+AR14+AV14))) -> 0 | BA14: =ROUND(AX14-AY14-AZ14,2) -> 0
A15: 5 | B15: =EDATE(Borçlar!$K$7,4) -> 46419 | C15: =MAX(0,Borçlar!$K$8-(O15+S15+W15+AA15+AE15+AI15+AM15+AQ15+AU15+AY15)) -> 5000 | D15: =O15+P15+S15+T15+W15+X15+AA15+AB15+AE15+AF15+AI15+AJ15+AM15+AN15+AQ15+AR15+AU15+AV15+AY15+AZ15 -> 19000 | E15: =(N15+R15+V15+Z15+AD15+AH15+AL15+AP15+AT15+AX15)-(F14) -> 6474.0109 | F15: =Q15+U15+Y15+AC15+AG15+AK15+AO15+AS15+AW15+BA15 -> 186653.09 | N15: =Q14*(1+D$7) -> 2490.4425 | O15: =MIN(N15,D$8) -> 1500 | P15: =MAX(0,MIN(N15-O15,$C15-(0))) -> 990.4425 | Q15: =ROUND(N15-O15-P15,2) -> 0 | R15: =U14*(1+E$7) -> 61358.784 | S15: =MIN(R15,E$8) -> 3000 | T15: =MAX(0,MIN(R15-S15,$C15-(P15))) -> 4009.5575 | U15: =ROUND(R15-S15-T15,2) -> 54349.23 | V15: =Y14*(1+F$7) -> 109803.86 | W15: =MIN(V15,F$8) -> 7500 | X15: =MAX(0,MIN(V15-W15,$C15-(P15+T15))) -> 0 | Y15: =ROUND(V15-W15-X15,2) -> 102303.86 | Z15: =AC14*(1+G$7) -> 32000 | AA15: =MIN(Z15,G$8) -> 2000 | AB15: =MAX(0,MIN(Z15-AA15,$C15-(P15+T15+X15))) -> 0 | AC15: =ROUND(Z15-AA15-AB15,2) -> 30000 | AD15: =AG14*(1+H$7) -> 0 | AE15: =MIN(AD15,H$8) -> 0 | AF15: =MAX(0,MIN(AD15-AE15,$C15-(P15+T15+X15+AB15))) -> 0 | AG15: =ROUND(AD15-AE15-AF15,2) -> 0 | AH15: =AK14*(1+I$7) -> 0 | AI15: =MIN(AH15,I$8) -> 0 | AJ15: =MAX(0,MIN(AH15-AI15,$C15-(P15+T15+X15+AB15+AF15))) -> 0 | AK15: =ROUND(AH15-AI15-AJ15,2) -> 0 | AL15: =AO14*(1+J$7) -> 0 | AM15: =MIN(AL15,J$8) -> 0 | AN15: =MAX(0,MIN(AL15-AM15,$C15-(P15+T15+X15+AB15+AF15+AJ15))) -> 0 | AO15: =ROUND(AL15-AM15-AN15,2) -> 0 | AP15: =AS14*(1+K$7) -> 0 | AQ15: =MIN(AP15,K$8) -> 0 | AR15: =MAX(0,MIN(AP15-AQ15,$C15-(P15+T15+X15+AB15+AF15+AJ15+AN15))) -> 0 | AS15: =ROUND(AP15-AQ15-AR15,2) -> 0 | AT15: =AW14*(1+L$7) -> 0 | AU15: =MIN(AT15,L$8) -> 0 | AV15: =MAX(0,MIN(AT15-AU15,$C15-(P15+T15+X15+AB15+AF15+AJ15+AN15+AR15))) -> 0 | AW15: =ROUND(AT15-AU15-AV15,2) -> 0 | AX15: =BA14*(1+M$7) -> 0 | AY15: =MIN(AX15,M$8) -> 0 | AZ15: =MAX(0,MIN(AX15-AY15,$C15-(P15+T15+X15+AB15+AF15+AJ15+AN15+AR15+AV15))) -> 0 | BA15: =ROUND(AX15-AY15-AZ15,2) -> 0
A16: 6 | B16: =EDATE(Borçlar!$K$7,5) -> 46447 | C16: =MAX(0,Borçlar!$K$8-(O16+S16+W16+AA16+AE16+AI16+AM16+AQ16+AU16+AY16)) -> 6500 | D16: =O16+P16+S16+T16+W16+X16+AA16+AB16+AE16+AF16+AI16+AJ16+AM16+AN16+AQ16+AR16+AU16+AV16+AY16+AZ16 -> 19000 | E16: =(N16+R16+V16+Z16+AD16+AH16+AL16+AP16+AT16+AX16)-(F15) -> 6026.3504 | F16: =Q16+U16+Y16+AC16+AG16+AK16+AO16+AS16+AW16+BA16 -> 173679.45 | N16: =Q15*(1+D$7) -> 0 | O16: =MIN(N16,D$8) -> 0 | P16: =MAX(0,MIN(N16-O16,$C16-(0))) -> 0 | Q16: =ROUND(N16-O16-P16,2) -> 0 | R16: =U15*(1+E$7) -> 56794.945 | S16: =MIN(R16,E$8) -> 3000 | T16: =MAX(0,MIN(R16-S16,$C16-(P16))) -> 6500 | U16: =ROUND(R16-S16-T16,2) -> 47294.95 | V16: =Y15*(1+F$7) -> 105884.5 | W16: =MIN(V16,F$8) -> 7500 | X16: =MAX(0,MIN(V16-W16,$C16-(P16+T16))) -> 0 | Y16: =ROUND(V16-W16-X16,2) -> 98384.5 | Z16: =AC15*(1+G$7) -> 30000 | AA16: =MIN(Z16,G$8) -> 2000 | AB16: =MAX(0,MIN(Z16-AA16,$C16-(P16+T16+X16))) -> 0 | AC16: =ROUND(Z16-AA16-AB16,2) -> 28000 | AD16: =AG15*(1+H$7) -> 0 | AE16: =MIN(AD16,H$8) -> 0 | AF16: =MAX(0,MIN(AD16-AE16,$C16-(P16+T16+X16+AB16))) -> 0 | AG16: =ROUND(AD16-AE16-AF16,2) -> 0 | AH16: =AK15*(1+I$7) -> 0 | AI16: =MIN(AH16,I$8) -> 0 | AJ16: =MAX(0,MIN(AH16-AI16,$C16-(P16+T16+X16+AB16+AF16))) -> 0 | AK16: =ROUND(AH16-AI16-AJ16,2) -> 0 | AL16: =AO15*(1+J$7) -> 0 | AM16: =MIN(AL16,J$8) -> 0 | AN16: =MAX(0,MIN(AL16-AM16,$C16-(P16+T16+X16+AB16+AF16+AJ16))) -> 0 | AO16: =ROUND(AL16-AM16-AN16,2) -> 0 | AP16: =AS15*(1+K$7) -> 0 | AQ16: =MIN(AP16,K$8) -> 0 | AR16: =MAX(0,MIN(AP16-AQ16,$C16-(P16+T16+X16+AB16+AF16+AJ16+AN16))) -> 0 | AS16: =ROUND(AP16-AQ16-AR16,2) -> 0 | AT16: =AW15*(1+L$7) -> 0 | AU16: =MIN(AT16,L$8) -> 0 | AV16: =MAX(0,MIN(AT16-AU16,$C16-(P16+T16+X16+AB16+AF16+AJ16+AN16+AR16))) -> 0 | AW16: =ROUND(AT16-AU16-AV16,2) -> 0 | AX16: =BA15*(1+M$7) -> 0 | AY16: =MIN(AX16,M$8) -> 0 | AZ16: =MAX(0,MIN(AX16-AY16,$C16-(P16+T16+X16+AB16+AF16+AJ16+AN16+AR16+AV16))) -> 0 | BA16: =ROUND(AX16-AY16-AZ16,2) -> 0
A17: 7 | B17: =EDATE(Borçlar!$K$7,6) -> 46478 | C17: =MAX(0,Borçlar!$K$8-(O17+S17+W17+AA17+AE17+AI17+AM17+AQ17+AU17+AY17)) -> 6500 | D17: =O17+P17+S17+T17+W17+X17+AA17+AB17+AE17+AF17+AI17+AJ17+AM17+AN17+AQ17+AR17+AU17+AV17+AY17+AZ17 -> 19000 | E17: =(N17+R17+V17+Z17+AD17+AH17+AL17+AP17+AT17+AX17)-(F16) -> 5571.7302 | F17: =Q17+U17+Y17+AC17+AG17+AK17+AO17+AS17+AW17+BA17 -> 160251.18 | N17: =Q16*(1+D$7) -> 0 | O17: =MIN(N17,D$8) -> 0 | P17: =MAX(0,MIN(N17-O17,$C17-(0))) -> 0 | Q17: =ROUND(N17-O17-P17,2) -> 0 | R17: =U16*(1+E$7) -> 49423.223 | S17: =MIN(R17,E$8) -> 3000 | T17: =MAX(0,MIN(R17-S17,$C17-(P17))) -> 6500 | U17: =ROUND(R17-S17-T17,2) -> 39923.22 | V17: =Y16*(1+F$7) -> 101827.96 | W17: =MIN(V17,F$8) -> 7500 | X17: =MAX(0,MIN(V17-W17,$C17-(P17+T17))) -> 0 | Y17: =ROUND(V17-W17-X17,2) -> 94327.96 | Z17: =AC16*(1+G$7) -> 28000 | AA17: =MIN(Z17,G$8) -> 2000 | AB17: =MAX(0,MIN(Z17-AA17,$C17-(P17+T17+X17))) -> 0 | AC17: =ROUND(Z17-AA17-AB17,2) -> 26000 | AD17: =AG16*(1+H$7) -> 0 | AE17: =MIN(AD17,H$8) -> 0 | AF17: =MAX(0,MIN(AD17-AE17,$C17-(P17+T17+X17+AB17))) -> 0 | AG17: =ROUND(AD17-AE17-AF17,2) -> 0 | AH17: =AK16*(1+I$7) -> 0 | AI17: =MIN(AH17,I$8) -> 0 | AJ17: =MAX(0,MIN(AH17-AI17,$C17-(P17+T17+X17+AB17+AF17))) -> 0 | AK17: =ROUND(AH17-AI17-AJ17,2) -> 0 | AL17: =AO16*(1+J$7) -> 0 | AM17: =MIN(AL17,J$8) -> 0 | AN17: =MAX(0,MIN(AL17-AM17,$C17-(P17+T17+X17+AB17+AF17+AJ17))) -> 0 | AO17: =ROUND(AL17-AM17-AN17,2) -> 0 | AP17: =AS16*(1+K$7) -> 0 | AQ17: =MIN(AP17,K$8) -> 0 | AR17: =MAX(0,MIN(AP17-AQ17,$C17-(P17+T17+X17+AB17+AF17+AJ17+AN17))) -> 0 | AS17: =ROUND(AP17-AQ17-AR17,2) -> 0 | AT17: =AW16*(1+L$7) -> 0 | AU17: =MIN(AT17,L$8) -> 0 | AV17: =MAX(0,MIN(AT17-AU17,$C17-(P17+T17+X17+AB17+AF17+AJ17+AN17+AR17))) -> 0 | AW17: =ROUND(AT17-AU17-AV17,2) -> 0 | AX17: =BA16*(1+M$7) -> 0 | AY17: =MIN(AX17,M$8) -> 0 | AZ17: =MAX(0,MIN(AX17-AY17,$C17-(P17+T17+X17+AB17+AF17+AJ17+AN17+AR17+AV17))) -> 0 | BA17: =ROUND(AX17-AY17-AZ17,2) -> 0
A18: 8 | B18: =EDATE(Borçlar!$K$7,7) -> 46508 | C18: =MAX(0,Borçlar!$K$8-(O18+S18+W18+AA18+AE18+AI18+AM18+AQ18+AU18+AY18)) -> 6500 | D18: =O18+P18+S18+T18+W18+X18+AA18+AB18+AE18+AF18+AI18+AJ18+AM18+AN18+AQ18+AR18+AU18+AV18+AY18+AZ18 -> 19000 | E18: =(N18+R18+V18+Z18+AD18+AH18+AL18+AP18+AT18+AX18)-(F17) -> 5098.0235 | F18: =Q18+U18+Y18+AC18+AG18+AK18+AO18+AS18+AW18+BA18 -> 146349.2 | N18: =Q17*(1+D$7) -> 0 | O18: =MIN(N18,D$8) -> 0 | P18: =MAX(0,MIN(N18-O18,$C18-(0))) -> 0 | Q18: =ROUND(N18-O18-P18,2) -> 0 | R18: =U17*(1+E$7) -> 41719.765 | S18: =MIN(R18,E$8) -> 3000 | T18: =MAX(0,MIN(R18-S18,$C18-(P18))) -> 6500 | U18: =ROUND(R18-S18-T18,2) -> 32219.76 | V18: =Y17*(1+F$7) -> 97629.439 | W18: =MIN(V18,F$8) -> 7500 | X18: =MAX(0,MIN(V18-W18,$C18-(P18+T18))) -> 0 | Y18: =ROUND(V18-W18-X18,2) -> 90129.44 | Z18: =AC17*(1+G$7) -> 26000 | AA18: =MIN(Z18,G$8) -> 2000 | AB18: =MAX(0,MIN(Z18-AA18,$C18-(P18+T18+X18))) -> 0 | AC18: =ROUND(Z18-AA18-AB18,2) -> 24000 | AD18: =AG17*(1+H$7) -> 0 | AE18: =MIN(AD18,H$8) -> 0 | AF18: =MAX(0,MIN(AD18-AE18,$C18-(P18+T18+X18+AB18))) -> 0 | AG18: =ROUND(AD18-AE18-AF18,2) -> 0 | AH18: =AK17*(1+I$7) -> 0 | AI18: =MIN(AH18,I$8) -> 0 | AJ18: =MAX(0,MIN(AH18-AI18,$C18-(P18+T18+X18+AB18+AF18))) -> 0 | AK18: =ROUND(AH18-AI18-AJ18,2) -> 0 | AL18: =AO17*(1+J$7) -> 0 | AM18: =MIN(AL18,J$8) -> 0 | AN18: =MAX(0,MIN(AL18-AM18,$C18-(P18+T18+X18+AB18+AF18+AJ18))) -> 0 | AO18: =ROUND(AL18-AM18-AN18,2) -> 0 | AP18: =AS17*(1+K$7) -> 0 | AQ18: =MIN(AP18,K$8) -> 0 | AR18: =MAX(0,MIN(AP18-AQ18,$C18-(P18+T18+X18+AB18+AF18+AJ18+AN18))) -> 0 | AS18: =ROUND(AP18-AQ18-AR18,2) -> 0 | AT18: =AW17*(1+L$7) -> 0 | AU18: =MIN(AT18,L$8) -> 0 | AV18: =MAX(0,MIN(AT18-AU18,$C18-(P18+T18+X18+AB18+AF18+AJ18+AN18+AR18))) -> 0 | AW18: =ROUND(AT18-AU18-AV18,2) -> 0 | AX18: =BA17*(1+M$7) -> 0 | AY18: =MIN(AX18,M$8) -> 0 | AZ18: =MAX(0,MIN(AX18-AY18,$C18-(P18+T18+X18+AB18+AF18+AJ18+AN18+AR18+AV18))) -> 0 | BA18: =ROUND(AX18-AY18-AZ18,2) -> 0
A19: 9 | B19: =EDATE(Borçlar!$K$7,8) -> 46539 | C19: =MAX(0,Borçlar!$K$8-(O19+S19+W19+AA19+AE19+AI19+AM19+AQ19+AU19+AY19)) -> 6500 | D19: =O19+P19+S19+T19+W19+X19+AA19+AB19+AE19+AF19+AI19+AJ19+AM19+AN19+AQ19+AR19+AU19+AV19+AY19+AZ19 -> 19000 | E19: =(N19+R19+V19+Z19+AD19+AH19+AL19+AP19+AT19+AX19)-(F18) -> 4604.4196 | F19: =Q19+U19+Y19+AC19+AG19+AK19+AO19+AS19+AW19+BA19 -> 131953.62 | N19: =Q18*(1+D$7) -> 0 | O19: =MIN(N19,D$8) -> 0 | P19: =MAX(0,MIN(N19-O19,$C19-(0))) -> 0 | Q19: =ROUND(N19-O19-P19,2) -> 0 | R19: =U18*(1+E$7) -> 33669.649 | S19: =MIN(R19,E$8) -> 3000 | T19: =MAX(0,MIN(R19-S19,$C19-(P19))) -> 6500 | U19: =ROUND(R19-S19-T19,2) -> 24169.65 | V19: =Y18*(1+F$7) -> 93283.97 | W19: =MIN(V19,F$8) -> 7500 | X19: =MAX(0,MIN(V19-W19,$C19-(P19+T19))) -> 0 | Y19: =ROUND(V19-W19-X19,2) -> 85783.97 | Z19: =AC18*(1+G$7) -> 24000 | AA19: =MIN(Z19,G$8) -> 2000 | AB19: =MAX(0,MIN(Z19-AA19,$C19-(P19+T19+X19))) -> 0 | AC19: =ROUND(Z19-AA19-AB19,2) -> 22000 | AD19: =AG18*(1+H$7) -> 0 | AE19: =MIN(AD19,H$8) -> 0 | AF19: =MAX(0,MIN(AD19-AE19,$C19-(P19+T19+X19+AB19))) -> 0 | AG19: =ROUND(AD19-AE19-AF19,2) -> 0 | AH19: =AK18*(1+I$7) -> 0 | AI19: =MIN(AH19,I$8) -> 0 | AJ19: =MAX(0,MIN(AH19-AI19,$C19-(P19+T19+X19+AB19+AF19))) -> 0 | AK19: =ROUND(AH19-AI19-AJ19,2) -> 0 | AL19: =AO18*(1+J$7) -> 0 | AM19: =MIN(AL19,J$8) -> 0 | AN19: =MAX(0,MIN(AL19-AM19,$C19-(P19+T19+X19+AB19+AF19+AJ19))) -> 0 | AO19: =ROUND(AL19-AM19-AN19,2) -> 0 | AP19: =AS18*(1+K$7) -> 0 | AQ19: =MIN(AP19,K$8) -> 0 | AR19: =MAX(0,MIN(AP19-AQ19,$C19-(P19+T19+X19+AB19+AF19+AJ19+AN19))) -> 0 | AS19: =ROUND(AP19-AQ19-AR19,2) -> 0 | AT19: =AW18*(1+L$7) -> 0 | AU19: =MIN(AT19,L$8) -> 0 | AV19: =MAX(0,MIN(AT19-AU19,$C19-(P19+T19+X19+AB19+AF19+AJ19+AN19+AR19))) -> 0 | AW19: =ROUND(AT19-AU19-AV19,2) -> 0 | AX19: =BA18*(1+M$7) -> 0 | AY19: =MIN(AX19,M$8) -> 0 | AZ19: =MAX(0,MIN(AX19-AY19,$C19-(P19+T19+X19+AB19+AF19+AJ19+AN19+AR19+AV19))) -> 0 | BA19: =ROUND(AX19-AY19-AZ19,2) -> 0
A20: 10 | B20: =EDATE(Borçlar!$K$7,9) -> 46569 | C20: =MAX(0,Borçlar!$K$8-(O20+S20+W20+AA20+AE20+AI20+AM20+AQ20+AU20+AY20)) -> 6500 | D20: =O20+P20+S20+T20+W20+X20+AA20+AB20+AE20+AF20+AI20+AJ20+AM20+AN20+AQ20+AR20+AU20+AV20+AY20+AZ20 -> 19000 | E20: =(N20+R20+V20+Z20+AD20+AH20+AL20+AP20+AT20+AX20)-(F19) -> 4090.0732 | F20: =Q20+U20+Y20+AC20+AG20+AK20+AO20+AS20+AW20+BA20 -> 117043.69 | N20: =Q19*(1+D$7) -> 0 | O20: =MIN(N20,D$8) -> 0 | P20: =MAX(0,MIN(N20-O20,$C20-(0))) -> 0 | Q20: =ROUND(N20-O20-P20,2) -> 0 | R20: =U19*(1+E$7) -> 25257.284 | S20: =MIN(R20,E$8) -> 3000 | T20: =MAX(0,MIN(R20-S20,$C20-(P20))) -> 6500 | U20: =ROUND(R20-S20-T20,2) -> 15757.28 | V20: =Y19*(1+F$7) -> 88786.409 | W20: =MIN(V20,F$8) -> 7500 | X20: =MAX(0,MIN(V20-W20,$C20-(P20+T20))) -> 0 | Y20: =ROUND(V20-W20-X20,2) -> 81286.41 | Z20: =AC19*(1+G$7) -> 22000 | AA20: =MIN(Z20,G$8) -> 2000 | AB20: =MAX(0,MIN(Z20-AA20,$C20-(P20+T20+X20))) -> 0 | AC20: =ROUND(Z20-AA20-AB20,2) -> 20000 | AD20: =AG19*(1+H$7) -> 0 | AE20: =MIN(AD20,H$8) -> 0 | AF20: =MAX(0,MIN(AD20-AE20,$C20-(P20+T20+X20+AB20))) -> 0 | AG20: =ROUND(AD20-AE20-AF20,2) -> 0 | AH20: =AK19*(1+I$7) -> 0 | AI20: =MIN(AH20,I$8) -> 0 | AJ20: =MAX(0,MIN(AH20-AI20,$C20-(P20+T20+X20+AB20+AF20))) -> 0 | AK20: =ROUND(AH20-AI20-AJ20,2) -> 0 | AL20: =AO19*(1+J$7) -> 0 | AM20: =MIN(AL20,J$8) -> 0 | AN20: =MAX(0,MIN(AL20-AM20,$C20-(P20+T20+X20+AB20+AF20+AJ20))) -> 0 | AO20: =ROUND(AL20-AM20-AN20,2) -> 0 | AP20: =AS19*(1+K$7) -> 0 | AQ20: =MIN(AP20,K$8) -> 0 | AR20: =MAX(0,MIN(AP20-AQ20,$C20-(P20+T20+X20+AB20+AF20+AJ20+AN20))) -> 0 | AS20: =ROUND(AP20-AQ20-AR20,2) -> 0 | AT20: =AW19*(1+L$7) -> 0 | AU20: =MIN(AT20,L$8) -> 0 | AV20: =MAX(0,MIN(AT20-AU20,$C20-(P20+T20+X20+AB20+AF20+AJ20+AN20+AR20))) -> 0 | AW20: =ROUND(AT20-AU20-AV20,2) -> 0 | AX20: =BA19*(1+M$7) -> 0 | AY20: =MIN(AX20,M$8) -> 0 | AZ20: =MAX(0,MIN(AX20-AY20,$C20-(P20+T20+X20+AB20+AF20+AJ20+AN20+AR20+AV20))) -> 0 | BA20: =ROUND(AX20-AY20-AZ20,2) -> 0
A21: 11 | B21: =EDATE(Borçlar!$K$7,10) -> 46600 | C21: =MAX(0,Borçlar!$K$8-(O21+S21+W21+AA21+AE21+AI21+AM21+AQ21+AU21+AY21)) -> 6500 | D21: =O21+P21+S21+T21+W21+X21+AA21+AB21+AE21+AF21+AI21+AJ21+AM21+AN21+AQ21+AR21+AU21+AV21+AY21+AZ21 -> 19000 | E21: =(N21+R21+V21+Z21+AD21+AH21+AL21+AP21+AT21+AX21)-(F20) -> 3554.102 | F21: =Q21+U21+Y21+AC21+AG21+AK21+AO21+AS21+AW21+BA21 -> 101597.79 | N21: =Q20*(1+D$7) -> 0 | O21: =MIN(N21,D$8) -> 0 | P21: =MAX(0,MIN(N21-O21,$C21-(0))) -> 0 | Q21: =ROUND(N21-O21-P21,2) -> 0 | R21: =U20*(1+E$7) -> 16466.358 | S21: =MIN(R21,E$8) -> 3000 | T21: =MAX(0,MIN(R21-S21,$C21-(P21))) -> 6500 | U21: =ROUND(R21-S21-T21,2) -> 6966.36 | V21: =Y20*(1+F$7) -> 84131.434 | W21: =MIN(V21,F$8) -> 7500 | X21: =MAX(0,MIN(V21-W21,$C21-(P21+T21))) -> 0 | Y21: =ROUND(V21-W21-X21,2) -> 76631.43 | Z21: =AC20*(1+G$7) -> 20000 | AA21: =MIN(Z21,G$8) -> 2000 | AB21: =MAX(0,MIN(Z21-AA21,$C21-(P21+T21+X21))) -> 0 | AC21: =ROUND(Z21-AA21-AB21,2) -> 18000 | AD21: =AG20*(1+H$7) -> 0 | AE21: =MIN(AD21,H$8) -> 0 | AF21: =MAX(0,MIN(AD21-AE21,$C21-(P21+T21+X21+AB21))) -> 0 | AG21: =ROUND(AD21-AE21-AF21,2) -> 0 | AH21: =AK20*(1+I$7) -> 0 | AI21: =MIN(AH21,I$8) -> 0 | AJ21: =MAX(0,MIN(AH21-AI21,$C21-(P21+T21+X21+AB21+AF21))) -> 0 | AK21: =ROUND(AH21-AI21-AJ21,2) -> 0 | AL21: =AO20*(1+J$7) -> 0 | AM21: =MIN(AL21,J$8) -> 0 | AN21: =MAX(0,MIN(AL21-AM21,$C21-(P21+T21+X21+AB21+AF21+AJ21))) -> 0 | AO21: =ROUND(AL21-AM21-AN21,2) -> 0 | AP21: =AS20*(1+K$7) -> 0 | AQ21: =MIN(AP21,K$8) -> 0 | AR21: =MAX(0,MIN(AP21-AQ21,$C21-(P21+T21+X21+AB21+AF21+AJ21+AN21))) -> 0 | AS21: =ROUND(AP21-AQ21-AR21,2) -> 0 | AT21: =AW20*(1+L$7) -> 0 | AU21: =MIN(AT21,L$8) -> 0 | AV21: =MAX(0,MIN(AT21-AU21,$C21-(P21+T21+X21+AB21+AF21+AJ21+AN21+AR21))) -> 0 | AW21: =ROUND(AT21-AU21-AV21,2) -> 0 | AX21: =BA20*(1+M$7) -> 0 | AY21: =MIN(AX21,M$8) -> 0 | AZ21: =MAX(0,MIN(AX21-AY21,$C21-(P21+T21+X21+AB21+AF21+AJ21+AN21+AR21+AV21))) -> 0 | BA21: =ROUND(AX21-AY21-AZ21,2) -> 0
A22: 12 | B22: =EDATE(Borçlar!$K$7,11) -> 46631 | C22: =MAX(0,Borçlar!$K$8-(O22+S22+W22+AA22+AE22+AI22+AM22+AQ22+AU22+AY22)) -> 6500 | D22: =O22+P22+S22+T22+W22+X22+AA22+AB22+AE22+AF22+AI22+AJ22+AM22+AN22+AQ22+AR22+AU22+AV22+AY22+AZ22 -> 19000 | E22: =(N22+R22+V22+Z22+AD22+AH22+AL22+AP22+AT22+AX22)-(F21) -> 2995.5862 | F22: =Q22+U22+Y22+AC22+AG22+AK22+AO22+AS22+AW22+BA22 -> 85593.38 | N22: =Q21*(1+D$7) -> 0 | O22: =MIN(N22,D$8) -> 0 | P22: =MAX(0,MIN(N22-O22,$C22-(0))) -> 0 | Q22: =ROUND(N22-O22-P22,2) -> 0 | R22: =U21*(1+E$7) -> 7279.8462 | S22: =MIN(R22,E$8) -> 3000 | T22: =MAX(0,MIN(R22-S22,$C22-(P22))) -> 4279.8462 | U22: =ROUND(R22-S22-T22,2) -> 0 | V22: =Y21*(1+F$7) -> 79313.53 | W22: =MIN(V22,F$8) -> 7500 | X22: =MAX(0,MIN(V22-W22,$C22-(P22+T22))) -> 2220.1538 | Y22: =ROUND(V22-W22-X22,2) -> 69593.38 | Z22: =AC21*(1+G$7) -> 18000 | AA22: =MIN(Z22,G$8) -> 2000 | AB22: =MAX(0,MIN(Z22-AA22,$C22-(P22+T22+X22))) -> 0 | AC22: =ROUND(Z22-AA22-AB22,2) -> 16000 | AD22: =AG21*(1+H$7) -> 0 | AE22: =MIN(AD22,H$8) -> 0 | AF22: =MAX(0,MIN(AD22-AE22,$C22-(P22+T22+X22+AB22))) -> 0 | AG22: =ROUND(AD22-AE22-AF22,2) -> 0 | AH22: =AK21*(1+I$7) -> 0 | AI22: =MIN(AH22,I$8) -> 0 | AJ22: =MAX(0,MIN(AH22-AI22,$C22-(P22+T22+X22+AB22+AF22))) -> 0 | AK22: =ROUND(AH22-AI22-AJ22,2) -> 0 | AL22: =AO21*(1+J$7) -> 0 | AM22: =MIN(AL22,J$8) -> 0 | AN22: =MAX(0,MIN(AL22-AM22,$C22-(P22+T22+X22+AB22+AF22+AJ22))) -> 0 | AO22: =ROUND(AL22-AM22-AN22,2) -> 0 | AP22: =AS21*(1+K$7) -> 0 | AQ22: =MIN(AP22,K$8) -> 0 | AR22: =MAX(0,MIN(AP22-AQ22,$C22-(P22+T22+X22+AB22+AF22+AJ22+AN22))) -> 0 | AS22: =ROUND(AP22-AQ22-AR22,2) -> 0 | AT22: =AW21*(1+L$7) -> 0 | AU22: =MIN(AT22,L$8) -> 0 | AV22: =MAX(0,MIN(AT22-AU22,$C22-(P22+T22+X22+AB22+AF22+AJ22+AN22+AR22))) -> 0 | AW22: =ROUND(AT22-AU22-AV22,2) -> 0 | AX22: =BA21*(1+M$7) -> 0 | AY22: =MIN(AX22,M$8) -> 0 | AZ22: =MAX(0,MIN(AX22-AY22,$C22-(P22+T22+X22+AB22+AF22+AJ22+AN22+AR22+AV22))) -> 0 | BA22: =ROUND(AX22-AY22-AZ22,2) -> 0
A23: 13 | B23: =EDATE(Borçlar!$K$7,12) -> 46661 | C23: =MAX(0,Borçlar!$K$8-(O23+S23+W23+AA23+AE23+AI23+AM23+AQ23+AU23+AY23)) -> 9500 | D23: =O23+P23+S23+T23+W23+X23+AA23+AB23+AE23+AF23+AI23+AJ23+AM23+AN23+AQ23+AR23+AU23+AV23+AY23+AZ23 -> 19000 | E23: =(N23+R23+V23+Z23+AD23+AH23+AL23+AP23+AT23+AX23)-(F22) -> 2435.7683 | F23: =Q23+U23+Y23+AC23+AG23+AK23+AO23+AS23+AW23+BA23 -> 69029.15 | N23: =Q22*(1+D$7) -> 0 | O23: =MIN(N23,D$8) -> 0 | P23: =MAX(0,MIN(N23-O23,$C23-(0))) -> 0 | Q23: =ROUND(N23-O23-P23,2) -> 0 | R23: =U22*(1+E$7) -> 0 | S23: =MIN(R23,E$8) -> 0 | T23: =MAX(0,MIN(R23-S23,$C23-(P23))) -> 0 | U23: =ROUND(R23-S23-T23,2) -> 0 | V23: =Y22*(1+F$7) -> 72029.148 | W23: =MIN(V23,F$8) -> 7500 | X23: =MAX(0,MIN(V23-W23,$C23-(P23+T23))) -> 9500 | Y23: =ROUND(V23-W23-X23,2) -> 55029.15 | Z23: =AC22*(1+G$7) -> 16000 | AA23: =MIN(Z23,G$8) -> 2000 | AB23: =MAX(0,MIN(Z23-AA23,$C23-(P23+T23+X23))) -> 0 | AC23: =ROUND(Z23-AA23-AB23,2) -> 14000 | AD23: =AG22*(1+H$7) -> 0 | AE23: =MIN(AD23,H$8) -> 0 | AF23: =MAX(0,MIN(AD23-AE23,$C23-(P23+T23+X23+AB23))) -> 0 | AG23: =ROUND(AD23-AE23-AF23,2) -> 0 | AH23: =AK22*(1+I$7) -> 0 | AI23: =MIN(AH23,I$8) -> 0 | AJ23: =MAX(0,MIN(AH23-AI23,$C23-(P23+T23+X23+AB23+AF23))) -> 0 | AK23: =ROUND(AH23-AI23-AJ23,2) -> 0 | AL23: =AO22*(1+J$7) -> 0 | AM23: =MIN(AL23,J$8) -> 0 | AN23: =MAX(0,MIN(AL23-AM23,$C23-(P23+T23+X23+AB23+AF23+AJ23))) -> 0 | AO23: =ROUND(AL23-AM23-AN23,2) -> 0 | AP23: =AS22*(1+K$7) -> 0 | AQ23: =MIN(AP23,K$8) -> 0 | AR23: =MAX(0,MIN(AP23-AQ23,$C23-(P23+T23+X23+AB23+AF23+AJ23+AN23))) -> 0 | AS23: =ROUND(AP23-AQ23-AR23,2) -> 0 | AT23: =AW22*(1+L$7) -> 0 | AU23: =MIN(AT23,L$8) -> 0 | AV23: =MAX(0,MIN(AT23-AU23,$C23-(P23+T23+X23+AB23+AF23+AJ23+AN23+AR23))) -> 0 | AW23: =ROUND(AT23-AU23-AV23,2) -> 0 | AX23: =BA22*(1+M$7) -> 0 | AY23: =MIN(AX23,M$8) -> 0 | AZ23: =MAX(0,MIN(AX23-AY23,$C23-(P23+T23+X23+AB23+AF23+AJ23+AN23+AR23+AV23))) -> 0 | BA23: =ROUND(AX23-AY23-AZ23,2) -> 0
A24: 14 | B24: =EDATE(Borçlar!$K$7,13) -> 46692 | C24: =MAX(0,Borçlar!$K$8-(O24+S24+W24+AA24+AE24+AI24+AM24+AQ24+AU24+AY24)) -> 9500 | D24: =O24+P24+S24+T24+W24+X24+AA24+AB24+AE24+AF24+AI24+AJ24+AM24+AN24+AQ24+AR24+AU24+AV24+AY24+AZ24 -> 19000 | E24: =(N24+R24+V24+Z24+AD24+AH24+AL24+AP24+AT24+AX24)-(F23) -> 1926.0203 | F24: =Q24+U24+Y24+AC24+AG24+AK24+AO24+AS24+AW24+BA24 -> 51955.17 | N24: =Q23*(1+D$7) -> 0 | O24: =MIN(N24,D$8) -> 0 | P24: =MAX(0,MIN(N24-O24,$C24-(0))) -> 0 | Q24: =ROUND(N24-O24-P24,2) -> 0 | R24: =U23*(1+E$7) -> 0 | S24: =MIN(R24,E$8) -> 0 | T24: =MAX(0,MIN(R24-S24,$C24-(P24))) -> 0 | U24: =ROUND(R24-S24-T24,2) -> 0 | V24: =Y23*(1+F$7) -> 56955.17 | W24: =MIN(V24,F$8) -> 7500 | X24: =MAX(0,MIN(V24-W24,$C24-(P24+T24))) -> 9500 | Y24: =ROUND(V24-W24-X24,2) -> 39955.17 | Z24: =AC23*(1+G$7) -> 14000 | AA24: =MIN(Z24,G$8) -> 2000 | AB24: =MAX(0,MIN(Z24-AA24,$C24-(P24+T24+X24))) -> 0 | AC24: =ROUND(Z24-AA24-AB24,2) -> 12000 | AD24: =AG23*(1+H$7) -> 0 | AE24: =MIN(AD24,H$8) -> 0 | AF24: =MAX(0,MIN(AD24-AE24,$C24-(P24+T24+X24+AB24))) -> 0 | AG24: =ROUND(AD24-AE24-AF24,2) -> 0 | AH24: =AK23*(1+I$7) -> 0 | AI24: =MIN(AH24,I$8) -> 0 | AJ24: =MAX(0,MIN(AH24-AI24,$C24-(P24+T24+X24+AB24+AF24))) -> 0 | AK24: =ROUND(AH24-AI24-AJ24,2) -> 0 | AL24: =AO23*(1+J$7) -> 0 | AM24: =MIN(AL24,J$8) -> 0 | AN24: =MAX(0,MIN(AL24-AM24,$C24-(P24+T24+X24+AB24+AF24+AJ24))) -> 0 | AO24: =ROUND(AL24-AM24-AN24,2) -> 0 | AP24: =AS23*(1+K$7) -> 0 | AQ24: =MIN(AP24,K$8) -> 0 | AR24: =MAX(0,MIN(AP24-AQ24,$C24-(P24+T24+X24+AB24+AF24+AJ24+AN24))) -> 0 | AS24: =ROUND(AP24-AQ24-AR24,2) -> 0 | AT24: =AW23*(1+L$7) -> 0 | AU24: =MIN(AT24,L$8) -> 0 | AV24: =MAX(0,MIN(AT24-AU24,$C24-(P24+T24+X24+AB24+AF24+AJ24+AN24+AR24))) -> 0 | AW24: =ROUND(AT24-AU24-AV24,2) -> 0 | AX24: =BA23*(1+M$7) -> 0 | AY24: =MIN(AX24,M$8) -> 0 | AZ24: =MAX(0,MIN(AX24-AY24,$C24-(P24+T24+X24+AB24+AF24+AJ24+AN24+AR24+AV24))) -> 0 | BA24: =ROUND(AX24-AY24-AZ24,2) -> 0
A25: 15 | B25: =EDATE(Borçlar!$K$7,14) -> 46722 | C25: =MAX(0,Borçlar!$K$8-(O25+S25+W25+AA25+AE25+AI25+AM25+AQ25+AU25+AY25)) -> 9500 | D25: =O25+P25+S25+T25+W25+X25+AA25+AB25+AE25+AF25+AI25+AJ25+AM25+AN25+AQ25+AR25+AU25+AV25+AY25+AZ25 -> 19000 | E25: =(N25+R25+V25+Z25+AD25+AH25+AL25+AP25+AT25+AX25)-(F24) -> 1398.4309 | F25: =Q25+U25+Y25+AC25+AG25+AK25+AO25+AS25+AW25+BA25 -> 34353.6 | N25: =Q24*(1+D$7) -> 0 | O25: =MIN(N25,D$8) -> 0 | P25: =MAX(0,MIN(N25-O25,$C25-(0))) -> 0 | Q25: =ROUND(N25-O25-P25,2) -> 0 | R25: =U24*(1+E$7) -> 0 | S25: =MIN(R25,E$8) -> 0 | T25: =MAX(0,MIN(R25-S25,$C25-(P25))) -> 0 | U25: =ROUND(R25-S25-T25,2) -> 0 | V25: =Y24*(1+F$7) -> 41353.601 | W25: =MIN(V25,F$8) -> 7500 | X25: =MAX(0,MIN(V25-W25,$C25-(P25+T25))) -> 9500 | Y25: =ROUND(V25-W25-X25,2) -> 24353.6 | Z25: =AC24*(1+G$7) -> 12000 | AA25: =MIN(Z25,G$8) -> 2000 | AB25: =MAX(0,MIN(Z25-AA25,$C25-(P25+T25+X25))) -> 0 | AC25: =ROUND(Z25-AA25-AB25,2) -> 10000 | AD25: =AG24*(1+H$7) -> 0 | AE25: =MIN(AD25,H$8) -> 0 | AF25: =MAX(0,MIN(AD25-AE25,$C25-(P25+T25+X25+AB25))) -> 0 | AG25: =ROUND(AD25-AE25-AF25,2) -> 0 | AH25: =AK24*(1+I$7) -> 0 | AI25: =MIN(AH25,I$8) -> 0 | AJ25: =MAX(0,MIN(AH25-AI25,$C25-(P25+T25+X25+AB25+AF25))) -> 0 | AK25: =ROUND(AH25-AI25-AJ25,2) -> 0 | AL25: =AO24*(1+J$7) -> 0 | AM25: =MIN(AL25,J$8) -> 0 | AN25: =MAX(0,MIN(AL25-AM25,$C25-(P25+T25+X25+AB25+AF25+AJ25))) -> 0 | AO25: =ROUND(AL25-AM25-AN25,2) -> 0 | AP25: =AS24*(1+K$7) -> 0 | AQ25: =MIN(AP25,K$8) -> 0 | AR25: =MAX(0,MIN(AP25-AQ25,$C25-(P25+T25+X25+AB25+AF25+AJ25+AN25))) -> 0 | AS25: =ROUND(AP25-AQ25-AR25,2) -> 0 | AT25: =AW24*(1+L$7) -> 0 | AU25: =MIN(AT25,L$8) -> 0 | AV25: =MAX(0,MIN(AT25-AU25,$C25-(P25+T25+X25+AB25+AF25+AJ25+AN25+AR25))) -> 0 | AW25: =ROUND(AT25-AU25-AV25,2) -> 0 | AX25: =BA24*(1+M$7) -> 0 | AY25: =MIN(AX25,M$8) -> 0 | AZ25: =MAX(0,MIN(AX25-AY25,$C25-(P25+T25+X25+AB25+AF25+AJ25+AN25+AR25+AV25))) -> 0 | BA25: =ROUND(AX25-AY25-AZ25,2) -> 0
A26: 16 | B26: =EDATE(Borçlar!$K$7,15) -> 46753 | C26: =MAX(0,Borçlar!$K$8-(O26+S26+W26+AA26+AE26+AI26+AM26+AQ26+AU26+AY26)) -> 9500 | D26: =O26+P26+S26+T26+W26+X26+AA26+AB26+AE26+AF26+AI26+AJ26+AM26+AN26+AQ26+AR26+AU26+AV26+AY26+AZ26 -> 19000 | E26: =(N26+R26+V26+Z26+AD26+AH26+AL26+AP26+AT26+AX26)-(F25) -> 852.376 | F26: =Q26+U26+Y26+AC26+AG26+AK26+AO26+AS26+AW26+BA26 -> 16205.98 | N26: =Q25*(1+D$7) -> 0 | O26: =MIN(N26,D$8) -> 0 | P26: =MAX(0,MIN(N26-O26,$C26-(0))) -> 0 | Q26: =ROUND(N26-O26-P26,2) -> 0 | R26: =U25*(1+E$7) -> 0 | S26: =MIN(R26,E$8) -> 0 | T26: =MAX(0,MIN(R26-S26,$C26-(P26))) -> 0 | U26: =ROUND(R26-S26-T26,2) -> 0 | V26: =Y25*(1+F$7) -> 25205.976 | W26: =MIN(V26,F$8) -> 7500 | X26: =MAX(0,MIN(V26-W26,$C26-(P26+T26))) -> 9500 | Y26: =ROUND(V26-W26-X26,2) -> 8205.98 | Z26: =AC25*(1+G$7) -> 10000 | AA26: =MIN(Z26,G$8) -> 2000 | AB26: =MAX(0,MIN(Z26-AA26,$C26-(P26+T26+X26))) -> 0 | AC26: =ROUND(Z26-AA26-AB26,2) -> 8000 | AD26: =AG25*(1+H$7) -> 0 | AE26: =MIN(AD26,H$8) -> 0 | AF26: =MAX(0,MIN(AD26-AE26,$C26-(P26+T26+X26+AB26))) -> 0 | AG26: =ROUND(AD26-AE26-AF26,2) -> 0 | AH26: =AK25*(1+I$7) -> 0 | AI26: =MIN(AH26,I$8) -> 0 | AJ26: =MAX(0,MIN(AH26-AI26,$C26-(P26+T26+X26+AB26+AF26))) -> 0 | AK26: =ROUND(AH26-AI26-AJ26,2) -> 0 | AL26: =AO25*(1+J$7) -> 0 | AM26: =MIN(AL26,J$8) -> 0 | AN26: =MAX(0,MIN(AL26-AM26,$C26-(P26+T26+X26+AB26+AF26+AJ26))) -> 0 | AO26: =ROUND(AL26-AM26-AN26,2) -> 0 | AP26: =AS25*(1+K$7) -> 0 | AQ26: =MIN(AP26,K$8) -> 0 | AR26: =MAX(0,MIN(AP26-AQ26,$C26-(P26+T26+X26+AB26+AF26+AJ26+AN26))) -> 0 | AS26: =ROUND(AP26-AQ26-AR26,2) -> 0 | AT26: =AW25*(1+L$7) -> 0 | AU26: =MIN(AT26,L$8) -> 0 | AV26: =MAX(0,MIN(AT26-AU26,$C26-(P26+T26+X26+AB26+AF26+AJ26+AN26+AR26))) -> 0 | AW26: =ROUND(AT26-AU26-AV26,2) -> 0 | AX26: =BA25*(1+M$7) -> 0 | AY26: =MIN(AX26,M$8) -> 0 | AZ26: =MAX(0,MIN(AX26-AY26,$C26-(P26+T26+X26+AB26+AF26+AJ26+AN26+AR26+AV26))) -> 0 | BA26: =ROUND(AX26-AY26-AZ26,2) -> 0
A27: 17 | B27: =EDATE(Borçlar!$K$7,16) -> 46784 | C27: =MAX(0,Borçlar!$K$8-(O27+S27+W27+AA27+AE27+AI27+AM27+AQ27+AU27+AY27)) -> 9500 | D27: =O27+P27+S27+T27+W27+X27+AA27+AB27+AE27+AF27+AI27+AJ27+AM27+AN27+AQ27+AR27+AU27+AV27+AY27+AZ27 -> 16493.189 | E27: =(N27+R27+V27+Z27+AD27+AH27+AL27+AP27+AT27+AX27)-(F26) -> 287.2093 | F27: =Q27+U27+Y27+AC27+AG27+AK27+AO27+AS27+AW27+BA27 -> 0 | N27: =Q26*(1+D$7) -> 0 | O27: =MIN(N27,D$8) -> 0 | P27: =MAX(0,MIN(N27-O27,$C27-(0))) -> 0 | Q27: =ROUND(N27-O27-P27,2) -> 0 | R27: =U26*(1+E$7) -> 0 | S27: =MIN(R27,E$8) -> 0 | T27: =MAX(0,MIN(R27-S27,$C27-(P27))) -> 0 | U27: =ROUND(R27-S27-T27,2) -> 0 | V27: =Y26*(1+F$7) -> 8493.1893 | W27: =MIN(V27,F$8) -> 7500 | X27: =MAX(0,MIN(V27-W27,$C27-(P27+T27))) -> 993.1893 | Y27: =ROUND(V27-W27-X27,2) -> 0 | Z27: =AC26*(1+G$7) -> 8000 | AA27: =MIN(Z27,G$8) -> 2000 | AB27: =MAX(0,MIN(Z27-AA27,$C27-(P27+T27+X27))) -> 6000 | AC27: =ROUND(Z27-AA27-AB27,2) -> 0 | AD27: =AG26*(1+H$7) -> 0 | AE27: =MIN(AD27,H$8) -> 0 | AF27: =MAX(0,MIN(AD27-AE27,$C27-(P27+T27+X27+AB27))) -> 0 | AG27: =ROUND(AD27-AE27-AF27,2) -> 0 | AH27: =AK26*(1+I$7) -> 0 | AI27: =MIN(AH27,I$8) -> 0 | AJ27: =MAX(0,MIN(AH27-AI27,$C27-(P27+T27+X27+AB27+AF27))) -> 0 | AK27: =ROUND(AH27-AI27-AJ27,2) -> 0 | AL27: =AO26*(1+J$7) -> 0 | AM27: =MIN(AL27,J$8) -> 0 | AN27: =MAX(0,MIN(AL27-AM27,$C27-(P27+T27+X27+AB27+AF27+AJ27))) -> 0 | AO27: =ROUND(AL27-AM27-AN27,2) -> 0 | AP27: =AS26*(1+K$7) -> 0 | AQ27: =MIN(AP27,K$8) -> 0 | AR27: =MAX(0,MIN(AP27-AQ27,$C27-(P27+T27+X27+AB27+AF27+AJ27+AN27))) -> 0 | AS27: =ROUND(AP27-AQ27-AR27,2) -> 0 | AT27: =AW26*(1+L$7) -> 0 | AU27: =MIN(AT27,L$8) -> 0 | AV27: =MAX(0,MIN(AT27-AU27,$C27-(P27+T27+X27+AB27+AF27+AJ27+AN27+AR27))) -> 0 | AW27: =ROUND(AT27-AU27-AV27,2) -> 0 | AX27: =BA26*(1+M$7) -> 0 | AY27: =MIN(AX27,M$8) -> 0 | AZ27: =MAX(0,MIN(AX27-AY27,$C27-(P27+T27+X27+AB27+AF27+AJ27+AN27+AR27+AV27))) -> 0 | BA27: =ROUND(AX27-AY27-AZ27,2) -> 0
A28: 18 | B28: =EDATE(Borçlar!$K$7,17) -> 46813 | C28: =MAX(0,Borçlar!$K$8-(O28+S28+W28+AA28+AE28+AI28+AM28+AQ28+AU28+AY28)) -> 19000 | D28: =O28+P28+S28+T28+W28+X28+AA28+AB28+AE28+AF28+AI28+AJ28+AM28+AN28+AQ28+AR28+AU28+AV28+AY28+AZ28 -> 0 | E28: =(N28+R28+V28+Z28+AD28+AH28+AL28+AP28+AT28+AX28)-(F27) -> 0 | F28: =Q28+U28+Y28+AC28+AG28+AK28+AO28+AS28+AW28+BA28 -> 0 | N28: =Q27*(1+D$7) -> 0 | O28: =MIN(N28,D$8) -> 0 | P28: =MAX(0,MIN(N28-O28,$C28-(0))) -> 0 | Q28: =ROUND(N28-O28-P28,2) -> 0 | R28: =U27*(1+E$7) -> 0 | S28: =MIN(R28,E$8) -> 0 | T28: =MAX(0,MIN(R28-S28,$C28-(P28))) -> 0 | U28: =ROUND(R28-S28-T28,2) -> 0 | V28: =Y27*(1+F$7) -> 0 | W28: =MIN(V28,F$8) -> 0 | X28: =MAX(0,MIN(V28-W28,$C28-(P28+T28))) -> 0 | Y28: =ROUND(V28-W28-X28,2) -> 0 | Z28: =AC27*(1+G$7) -> 0 | AA28: =MIN(Z28,G$8) -> 0 | AB28: =MAX(0,MIN(Z28-AA28,$C28-(P28+T28+X28))) -> 0 | AC28: =ROUND(Z28-AA28-AB28,2) -> 0 | AD28: =AG27*(1+H$7) -> 0 | AE28: =MIN(AD28,H$8) -> 0 | AF28: =MAX(0,MIN(AD28-AE28,$C28-(P28+T28+X28+AB28))) -> 0 | AG28: =ROUND(AD28-AE28-AF28,2) -> 0 | AH28: =AK27*(1+I$7) -> 0 | AI28: =MIN(AH28,I$8) -> 0 | AJ28: =MAX(0,MIN(AH28-AI28,$C28-(P28+T28+X28+AB28+AF28))) -> 0 | AK28: =ROUND(AH28-AI28-AJ28,2) -> 0 | AL28: =AO27*(1+J$7) -> 0 | AM28: =MIN(AL28,J$8) -> 0 | AN28: =MAX(0,MIN(AL28-AM28,$C28-(P28+T28+X28+AB28+AF28+AJ28))) -> 0 | AO28: =ROUND(AL28-AM28-AN28,2) -> 0 | AP28: =AS27*(1+K$7) -> 0 | AQ28: =MIN(AP28,K$8) -> 0 | AR28: =MAX(0,MIN(AP28-AQ28,$C28-(P28+T28+X28+AB28+AF28+AJ28+AN28))) -> 0 | AS28: =ROUND(AP28-AQ28-AR28,2) -> 0 | AT28: =AW27*(1+L$7) -> 0 | AU28: =MIN(AT28,L$8) -> 0 | AV28: =MAX(0,MIN(AT28-AU28,$C28-(P28+T28+X28+AB28+AF28+AJ28+AN28+AR28))) -> 0 | AW28: =ROUND(AT28-AU28-AV28,2) -> 0 | AX28: =BA27*(1+M$7) -> 0 | AY28: =MIN(AX28,M$8) -> 0 | AZ28: =MAX(0,MIN(AX28-AY28,$C28-(P28+T28+X28+AB28+AF28+AJ28+AN28+AR28+AV28))) -> 0 | BA28: =ROUND(AX28-AY28-AZ28,2) -> 0
A29: 19 | B29: =EDATE(Borçlar!$K$7,18) -> 46844 | C29: =MAX(0,Borçlar!$K$8-(O29+S29+W29+AA29+AE29+AI29+AM29+AQ29+AU29+AY29)) -> 19000 | D29: =O29+P29+S29+T29+W29+X29+AA29+AB29+AE29+AF29+AI29+AJ29+AM29+AN29+AQ29+AR29+AU29+AV29+AY29+AZ29 -> 0 | E29: =(N29+R29+V29+Z29+AD29+AH29+AL29+AP29+AT29+AX29)-(F28) -> 0 | F29: =Q29+U29+Y29+AC29+AG29+AK29+AO29+AS29+AW29+BA29 -> 0 | N29: =Q28*(1+D$7) -> 0 | O29: =MIN(N29,D$8) -> 0 | P29: =MAX(0,MIN(N29-O29,$C29-(0))) -> 0 | Q29: =ROUND(N29-O29-P29,2) -> 0 | R29: =U28*(1+E$7) -> 0 | S29: =MIN(R29,E$8) -> 0 | T29: =MAX(0,MIN(R29-S29,$C29-(P29))) -> 0 | U29: =ROUND(R29-S29-T29,2) -> 0 | V29: =Y28*(1+F$7) -> 0 | W29: =MIN(V29,F$8) -> 0 | X29: =MAX(0,MIN(V29-W29,$C29-(P29+T29))) -> 0 | Y29: =ROUND(V29-W29-X29,2) -> 0 | Z29: =AC28*(1+G$7) -> 0 | AA29: =MIN(Z29,G$8) -> 0 | AB29: =MAX(0,MIN(Z29-AA29,$C29-(P29+T29+X29))) -> 0 | AC29: =ROUND(Z29-AA29-AB29,2) -> 0 | AD29: =AG28*(1+H$7) -> 0 | AE29: =MIN(AD29,H$8) -> 0 | AF29: =MAX(0,MIN(AD29-AE29,$C29-(P29+T29+X29+AB29))) -> 0 | AG29: =ROUND(AD29-AE29-AF29,2) -> 0 | AH29: =AK28*(1+I$7) -> 0 | AI29: =MIN(AH29,I$8) -> 0 | AJ29: =MAX(0,MIN(AH29-AI29,$C29-(P29+T29+X29+AB29+AF29))) -> 0 | AK29: =ROUND(AH29-AI29-AJ29,2) -> 0 | AL29: =AO28*(1+J$7) -> 0 | AM29: =MIN(AL29,J$8) -> 0 | AN29: =MAX(0,MIN(AL29-AM29,$C29-(P29+T29+X29+AB29+AF29+AJ29))) -> 0 | AO29: =ROUND(AL29-AM29-AN29,2) -> 0 | AP29: =AS28*(1+K$7) -> 0 | AQ29: =MIN(AP29,K$8) -> 0 | AR29: =MAX(0,MIN(AP29-AQ29,$C29-(P29+T29+X29+AB29+AF29+AJ29+AN29))) -> 0 | AS29: =ROUND(AP29-AQ29-AR29,2) -> 0 | AT29: =AW28*(1+L$7) -> 0 | AU29: =MIN(AT29,L$8) -> 0 | AV29: =MAX(0,MIN(AT29-AU29,$C29-(P29+T29+X29+AB29+AF29+AJ29+AN29+AR29))) -> 0 | AW29: =ROUND(AT29-AU29-AV29,2) -> 0 | AX29: =BA28*(1+M$7) -> 0 | AY29: =MIN(AX29,M$8) -> 0 | AZ29: =MAX(0,MIN(AX29-AY29,$C29-(P29+T29+X29+AB29+AF29+AJ29+AN29+AR29+AV29))) -> 0 | BA29: =ROUND(AX29-AY29-AZ29,2) -> 0
A30: 20 | B30: =EDATE(Borçlar!$K$7,19) -> 46874 | C30: =MAX(0,Borçlar!$K$8-(O30+S30+W30+AA30+AE30+AI30+AM30+AQ30+AU30+AY30)) -> 19000 | D30: =O30+P30+S30+T30+W30+X30+AA30+AB30+AE30+AF30+AI30+AJ30+AM30+AN30+AQ30+AR30+AU30+AV30+AY30+AZ30 -> 0 | E30: =(N30+R30+V30+Z30+AD30+AH30+AL30+AP30+AT30+AX30)-(F29) -> 0 | F30: =Q30+U30+Y30+AC30+AG30+AK30+AO30+AS30+AW30+BA30 -> 0 | N30: =Q29*(1+D$7) -> 0 | O30: =MIN(N30,D$8) -> 0 | P30: =MAX(0,MIN(N30-O30,$C30-(0))) -> 0 | Q30: =ROUND(N30-O30-P30,2) -> 0 | R30: =U29*(1+E$7) -> 0 | S30: =MIN(R30,E$8) -> 0 | T30: =MAX(0,MIN(R30-S30,$C30-(P30))) -> 0 | U30: =ROUND(R30-S30-T30,2) -> 0 | V30: =Y29*(1+F$7) -> 0 | W30: =MIN(V30,F$8) -> 0 | X30: =MAX(0,MIN(V30-W30,$C30-(P30+T30))) -> 0 | Y30: =ROUND(V30-W30-X30,2) -> 0 | Z30: =AC29*(1+G$7) -> 0 | AA30: =MIN(Z30,G$8) -> 0 | AB30: =MAX(0,MIN(Z30-AA30,$C30-(P30+T30+X30))) -> 0 | AC30: =ROUND(Z30-AA30-AB30,2) -> 0 | AD30: =AG29*(1+H$7) -> 0 | AE30: =MIN(AD30,H$8) -> 0 | AF30: =MAX(0,MIN(AD30-AE30,$C30-(P30+T30+X30+AB30))) -> 0 | AG30: =ROUND(AD30-AE30-AF30,2) -> 0 | AH30: =AK29*(1+I$7) -> 0 | AI30: =MIN(AH30,I$8) -> 0 | AJ30: =MAX(0,MIN(AH30-AI30,$C30-(P30+T30+X30+AB30+AF30))) -> 0 | AK30: =ROUND(AH30-AI30-AJ30,2) -> 0 | AL30: =AO29*(1+J$7) -> 0 | AM30: =MIN(AL30,J$8) -> 0 | AN30: =MAX(0,MIN(AL30-AM30,$C30-(P30+T30+X30+AB30+AF30+AJ30))) -> 0 | AO30: =ROUND(AL30-AM30-AN30,2) -> 0 | AP30: =AS29*(1+K$7) -> 0 | AQ30: =MIN(AP30,K$8) -> 0 | AR30: =MAX(0,MIN(AP30-AQ30,$C30-(P30+T30+X30+AB30+AF30+AJ30+AN30))) -> 0 | AS30: =ROUND(AP30-AQ30-AR30,2) -> 0 | AT30: =AW29*(1+L$7) -> 0 | AU30: =MIN(AT30,L$8) -> 0 | AV30: =MAX(0,MIN(AT30-AU30,$C30-(P30+T30+X30+AB30+AF30+AJ30+AN30+AR30))) -> 0 | AW30: =ROUND(AT30-AU30-AV30,2) -> 0 | AX30: =BA29*(1+M$7) -> 0 | AY30: =MIN(AX30,M$8) -> 0 | AZ30: =MAX(0,MIN(AX30-AY30,$C30-(P30+T30+X30+AB30+AF30+AJ30+AN30+AR30+AV30))) -> 0 | BA30: =ROUND(AX30-AY30-AZ30,2) -> 0
A31: 21 | B31: =EDATE(Borçlar!$K$7,20) -> 46905 | C31: =MAX(0,Borçlar!$K$8-(O31+S31+W31+AA31+AE31+AI31+AM31+AQ31+AU31+AY31)) -> 19000 | D31: =O31+P31+S31+T31+W31+X31+AA31+AB31+AE31+AF31+AI31+AJ31+AM31+AN31+AQ31+AR31+AU31+AV31+AY31+AZ31 -> 0 | E31: =(N31+R31+V31+Z31+AD31+AH31+AL31+AP31+AT31+AX31)-(F30) -> 0 | F31: =Q31+U31+Y31+AC31+AG31+AK31+AO31+AS31+AW31+BA31 -> 0 | N31: =Q30*(1+D$7) -> 0 | O31: =MIN(N31,D$8) -> 0 | P31: =MAX(0,MIN(N31-O31,$C31-(0))) -> 0 | Q31: =ROUND(N31-O31-P31,2) -> 0 | R31: =U30*(1+E$7) -> 0 | S31: =MIN(R31,E$8) -> 0 | T31: =MAX(0,MIN(R31-S31,$C31-(P31))) -> 0 | U31: =ROUND(R31-S31-T31,2) -> 0 | V31: =Y30*(1+F$7) -> 0 | W31: =MIN(V31,F$8) -> 0 | X31: =MAX(0,MIN(V31-W31,$C31-(P31+T31))) -> 0 | Y31: =ROUND(V31-W31-X31,2) -> 0 | Z31: =AC30*(1+G$7) -> 0 | AA31: =MIN(Z31,G$8) -> 0 | AB31: =MAX(0,MIN(Z31-AA31,$C31-(P31+T31+X31))) -> 0 | AC31: =ROUND(Z31-AA31-AB31,2) -> 0 | AD31: =AG30*(1+H$7) -> 0 | AE31: =MIN(AD31,H$8) -> 0 | AF31: =MAX(0,MIN(AD31-AE31,$C31-(P31+T31+X31+AB31))) -> 0 | AG31: =ROUND(AD31-AE31-AF31,2) -> 0 | AH31: =AK30*(1+I$7) -> 0 | AI31: =MIN(AH31,I$8) -> 0 | AJ31: =MAX(0,MIN(AH31-AI31,$C31-(P31+T31+X31+AB31+AF31))) -> 0 | AK31: =ROUND(AH31-AI31-AJ31,2) -> 0 | AL31: =AO30*(1+J$7) -> 0 | AM31: =MIN(AL31,J$8) -> 0 | AN31: =MAX(0,MIN(AL31-AM31,$C31-(P31+T31+X31+AB31+AF31+AJ31))) -> 0 | AO31: =ROUND(AL31-AM31-AN31,2) -> 0 | AP31: =AS30*(1+K$7) -> 0 | AQ31: =MIN(AP31,K$8) -> 0 | AR31: =MAX(0,MIN(AP31-AQ31,$C31-(P31+T31+X31+AB31+AF31+AJ31+AN31))) -> 0 | AS31: =ROUND(AP31-AQ31-AR31,2) -> 0 | AT31: =AW30*(1+L$7) -> 0 | AU31: =MIN(AT31,L$8) -> 0 | AV31: =MAX(0,MIN(AT31-AU31,$C31-(P31+T31+X31+AB31+AF31+AJ31+AN31+AR31))) -> 0 | AW31: =ROUND(AT31-AU31-AV31,2) -> 0 | AX31: =BA30*(1+M$7) -> 0 | AY31: =MIN(AX31,M$8) -> 0 | AZ31: =MAX(0,MIN(AX31-AY31,$C31-(P31+T31+X31+AB31+AF31+AJ31+AN31+AR31+AV31))) -> 0 | BA31: =ROUND(AX31-AY31-AZ31,2) -> 0
A32: 22 | B32: =EDATE(Borçlar!$K$7,21) -> 46935 | C32: =MAX(0,Borçlar!$K$8-(O32+S32+W32+AA32+AE32+AI32+AM32+AQ32+AU32+AY32)) -> 19000 | D32: =O32+P32+S32+T32+W32+X32+AA32+AB32+AE32+AF32+AI32+AJ32+AM32+AN32+AQ32+AR32+AU32+AV32+AY32+AZ32 -> 0 | E32: =(N32+R32+V32+Z32+AD32+AH32+AL32+AP32+AT32+AX32)-(F31) -> 0 | F32: =Q32+U32+Y32+AC32+AG32+AK32+AO32+AS32+AW32+BA32 -> 0 | N32: =Q31*(1+D$7) -> 0 | O32: =MIN(N32,D$8) -> 0 | P32: =MAX(0,MIN(N32-O32,$C32-(0))) -> 0 | Q32: =ROUND(N32-O32-P32,2) -> 0 | R32: =U31*(1+E$7) -> 0 | S32: =MIN(R32,E$8) -> 0 | T32: =MAX(0,MIN(R32-S32,$C32-(P32))) -> 0 | U32: =ROUND(R32-S32-T32,2) -> 0 | V32: =Y31*(1+F$7) -> 0 | W32: =MIN(V32,F$8) -> 0 | X32: =MAX(0,MIN(V32-W32,$C32-(P32+T32))) -> 0 | Y32: =ROUND(V32-W32-X32,2) -> 0 | Z32: =AC31*(1+G$7) -> 0 | AA32: =MIN(Z32,G$8) -> 0 | AB32: =MAX(0,MIN(Z32-AA32,$C32-(P32+T32+X32))) -> 0 | AC32: =ROUND(Z32-AA32-AB32,2) -> 0 | AD32: =AG31*(1+H$7) -> 0 | AE32: =MIN(AD32,H$8) -> 0 | AF32: =MAX(0,MIN(AD32-AE32,$C32-(P32+T32+X32+AB32))) -> 0 | AG32: =ROUND(AD32-AE32-AF32,2) -> 0 | AH32: =AK31*(1+I$7) -> 0 | AI32: =MIN(AH32,I$8) -> 0 | AJ32: =MAX(0,MIN(AH32-AI32,$C32-(P32+T32+X32+AB32+AF32))) -> 0 | AK32: =ROUND(AH32-AI32-AJ32,2) -> 0 | AL32: =AO31*(1+J$7) -> 0 | AM32: =MIN(AL32,J$8) -> 0 | AN32: =MAX(0,MIN(AL32-AM32,$C32-(P32+T32+X32+AB32+AF32+AJ32))) -> 0 | AO32: =ROUND(AL32-AM32-AN32,2) -> 0 | AP32: =AS31*(1+K$7) -> 0 | AQ32: =MIN(AP32,K$8) -> 0 | AR32: =MAX(0,MIN(AP32-AQ32,$C32-(P32+T32+X32+AB32+AF32+AJ32+AN32))) -> 0 | AS32: =ROUND(AP32-AQ32-AR32,2) -> 0 | AT32: =AW31*(1+L$7) -> 0 | AU32: =MIN(AT32,L$8) -> 0 | AV32: =MAX(0,MIN(AT32-AU32,$C32-(P32+T32+X32+AB32+AF32+AJ32+AN32+AR32))) -> 0 | AW32: =ROUND(AT32-AU32-AV32,2) -> 0 | AX32: =BA31*(1+M$7) -> 0 | AY32: =MIN(AX32,M$8) -> 0 | AZ32: =MAX(0,MIN(AX32-AY32,$C32-(P32+T32+X32+AB32+AF32+AJ32+AN32+AR32+AV32))) -> 0 | BA32: =ROUND(AX32-AY32-AZ32,2) -> 0
A33: 23 | B33: =EDATE(Borçlar!$K$7,22) -> 46966 | C33: =MAX(0,Borçlar!$K$8-(O33+S33+W33+AA33+AE33+AI33+AM33+AQ33+AU33+AY33)) -> 19000 | D33: =O33+P33+S33+T33+W33+X33+AA33+AB33+AE33+AF33+AI33+AJ33+AM33+AN33+AQ33+AR33+AU33+AV33+AY33+AZ33 -> 0 | E33: =(N33+R33+V33+Z33+AD33+AH33+AL33+AP33+AT33+AX33)-(F32) -> 0 | F33: =Q33+U33+Y33+AC33+AG33+AK33+AO33+AS33+AW33+BA33 -> 0 | N33: =Q32*(1+D$7) -> 0 | O33: =MIN(N33,D$8) -> 0 | P33: =MAX(0,MIN(N33-O33,$C33-(0))) -> 0 | Q33: =ROUND(N33-O33-P33,2) -> 0 | R33: =U32*(1+E$7) -> 0 | S33: =MIN(R33,E$8) -> 0 | T33: =MAX(0,MIN(R33-S33,$C33-(P33))) -> 0 | U33: =ROUND(R33-S33-T33,2) -> 0 | V33: =Y32*(1+F$7) -> 0 | W33: =MIN(V33,F$8) -> 0 | X33: =MAX(0,MIN(V33-W33,$C33-(P33+T33))) -> 0 | Y33: =ROUND(V33-W33-X33,2) -> 0 | Z33: =AC32*(1+G$7) -> 0 | AA33: =MIN(Z33,G$8) -> 0 | AB33: =MAX(0,MIN(Z33-AA33,$C33-(P33+T33+X33))) -> 0 | AC33: =ROUND(Z33-AA33-AB33,2) -> 0 | AD33: =AG32*(1+H$7) -> 0 | AE33: =MIN(AD33,H$8) -> 0 | AF33: =MAX(0,MIN(AD33-AE33,$C33-(P33+T33+X33+AB33))) -> 0 | AG33: =ROUND(AD33-AE33-AF33,2) -> 0 | AH33: =AK32*(1+I$7) -> 0 | AI33: =MIN(AH33,I$8) -> 0 | AJ33: =MAX(0,MIN(AH33-AI33,$C33-(P33+T33+X33+AB33+AF33))) -> 0 | AK33: =ROUND(AH33-AI33-AJ33,2) -> 0 | AL33: =AO32*(1+J$7) -> 0 | AM33: =MIN(AL33,J$8) -> 0 | AN33: =MAX(0,MIN(AL33-AM33,$C33-(P33+T33+X33+AB33+AF33+AJ33))) -> 0 | AO33: =ROUND(AL33-AM33-AN33,2) -> 0 | AP33: =AS32*(1+K$7) -> 0 | AQ33: =MIN(AP33,K$8) -> 0 | AR33: =MAX(0,MIN(AP33-AQ33,$C33-(P33+T33+X33+AB33+AF33+AJ33+AN33))) -> 0 | AS33: =ROUND(AP33-AQ33-AR33,2) -> 0 | AT33: =AW32*(1+L$7) -> 0 | AU33: =MIN(AT33,L$8) -> 0 | AV33: =MAX(0,MIN(AT33-AU33,$C33-(P33+T33+X33+AB33+AF33+AJ33+AN33+AR33))) -> 0 | AW33: =ROUND(AT33-AU33-AV33,2) -> 0 | AX33: =BA32*(1+M$7) -> 0 | AY33: =MIN(AX33,M$8) -> 0 | AZ33: =MAX(0,MIN(AX33-AY33,$C33-(P33+T33+X33+AB33+AF33+AJ33+AN33+AR33+AV33))) -> 0 | BA33: =ROUND(AX33-AY33-AZ33,2) -> 0
A34: 24 | B34: =EDATE(Borçlar!$K$7,23) -> 46997 | C34: =MAX(0,Borçlar!$K$8-(O34+S34+W34+AA34+AE34+AI34+AM34+AQ34+AU34+AY34)) -> 19000 | D34: =O34+P34+S34+T34+W34+X34+AA34+AB34+AE34+AF34+AI34+AJ34+AM34+AN34+AQ34+AR34+AU34+AV34+AY34+AZ34 -> 0 | E34: =(N34+R34+V34+Z34+AD34+AH34+AL34+AP34+AT34+AX34)-(F33) -> 0 | F34: =Q34+U34+Y34+AC34+AG34+AK34+AO34+AS34+AW34+BA34 -> 0 | N34: =Q33*(1+D$7) -> 0 | O34: =MIN(N34,D$8) -> 0 | P34: =MAX(0,MIN(N34-O34,$C34-(0))) -> 0 | Q34: =ROUND(N34-O34-P34,2) -> 0 | R34: =U33*(1+E$7) -> 0 | S34: =MIN(R34,E$8) -> 0 | T34: =MAX(0,MIN(R34-S34,$C34-(P34))) -> 0 | U34: =ROUND(R34-S34-T34,2) -> 0 | V34: =Y33*(1+F$7) -> 0 | W34: =MIN(V34,F$8) -> 0 | X34: =MAX(0,MIN(V34-W34,$C34-(P34+T34))) -> 0 | Y34: =ROUND(V34-W34-X34,2) -> 0 | Z34: =AC33*(1+G$7) -> 0 | AA34: =MIN(Z34,G$8) -> 0 | AB34: =MAX(0,MIN(Z34-AA34,$C34-(P34+T34+X34))) -> 0 | AC34: =ROUND(Z34-AA34-AB34,2) -> 0 | AD34: =AG33*(1+H$7) -> 0 | AE34: =MIN(AD34,H$8) -> 0 | AF34: =MAX(0,MIN(AD34-AE34,$C34-(P34+T34+X34+AB34))) -> 0 | AG34: =ROUND(AD34-AE34-AF34,2) -> 0 | AH34: =AK33*(1+I$7) -> 0 | AI34: =MIN(AH34,I$8) -> 0 | AJ34: =MAX(0,MIN(AH34-AI34,$C34-(P34+T34+X34+AB34+AF34))) -> 0 | AK34: =ROUND(AH34-AI34-AJ34,2) -> 0 | AL34: =AO33*(1+J$7) -> 0 | AM34: =MIN(AL34,J$8) -> 0 | AN34: =MAX(0,MIN(AL34-AM34,$C34-(P34+T34+X34+AB34+AF34+AJ34))) -> 0 | AO34: =ROUND(AL34-AM34-AN34,2) -> 0 | AP34: =AS33*(1+K$7) -> 0 | AQ34: =MIN(AP34,K$8) -> 0 | AR34: =MAX(0,MIN(AP34-AQ34,$C34-(P34+T34+X34+AB34+AF34+AJ34+AN34))) -> 0 | AS34: =ROUND(AP34-AQ34-AR34,2) -> 0 | AT34: =AW33*(1+L$7) -> 0 | AU34: =MIN(AT34,L$8) -> 0 | AV34: =MAX(0,MIN(AT34-AU34,$C34-(P34+T34+X34+AB34+AF34+AJ34+AN34+AR34))) -> 0 | AW34: =ROUND(AT34-AU34-AV34,2) -> 0 | AX34: =BA33*(1+M$7) -> 0 | AY34: =MIN(AX34,M$8) -> 0 | AZ34: =MAX(0,MIN(AX34-AY34,$C34-(P34+T34+X34+AB34+AF34+AJ34+AN34+AR34+AV34))) -> 0 | BA34: =ROUND(AX34-AY34-AZ34,2) -> 0
A35: 25 | B35: =EDATE(Borçlar!$K$7,24) -> 47027 | C35: =MAX(0,Borçlar!$K$8-(O35+S35+W35+AA35+AE35+AI35+AM35+AQ35+AU35+AY35)) -> 19000 | D35: =O35+P35+S35+T35+W35+X35+AA35+AB35+AE35+AF35+AI35+AJ35+AM35+AN35+AQ35+AR35+AU35+AV35+AY35+AZ35 -> 0 | E35: =(N35+R35+V35+Z35+AD35+AH35+AL35+AP35+AT35+AX35)-(F34) -> 0 | F35: =Q35+U35+Y35+AC35+AG35+AK35+AO35+AS35+AW35+BA35 -> 0 | N35: =Q34*(1+D$7) -> 0 | O35: =MIN(N35,D$8) -> 0 | P35: =MAX(0,MIN(N35-O35,$C35-(0))) -> 0 | Q35: =ROUND(N35-O35-P35,2) -> 0 | R35: =U34*(1+E$7) -> 0 | S35: =MIN(R35,E$8) -> 0 | T35: =MAX(0,MIN(R35-S35,$C35-(P35))) -> 0 | U35: =ROUND(R35-S35-T35,2) -> 0 | V35: =Y34*(1+F$7) -> 0 | W35: =MIN(V35,F$8) -> 0 | X35: =MAX(0,MIN(V35-W35,$C35-(P35+T35))) -> 0 | Y35: =ROUND(V35-W35-X35,2) -> 0 | Z35: =AC34*(1+G$7) -> 0 | AA35: =MIN(Z35,G$8) -> 0 | AB35: =MAX(0,MIN(Z35-AA35,$C35-(P35+T35+X35))) -> 0 | AC35: =ROUND(Z35-AA35-AB35,2) -> 0 | AD35: =AG34*(1+H$7) -> 0 | AE35: =MIN(AD35,H$8) -> 0 | AF35: =MAX(0,MIN(AD35-AE35,$C35-(P35+T35+X35+AB35))) -> 0 | AG35: =ROUND(AD35-AE35-AF35,2) -> 0 | AH35: =AK34*(1+I$7) -> 0 | AI35: =MIN(AH35,I$8) -> 0 | AJ35: =MAX(0,MIN(AH35-AI35,$C35-(P35+T35+X35+AB35+AF35))) -> 0 | AK35: =ROUND(AH35-AI35-AJ35,2) -> 0 | AL35: =AO34*(1+J$7) -> 0 | AM35: =MIN(AL35,J$8) -> 0 | AN35: =MAX(0,MIN(AL35-AM35,$C35-(P35+T35+X35+AB35+AF35+AJ35))) -> 0 | AO35: =ROUND(AL35-AM35-AN35,2) -> 0 | AP35: =AS34*(1+K$7) -> 0 | AQ35: =MIN(AP35,K$8) -> 0 | AR35: =MAX(0,MIN(AP35-AQ35,$C35-(P35+T35+X35+AB35+AF35+AJ35+AN35))) -> 0 | AS35: =ROUND(AP35-AQ35-AR35,2) -> 0 | AT35: =AW34*(1+L$7) -> 0 | AU35: =MIN(AT35,L$8) -> 0 | AV35: =MAX(0,MIN(AT35-AU35,$C35-(P35+T35+X35+AB35+AF35+AJ35+AN35+AR35))) -> 0 | AW35: =ROUND(AT35-AU35-AV35,2) -> 0 | AX35: =BA34*(1+M$7) -> 0 | AY35: =MIN(AX35,M$8) -> 0 | AZ35: =MAX(0,MIN(AX35-AY35,$C35-(P35+T35+X35+AB35+AF35+AJ35+AN35+AR35+AV35))) -> 0 | BA35: =ROUND(AX35-AY35-AZ35,2) -> 0
A36: 26 | B36: =EDATE(Borçlar!$K$7,25) -> 47058 | C36: =MAX(0,Borçlar!$K$8-(O36+S36+W36+AA36+AE36+AI36+AM36+AQ36+AU36+AY36)) -> 19000 | D36: =O36+P36+S36+T36+W36+X36+AA36+AB36+AE36+AF36+AI36+AJ36+AM36+AN36+AQ36+AR36+AU36+AV36+AY36+AZ36 -> 0 | E36: =(N36+R36+V36+Z36+AD36+AH36+AL36+AP36+AT36+AX36)-(F35) -> 0 | F36: =Q36+U36+Y36+AC36+AG36+AK36+AO36+AS36+AW36+BA36 -> 0 | N36: =Q35*(1+D$7) -> 0 | O36: =MIN(N36,D$8) -> 0 | P36: =MAX(0,MIN(N36-O36,$C36-(0))) -> 0 | Q36: =ROUND(N36-O36-P36,2) -> 0 | R36: =U35*(1+E$7) -> 0 | S36: =MIN(R36,E$8) -> 0 | T36: =MAX(0,MIN(R36-S36,$C36-(P36))) -> 0 | U36: =ROUND(R36-S36-T36,2) -> 0 | V36: =Y35*(1+F$7) -> 0 | W36: =MIN(V36,F$8) -> 0 | X36: =MAX(0,MIN(V36-W36,$C36-(P36+T36))) -> 0 | Y36: =ROUND(V36-W36-X36,2) -> 0 | Z36: =AC35*(1+G$7) -> 0 | AA36: =MIN(Z36,G$8) -> 0 | AB36: =MAX(0,MIN(Z36-AA36,$C36-(P36+T36+X36))) -> 0 | AC36: =ROUND(Z36-AA36-AB36,2) -> 0 | AD36: =AG35*(1+H$7) -> 0 | AE36: =MIN(AD36,H$8) -> 0 | AF36: =MAX(0,MIN(AD36-AE36,$C36-(P36+T36+X36+AB36))) -> 0 | AG36: =ROUND(AD36-AE36-AF36,2) -> 0 | AH36: =AK35*(1+I$7) -> 0 | AI36: =MIN(AH36,I$8) -> 0 | AJ36: =MAX(0,MIN(AH36-AI36,$C36-(P36+T36+X36+AB36+AF36))) -> 0 | AK36: =ROUND(AH36-AI36-AJ36,2) -> 0 | AL36: =AO35*(1+J$7) -> 0 | AM36: =MIN(AL36,J$8) -> 0 | AN36: =MAX(0,MIN(AL36-AM36,$C36-(P36+T36+X36+AB36+AF36+AJ36))) -> 0 | AO36: =ROUND(AL36-AM36-AN36,2) -> 0 | AP36: =AS35*(1+K$7) -> 0 | AQ36: =MIN(AP36,K$8) -> 0 | AR36: =MAX(0,MIN(AP36-AQ36,$C36-(P36+T36+X36+AB36+AF36+AJ36+AN36))) -> 0 | AS36: =ROUND(AP36-AQ36-AR36,2) -> 0 | AT36: =AW35*(1+L$7) -> 0 | AU36: =MIN(AT36,L$8) -> 0 | AV36: =MAX(0,MIN(AT36-AU36,$C36-(P36+T36+X36+AB36+AF36+AJ36+AN36+AR36))) -> 0 | AW36: =ROUND(AT36-AU36-AV36,2) -> 0 | AX36: =BA35*(1+M$7) -> 0 | AY36: =MIN(AX36,M$8) -> 0 | AZ36: =MAX(0,MIN(AX36-AY36,$C36-(P36+T36+X36+AB36+AF36+AJ36+AN36+AR36+AV36))) -> 0 | BA36: =ROUND(AX36-AY36-AZ36,2) -> 0
A37: 27 | B37: =EDATE(Borçlar!$K$7,26) -> 47088 | C37: =MAX(0,Borçlar!$K$8-(O37+S37+W37+AA37+AE37+AI37+AM37+AQ37+AU37+AY37)) -> 19000 | D37: =O37+P37+S37+T37+W37+X37+AA37+AB37+AE37+AF37+AI37+AJ37+AM37+AN37+AQ37+AR37+AU37+AV37+AY37+AZ37 -> 0 | E37: =(N37+R37+V37+Z37+AD37+AH37+AL37+AP37+AT37+AX37)-(F36) -> 0 | F37: =Q37+U37+Y37+AC37+AG37+AK37+AO37+AS37+AW37+BA37 -> 0 | N37: =Q36*(1+D$7) -> 0 | O37: =MIN(N37,D$8) -> 0 | P37: =MAX(0,MIN(N37-O37,$C37-(0))) -> 0 | Q37: =ROUND(N37-O37-P37,2) -> 0 | R37: =U36*(1+E$7) -> 0 | S37: =MIN(R37,E$8) -> 0 | T37: =MAX(0,MIN(R37-S37,$C37-(P37))) -> 0 | U37: =ROUND(R37-S37-T37,2) -> 0 | V37: =Y36*(1+F$7) -> 0 | W37: =MIN(V37,F$8) -> 0 | X37: =MAX(0,MIN(V37-W37,$C37-(P37+T37))) -> 0 | Y37: =ROUND(V37-W37-X37,2) -> 0 | Z37: =AC36*(1+G$7) -> 0 | AA37: =MIN(Z37,G$8) -> 0 | AB37: =MAX(0,MIN(Z37-AA37,$C37-(P37+T37+X37))) -> 0 | AC37: =ROUND(Z37-AA37-AB37,2) -> 0 | AD37: =AG36*(1+H$7) -> 0 | AE37: =MIN(AD37,H$8) -> 0 | AF37: =MAX(0,MIN(AD37-AE37,$C37-(P37+T37+X37+AB37))) -> 0 | AG37: =ROUND(AD37-AE37-AF37,2) -> 0 | AH37: =AK36*(1+I$7) -> 0 | AI37: =MIN(AH37,I$8) -> 0 | AJ37: =MAX(0,MIN(AH37-AI37,$C37-(P37+T37+X37+AB37+AF37))) -> 0 | AK37: =ROUND(AH37-AI37-AJ37,2) -> 0 | AL37: =AO36*(1+J$7) -> 0 | AM37: =MIN(AL37,J$8) -> 0 | AN37: =MAX(0,MIN(AL37-AM37,$C37-(P37+T37+X37+AB37+AF37+AJ37))) -> 0 | AO37: =ROUND(AL37-AM37-AN37,2) -> 0 | AP37: =AS36*(1+K$7) -> 0 | AQ37: =MIN(AP37,K$8) -> 0 | AR37: =MAX(0,MIN(AP37-AQ37,$C37-(P37+T37+X37+AB37+AF37+AJ37+AN37))) -> 0 | AS37: =ROUND(AP37-AQ37-AR37,2) -> 0 | AT37: =AW36*(1+L$7) -> 0 | AU37: =MIN(AT37,L$8) -> 0 | AV37: =MAX(0,MIN(AT37-AU37,$C37-(P37+T37+X37+AB37+AF37+AJ37+AN37+AR37))) -> 0 | AW37: =ROUND(AT37-AU37-AV37,2) -> 0 | AX37: =BA36*(1+M$7) -> 0 | AY37: =MIN(AX37,M$8) -> 0 | AZ37: =MAX(0,MIN(AX37-AY37,$C37-(P37+T37+X37+AB37+AF37+AJ37+AN37+AR37+AV37))) -> 0 | BA37: =ROUND(AX37-AY37-AZ37,2) -> 0
A38: 28 | B38: =EDATE(Borçlar!$K$7,27) -> 47119 | C38: =MAX(0,Borçlar!$K$8-(O38+S38+W38+AA38+AE38+AI38+AM38+AQ38+AU38+AY38)) -> 19000 | D38: =O38+P38+S38+T38+W38+X38+AA38+AB38+AE38+AF38+AI38+AJ38+AM38+AN38+AQ38+AR38+AU38+AV38+AY38+AZ38 -> 0 | E38: =(N38+R38+V38+Z38+AD38+AH38+AL38+AP38+AT38+AX38)-(F37) -> 0 | F38: =Q38+U38+Y38+AC38+AG38+AK38+AO38+AS38+AW38+BA38 -> 0 | N38: =Q37*(1+D$7) -> 0 | O38: =MIN(N38,D$8) -> 0 | P38: =MAX(0,MIN(N38-O38,$C38-(0))) -> 0 | Q38: =ROUND(N38-O38-P38,2) -> 0 | R38: =U37*(1+E$7) -> 0 | S38: =MIN(R38,E$8) -> 0 | T38: =MAX(0,MIN(R38-S38,$C38-(P38))) -> 0 | U38: =ROUND(R38-S38-T38,2) -> 0 | V38: =Y37*(1+F$7) -> 0 | W38: =MIN(V38,F$8) -> 0 | X38: =MAX(0,MIN(V38-W38,$C38-(P38+T38))) -> 0 | Y38: =ROUND(V38-W38-X38,2) -> 0 | Z38: =AC37*(1+G$7) -> 0 | AA38: =MIN(Z38,G$8) -> 0 | AB38: =MAX(0,MIN(Z38-AA38,$C38-(P38+T38+X38))) -> 0 | AC38: =ROUND(Z38-AA38-AB38,2) -> 0 | AD38: =AG37*(1+H$7) -> 0 | AE38: =MIN(AD38,H$8) -> 0 | AF38: =MAX(0,MIN(AD38-AE38,$C38-(P38+T38+X38+AB38))) -> 0 | AG38: =ROUND(AD38-AE38-AF38,2) -> 0 | AH38: =AK37*(1+I$7) -> 0 | AI38: =MIN(AH38,I$8) -> 0 | AJ38: =MAX(0,MIN(AH38-AI38,$C38-(P38+T38+X38+AB38+AF38))) -> 0 | AK38: =ROUND(AH38-AI38-AJ38,2) -> 0 | AL38: =AO37*(1+J$7) -> 0 | AM38: =MIN(AL38,J$8) -> 0 | AN38: =MAX(0,MIN(AL38-AM38,$C38-(P38+T38+X38+AB38+AF38+AJ38))) -> 0 | AO38: =ROUND(AL38-AM38-AN38,2) -> 0 | AP38: =AS37*(1+K$7) -> 0 | AQ38: =MIN(AP38,K$8) -> 0 | AR38: =MAX(0,MIN(AP38-AQ38,$C38-(P38+T38+X38+AB38+AF38+AJ38+AN38))) -> 0 | AS38: =ROUND(AP38-AQ38-AR38,2) -> 0 | AT38: =AW37*(1+L$7) -> 0 | AU38: =MIN(AT38,L$8) -> 0 | AV38: =MAX(0,MIN(AT38-AU38,$C38-(P38+T38+X38+AB38+AF38+AJ38+AN38+AR38))) -> 0 | AW38: =ROUND(AT38-AU38-AV38,2) -> 0 | AX38: =BA37*(1+M$7) -> 0 | AY38: =MIN(AX38,M$8) -> 0 | AZ38: =MAX(0,MIN(AX38-AY38,$C38-(P38+T38+X38+AB38+AF38+AJ38+AN38+AR38+AV38))) -> 0 | BA38: =ROUND(AX38-AY38-AZ38,2) -> 0
A39: 29 | B39: =EDATE(Borçlar!$K$7,28) -> 47150 | C39: =MAX(0,Borçlar!$K$8-(O39+S39+W39+AA39+AE39+AI39+AM39+AQ39+AU39+AY39)) -> 19000 | D39: =O39+P39+S39+T39+W39+X39+AA39+AB39+AE39+AF39+AI39+AJ39+AM39+AN39+AQ39+AR39+AU39+AV39+AY39+AZ39 -> 0 | E39: =(N39+R39+V39+Z39+AD39+AH39+AL39+AP39+AT39+AX39)-(F38) -> 0 | F39: =Q39+U39+Y39+AC39+AG39+AK39+AO39+AS39+AW39+BA39 -> 0 | N39: =Q38*(1+D$7) -> 0 | O39: =MIN(N39,D$8) -> 0 | P39: =MAX(0,MIN(N39-O39,$C39-(0))) -> 0 | Q39: =ROUND(N39-O39-P39,2) -> 0 | R39: =U38*(1+E$7) -> 0 | S39: =MIN(R39,E$8) -> 0 | T39: =MAX(0,MIN(R39-S39,$C39-(P39))) -> 0 | U39: =ROUND(R39-S39-T39,2) -> 0 | V39: =Y38*(1+F$7) -> 0 | W39: =MIN(V39,F$8) -> 0 | X39: =MAX(0,MIN(V39-W39,$C39-(P39+T39))) -> 0 | Y39: =ROUND(V39-W39-X39,2) -> 0 | Z39: =AC38*(1+G$7) -> 0 | AA39: =MIN(Z39,G$8) -> 0 | AB39: =MAX(0,MIN(Z39-AA39,$C39-(P39+T39+X39))) -> 0 | AC39: =ROUND(Z39-AA39-AB39,2) -> 0 | AD39: =AG38*(1+H$7) -> 0 | AE39: =MIN(AD39,H$8) -> 0 | AF39: =MAX(0,MIN(AD39-AE39,$C39-(P39+T39+X39+AB39))) -> 0 | AG39: =ROUND(AD39-AE39-AF39,2) -> 0 | AH39: =AK38*(1+I$7) -> 0 | AI39: =MIN(AH39,I$8) -> 0 | AJ39: =MAX(0,MIN(AH39-AI39,$C39-(P39+T39+X39+AB39+AF39))) -> 0 | AK39: =ROUND(AH39-AI39-AJ39,2) -> 0 | AL39: =AO38*(1+J$7) -> 0 | AM39: =MIN(AL39,J$8) -> 0 | AN39: =MAX(0,MIN(AL39-AM39,$C39-(P39+T39+X39+AB39+AF39+AJ39))) -> 0 | AO39: =ROUND(AL39-AM39-AN39,2) -> 0 | AP39: =AS38*(1+K$7) -> 0 | AQ39: =MIN(AP39,K$8) -> 0 | AR39: =MAX(0,MIN(AP39-AQ39,$C39-(P39+T39+X39+AB39+AF39+AJ39+AN39))) -> 0 | AS39: =ROUND(AP39-AQ39-AR39,2) -> 0 | AT39: =AW38*(1+L$7) -> 0 | AU39: =MIN(AT39,L$8) -> 0 | AV39: =MAX(0,MIN(AT39-AU39,$C39-(P39+T39+X39+AB39+AF39+AJ39+AN39+AR39))) -> 0 | AW39: =ROUND(AT39-AU39-AV39,2) -> 0 | AX39: =BA38*(1+M$7) -> 0 | AY39: =MIN(AX39,M$8) -> 0 | AZ39: =MAX(0,MIN(AX39-AY39,$C39-(P39+T39+X39+AB39+AF39+AJ39+AN39+AR39+AV39))) -> 0 | BA39: =ROUND(AX39-AY39-AZ39,2) -> 0
A40: 30 | B40: =EDATE(Borçlar!$K$7,29) -> 47178 | C40: =MAX(0,Borçlar!$K$8-(O40+S40+W40+AA40+AE40+AI40+AM40+AQ40+AU40+AY40)) -> 19000 | D40: =O40+P40+S40+T40+W40+X40+AA40+AB40+AE40+AF40+AI40+AJ40+AM40+AN40+AQ40+AR40+AU40+AV40+AY40+AZ40 -> 0 | E40: =(N40+R40+V40+Z40+AD40+AH40+AL40+AP40+AT40+AX40)-(F39) -> 0 | F40: =Q40+U40+Y40+AC40+AG40+AK40+AO40+AS40+AW40+BA40 -> 0 | N40: =Q39*(1+D$7) -> 0 | O40: =MIN(N40,D$8) -> 0 | P40: =MAX(0,MIN(N40-O40,$C40-(0))) -> 0 | Q40: =ROUND(N40-O40-P40,2) -> 0 | R40: =U39*(1+E$7) -> 0 | S40: =MIN(R40,E$8) -> 0 | T40: =MAX(0,MIN(R40-S40,$C40-(P40))) -> 0 | U40: =ROUND(R40-S40-T40,2) -> 0 | V40: =Y39*(1+F$7) -> 0 | W40: =MIN(V40,F$8) -> 0 | X40: =MAX(0,MIN(V40-W40,$C40-(P40+T40))) -> 0 | Y40: =ROUND(V40-W40-X40,2) -> 0 | Z40: =AC39*(1+G$7) -> 0 | AA40: =MIN(Z40,G$8) -> 0 | AB40: =MAX(0,MIN(Z40-AA40,$C40-(P40+T40+X40))) -> 0 | AC40: =ROUND(Z40-AA40-AB40,2) -> 0 | AD40: =AG39*(1+H$7) -> 0 | AE40: =MIN(AD40,H$8) -> 0 | AF40: =MAX(0,MIN(AD40-AE40,$C40-(P40+T40+X40+AB40))) -> 0 | AG40: =ROUND(AD40-AE40-AF40,2) -> 0 | AH40: =AK39*(1+I$7) -> 0 | AI40: =MIN(AH40,I$8) -> 0 | AJ40: =MAX(0,MIN(AH40-AI40,$C40-(P40+T40+X40+AB40+AF40))) -> 0 | AK40: =ROUND(AH40-AI40-AJ40,2) -> 0 | AL40: =AO39*(1+J$7) -> 0 | AM40: =MIN(AL40,J$8) -> 0 | AN40: =MAX(0,MIN(AL40-AM40,$C40-(P40+T40+X40+AB40+AF40+AJ40))) -> 0 | AO40: =ROUND(AL40-AM40-AN40,2) -> 0 | AP40: =AS39*(1+K$7) -> 0 | AQ40: =MIN(AP40,K$8) -> 0 | AR40: =MAX(0,MIN(AP40-AQ40,$C40-(P40+T40+X40+AB40+AF40+AJ40+AN40))) -> 0 | AS40: =ROUND(AP40-AQ40-AR40,2) -> 0 | AT40: =AW39*(1+L$7) -> 0 | AU40: =MIN(AT40,L$8) -> 0 | AV40: =MAX(0,MIN(AT40-AU40,$C40-(P40+T40+X40+AB40+AF40+AJ40+AN40+AR40))) -> 0 | AW40: =ROUND(AT40-AU40-AV40,2) -> 0 | AX40: =BA39*(1+M$7) -> 0 | AY40: =MIN(AX40,M$8) -> 0 | AZ40: =MAX(0,MIN(AX40-AY40,$C40-(P40+T40+X40+AB40+AF40+AJ40+AN40+AR40+AV40))) -> 0 | BA40: =ROUND(AX40-AY40-AZ40,2) -> 0
A41: 31 | B41: =EDATE(Borçlar!$K$7,30) -> 47209 | C41: =MAX(0,Borçlar!$K$8-(O41+S41+W41+AA41+AE41+AI41+AM41+AQ41+AU41+AY41)) -> 19000 | D41: =O41+P41+S41+T41+W41+X41+AA41+AB41+AE41+AF41+AI41+AJ41+AM41+AN41+AQ41+AR41+AU41+AV41+AY41+AZ41 -> 0 | E41: =(N41+R41+V41+Z41+AD41+AH41+AL41+AP41+AT41+AX41)-(F40) -> 0 | F41: =Q41+U41+Y41+AC41+AG41+AK41+AO41+AS41+AW41+BA41 -> 0 | N41: =Q40*(1+D$7) -> 0 | O41: =MIN(N41,D$8) -> 0 | P41: =MAX(0,MIN(N41-O41,$C41-(0))) -> 0 | Q41: =ROUND(N41-O41-P41,2) -> 0 | R41: =U40*(1+E$7) -> 0 | S41: =MIN(R41,E$8) -> 0 | T41: =MAX(0,MIN(R41-S41,$C41-(P41))) -> 0 | U41: =ROUND(R41-S41-T41,2) -> 0 | V41: =Y40*(1+F$7) -> 0 | W41: =MIN(V41,F$8) -> 0 | X41: =MAX(0,MIN(V41-W41,$C41-(P41+T41))) -> 0 | Y41: =ROUND(V41-W41-X41,2) -> 0 | Z41: =AC40*(1+G$7) -> 0 | AA41: =MIN(Z41,G$8) -> 0 | AB41: =MAX(0,MIN(Z41-AA41,$C41-(P41+T41+X41))) -> 0 | AC41: =ROUND(Z41-AA41-AB41,2) -> 0 | AD41: =AG40*(1+H$7) -> 0 | AE41: =MIN(AD41,H$8) -> 0 | AF41: =MAX(0,MIN(AD41-AE41,$C41-(P41+T41+X41+AB41))) -> 0 | AG41: =ROUND(AD41-AE41-AF41,2) -> 0 | AH41: =AK40*(1+I$7) -> 0 | AI41: =MIN(AH41,I$8) -> 0 | AJ41: =MAX(0,MIN(AH41-AI41,$C41-(P41+T41+X41+AB41+AF41))) -> 0 | AK41: =ROUND(AH41-AI41-AJ41,2) -> 0 | AL41: =AO40*(1+J$7) -> 0 | AM41: =MIN(AL41,J$8) -> 0 | AN41: =MAX(0,MIN(AL41-AM41,$C41-(P41+T41+X41+AB41+AF41+AJ41))) -> 0 | AO41: =ROUND(AL41-AM41-AN41,2) -> 0 | AP41: =AS40*(1+K$7) -> 0 | AQ41: =MIN(AP41,K$8) -> 0 | AR41: =MAX(0,MIN(AP41-AQ41,$C41-(P41+T41+X41+AB41+AF41+AJ41+AN41))) -> 0 | AS41: =ROUND(AP41-AQ41-AR41,2) -> 0 | AT41: =AW40*(1+L$7) -> 0 | AU41: =MIN(AT41,L$8) -> 0 | AV41: =MAX(0,MIN(AT41-AU41,$C41-(P41+T41+X41+AB41+AF41+AJ41+AN41+AR41))) -> 0 | AW41: =ROUND(AT41-AU41-AV41,2) -> 0 | AX41: =BA40*(1+M$7) -> 0 | AY41: =MIN(AX41,M$8) -> 0 | AZ41: =MAX(0,MIN(AX41-AY41,$C41-(P41+T41+X41+AB41+AF41+AJ41+AN41+AR41+AV41))) -> 0 | BA41: =ROUND(AX41-AY41-AZ41,2) -> 0
A42: 32 | B42: =EDATE(Borçlar!$K$7,31) -> 47239 | C42: =MAX(0,Borçlar!$K$8-(O42+S42+W42+AA42+AE42+AI42+AM42+AQ42+AU42+AY42)) -> 19000 | D42: =O42+P42+S42+T42+W42+X42+AA42+AB42+AE42+AF42+AI42+AJ42+AM42+AN42+AQ42+AR42+AU42+AV42+AY42+AZ42 -> 0 | E42: =(N42+R42+V42+Z42+AD42+AH42+AL42+AP42+AT42+AX42)-(F41) -> 0 | F42: =Q42+U42+Y42+AC42+AG42+AK42+AO42+AS42+AW42+BA42 -> 0 | N42: =Q41*(1+D$7) -> 0 | O42: =MIN(N42,D$8) -> 0 | P42: =MAX(0,MIN(N42-O42,$C42-(0))) -> 0 | Q42: =ROUND(N42-O42-P42,2) -> 0 | R42: =U41*(1+E$7) -> 0 | S42: =MIN(R42,E$8) -> 0 | T42: =MAX(0,MIN(R42-S42,$C42-(P42))) -> 0 | U42: =ROUND(R42-S42-T42,2) -> 0 | V42: =Y41*(1+F$7) -> 0 | W42: =MIN(V42,F$8) -> 0 | X42: =MAX(0,MIN(V42-W42,$C42-(P42+T42))) -> 0 | Y42: =ROUND(V42-W42-X42,2) -> 0 | Z42: =AC41*(1+G$7) -> 0 | AA42: =MIN(Z42,G$8) -> 0 | AB42: =MAX(0,MIN(Z42-AA42,$C42-(P42+T42+X42))) -> 0 | AC42: =ROUND(Z42-AA42-AB42,2) -> 0 | AD42: =AG41*(1+H$7) -> 0 | AE42: =MIN(AD42,H$8) -> 0 | AF42: =MAX(0,MIN(AD42-AE42,$C42-(P42+T42+X42+AB42))) -> 0 | AG42: =ROUND(AD42-AE42-AF42,2) -> 0 | AH42: =AK41*(1+I$7) -> 0 | AI42: =MIN(AH42,I$8) -> 0 | AJ42: =MAX(0,MIN(AH42-AI42,$C42-(P42+T42+X42+AB42+AF42))) -> 0 | AK42: =ROUND(AH42-AI42-AJ42,2) -> 0 | AL42: =AO41*(1+J$7) -> 0 | AM42: =MIN(AL42,J$8) -> 0 | AN42: =MAX(0,MIN(AL42-AM42,$C42-(P42+T42+X42+AB42+AF42+AJ42))) -> 0 | AO42: =ROUND(AL42-AM42-AN42,2) -> 0 | AP42: =AS41*(1+K$7) -> 0 | AQ42: =MIN(AP42,K$8) -> 0 | AR42: =MAX(0,MIN(AP42-AQ42,$C42-(P42+T42+X42+AB42+AF42+AJ42+AN42))) -> 0 | AS42: =ROUND(AP42-AQ42-AR42,2) -> 0 | AT42: =AW41*(1+L$7) -> 0 | AU42: =MIN(AT42,L$8) -> 0 | AV42: =MAX(0,MIN(AT42-AU42,$C42-(P42+T42+X42+AB42+AF42+AJ42+AN42+AR42))) -> 0 | AW42: =ROUND(AT42-AU42-AV42,2) -> 0 | AX42: =BA41*(1+M$7) -> 0 | AY42: =MIN(AX42,M$8) -> 0 | AZ42: =MAX(0,MIN(AX42-AY42,$C42-(P42+T42+X42+AB42+AF42+AJ42+AN42+AR42+AV42))) -> 0 | BA42: =ROUND(AX42-AY42-AZ42,2) -> 0
A43: 33 | B43: =EDATE(Borçlar!$K$7,32) -> 47270 | C43: =MAX(0,Borçlar!$K$8-(O43+S43+W43+AA43+AE43+AI43+AM43+AQ43+AU43+AY43)) -> 19000 | D43: =O43+P43+S43+T43+W43+X43+AA43+AB43+AE43+AF43+AI43+AJ43+AM43+AN43+AQ43+AR43+AU43+AV43+AY43+AZ43 -> 0 | E43: =(N43+R43+V43+Z43+AD43+AH43+AL43+AP43+AT43+AX43)-(F42) -> 0 | F43: =Q43+U43+Y43+AC43+AG43+AK43+AO43+AS43+AW43+BA43 -> 0 | N43: =Q42*(1+D$7) -> 0 | O43: =MIN(N43,D$8) -> 0 | P43: =MAX(0,MIN(N43-O43,$C43-(0))) -> 0 | Q43: =ROUND(N43-O43-P43,2) -> 0 | R43: =U42*(1+E$7) -> 0 | S43: =MIN(R43,E$8) -> 0 | T43: =MAX(0,MIN(R43-S43,$C43-(P43))) -> 0 | U43: =ROUND(R43-S43-T43,2) -> 0 | V43: =Y42*(1+F$7) -> 0 | W43: =MIN(V43,F$8) -> 0 | X43: =MAX(0,MIN(V43-W43,$C43-(P43+T43))) -> 0 | Y43: =ROUND(V43-W43-X43,2) -> 0 | Z43: =AC42*(1+G$7) -> 0 | AA43: =MIN(Z43,G$8) -> 0 | AB43: =MAX(0,MIN(Z43-AA43,$C43-(P43+T43+X43))) -> 0 | AC43: =ROUND(Z43-AA43-AB43,2) -> 0 | AD43: =AG42*(1+H$7) -> 0 | AE43: =MIN(AD43,H$8) -> 0 | AF43: =MAX(0,MIN(AD43-AE43,$C43-(P43+T43+X43+AB43))) -> 0 | AG43: =ROUND(AD43-AE43-AF43,2) -> 0 | AH43: =AK42*(1+I$7) -> 0 | AI43: =MIN(AH43,I$8) -> 0 | AJ43: =MAX(0,MIN(AH43-AI43,$C43-(P43+T43+X43+AB43+AF43))) -> 0 | AK43: =ROUND(AH43-AI43-AJ43,2) -> 0 | AL43: =AO42*(1+J$7) -> 0 | AM43: =MIN(AL43,J$8) -> 0 | AN43: =MAX(0,MIN(AL43-AM43,$C43-(P43+T43+X43+AB43+AF43+AJ43))) -> 0 | AO43: =ROUND(AL43-AM43-AN43,2) -> 0 | AP43: =AS42*(1+K$7) -> 0 | AQ43: =MIN(AP43,K$8) -> 0 | AR43: =MAX(0,MIN(AP43-AQ43,$C43-(P43+T43+X43+AB43+AF43+AJ43+AN43))) -> 0 | AS43: =ROUND(AP43-AQ43-AR43,2) -> 0 | AT43: =AW42*(1+L$7) -> 0 | AU43: =MIN(AT43,L$8) -> 0 | AV43: =MAX(0,MIN(AT43-AU43,$C43-(P43+T43+X43+AB43+AF43+AJ43+AN43+AR43))) -> 0 | AW43: =ROUND(AT43-AU43-AV43,2) -> 0 | AX43: =BA42*(1+M$7) -> 0 | AY43: =MIN(AX43,M$8) -> 0 | AZ43: =MAX(0,MIN(AX43-AY43,$C43-(P43+T43+X43+AB43+AF43+AJ43+AN43+AR43+AV43))) -> 0 | BA43: =ROUND(AX43-AY43-AZ43,2) -> 0
A44: 34 | B44: =EDATE(Borçlar!$K$7,33) -> 47300 | C44: =MAX(0,Borçlar!$K$8-(O44+S44+W44+AA44+AE44+AI44+AM44+AQ44+AU44+AY44)) -> 19000 | D44: =O44+P44+S44+T44+W44+X44+AA44+AB44+AE44+AF44+AI44+AJ44+AM44+AN44+AQ44+AR44+AU44+AV44+AY44+AZ44 -> 0 | E44: =(N44+R44+V44+Z44+AD44+AH44+AL44+AP44+AT44+AX44)-(F43) -> 0 | F44: =Q44+U44+Y44+AC44+AG44+AK44+AO44+AS44+AW44+BA44 -> 0 | N44: =Q43*(1+D$7) -> 0 | O44: =MIN(N44,D$8) -> 0 | P44: =MAX(0,MIN(N44-O44,$C44-(0))) -> 0 | Q44: =ROUND(N44-O44-P44,2) -> 0 | R44: =U43*(1+E$7) -> 0 | S44: =MIN(R44,E$8) -> 0 | T44: =MAX(0,MIN(R44-S44,$C44-(P44))) -> 0 | U44: =ROUND(R44-S44-T44,2) -> 0 | V44: =Y43*(1+F$7) -> 0 | W44: =MIN(V44,F$8) -> 0 | X44: =MAX(0,MIN(V44-W44,$C44-(P44+T44))) -> 0 | Y44: =ROUND(V44-W44-X44,2) -> 0 | Z44: =AC43*(1+G$7) -> 0 | AA44: =MIN(Z44,G$8) -> 0 | AB44: =MAX(0,MIN(Z44-AA44,$C44-(P44+T44+X44))) -> 0 | AC44: =ROUND(Z44-AA44-AB44,2) -> 0 | AD44: =AG43*(1+H$7) -> 0 | AE44: =MIN(AD44,H$8) -> 0 | AF44: =MAX(0,MIN(AD44-AE44,$C44-(P44+T44+X44+AB44))) -> 0 | AG44: =ROUND(AD44-AE44-AF44,2) -> 0 | AH44: =AK43*(1+I$7) -> 0 | AI44: =MIN(AH44,I$8) -> 0 | AJ44: =MAX(0,MIN(AH44-AI44,$C44-(P44+T44+X44+AB44+AF44))) -> 0 | AK44: =ROUND(AH44-AI44-AJ44,2) -> 0 | AL44: =AO43*(1+J$7) -> 0 | AM44: =MIN(AL44,J$8) -> 0 | AN44: =MAX(0,MIN(AL44-AM44,$C44-(P44+T44+X44+AB44+AF44+AJ44))) -> 0 | AO44: =ROUND(AL44-AM44-AN44,2) -> 0 | AP44: =AS43*(1+K$7) -> 0 | AQ44: =MIN(AP44,K$8) -> 0 | AR44: =MAX(0,MIN(AP44-AQ44,$C44-(P44+T44+X44+AB44+AF44+AJ44+AN44))) -> 0 | AS44: =ROUND(AP44-AQ44-AR44,2) -> 0 | AT44: =AW43*(1+L$7) -> 0 | AU44: =MIN(AT44,L$8) -> 0 | AV44: =MAX(0,MIN(AT44-AU44,$C44-(P44+T44+X44+AB44+AF44+AJ44+AN44+AR44))) -> 0 | AW44: =ROUND(AT44-AU44-AV44,2) -> 0 | AX44: =BA43*(1+M$7) -> 0 | AY44: =MIN(AX44,M$8) -> 0 | AZ44: =MAX(0,MIN(AX44-AY44,$C44-(P44+T44+X44+AB44+AF44+AJ44+AN44+AR44+AV44))) -> 0 | BA44: =ROUND(AX44-AY44-AZ44,2) -> 0
A45: 35 | B45: =EDATE(Borçlar!$K$7,34) -> 47331 | C45: =MAX(0,Borçlar!$K$8-(O45+S45+W45+AA45+AE45+AI45+AM45+AQ45+AU45+AY45)) -> 19000 | D45: =O45+P45+S45+T45+W45+X45+AA45+AB45+AE45+AF45+AI45+AJ45+AM45+AN45+AQ45+AR45+AU45+AV45+AY45+AZ45 -> 0 | E45: =(N45+R45+V45+Z45+AD45+AH45+AL45+AP45+AT45+AX45)-(F44) -> 0 | F45: =Q45+U45+Y45+AC45+AG45+AK45+AO45+AS45+AW45+BA45 -> 0 | N45: =Q44*(1+D$7) -> 0 | O45: =MIN(N45,D$8) -> 0 | P45: =MAX(0,MIN(N45-O45,$C45-(0))) -> 0 | Q45: =ROUND(N45-O45-P45,2) -> 0 | R45: =U44*(1+E$7) -> 0 | S45: =MIN(R45,E$8) -> 0 | T45: =MAX(0,MIN(R45-S45,$C45-(P45))) -> 0 | U45: =ROUND(R45-S45-T45,2) -> 0 | V45: =Y44*(1+F$7) -> 0 | W45: =MIN(V45,F$8) -> 0 | X45: =MAX(0,MIN(V45-W45,$C45-(P45+T45))) -> 0 | Y45: =ROUND(V45-W45-X45,2) -> 0 | Z45: =AC44*(1+G$7) -> 0 | AA45: =MIN(Z45,G$8) -> 0 | AB45: =MAX(0,MIN(Z45-AA45,$C45-(P45+T45+X45))) -> 0 | AC45: =ROUND(Z45-AA45-AB45,2) -> 0 | AD45: =AG44*(1+H$7) -> 0 | AE45: =MIN(AD45,H$8) -> 0 | AF45: =MAX(0,MIN(AD45-AE45,$C45-(P45+T45+X45+AB45))) -> 0 | AG45: =ROUND(AD45-AE45-AF45,2) -> 0 | AH45: =AK44*(1+I$7) -> 0 | AI45: =MIN(AH45,I$8) -> 0 | AJ45: =MAX(0,MIN(AH45-AI45,$C45-(P45+T45+X45+AB45+AF45))) -> 0 | AK45: =ROUND(AH45-AI45-AJ45,2) -> 0 | AL45: =AO44*(1+J$7) -> 0 | AM45: =MIN(AL45,J$8) -> 0 | AN45: =MAX(0,MIN(AL45-AM45,$C45-(P45+T45+X45+AB45+AF45+AJ45))) -> 0 | AO45: =ROUND(AL45-AM45-AN45,2) -> 0 | AP45: =AS44*(1+K$7) -> 0 | AQ45: =MIN(AP45,K$8) -> 0 | AR45: =MAX(0,MIN(AP45-AQ45,$C45-(P45+T45+X45+AB45+AF45+AJ45+AN45))) -> 0 | AS45: =ROUND(AP45-AQ45-AR45,2) -> 0 | AT45: =AW44*(1+L$7) -> 0 | AU45: =MIN(AT45,L$8) -> 0 | AV45: =MAX(0,MIN(AT45-AU45,$C45-(P45+T45+X45+AB45+AF45+AJ45+AN45+AR45))) -> 0 | AW45: =ROUND(AT45-AU45-AV45,2) -> 0 | AX45: =BA44*(1+M$7) -> 0 | AY45: =MIN(AX45,M$8) -> 0 | AZ45: =MAX(0,MIN(AX45-AY45,$C45-(P45+T45+X45+AB45+AF45+AJ45+AN45+AR45+AV45))) -> 0 | BA45: =ROUND(AX45-AY45-AZ45,2) -> 0
A46: 36 | B46: =EDATE(Borçlar!$K$7,35) -> 47362 | C46: =MAX(0,Borçlar!$K$8-(O46+S46+W46+AA46+AE46+AI46+AM46+AQ46+AU46+AY46)) -> 19000 | D46: =O46+P46+S46+T46+W46+X46+AA46+AB46+AE46+AF46+AI46+AJ46+AM46+AN46+AQ46+AR46+AU46+AV46+AY46+AZ46 -> 0 | E46: =(N46+R46+V46+Z46+AD46+AH46+AL46+AP46+AT46+AX46)-(F45) -> 0 | F46: =Q46+U46+Y46+AC46+AG46+AK46+AO46+AS46+AW46+BA46 -> 0 | N46: =Q45*(1+D$7) -> 0 | O46: =MIN(N46,D$8) -> 0 | P46: =MAX(0,MIN(N46-O46,$C46-(0))) -> 0 | Q46: =ROUND(N46-O46-P46,2) -> 0 | R46: =U45*(1+E$7) -> 0 | S46: =MIN(R46,E$8) -> 0 | T46: =MAX(0,MIN(R46-S46,$C46-(P46))) -> 0 | U46: =ROUND(R46-S46-T46,2) -> 0 | V46: =Y45*(1+F$7) -> 0 | W46: =MIN(V46,F$8) -> 0 | X46: =MAX(0,MIN(V46-W46,$C46-(P46+T46))) -> 0 | Y46: =ROUND(V46-W46-X46,2) -> 0 | Z46: =AC45*(1+G$7) -> 0 | AA46: =MIN(Z46,G$8) -> 0 | AB46: =MAX(0,MIN(Z46-AA46,$C46-(P46+T46+X46))) -> 0 | AC46: =ROUND(Z46-AA46-AB46,2) -> 0 | AD46: =AG45*(1+H$7) -> 0 | AE46: =MIN(AD46,H$8) -> 0 | AF46: =MAX(0,MIN(AD46-AE46,$C46-(P46+T46+X46+AB46))) -> 0 | AG46: =ROUND(AD46-AE46-AF46,2) -> 0 | AH46: =AK45*(1+I$7) -> 0 | AI46: =MIN(AH46,I$8) -> 0 | AJ46: =MAX(0,MIN(AH46-AI46,$C46-(P46+T46+X46+AB46+AF46))) -> 0 | AK46: =ROUND(AH46-AI46-AJ46,2) -> 0 | AL46: =AO45*(1+J$7) -> 0 | AM46: =MIN(AL46,J$8) -> 0 | AN46: =MAX(0,MIN(AL46-AM46,$C46-(P46+T46+X46+AB46+AF46+AJ46))) -> 0 | AO46: =ROUND(AL46-AM46-AN46,2) -> 0 | AP46: =AS45*(1+K$7) -> 0 | AQ46: =MIN(AP46,K$8) -> 0 | AR46: =MAX(0,MIN(AP46-AQ46,$C46-(P46+T46+X46+AB46+AF46+AJ46+AN46))) -> 0 | AS46: =ROUND(AP46-AQ46-AR46,2) -> 0 | AT46: =AW45*(1+L$7) -> 0 | AU46: =MIN(AT46,L$8) -> 0 | AV46: =MAX(0,MIN(AT46-AU46,$C46-(P46+T46+X46+AB46+AF46+AJ46+AN46+AR46))) -> 0 | AW46: =ROUND(AT46-AU46-AV46,2) -> 0 | AX46: =BA45*(1+M$7) -> 0 | AY46: =MIN(AX46,M$8) -> 0 | AZ46: =MAX(0,MIN(AX46-AY46,$C46-(P46+T46+X46+AB46+AF46+AJ46+AN46+AR46+AV46))) -> 0 | BA46: =ROUND(AX46-AY46-AZ46,2) -> 0
A47: 37 | B47: =EDATE(Borçlar!$K$7,36) -> 47392 | C47: =MAX(0,Borçlar!$K$8-(O47+S47+W47+AA47+AE47+AI47+AM47+AQ47+AU47+AY47)) -> 19000 | D47: =O47+P47+S47+T47+W47+X47+AA47+AB47+AE47+AF47+AI47+AJ47+AM47+AN47+AQ47+AR47+AU47+AV47+AY47+AZ47 -> 0 | E47: =(N47+R47+V47+Z47+AD47+AH47+AL47+AP47+AT47+AX47)-(F46) -> 0 | F47: =Q47+U47+Y47+AC47+AG47+AK47+AO47+AS47+AW47+BA47 -> 0 | N47: =Q46*(1+D$7) -> 0 | O47: =MIN(N47,D$8) -> 0 | P47: =MAX(0,MIN(N47-O47,$C47-(0))) -> 0 | Q47: =ROUND(N47-O47-P47,2) -> 0 | R47: =U46*(1+E$7) -> 0 | S47: =MIN(R47,E$8) -> 0 | T47: =MAX(0,MIN(R47-S47,$C47-(P47))) -> 0 | U47: =ROUND(R47-S47-T47,2) -> 0 | V47: =Y46*(1+F$7) -> 0 | W47: =MIN(V47,F$8) -> 0 | X47: =MAX(0,MIN(V47-W47,$C47-(P47+T47))) -> 0 | Y47: =ROUND(V47-W47-X47,2) -> 0 | Z47: =AC46*(1+G$7) -> 0 | AA47: =MIN(Z47,G$8) -> 0 | AB47: =MAX(0,MIN(Z47-AA47,$C47-(P47+T47+X47))) -> 0 | AC47: =ROUND(Z47-AA47-AB47,2) -> 0 | AD47: =AG46*(1+H$7) -> 0 | AE47: =MIN(AD47,H$8) -> 0 | AF47: =MAX(0,MIN(AD47-AE47,$C47-(P47+T47+X47+AB47))) -> 0 | AG47: =ROUND(AD47-AE47-AF47,2) -> 0 | AH47: =AK46*(1+I$7) -> 0 | AI47: =MIN(AH47,I$8) -> 0 | AJ47: =MAX(0,MIN(AH47-AI47,$C47-(P47+T47+X47+AB47+AF47))) -> 0 | AK47: =ROUND(AH47-AI47-AJ47,2) -> 0 | AL47: =AO46*(1+J$7) -> 0 | AM47: =MIN(AL47,J$8) -> 0 | AN47: =MAX(0,MIN(AL47-AM47,$C47-(P47+T47+X47+AB47+AF47+AJ47))) -> 0 | AO47: =ROUND(AL47-AM47-AN47,2) -> 0 | AP47: =AS46*(1+K$7) -> 0 | AQ47: =MIN(AP47,K$8) -> 0 | AR47: =MAX(0,MIN(AP47-AQ47,$C47-(P47+T47+X47+AB47+AF47+AJ47+AN47))) -> 0 | AS47: =ROUND(AP47-AQ47-AR47,2) -> 0 | AT47: =AW46*(1+L$7) -> 0 | AU47: =MIN(AT47,L$8) -> 0 | AV47: =MAX(0,MIN(AT47-AU47,$C47-(P47+T47+X47+AB47+AF47+AJ47+AN47+AR47))) -> 0 | AW47: =ROUND(AT47-AU47-AV47,2) -> 0 | AX47: =BA46*(1+M$7) -> 0 | AY47: =MIN(AX47,M$8) -> 0 | AZ47: =MAX(0,MIN(AX47-AY47,$C47-(P47+T47+X47+AB47+AF47+AJ47+AN47+AR47+AV47))) -> 0 | BA47: =ROUND(AX47-AY47-AZ47,2) -> 0
A48: 38 | B48: =EDATE(Borçlar!$K$7,37) -> 47423 | C48: =MAX(0,Borçlar!$K$8-(O48+S48+W48+AA48+AE48+AI48+AM48+AQ48+AU48+AY48)) -> 19000 | D48: =O48+P48+S48+T48+W48+X48+AA48+AB48+AE48+AF48+AI48+AJ48+AM48+AN48+AQ48+AR48+AU48+AV48+AY48+AZ48 -> 0 | E48: =(N48+R48+V48+Z48+AD48+AH48+AL48+AP48+AT48+AX48)-(F47) -> 0 | F48: =Q48+U48+Y48+AC48+AG48+AK48+AO48+AS48+AW48+BA48 -> 0 | N48: =Q47*(1+D$7) -> 0 | O48: =MIN(N48,D$8) -> 0 | P48: =MAX(0,MIN(N48-O48,$C48-(0))) -> 0 | Q48: =ROUND(N48-O48-P48,2) -> 0 | R48: =U47*(1+E$7) -> 0 | S48: =MIN(R48,E$8) -> 0 | T48: =MAX(0,MIN(R48-S48,$C48-(P48))) -> 0 | U48: =ROUND(R48-S48-T48,2) -> 0 | V48: =Y47*(1+F$7) -> 0 | W48: =MIN(V48,F$8) -> 0 | X48: =MAX(0,MIN(V48-W48,$C48-(P48+T48))) -> 0 | Y48: =ROUND(V48-W48-X48,2) -> 0 | Z48: =AC47*(1+G$7) -> 0 | AA48: =MIN(Z48,G$8) -> 0 | AB48: =MAX(0,MIN(Z48-AA48,$C48-(P48+T48+X48))) -> 0 | AC48: =ROUND(Z48-AA48-AB48,2) -> 0 | AD48: =AG47*(1+H$7) -> 0 | AE48: =MIN(AD48,H$8) -> 0 | AF48: =MAX(0,MIN(AD48-AE48,$C48-(P48+T48+X48+AB48))) -> 0 | AG48: =ROUND(AD48-AE48-AF48,2) -> 0 | AH48: =AK47*(1+I$7) -> 0 | AI48: =MIN(AH48,I$8) -> 0 | AJ48: =MAX(0,MIN(AH48-AI48,$C48-(P48+T48+X48+AB48+AF48))) -> 0 | AK48: =ROUND(AH48-AI48-AJ48,2) -> 0 | AL48: =AO47*(1+J$7) -> 0 | AM48: =MIN(AL48,J$8) -> 0 | AN48: =MAX(0,MIN(AL48-AM48,$C48-(P48+T48+X48+AB48+AF48+AJ48))) -> 0 | AO48: =ROUND(AL48-AM48-AN48,2) -> 0 | AP48: =AS47*(1+K$7) -> 0 | AQ48: =MIN(AP48,K$8) -> 0 | AR48: =MAX(0,MIN(AP48-AQ48,$C48-(P48+T48+X48+AB48+AF48+AJ48+AN48))) -> 0 | AS48: =ROUND(AP48-AQ48-AR48,2) -> 0 | AT48: =AW47*(1+L$7) -> 0 | AU48: =MIN(AT48,L$8) -> 0 | AV48: =MAX(0,MIN(AT48-AU48,$C48-(P48+T48+X48+AB48+AF48+AJ48+AN48+AR48))) -> 0 | AW48: =ROUND(AT48-AU48-AV48,2) -> 0 | AX48: =BA47*(1+M$7) -> 0 | AY48: =MIN(AX48,M$8) -> 0 | AZ48: =MAX(0,MIN(AX48-AY48,$C48-(P48+T48+X48+AB48+AF48+AJ48+AN48+AR48+AV48))) -> 0 | BA48: =ROUND(AX48-AY48-AZ48,2) -> 0
A49: 39 | B49: =EDATE(Borçlar!$K$7,38) -> 47453 | C49: =MAX(0,Borçlar!$K$8-(O49+S49+W49+AA49+AE49+AI49+AM49+AQ49+AU49+AY49)) -> 19000 | D49: =O49+P49+S49+T49+W49+X49+AA49+AB49+AE49+AF49+AI49+AJ49+AM49+AN49+AQ49+AR49+AU49+AV49+AY49+AZ49 -> 0 | E49: =(N49+R49+V49+Z49+AD49+AH49+AL49+AP49+AT49+AX49)-(F48) -> 0 | F49: =Q49+U49+Y49+AC49+AG49+AK49+AO49+AS49+AW49+BA49 -> 0 | N49: =Q48*(1+D$7) -> 0 | O49: =MIN(N49,D$8) -> 0 | P49: =MAX(0,MIN(N49-O49,$C49-(0))) -> 0 | Q49: =ROUND(N49-O49-P49,2) -> 0 | R49: =U48*(1+E$7) -> 0 | S49: =MIN(R49,E$8) -> 0 | T49: =MAX(0,MIN(R49-S49,$C49-(P49))) -> 0 | U49: =ROUND(R49-S49-T49,2) -> 0 | V49: =Y48*(1+F$7) -> 0 | W49: =MIN(V49,F$8) -> 0 | X49: =MAX(0,MIN(V49-W49,$C49-(P49+T49))) -> 0 | Y49: =ROUND(V49-W49-X49,2) -> 0 | Z49: =AC48*(1+G$7) -> 0 | AA49: =MIN(Z49,G$8) -> 0 | AB49: =MAX(0,MIN(Z49-AA49,$C49-(P49+T49+X49))) -> 0 | AC49: =ROUND(Z49-AA49-AB49,2) -> 0 | AD49: =AG48*(1+H$7) -> 0 | AE49: =MIN(AD49,H$8) -> 0 | AF49: =MAX(0,MIN(AD49-AE49,$C49-(P49+T49+X49+AB49))) -> 0 | AG49: =ROUND(AD49-AE49-AF49,2) -> 0 | AH49: =AK48*(1+I$7) -> 0 | AI49: =MIN(AH49,I$8) -> 0 | AJ49: =MAX(0,MIN(AH49-AI49,$C49-(P49+T49+X49+AB49+AF49))) -> 0 | AK49: =ROUND(AH49-AI49-AJ49,2) -> 0 | AL49: =AO48*(1+J$7) -> 0 | AM49: =MIN(AL49,J$8) -> 0 | AN49: =MAX(0,MIN(AL49-AM49,$C49-(P49+T49+X49+AB49+AF49+AJ49))) -> 0 | AO49: =ROUND(AL49-AM49-AN49,2) -> 0 | AP49: =AS48*(1+K$7) -> 0 | AQ49: =MIN(AP49,K$8) -> 0 | AR49: =MAX(0,MIN(AP49-AQ49,$C49-(P49+T49+X49+AB49+AF49+AJ49+AN49))) -> 0 | AS49: =ROUND(AP49-AQ49-AR49,2) -> 0 | AT49: =AW48*(1+L$7) -> 0 | AU49: =MIN(AT49,L$8) -> 0 | AV49: =MAX(0,MIN(AT49-AU49,$C49-(P49+T49+X49+AB49+AF49+AJ49+AN49+AR49))) -> 0 | AW49: =ROUND(AT49-AU49-AV49,2) -> 0 | AX49: =BA48*(1+M$7) -> 0 | AY49: =MIN(AX49,M$8) -> 0 | AZ49: =MAX(0,MIN(AX49-AY49,$C49-(P49+T49+X49+AB49+AF49+AJ49+AN49+AR49+AV49))) -> 0 | BA49: =ROUND(AX49-AY49-AZ49,2) -> 0
A50: 40 | B50: =EDATE(Borçlar!$K$7,39) -> 47484 | C50: =MAX(0,Borçlar!$K$8-(O50+S50+W50+AA50+AE50+AI50+AM50+AQ50+AU50+AY50)) -> 19000 | D50: =O50+P50+S50+T50+W50+X50+AA50+AB50+AE50+AF50+AI50+AJ50+AM50+AN50+AQ50+AR50+AU50+AV50+AY50+AZ50 -> 0 | E50: =(N50+R50+V50+Z50+AD50+AH50+AL50+AP50+AT50+AX50)-(F49) -> 0 | F50: =Q50+U50+Y50+AC50+AG50+AK50+AO50+AS50+AW50+BA50 -> 0 | N50: =Q49*(1+D$7) -> 0 | O50: =MIN(N50,D$8) -> 0 | P50: =MAX(0,MIN(N50-O50,$C50-(0))) -> 0 | Q50: =ROUND(N50-O50-P50,2) -> 0 | R50: =U49*(1+E$7) -> 0 | S50: =MIN(R50,E$8) -> 0 | T50: =MAX(0,MIN(R50-S50,$C50-(P50))) -> 0 | U50: =ROUND(R50-S50-T50,2) -> 0 | V50: =Y49*(1+F$7) -> 0 | W50: =MIN(V50,F$8) -> 0 | X50: =MAX(0,MIN(V50-W50,$C50-(P50+T50))) -> 0 | Y50: =ROUND(V50-W50-X50,2) -> 0 | Z50: =AC49*(1+G$7) -> 0 | AA50: =MIN(Z50,G$8) -> 0 | AB50: =MAX(0,MIN(Z50-AA50,$C50-(P50+T50+X50))) -> 0 | AC50: =ROUND(Z50-AA50-AB50,2) -> 0 | AD50: =AG49*(1+H$7) -> 0 | AE50: =MIN(AD50,H$8) -> 0 | AF50: =MAX(0,MIN(AD50-AE50,$C50-(P50+T50+X50+AB50))) -> 0 | AG50: =ROUND(AD50-AE50-AF50,2) -> 0 | AH50: =AK49*(1+I$7) -> 0 | AI50: =MIN(AH50,I$8) -> 0 | AJ50: =MAX(0,MIN(AH50-AI50,$C50-(P50+T50+X50+AB50+AF50))) -> 0 | AK50: =ROUND(AH50-AI50-AJ50,2) -> 0 | AL50: =AO49*(1+J$7) -> 0 | AM50: =MIN(AL50,J$8) -> 0 | AN50: =MAX(0,MIN(AL50-AM50,$C50-(P50+T50+X50+AB50+AF50+AJ50))) -> 0 | AO50: =ROUND(AL50-AM50-AN50,2) -> 0 | AP50: =AS49*(1+K$7) -> 0 | AQ50: =MIN(AP50,K$8) -> 0 | AR50: =MAX(0,MIN(AP50-AQ50,$C50-(P50+T50+X50+AB50+AF50+AJ50+AN50))) -> 0 | AS50: =ROUND(AP50-AQ50-AR50,2) -> 0 | AT50: =AW49*(1+L$7) -> 0 | AU50: =MIN(AT50,L$8) -> 0 | AV50: =MAX(0,MIN(AT50-AU50,$C50-(P50+T50+X50+AB50+AF50+AJ50+AN50+AR50))) -> 0 | AW50: =ROUND(AT50-AU50-AV50,2) -> 0 | AX50: =BA49*(1+M$7) -> 0 | AY50: =MIN(AX50,M$8) -> 0 | AZ50: =MAX(0,MIN(AX50-AY50,$C50-(P50+T50+X50+AB50+AF50+AJ50+AN50+AR50+AV50))) -> 0 | BA50: =ROUND(AX50-AY50-AZ50,2) -> 0
A51: 41 | B51: =EDATE(Borçlar!$K$7,40) -> 47515 | C51: =MAX(0,Borçlar!$K$8-(O51+S51+W51+AA51+AE51+AI51+AM51+AQ51+AU51+AY51)) -> 19000 | D51: =O51+P51+S51+T51+W51+X51+AA51+AB51+AE51+AF51+AI51+AJ51+AM51+AN51+AQ51+AR51+AU51+AV51+AY51+AZ51 -> 0 | E51: =(N51+R51+V51+Z51+AD51+AH51+AL51+AP51+AT51+AX51)-(F50) -> 0 | F51: =Q51+U51+Y51+AC51+AG51+AK51+AO51+AS51+AW51+BA51 -> 0 | N51: =Q50*(1+D$7) -> 0 | O51: =MIN(N51,D$8) -> 0 | P51: =MAX(0,MIN(N51-O51,$C51-(0))) -> 0 | Q51: =ROUND(N51-O51-P51,2) -> 0 | R51: =U50*(1+E$7) -> 0 | S51: =MIN(R51,E$8) -> 0 | T51: =MAX(0,MIN(R51-S51,$C51-(P51))) -> 0 | U51: =ROUND(R51-S51-T51,2) -> 0 | V51: =Y50*(1+F$7) -> 0 | W51: =MIN(V51,F$8) -> 0 | X51: =MAX(0,MIN(V51-W51,$C51-(P51+T51))) -> 0 | Y51: =ROUND(V51-W51-X51,2) -> 0 | Z51: =AC50*(1+G$7) -> 0 | AA51: =MIN(Z51,G$8) -> 0 | AB51: =MAX(0,MIN(Z51-AA51,$C51-(P51+T51+X51))) -> 0 | AC51: =ROUND(Z51-AA51-AB51,2) -> 0 | AD51: =AG50*(1+H$7) -> 0 | AE51: =MIN(AD51,H$8) -> 0 | AF51: =MAX(0,MIN(AD51-AE51,$C51-(P51+T51+X51+AB51))) -> 0 | AG51: =ROUND(AD51-AE51-AF51,2) -> 0 | AH51: =AK50*(1+I$7) -> 0 | AI51: =MIN(AH51,I$8) -> 0 | AJ51: =MAX(0,MIN(AH51-AI51,$C51-(P51+T51+X51+AB51+AF51))) -> 0 | AK51: =ROUND(AH51-AI51-AJ51,2) -> 0 | AL51: =AO50*(1+J$7) -> 0 | AM51: =MIN(AL51,J$8) -> 0 | AN51: =MAX(0,MIN(AL51-AM51,$C51-(P51+T51+X51+AB51+AF51+AJ51))) -> 0 | AO51: =ROUND(AL51-AM51-AN51,2) -> 0 | AP51: =AS50*(1+K$7) -> 0 | AQ51: =MIN(AP51,K$8) -> 0 | AR51: =MAX(0,MIN(AP51-AQ51,$C51-(P51+T51+X51+AB51+AF51+AJ51+AN51))) -> 0 | AS51: =ROUND(AP51-AQ51-AR51,2) -> 0 | AT51: =AW50*(1+L$7) -> 0 | AU51: =MIN(AT51,L$8) -> 0 | AV51: =MAX(0,MIN(AT51-AU51,$C51-(P51+T51+X51+AB51+AF51+AJ51+AN51+AR51))) -> 0 | AW51: =ROUND(AT51-AU51-AV51,2) -> 0 | AX51: =BA50*(1+M$7) -> 0 | AY51: =MIN(AX51,M$8) -> 0 | AZ51: =MAX(0,MIN(AX51-AY51,$C51-(P51+T51+X51+AB51+AF51+AJ51+AN51+AR51+AV51))) -> 0 | BA51: =ROUND(AX51-AY51-AZ51,2) -> 0
A52: 42 | B52: =EDATE(Borçlar!$K$7,41) -> 47543 | C52: =MAX(0,Borçlar!$K$8-(O52+S52+W52+AA52+AE52+AI52+AM52+AQ52+AU52+AY52)) -> 19000 | D52: =O52+P52+S52+T52+W52+X52+AA52+AB52+AE52+AF52+AI52+AJ52+AM52+AN52+AQ52+AR52+AU52+AV52+AY52+AZ52 -> 0 | E52: =(N52+R52+V52+Z52+AD52+AH52+AL52+AP52+AT52+AX52)-(F51) -> 0 | F52: =Q52+U52+Y52+AC52+AG52+AK52+AO52+AS52+AW52+BA52 -> 0 | N52: =Q51*(1+D$7) -> 0 | O52: =MIN(N52,D$8) -> 0 | P52: =MAX(0,MIN(N52-O52,$C52-(0))) -> 0 | Q52: =ROUND(N52-O52-P52,2) -> 0 | R52: =U51*(1+E$7) -> 0 | S52: =MIN(R52,E$8) -> 0 | T52: =MAX(0,MIN(R52-S52,$C52-(P52))) -> 0 | U52: =ROUND(R52-S52-T52,2) -> 0 | V52: =Y51*(1+F$7) -> 0 | W52: =MIN(V52,F$8) -> 0 | X52: =MAX(0,MIN(V52-W52,$C52-(P52+T52))) -> 0 | Y52: =ROUND(V52-W52-X52,2) -> 0 | Z52: =AC51*(1+G$7) -> 0 | AA52: =MIN(Z52,G$8) -> 0 | AB52: =MAX(0,MIN(Z52-AA52,$C52-(P52+T52+X52))) -> 0 | AC52: =ROUND(Z52-AA52-AB52,2) -> 0 | AD52: =AG51*(1+H$7) -> 0 | AE52: =MIN(AD52,H$8) -> 0 | AF52: =MAX(0,MIN(AD52-AE52,$C52-(P52+T52+X52+AB52))) -> 0 | AG52: =ROUND(AD52-AE52-AF52,2) -> 0 | AH52: =AK51*(1+I$7) -> 0 | AI52: =MIN(AH52,I$8) -> 0 | AJ52: =MAX(0,MIN(AH52-AI52,$C52-(P52+T52+X52+AB52+AF52))) -> 0 | AK52: =ROUND(AH52-AI52-AJ52,2) -> 0 | AL52: =AO51*(1+J$7) -> 0 | AM52: =MIN(AL52,J$8) -> 0 | AN52: =MAX(0,MIN(AL52-AM52,$C52-(P52+T52+X52+AB52+AF52+AJ52))) -> 0 | AO52: =ROUND(AL52-AM52-AN52,2) -> 0 | AP52: =AS51*(1+K$7) -> 0 | AQ52: =MIN(AP52,K$8) -> 0 | AR52: =MAX(0,MIN(AP52-AQ52,$C52-(P52+T52+X52+AB52+AF52+AJ52+AN52))) -> 0 | AS52: =ROUND(AP52-AQ52-AR52,2) -> 0 | AT52: =AW51*(1+L$7) -> 0 | AU52: =MIN(AT52,L$8) -> 0 | AV52: =MAX(0,MIN(AT52-AU52,$C52-(P52+T52+X52+AB52+AF52+AJ52+AN52+AR52))) -> 0 | AW52: =ROUND(AT52-AU52-AV52,2) -> 0 | AX52: =BA51*(1+M$7) -> 0 | AY52: =MIN(AX52,M$8) -> 0 | AZ52: =MAX(0,MIN(AX52-AY52,$C52-(P52+T52+X52+AB52+AF52+AJ52+AN52+AR52+AV52))) -> 0 | BA52: =ROUND(AX52-AY52-AZ52,2) -> 0
A53: 43 | B53: =EDATE(Borçlar!$K$7,42) -> 47574 | C53: =MAX(0,Borçlar!$K$8-(O53+S53+W53+AA53+AE53+AI53+AM53+AQ53+AU53+AY53)) -> 19000 | D53: =O53+P53+S53+T53+W53+X53+AA53+AB53+AE53+AF53+AI53+AJ53+AM53+AN53+AQ53+AR53+AU53+AV53+AY53+AZ53 -> 0 | E53: =(N53+R53+V53+Z53+AD53+AH53+AL53+AP53+AT53+AX53)-(F52) -> 0 | F53: =Q53+U53+Y53+AC53+AG53+AK53+AO53+AS53+AW53+BA53 -> 0 | N53: =Q52*(1+D$7) -> 0 | O53: =MIN(N53,D$8) -> 0 | P53: =MAX(0,MIN(N53-O53,$C53-(0))) -> 0 | Q53: =ROUND(N53-O53-P53,2) -> 0 | R53: =U52*(1+E$7) -> 0 | S53: =MIN(R53,E$8) -> 0 | T53: =MAX(0,MIN(R53-S53,$C53-(P53))) -> 0 | U53: =ROUND(R53-S53-T53,2) -> 0 | V53: =Y52*(1+F$7) -> 0 | W53: =MIN(V53,F$8) -> 0 | X53: =MAX(0,MIN(V53-W53,$C53-(P53+T53))) -> 0 | Y53: =ROUND(V53-W53-X53,2) -> 0 | Z53: =AC52*(1+G$7) -> 0 | AA53: =MIN(Z53,G$8) -> 0 | AB53: =MAX(0,MIN(Z53-AA53,$C53-(P53+T53+X53))) -> 0 | AC53: =ROUND(Z53-AA53-AB53,2) -> 0 | AD53: =AG52*(1+H$7) -> 0 | AE53: =MIN(AD53,H$8) -> 0 | AF53: =MAX(0,MIN(AD53-AE53,$C53-(P53+T53+X53+AB53))) -> 0 | AG53: =ROUND(AD53-AE53-AF53,2) -> 0 | AH53: =AK52*(1+I$7) -> 0 | AI53: =MIN(AH53,I$8) -> 0 | AJ53: =MAX(0,MIN(AH53-AI53,$C53-(P53+T53+X53+AB53+AF53))) -> 0 | AK53: =ROUND(AH53-AI53-AJ53,2) -> 0 | AL53: =AO52*(1+J$7) -> 0 | AM53: =MIN(AL53,J$8) -> 0 | AN53: =MAX(0,MIN(AL53-AM53,$C53-(P53+T53+X53+AB53+AF53+AJ53))) -> 0 | AO53: =ROUND(AL53-AM53-AN53,2) -> 0 | AP53: =AS52*(1+K$7) -> 0 | AQ53: =MIN(AP53,K$8) -> 0 | AR53: =MAX(0,MIN(AP53-AQ53,$C53-(P53+T53+X53+AB53+AF53+AJ53+AN53))) -> 0 | AS53: =ROUND(AP53-AQ53-AR53,2) -> 0 | AT53: =AW52*(1+L$7) -> 0 | AU53: =MIN(AT53,L$8) -> 0 | AV53: =MAX(0,MIN(AT53-AU53,$C53-(P53+T53+X53+AB53+AF53+AJ53+AN53+AR53))) -> 0 | AW53: =ROUND(AT53-AU53-AV53,2) -> 0 | AX53: =BA52*(1+M$7) -> 0 | AY53: =MIN(AX53,M$8) -> 0 | AZ53: =MAX(0,MIN(AX53-AY53,$C53-(P53+T53+X53+AB53+AF53+AJ53+AN53+AR53+AV53))) -> 0 | BA53: =ROUND(AX53-AY53-AZ53,2) -> 0
A54: 44 | B54: =EDATE(Borçlar!$K$7,43) -> 47604 | C54: =MAX(0,Borçlar!$K$8-(O54+S54+W54+AA54+AE54+AI54+AM54+AQ54+AU54+AY54)) -> 19000 | D54: =O54+P54+S54+T54+W54+X54+AA54+AB54+AE54+AF54+AI54+AJ54+AM54+AN54+AQ54+AR54+AU54+AV54+AY54+AZ54 -> 0 | E54: =(N54+R54+V54+Z54+AD54+AH54+AL54+AP54+AT54+AX54)-(F53) -> 0 | F54: =Q54+U54+Y54+AC54+AG54+AK54+AO54+AS54+AW54+BA54 -> 0 | N54: =Q53*(1+D$7) -> 0 | O54: =MIN(N54,D$8) -> 0 | P54: =MAX(0,MIN(N54-O54,$C54-(0))) -> 0 | Q54: =ROUND(N54-O54-P54,2) -> 0 | R54: =U53*(1+E$7) -> 0 | S54: =MIN(R54,E$8) -> 0 | T54: =MAX(0,MIN(R54-S54,$C54-(P54))) -> 0 | U54: =ROUND(R54-S54-T54,2) -> 0 | V54: =Y53*(1+F$7) -> 0 | W54: =MIN(V54,F$8) -> 0 | X54: =MAX(0,MIN(V54-W54,$C54-(P54+T54))) -> 0 | Y54: =ROUND(V54-W54-X54,2) -> 0 | Z54: =AC53*(1+G$7) -> 0 | AA54: =MIN(Z54,G$8) -> 0 | AB54: =MAX(0,MIN(Z54-AA54,$C54-(P54+T54+X54))) -> 0 | AC54: =ROUND(Z54-AA54-AB54,2) -> 0 | AD54: =AG53*(1+H$7) -> 0 | AE54: =MIN(AD54,H$8) -> 0 | AF54: =MAX(0,MIN(AD54-AE54,$C54-(P54+T54+X54+AB54))) -> 0 | AG54: =ROUND(AD54-AE54-AF54,2) -> 0 | AH54: =AK53*(1+I$7) -> 0 | AI54: =MIN(AH54,I$8) -> 0 | AJ54: =MAX(0,MIN(AH54-AI54,$C54-(P54+T54+X54+AB54+AF54))) -> 0 | AK54: =ROUND(AH54-AI54-AJ54,2) -> 0 | AL54: =AO53*(1+J$7) -> 0 | AM54: =MIN(AL54,J$8) -> 0 | AN54: =MAX(0,MIN(AL54-AM54,$C54-(P54+T54+X54+AB54+AF54+AJ54))) -> 0 | AO54: =ROUND(AL54-AM54-AN54,2) -> 0 | AP54: =AS53*(1+K$7) -> 0 | AQ54: =MIN(AP54,K$8) -> 0 | AR54: =MAX(0,MIN(AP54-AQ54,$C54-(P54+T54+X54+AB54+AF54+AJ54+AN54))) -> 0 | AS54: =ROUND(AP54-AQ54-AR54,2) -> 0 | AT54: =AW53*(1+L$7) -> 0 | AU54: =MIN(AT54,L$8) -> 0 | AV54: =MAX(0,MIN(AT54-AU54,$C54-(P54+T54+X54+AB54+AF54+AJ54+AN54+AR54))) -> 0 | AW54: =ROUND(AT54-AU54-AV54,2) -> 0 | AX54: =BA53*(1+M$7) -> 0 | AY54: =MIN(AX54,M$8) -> 0 | AZ54: =MAX(0,MIN(AX54-AY54,$C54-(P54+T54+X54+AB54+AF54+AJ54+AN54+AR54+AV54))) -> 0 | BA54: =ROUND(AX54-AY54-AZ54,2) -> 0
A55: 45 | B55: =EDATE(Borçlar!$K$7,44) -> 47635 | C55: =MAX(0,Borçlar!$K$8-(O55+S55+W55+AA55+AE55+AI55+AM55+AQ55+AU55+AY55)) -> 19000 | D55: =O55+P55+S55+T55+W55+X55+AA55+AB55+AE55+AF55+AI55+AJ55+AM55+AN55+AQ55+AR55+AU55+AV55+AY55+AZ55 -> 0 | E55: =(N55+R55+V55+Z55+AD55+AH55+AL55+AP55+AT55+AX55)-(F54) -> 0 | F55: =Q55+U55+Y55+AC55+AG55+AK55+AO55+AS55+AW55+BA55 -> 0 | N55: =Q54*(1+D$7) -> 0 | O55: =MIN(N55,D$8) -> 0 | P55: =MAX(0,MIN(N55-O55,$C55-(0))) -> 0 | Q55: =ROUND(N55-O55-P55,2) -> 0 | R55: =U54*(1+E$7) -> 0 | S55: =MIN(R55,E$8) -> 0 | T55: =MAX(0,MIN(R55-S55,$C55-(P55))) -> 0 | U55: =ROUND(R55-S55-T55,2) -> 0 | V55: =Y54*(1+F$7) -> 0 | W55: =MIN(V55,F$8) -> 0 | X55: =MAX(0,MIN(V55-W55,$C55-(P55+T55))) -> 0 | Y55: =ROUND(V55-W55-X55,2) -> 0 | Z55: =AC54*(1+G$7) -> 0 | AA55: =MIN(Z55,G$8) -> 0 | AB55: =MAX(0,MIN(Z55-AA55,$C55-(P55+T55+X55))) -> 0 | AC55: =ROUND(Z55-AA55-AB55,2) -> 0 | AD55: =AG54*(1+H$7) -> 0 | AE55: =MIN(AD55,H$8) -> 0 | AF55: =MAX(0,MIN(AD55-AE55,$C55-(P55+T55+X55+AB55))) -> 0 | AG55: =ROUND(AD55-AE55-AF55,2) -> 0 | AH55: =AK54*(1+I$7) -> 0 | AI55: =MIN(AH55,I$8) -> 0 | AJ55: =MAX(0,MIN(AH55-AI55,$C55-(P55+T55+X55+AB55+AF55))) -> 0 | AK55: =ROUND(AH55-AI55-AJ55,2) -> 0 | AL55: =AO54*(1+J$7) -> 0 | AM55: =MIN(AL55,J$8) -> 0 | AN55: =MAX(0,MIN(AL55-AM55,$C55-(P55+T55+X55+AB55+AF55+AJ55))) -> 0 | AO55: =ROUND(AL55-AM55-AN55,2) -> 0 | AP55: =AS54*(1+K$7) -> 0 | AQ55: =MIN(AP55,K$8) -> 0 | AR55: =MAX(0,MIN(AP55-AQ55,$C55-(P55+T55+X55+AB55+AF55+AJ55+AN55))) -> 0 | AS55: =ROUND(AP55-AQ55-AR55,2) -> 0 | AT55: =AW54*(1+L$7) -> 0 | AU55: =MIN(AT55,L$8) -> 0 | AV55: =MAX(0,MIN(AT55-AU55,$C55-(P55+T55+X55+AB55+AF55+AJ55+AN55+AR55))) -> 0 | AW55: =ROUND(AT55-AU55-AV55,2) -> 0 | AX55: =BA54*(1+M$7) -> 0 | AY55: =MIN(AX55,M$8) -> 0 | AZ55: =MAX(0,MIN(AX55-AY55,$C55-(P55+T55+X55+AB55+AF55+AJ55+AN55+AR55+AV55))) -> 0 | BA55: =ROUND(AX55-AY55-AZ55,2) -> 0
A56: 46 | B56: =EDATE(Borçlar!$K$7,45) -> 47665 | C56: =MAX(0,Borçlar!$K$8-(O56+S56+W56+AA56+AE56+AI56+AM56+AQ56+AU56+AY56)) -> 19000 | D56: =O56+P56+S56+T56+W56+X56+AA56+AB56+AE56+AF56+AI56+AJ56+AM56+AN56+AQ56+AR56+AU56+AV56+AY56+AZ56 -> 0 | E56: =(N56+R56+V56+Z56+AD56+AH56+AL56+AP56+AT56+AX56)-(F55) -> 0 | F56: =Q56+U56+Y56+AC56+AG56+AK56+AO56+AS56+AW56+BA56 -> 0 | N56: =Q55*(1+D$7) -> 0 | O56: =MIN(N56,D$8) -> 0 | P56: =MAX(0,MIN(N56-O56,$C56-(0))) -> 0 | Q56: =ROUND(N56-O56-P56,2) -> 0 | R56: =U55*(1+E$7) -> 0 | S56: =MIN(R56,E$8) -> 0 | T56: =MAX(0,MIN(R56-S56,$C56-(P56))) -> 0 | U56: =ROUND(R56-S56-T56,2) -> 0 | V56: =Y55*(1+F$7) -> 0 | W56: =MIN(V56,F$8) -> 0 | X56: =MAX(0,MIN(V56-W56,$C56-(P56+T56))) -> 0 | Y56: =ROUND(V56-W56-X56,2) -> 0 | Z56: =AC55*(1+G$7) -> 0 | AA56: =MIN(Z56,G$8) -> 0 | AB56: =MAX(0,MIN(Z56-AA56,$C56-(P56+T56+X56))) -> 0 | AC56: =ROUND(Z56-AA56-AB56,2) -> 0 | AD56: =AG55*(1+H$7) -> 0 | AE56: =MIN(AD56,H$8) -> 0 | AF56: =MAX(0,MIN(AD56-AE56,$C56-(P56+T56+X56+AB56))) -> 0 | AG56: =ROUND(AD56-AE56-AF56,2) -> 0 | AH56: =AK55*(1+I$7) -> 0 | AI56: =MIN(AH56,I$8) -> 0 | AJ56: =MAX(0,MIN(AH56-AI56,$C56-(P56+T56+X56+AB56+AF56))) -> 0 | AK56: =ROUND(AH56-AI56-AJ56,2) -> 0 | AL56: =AO55*(1+J$7) -> 0 | AM56: =MIN(AL56,J$8) -> 0 | AN56: =MAX(0,MIN(AL56-AM56,$C56-(P56+T56+X56+AB56+AF56+AJ56))) -> 0 | AO56: =ROUND(AL56-AM56-AN56,2) -> 0 | AP56: =AS55*(1+K$7) -> 0 | AQ56: =MIN(AP56,K$8) -> 0 | AR56: =MAX(0,MIN(AP56-AQ56,$C56-(P56+T56+X56+AB56+AF56+AJ56+AN56))) -> 0 | AS56: =ROUND(AP56-AQ56-AR56,2) -> 0 | AT56: =AW55*(1+L$7) -> 0 | AU56: =MIN(AT56,L$8) -> 0 | AV56: =MAX(0,MIN(AT56-AU56,$C56-(P56+T56+X56+AB56+AF56+AJ56+AN56+AR56))) -> 0 | AW56: =ROUND(AT56-AU56-AV56,2) -> 0 | AX56: =BA55*(1+M$7) -> 0 | AY56: =MIN(AX56,M$8) -> 0 | AZ56: =MAX(0,MIN(AX56-AY56,$C56-(P56+T56+X56+AB56+AF56+AJ56+AN56+AR56+AV56))) -> 0 | BA56: =ROUND(AX56-AY56-AZ56,2) -> 0
A57: 47 | B57: =EDATE(Borçlar!$K$7,46) -> 47696 | C57: =MAX(0,Borçlar!$K$8-(O57+S57+W57+AA57+AE57+AI57+AM57+AQ57+AU57+AY57)) -> 19000 | D57: =O57+P57+S57+T57+W57+X57+AA57+AB57+AE57+AF57+AI57+AJ57+AM57+AN57+AQ57+AR57+AU57+AV57+AY57+AZ57 -> 0 | E57: =(N57+R57+V57+Z57+AD57+AH57+AL57+AP57+AT57+AX57)-(F56) -> 0 | F57: =Q57+U57+Y57+AC57+AG57+AK57+AO57+AS57+AW57+BA57 -> 0 | N57: =Q56*(1+D$7) -> 0 | O57: =MIN(N57,D$8) -> 0 | P57: =MAX(0,MIN(N57-O57,$C57-(0))) -> 0 | Q57: =ROUND(N57-O57-P57,2) -> 0 | R57: =U56*(1+E$7) -> 0 | S57: =MIN(R57,E$8) -> 0 | T57: =MAX(0,MIN(R57-S57,$C57-(P57))) -> 0 | U57: =ROUND(R57-S57-T57,2) -> 0 | V57: =Y56*(1+F$7) -> 0 | W57: =MIN(V57,F$8) -> 0 | X57: =MAX(0,MIN(V57-W57,$C57-(P57+T57))) -> 0 | Y57: =ROUND(V57-W57-X57,2) -> 0 | Z57: =AC56*(1+G$7) -> 0 | AA57: =MIN(Z57,G$8) -> 0 | AB57: =MAX(0,MIN(Z57-AA57,$C57-(P57+T57+X57))) -> 0 | AC57: =ROUND(Z57-AA57-AB57,2) -> 0 | AD57: =AG56*(1+H$7) -> 0 | AE57: =MIN(AD57,H$8) -> 0 | AF57: =MAX(0,MIN(AD57-AE57,$C57-(P57+T57+X57+AB57))) -> 0 | AG57: =ROUND(AD57-AE57-AF57,2) -> 0 | AH57: =AK56*(1+I$7) -> 0 | AI57: =MIN(AH57,I$8) -> 0 | AJ57: =MAX(0,MIN(AH57-AI57,$C57-(P57+T57+X57+AB57+AF57))) -> 0 | AK57: =ROUND(AH57-AI57-AJ57,2) -> 0 | AL57: =AO56*(1+J$7) -> 0 | AM57: =MIN(AL57,J$8) -> 0 | AN57: =MAX(0,MIN(AL57-AM57,$C57-(P57+T57+X57+AB57+AF57+AJ57))) -> 0 | AO57: =ROUND(AL57-AM57-AN57,2) -> 0 | AP57: =AS56*(1+K$7) -> 0 | AQ57: =MIN(AP57,K$8) -> 0 | AR57: =MAX(0,MIN(AP57-AQ57,$C57-(P57+T57+X57+AB57+AF57+AJ57+AN57))) -> 0 | AS57: =ROUND(AP57-AQ57-AR57,2) -> 0 | AT57: =AW56*(1+L$7) -> 0 | AU57: =MIN(AT57,L$8) -> 0 | AV57: =MAX(0,MIN(AT57-AU57,$C57-(P57+T57+X57+AB57+AF57+AJ57+AN57+AR57))) -> 0 | AW57: =ROUND(AT57-AU57-AV57,2) -> 0 | AX57: =BA56*(1+M$7) -> 0 | AY57: =MIN(AX57,M$8) -> 0 | AZ57: =MAX(0,MIN(AX57-AY57,$C57-(P57+T57+X57+AB57+AF57+AJ57+AN57+AR57+AV57))) -> 0 | BA57: =ROUND(AX57-AY57-AZ57,2) -> 0
A58: 48 | B58: =EDATE(Borçlar!$K$7,47) -> 47727 | C58: =MAX(0,Borçlar!$K$8-(O58+S58+W58+AA58+AE58+AI58+AM58+AQ58+AU58+AY58)) -> 19000 | D58: =O58+P58+S58+T58+W58+X58+AA58+AB58+AE58+AF58+AI58+AJ58+AM58+AN58+AQ58+AR58+AU58+AV58+AY58+AZ58 -> 0 | E58: =(N58+R58+V58+Z58+AD58+AH58+AL58+AP58+AT58+AX58)-(F57) -> 0 | F58: =Q58+U58+Y58+AC58+AG58+AK58+AO58+AS58+AW58+BA58 -> 0 | N58: =Q57*(1+D$7) -> 0 | O58: =MIN(N58,D$8) -> 0 | P58: =MAX(0,MIN(N58-O58,$C58-(0))) -> 0 | Q58: =ROUND(N58-O58-P58,2) -> 0 | R58: =U57*(1+E$7) -> 0 | S58: =MIN(R58,E$8) -> 0 | T58: =MAX(0,MIN(R58-S58,$C58-(P58))) -> 0 | U58: =ROUND(R58-S58-T58,2) -> 0 | V58: =Y57*(1+F$7) -> 0 | W58: =MIN(V58,F$8) -> 0 | X58: =MAX(0,MIN(V58-W58,$C58-(P58+T58))) -> 0 | Y58: =ROUND(V58-W58-X58,2) -> 0 | Z58: =AC57*(1+G$7) -> 0 | AA58: =MIN(Z58,G$8) -> 0 | AB58: =MAX(0,MIN(Z58-AA58,$C58-(P58+T58+X58))) -> 0 | AC58: =ROUND(Z58-AA58-AB58,2) -> 0 | AD58: =AG57*(1+H$7) -> 0 | AE58: =MIN(AD58,H$8) -> 0 | AF58: =MAX(0,MIN(AD58-AE58,$C58-(P58+T58+X58+AB58))) -> 0 | AG58: =ROUND(AD58-AE58-AF58,2) -> 0 | AH58: =AK57*(1+I$7) -> 0 | AI58: =MIN(AH58,I$8) -> 0 | AJ58: =MAX(0,MIN(AH58-AI58,$C58-(P58+T58+X58+AB58+AF58))) -> 0 | AK58: =ROUND(AH58-AI58-AJ58,2) -> 0 | AL58: =AO57*(1+J$7) -> 0 | AM58: =MIN(AL58,J$8) -> 0 | AN58: =MAX(0,MIN(AL58-AM58,$C58-(P58+T58+X58+AB58+AF58+AJ58))) -> 0 | AO58: =ROUND(AL58-AM58-AN58,2) -> 0 | AP58: =AS57*(1+K$7) -> 0 | AQ58: =MIN(AP58,K$8) -> 0 | AR58: =MAX(0,MIN(AP58-AQ58,$C58-(P58+T58+X58+AB58+AF58+AJ58+AN58))) -> 0 | AS58: =ROUND(AP58-AQ58-AR58,2) -> 0 | AT58: =AW57*(1+L$7) -> 0 | AU58: =MIN(AT58,L$8) -> 0 | AV58: =MAX(0,MIN(AT58-AU58,$C58-(P58+T58+X58+AB58+AF58+AJ58+AN58+AR58))) -> 0 | AW58: =ROUND(AT58-AU58-AV58,2) -> 0 | AX58: =BA57*(1+M$7) -> 0 | AY58: =MIN(AX58,M$8) -> 0 | AZ58: =MAX(0,MIN(AX58-AY58,$C58-(P58+T58+X58+AB58+AF58+AJ58+AN58+AR58+AV58))) -> 0 | BA58: =ROUND(AX58-AY58-AZ58,2) -> 0
A59: 49 | B59: =EDATE(Borçlar!$K$7,48) -> 47757 | C59: =MAX(0,Borçlar!$K$8-(O59+S59+W59+AA59+AE59+AI59+AM59+AQ59+AU59+AY59)) -> 19000 | D59: =O59+P59+S59+T59+W59+X59+AA59+AB59+AE59+AF59+AI59+AJ59+AM59+AN59+AQ59+AR59+AU59+AV59+AY59+AZ59 -> 0 | E59: =(N59+R59+V59+Z59+AD59+AH59+AL59+AP59+AT59+AX59)-(F58) -> 0 | F59: =Q59+U59+Y59+AC59+AG59+AK59+AO59+AS59+AW59+BA59 -> 0 | N59: =Q58*(1+D$7) -> 0 | O59: =MIN(N59,D$8) -> 0 | P59: =MAX(0,MIN(N59-O59,$C59-(0))) -> 0 | Q59: =ROUND(N59-O59-P59,2) -> 0 | R59: =U58*(1+E$7) -> 0 | S59: =MIN(R59,E$8) -> 0 | T59: =MAX(0,MIN(R59-S59,$C59-(P59))) -> 0 | U59: =ROUND(R59-S59-T59,2) -> 0 | V59: =Y58*(1+F$7) -> 0 | W59: =MIN(V59,F$8) -> 0 | X59: =MAX(0,MIN(V59-W59,$C59-(P59+T59))) -> 0 | Y59: =ROUND(V59-W59-X59,2) -> 0 | Z59: =AC58*(1+G$7) -> 0 | AA59: =MIN(Z59,G$8) -> 0 | AB59: =MAX(0,MIN(Z59-AA59,$C59-(P59+T59+X59))) -> 0 | AC59: =ROUND(Z59-AA59-AB59,2) -> 0 | AD59: =AG58*(1+H$7) -> 0 | AE59: =MIN(AD59,H$8) -> 0 | AF59: =MAX(0,MIN(AD59-AE59,$C59-(P59+T59+X59+AB59))) -> 0 | AG59: =ROUND(AD59-AE59-AF59,2) -> 0 | AH59: =AK58*(1+I$7) -> 0 | AI59: =MIN(AH59,I$8) -> 0 | AJ59: =MAX(0,MIN(AH59-AI59,$C59-(P59+T59+X59+AB59+AF59))) -> 0 | AK59: =ROUND(AH59-AI59-AJ59,2) -> 0 | AL59: =AO58*(1+J$7) -> 0 | AM59: =MIN(AL59,J$8) -> 0 | AN59: =MAX(0,MIN(AL59-AM59,$C59-(P59+T59+X59+AB59+AF59+AJ59))) -> 0 | AO59: =ROUND(AL59-AM59-AN59,2) -> 0 | AP59: =AS58*(1+K$7) -> 0 | AQ59: =MIN(AP59,K$8) -> 0 | AR59: =MAX(0,MIN(AP59-AQ59,$C59-(P59+T59+X59+AB59+AF59+AJ59+AN59))) -> 0 | AS59: =ROUND(AP59-AQ59-AR59,2) -> 0 | AT59: =AW58*(1+L$7) -> 0 | AU59: =MIN(AT59,L$8) -> 0 | AV59: =MAX(0,MIN(AT59-AU59,$C59-(P59+T59+X59+AB59+AF59+AJ59+AN59+AR59))) -> 0 | AW59: =ROUND(AT59-AU59-AV59,2) -> 0 | AX59: =BA58*(1+M$7) -> 0 | AY59: =MIN(AX59,M$8) -> 0 | AZ59: =MAX(0,MIN(AX59-AY59,$C59-(P59+T59+X59+AB59+AF59+AJ59+AN59+AR59+AV59))) -> 0 | BA59: =ROUND(AX59-AY59-AZ59,2) -> 0
A60: 50 | B60: =EDATE(Borçlar!$K$7,49) -> 47788 | C60: =MAX(0,Borçlar!$K$8-(O60+S60+W60+AA60+AE60+AI60+AM60+AQ60+AU60+AY60)) -> 19000 | D60: =O60+P60+S60+T60+W60+X60+AA60+AB60+AE60+AF60+AI60+AJ60+AM60+AN60+AQ60+AR60+AU60+AV60+AY60+AZ60 -> 0 | E60: =(N60+R60+V60+Z60+AD60+AH60+AL60+AP60+AT60+AX60)-(F59) -> 0 | F60: =Q60+U60+Y60+AC60+AG60+AK60+AO60+AS60+AW60+BA60 -> 0 | N60: =Q59*(1+D$7) -> 0 | O60: =MIN(N60,D$8) -> 0 | P60: =MAX(0,MIN(N60-O60,$C60-(0))) -> 0 | Q60: =ROUND(N60-O60-P60,2) -> 0 | R60: =U59*(1+E$7) -> 0 | S60: =MIN(R60,E$8) -> 0 | T60: =MAX(0,MIN(R60-S60,$C60-(P60))) -> 0 | U60: =ROUND(R60-S60-T60,2) -> 0 | V60: =Y59*(1+F$7) -> 0 | W60: =MIN(V60,F$8) -> 0 | X60: =MAX(0,MIN(V60-W60,$C60-(P60+T60))) -> 0 | Y60: =ROUND(V60-W60-X60,2) -> 0 | Z60: =AC59*(1+G$7) -> 0 | AA60: =MIN(Z60,G$8) -> 0 | AB60: =MAX(0,MIN(Z60-AA60,$C60-(P60+T60+X60))) -> 0 | AC60: =ROUND(Z60-AA60-AB60,2) -> 0 | AD60: =AG59*(1+H$7) -> 0 | AE60: =MIN(AD60,H$8) -> 0 | AF60: =MAX(0,MIN(AD60-AE60,$C60-(P60+T60+X60+AB60))) -> 0 | AG60: =ROUND(AD60-AE60-AF60,2) -> 0 | AH60: =AK59*(1+I$7) -> 0 | AI60: =MIN(AH60,I$8) -> 0 | AJ60: =MAX(0,MIN(AH60-AI60,$C60-(P60+T60+X60+AB60+AF60))) -> 0 | AK60: =ROUND(AH60-AI60-AJ60,2) -> 0 | AL60: =AO59*(1+J$7) -> 0 | AM60: =MIN(AL60,J$8) -> 0 | AN60: =MAX(0,MIN(AL60-AM60,$C60-(P60+T60+X60+AB60+AF60+AJ60))) -> 0 | AO60: =ROUND(AL60-AM60-AN60,2) -> 0 | AP60: =AS59*(1+K$7) -> 0 | AQ60: =MIN(AP60,K$8) -> 0 | AR60: =MAX(0,MIN(AP60-AQ60,$C60-(P60+T60+X60+AB60+AF60+AJ60+AN60))) -> 0 | AS60: =ROUND(AP60-AQ60-AR60,2) -> 0 | AT60: =AW59*(1+L$7) -> 0 | AU60: =MIN(AT60,L$8) -> 0 | AV60: =MAX(0,MIN(AT60-AU60,$C60-(P60+T60+X60+AB60+AF60+AJ60+AN60+AR60))) -> 0 | AW60: =ROUND(AT60-AU60-AV60,2) -> 0 | AX60: =BA59*(1+M$7) -> 0 | AY60: =MIN(AX60,M$8) -> 0 | AZ60: =MAX(0,MIN(AX60-AY60,$C60-(P60+T60+X60+AB60+AF60+AJ60+AN60+AR60+AV60))) -> 0 | BA60: =ROUND(AX60-AY60-AZ60,2) -> 0
A61: 51 | B61: =EDATE(Borçlar!$K$7,50) -> 47818 | C61: =MAX(0,Borçlar!$K$8-(O61+S61+W61+AA61+AE61+AI61+AM61+AQ61+AU61+AY61)) -> 19000 | D61: =O61+P61+S61+T61+W61+X61+AA61+AB61+AE61+AF61+AI61+AJ61+AM61+AN61+AQ61+AR61+AU61+AV61+AY61+AZ61 -> 0 | E61: =(N61+R61+V61+Z61+AD61+AH61+AL61+AP61+AT61+AX61)-(F60) -> 0 | F61: =Q61+U61+Y61+AC61+AG61+AK61+AO61+AS61+AW61+BA61 -> 0 | N61: =Q60*(1+D$7) -> 0 | O61: =MIN(N61,D$8) -> 0 | P61: =MAX(0,MIN(N61-O61,$C61-(0))) -> 0 | Q61: =ROUND(N61-O61-P61,2) -> 0 | R61: =U60*(1+E$7) -> 0 | S61: =MIN(R61,E$8) -> 0 | T61: =MAX(0,MIN(R61-S61,$C61-(P61))) -> 0 | U61: =ROUND(R61-S61-T61,2) -> 0 | V61: =Y60*(1+F$7) -> 0 | W61: =MIN(V61,F$8) -> 0 | X61: =MAX(0,MIN(V61-W61,$C61-(P61+T61))) -> 0 | Y61: =ROUND(V61-W61-X61,2) -> 0 | Z61: =AC60*(1+G$7) -> 0 | AA61: =MIN(Z61,G$8) -> 0 | AB61: =MAX(0,MIN(Z61-AA61,$C61-(P61+T61+X61))) -> 0 | AC61: =ROUND(Z61-AA61-AB61,2) -> 0 | AD61: =AG60*(1+H$7) -> 0 | AE61: =MIN(AD61,H$8) -> 0 | AF61: =MAX(0,MIN(AD61-AE61,$C61-(P61+T61+X61+AB61))) -> 0 | AG61: =ROUND(AD61-AE61-AF61,2) -> 0 | AH61: =AK60*(1+I$7) -> 0 | AI61: =MIN(AH61,I$8) -> 0 | AJ61: =MAX(0,MIN(AH61-AI61,$C61-(P61+T61+X61+AB61+AF61))) -> 0 | AK61: =ROUND(AH61-AI61-AJ61,2) -> 0 | AL61: =AO60*(1+J$7) -> 0 | AM61: =MIN(AL61,J$8) -> 0 | AN61: =MAX(0,MIN(AL61-AM61,$C61-(P61+T61+X61+AB61+AF61+AJ61))) -> 0 | AO61: =ROUND(AL61-AM61-AN61,2) -> 0 | AP61: =AS60*(1+K$7) -> 0 | AQ61: =MIN(AP61,K$8) -> 0 | AR61: =MAX(0,MIN(AP61-AQ61,$C61-(P61+T61+X61+AB61+AF61+AJ61+AN61))) -> 0 | AS61: =ROUND(AP61-AQ61-AR61,2) -> 0 | AT61: =AW60*(1+L$7) -> 0 | AU61: =MIN(AT61,L$8) -> 0 | AV61: =MAX(0,MIN(AT61-AU61,$C61-(P61+T61+X61+AB61+AF61+AJ61+AN61+AR61))) -> 0 | AW61: =ROUND(AT61-AU61-AV61,2) -> 0 | AX61: =BA60*(1+M$7) -> 0 | AY61: =MIN(AX61,M$8) -> 0 | AZ61: =MAX(0,MIN(AX61-AY61,$C61-(P61+T61+X61+AB61+AF61+AJ61+AN61+AR61+AV61))) -> 0 | BA61: =ROUND(AX61-AY61-AZ61,2) -> 0
A62: 52 | B62: =EDATE(Borçlar!$K$7,51) -> 47849 | C62: =MAX(0,Borçlar!$K$8-(O62+S62+W62+AA62+AE62+AI62+AM62+AQ62+AU62+AY62)) -> 19000 | D62: =O62+P62+S62+T62+W62+X62+AA62+AB62+AE62+AF62+AI62+AJ62+AM62+AN62+AQ62+AR62+AU62+AV62+AY62+AZ62 -> 0 | E62: =(N62+R62+V62+Z62+AD62+AH62+AL62+AP62+AT62+AX62)-(F61) -> 0 | F62: =Q62+U62+Y62+AC62+AG62+AK62+AO62+AS62+AW62+BA62 -> 0 | N62: =Q61*(1+D$7) -> 0 | O62: =MIN(N62,D$8) -> 0 | P62: =MAX(0,MIN(N62-O62,$C62-(0))) -> 0 | Q62: =ROUND(N62-O62-P62,2) -> 0 | R62: =U61*(1+E$7) -> 0 | S62: =MIN(R62,E$8) -> 0 | T62: =MAX(0,MIN(R62-S62,$C62-(P62))) -> 0 | U62: =ROUND(R62-S62-T62,2) -> 0 | V62: =Y61*(1+F$7) -> 0 | W62: =MIN(V62,F$8) -> 0 | X62: =MAX(0,MIN(V62-W62,$C62-(P62+T62))) -> 0 | Y62: =ROUND(V62-W62-X62,2) -> 0 | Z62: =AC61*(1+G$7) -> 0 | AA62: =MIN(Z62,G$8) -> 0 | AB62: =MAX(0,MIN(Z62-AA62,$C62-(P62+T62+X62))) -> 0 | AC62: =ROUND(Z62-AA62-AB62,2) -> 0 | AD62: =AG61*(1+H$7) -> 0 | AE62: =MIN(AD62,H$8) -> 0 | AF62: =MAX(0,MIN(AD62-AE62,$C62-(P62+T62+X62+AB62))) -> 0 | AG62: =ROUND(AD62-AE62-AF62,2) -> 0 | AH62: =AK61*(1+I$7) -> 0 | AI62: =MIN(AH62,I$8) -> 0 | AJ62: =MAX(0,MIN(AH62-AI62,$C62-(P62+T62+X62+AB62+AF62))) -> 0 | AK62: =ROUND(AH62-AI62-AJ62,2) -> 0 | AL62: =AO61*(1+J$7) -> 0 | AM62: =MIN(AL62,J$8) -> 0 | AN62: =MAX(0,MIN(AL62-AM62,$C62-(P62+T62+X62+AB62+AF62+AJ62))) -> 0 | AO62: =ROUND(AL62-AM62-AN62,2) -> 0 | AP62: =AS61*(1+K$7) -> 0 | AQ62: =MIN(AP62,K$8) -> 0 | AR62: =MAX(0,MIN(AP62-AQ62,$C62-(P62+T62+X62+AB62+AF62+AJ62+AN62))) -> 0 | AS62: =ROUND(AP62-AQ62-AR62,2) -> 0 | AT62: =AW61*(1+L$7) -> 0 | AU62: =MIN(AT62,L$8) -> 0 | AV62: =MAX(0,MIN(AT62-AU62,$C62-(P62+T62+X62+AB62+AF62+AJ62+AN62+AR62))) -> 0 | AW62: =ROUND(AT62-AU62-AV62,2) -> 0 | AX62: =BA61*(1+M$7) -> 0 | AY62: =MIN(AX62,M$8) -> 0 | AZ62: =MAX(0,MIN(AX62-AY62,$C62-(P62+T62+X62+AB62+AF62+AJ62+AN62+AR62+AV62))) -> 0 | BA62: =ROUND(AX62-AY62-AZ62,2) -> 0
A63: 53 | B63: =EDATE(Borçlar!$K$7,52) -> 47880 | C63: =MAX(0,Borçlar!$K$8-(O63+S63+W63+AA63+AE63+AI63+AM63+AQ63+AU63+AY63)) -> 19000 | D63: =O63+P63+S63+T63+W63+X63+AA63+AB63+AE63+AF63+AI63+AJ63+AM63+AN63+AQ63+AR63+AU63+AV63+AY63+AZ63 -> 0 | E63: =(N63+R63+V63+Z63+AD63+AH63+AL63+AP63+AT63+AX63)-(F62) -> 0 | F63: =Q63+U63+Y63+AC63+AG63+AK63+AO63+AS63+AW63+BA63 -> 0 | N63: =Q62*(1+D$7) -> 0 | O63: =MIN(N63,D$8) -> 0 | P63: =MAX(0,MIN(N63-O63,$C63-(0))) -> 0 | Q63: =ROUND(N63-O63-P63,2) -> 0 | R63: =U62*(1+E$7) -> 0 | S63: =MIN(R63,E$8) -> 0 | T63: =MAX(0,MIN(R63-S63,$C63-(P63))) -> 0 | U63: =ROUND(R63-S63-T63,2) -> 0 | V63: =Y62*(1+F$7) -> 0 | W63: =MIN(V63,F$8) -> 0 | X63: =MAX(0,MIN(V63-W63,$C63-(P63+T63))) -> 0 | Y63: =ROUND(V63-W63-X63,2) -> 0 | Z63: =AC62*(1+G$7) -> 0 | AA63: =MIN(Z63,G$8) -> 0 | AB63: =MAX(0,MIN(Z63-AA63,$C63-(P63+T63+X63))) -> 0 | AC63: =ROUND(Z63-AA63-AB63,2) -> 0 | AD63: =AG62*(1+H$7) -> 0 | AE63: =MIN(AD63,H$8) -> 0 | AF63: =MAX(0,MIN(AD63-AE63,$C63-(P63+T63+X63+AB63))) -> 0 | AG63: =ROUND(AD63-AE63-AF63,2) -> 0 | AH63: =AK62*(1+I$7) -> 0 | AI63: =MIN(AH63,I$8) -> 0 | AJ63: =MAX(0,MIN(AH63-AI63,$C63-(P63+T63+X63+AB63+AF63))) -> 0 | AK63: =ROUND(AH63-AI63-AJ63,2) -> 0 | AL63: =AO62*(1+J$7) -> 0 | AM63: =MIN(AL63,J$8) -> 0 | AN63: =MAX(0,MIN(AL63-AM63,$C63-(P63+T63+X63+AB63+AF63+AJ63))) -> 0 | AO63: =ROUND(AL63-AM63-AN63,2) -> 0 | AP63: =AS62*(1+K$7) -> 0 | AQ63: =MIN(AP63,K$8) -> 0 | AR63: =MAX(0,MIN(AP63-AQ63,$C63-(P63+T63+X63+AB63+AF63+AJ63+AN63))) -> 0 | AS63: =ROUND(AP63-AQ63-AR63,2) -> 0 | AT63: =AW62*(1+L$7) -> 0 | AU63: =MIN(AT63,L$8) -> 0 | AV63: =MAX(0,MIN(AT63-AU63,$C63-(P63+T63+X63+AB63+AF63+AJ63+AN63+AR63))) -> 0 | AW63: =ROUND(AT63-AU63-AV63,2) -> 0 | AX63: =BA62*(1+M$7) -> 0 | AY63: =MIN(AX63,M$8) -> 0 | AZ63: =MAX(0,MIN(AX63-AY63,$C63-(P63+T63+X63+AB63+AF63+AJ63+AN63+AR63+AV63))) -> 0 | BA63: =ROUND(AX63-AY63-AZ63,2) -> 0
A64: 54 | B64: =EDATE(Borçlar!$K$7,53) -> 47908 | C64: =MAX(0,Borçlar!$K$8-(O64+S64+W64+AA64+AE64+AI64+AM64+AQ64+AU64+AY64)) -> 19000 | D64: =O64+P64+S64+T64+W64+X64+AA64+AB64+AE64+AF64+AI64+AJ64+AM64+AN64+AQ64+AR64+AU64+AV64+AY64+AZ64 -> 0 | E64: =(N64+R64+V64+Z64+AD64+AH64+AL64+AP64+AT64+AX64)-(F63) -> 0 | F64: =Q64+U64+Y64+AC64+AG64+AK64+AO64+AS64+AW64+BA64 -> 0 | N64: =Q63*(1+D$7) -> 0 | O64: =MIN(N64,D$8) -> 0 | P64: =MAX(0,MIN(N64-O64,$C64-(0))) -> 0 | Q64: =ROUND(N64-O64-P64,2) -> 0 | R64: =U63*(1+E$7) -> 0 | S64: =MIN(R64,E$8) -> 0 | T64: =MAX(0,MIN(R64-S64,$C64-(P64))) -> 0 | U64: =ROUND(R64-S64-T64,2) -> 0 | V64: =Y63*(1+F$7) -> 0 | W64: =MIN(V64,F$8) -> 0 | X64: =MAX(0,MIN(V64-W64,$C64-(P64+T64))) -> 0 | Y64: =ROUND(V64-W64-X64,2) -> 0 | Z64: =AC63*(1+G$7) -> 0 | AA64: =MIN(Z64,G$8) -> 0 | AB64: =MAX(0,MIN(Z64-AA64,$C64-(P64+T64+X64))) -> 0 | AC64: =ROUND(Z64-AA64-AB64,2) -> 0 | AD64: =AG63*(1+H$7) -> 0 | AE64: =MIN(AD64,H$8) -> 0 | AF64: =MAX(0,MIN(AD64-AE64,$C64-(P64+T64+X64+AB64))) -> 0 | AG64: =ROUND(AD64-AE64-AF64,2) -> 0 | AH64: =AK63*(1+I$7) -> 0 | AI64: =MIN(AH64,I$8) -> 0 | AJ64: =MAX(0,MIN(AH64-AI64,$C64-(P64+T64+X64+AB64+AF64))) -> 0 | AK64: =ROUND(AH64-AI64-AJ64,2) -> 0 | AL64: =AO63*(1+J$7) -> 0 | AM64: =MIN(AL64,J$8) -> 0 | AN64: =MAX(0,MIN(AL64-AM64,$C64-(P64+T64+X64+AB64+AF64+AJ64))) -> 0 | AO64: =ROUND(AL64-AM64-AN64,2) -> 0 | AP64: =AS63*(1+K$7) -> 0 | AQ64: =MIN(AP64,K$8) -> 0 | AR64: =MAX(0,MIN(AP64-AQ64,$C64-(P64+T64+X64+AB64+AF64+AJ64+AN64))) -> 0 | AS64: =ROUND(AP64-AQ64-AR64,2) -> 0 | AT64: =AW63*(1+L$7) -> 0 | AU64: =MIN(AT64,L$8) -> 0 | AV64: =MAX(0,MIN(AT64-AU64,$C64-(P64+T64+X64+AB64+AF64+AJ64+AN64+AR64))) -> 0 | AW64: =ROUND(AT64-AU64-AV64,2) -> 0 | AX64: =BA63*(1+M$7) -> 0 | AY64: =MIN(AX64,M$8) -> 0 | AZ64: =MAX(0,MIN(AX64-AY64,$C64-(P64+T64+X64+AB64+AF64+AJ64+AN64+AR64+AV64))) -> 0 | BA64: =ROUND(AX64-AY64-AZ64,2) -> 0
A65: 55 | B65: =EDATE(Borçlar!$K$7,54) -> 47939 | C65: =MAX(0,Borçlar!$K$8-(O65+S65+W65+AA65+AE65+AI65+AM65+AQ65+AU65+AY65)) -> 19000 | D65: =O65+P65+S65+T65+W65+X65+AA65+AB65+AE65+AF65+AI65+AJ65+AM65+AN65+AQ65+AR65+AU65+AV65+AY65+AZ65 -> 0 | E65: =(N65+R65+V65+Z65+AD65+AH65+AL65+AP65+AT65+AX65)-(F64) -> 0 | F65: =Q65+U65+Y65+AC65+AG65+AK65+AO65+AS65+AW65+BA65 -> 0 | N65: =Q64*(1+D$7) -> 0 | O65: =MIN(N65,D$8) -> 0 | P65: =MAX(0,MIN(N65-O65,$C65-(0))) -> 0 | Q65: =ROUND(N65-O65-P65,2) -> 0 | R65: =U64*(1+E$7) -> 0 | S65: =MIN(R65,E$8) -> 0 | T65: =MAX(0,MIN(R65-S65,$C65-(P65))) -> 0 | U65: =ROUND(R65-S65-T65,2) -> 0 | V65: =Y64*(1+F$7) -> 0 | W65: =MIN(V65,F$8) -> 0 | X65: =MAX(0,MIN(V65-W65,$C65-(P65+T65))) -> 0 | Y65: =ROUND(V65-W65-X65,2) -> 0 | Z65: =AC64*(1+G$7) -> 0 | AA65: =MIN(Z65,G$8) -> 0 | AB65: =MAX(0,MIN(Z65-AA65,$C65-(P65+T65+X65))) -> 0 | AC65: =ROUND(Z65-AA65-AB65,2) -> 0 | AD65: =AG64*(1+H$7) -> 0 | AE65: =MIN(AD65,H$8) -> 0 | AF65: =MAX(0,MIN(AD65-AE65,$C65-(P65+T65+X65+AB65))) -> 0 | AG65: =ROUND(AD65-AE65-AF65,2) -> 0 | AH65: =AK64*(1+I$7) -> 0 | AI65: =MIN(AH65,I$8) -> 0 | AJ65: =MAX(0,MIN(AH65-AI65,$C65-(P65+T65+X65+AB65+AF65))) -> 0 | AK65: =ROUND(AH65-AI65-AJ65,2) -> 0 | AL65: =AO64*(1+J$7) -> 0 | AM65: =MIN(AL65,J$8) -> 0 | AN65: =MAX(0,MIN(AL65-AM65,$C65-(P65+T65+X65+AB65+AF65+AJ65))) -> 0 | AO65: =ROUND(AL65-AM65-AN65,2) -> 0 | AP65: =AS64*(1+K$7) -> 0 | AQ65: =MIN(AP65,K$8) -> 0 | AR65: =MAX(0,MIN(AP65-AQ65,$C65-(P65+T65+X65+AB65+AF65+AJ65+AN65))) -> 0 | AS65: =ROUND(AP65-AQ65-AR65,2) -> 0 | AT65: =AW64*(1+L$7) -> 0 | AU65: =MIN(AT65,L$8) -> 0 | AV65: =MAX(0,MIN(AT65-AU65,$C65-(P65+T65+X65+AB65+AF65+AJ65+AN65+AR65))) -> 0 | AW65: =ROUND(AT65-AU65-AV65,2) -> 0 | AX65: =BA64*(1+M$7) -> 0 | AY65: =MIN(AX65,M$8) -> 0 | AZ65: =MAX(0,MIN(AX65-AY65,$C65-(P65+T65+X65+AB65+AF65+AJ65+AN65+AR65+AV65))) -> 0 | BA65: =ROUND(AX65-AY65-AZ65,2) -> 0
A66: 56 | B66: =EDATE(Borçlar!$K$7,55) -> 47969 | C66: =MAX(0,Borçlar!$K$8-(O66+S66+W66+AA66+AE66+AI66+AM66+AQ66+AU66+AY66)) -> 19000 | D66: =O66+P66+S66+T66+W66+X66+AA66+AB66+AE66+AF66+AI66+AJ66+AM66+AN66+AQ66+AR66+AU66+AV66+AY66+AZ66 -> 0 | E66: =(N66+R66+V66+Z66+AD66+AH66+AL66+AP66+AT66+AX66)-(F65) -> 0 | F66: =Q66+U66+Y66+AC66+AG66+AK66+AO66+AS66+AW66+BA66 -> 0 | N66: =Q65*(1+D$7) -> 0 | O66: =MIN(N66,D$8) -> 0 | P66: =MAX(0,MIN(N66-O66,$C66-(0))) -> 0 | Q66: =ROUND(N66-O66-P66,2) -> 0 | R66: =U65*(1+E$7) -> 0 | S66: =MIN(R66,E$8) -> 0 | T66: =MAX(0,MIN(R66-S66,$C66-(P66))) -> 0 | U66: =ROUND(R66-S66-T66,2) -> 0 | V66: =Y65*(1+F$7) -> 0 | W66: =MIN(V66,F$8) -> 0 | X66: =MAX(0,MIN(V66-W66,$C66-(P66+T66))) -> 0 | Y66: =ROUND(V66-W66-X66,2) -> 0 | Z66: =AC65*(1+G$7) -> 0 | AA66: =MIN(Z66,G$8) -> 0 | AB66: =MAX(0,MIN(Z66-AA66,$C66-(P66+T66+X66))) -> 0 | AC66: =ROUND(Z66-AA66-AB66,2) -> 0 | AD66: =AG65*(1+H$7) -> 0 | AE66: =MIN(AD66,H$8) -> 0 | AF66: =MAX(0,MIN(AD66-AE66,$C66-(P66+T66+X66+AB66))) -> 0 | AG66: =ROUND(AD66-AE66-AF66,2) -> 0 | AH66: =AK65*(1+I$7) -> 0 | AI66: =MIN(AH66,I$8) -> 0 | AJ66: =MAX(0,MIN(AH66-AI66,$C66-(P66+T66+X66+AB66+AF66))) -> 0 | AK66: =ROUND(AH66-AI66-AJ66,2) -> 0 | AL66: =AO65*(1+J$7) -> 0 | AM66: =MIN(AL66,J$8) -> 0 | AN66: =MAX(0,MIN(AL66-AM66,$C66-(P66+T66+X66+AB66+AF66+AJ66))) -> 0 | AO66: =ROUND(AL66-AM66-AN66,2) -> 0 | AP66: =AS65*(1+K$7) -> 0 | AQ66: =MIN(AP66,K$8) -> 0 | AR66: =MAX(0,MIN(AP66-AQ66,$C66-(P66+T66+X66+AB66+AF66+AJ66+AN66))) -> 0 | AS66: =ROUND(AP66-AQ66-AR66,2) -> 0 | AT66: =AW65*(1+L$7) -> 0 | AU66: =MIN(AT66,L$8) -> 0 | AV66: =MAX(0,MIN(AT66-AU66,$C66-(P66+T66+X66+AB66+AF66+AJ66+AN66+AR66))) -> 0 | AW66: =ROUND(AT66-AU66-AV66,2) -> 0 | AX66: =BA65*(1+M$7) -> 0 | AY66: =MIN(AX66,M$8) -> 0 | AZ66: =MAX(0,MIN(AX66-AY66,$C66-(P66+T66+X66+AB66+AF66+AJ66+AN66+AR66+AV66))) -> 0 | BA66: =ROUND(AX66-AY66-AZ66,2) -> 0
A67: 57 | B67: =EDATE(Borçlar!$K$7,56) -> 48000 | C67: =MAX(0,Borçlar!$K$8-(O67+S67+W67+AA67+AE67+AI67+AM67+AQ67+AU67+AY67)) -> 19000 | D67: =O67+P67+S67+T67+W67+X67+AA67+AB67+AE67+AF67+AI67+AJ67+AM67+AN67+AQ67+AR67+AU67+AV67+AY67+AZ67 -> 0 | E67: =(N67+R67+V67+Z67+AD67+AH67+AL67+AP67+AT67+AX67)-(F66) -> 0 | F67: =Q67+U67+Y67+AC67+AG67+AK67+AO67+AS67+AW67+BA67 -> 0 | N67: =Q66*(1+D$7) -> 0 | O67: =MIN(N67,D$8) -> 0 | P67: =MAX(0,MIN(N67-O67,$C67-(0))) -> 0 | Q67: =ROUND(N67-O67-P67,2) -> 0 | R67: =U66*(1+E$7) -> 0 | S67: =MIN(R67,E$8) -> 0 | T67: =MAX(0,MIN(R67-S67,$C67-(P67))) -> 0 | U67: =ROUND(R67-S67-T67,2) -> 0 | V67: =Y66*(1+F$7) -> 0 | W67: =MIN(V67,F$8) -> 0 | X67: =MAX(0,MIN(V67-W67,$C67-(P67+T67))) -> 0 | Y67: =ROUND(V67-W67-X67,2) -> 0 | Z67: =AC66*(1+G$7) -> 0 | AA67: =MIN(Z67,G$8) -> 0 | AB67: =MAX(0,MIN(Z67-AA67,$C67-(P67+T67+X67))) -> 0 | AC67: =ROUND(Z67-AA67-AB67,2) -> 0 | AD67: =AG66*(1+H$7) -> 0 | AE67: =MIN(AD67,H$8) -> 0 | AF67: =MAX(0,MIN(AD67-AE67,$C67-(P67+T67+X67+AB67))) -> 0 | AG67: =ROUND(AD67-AE67-AF67,2) -> 0 | AH67: =AK66*(1+I$7) -> 0 | AI67: =MIN(AH67,I$8) -> 0 | AJ67: =MAX(0,MIN(AH67-AI67,$C67-(P67+T67+X67+AB67+AF67))) -> 0 | AK67: =ROUND(AH67-AI67-AJ67,2) -> 0 | AL67: =AO66*(1+J$7) -> 0 | AM67: =MIN(AL67,J$8) -> 0 | AN67: =MAX(0,MIN(AL67-AM67,$C67-(P67+T67+X67+AB67+AF67+AJ67))) -> 0 | AO67: =ROUND(AL67-AM67-AN67,2) -> 0 | AP67: =AS66*(1+K$7) -> 0 | AQ67: =MIN(AP67,K$8) -> 0 | AR67: =MAX(0,MIN(AP67-AQ67,$C67-(P67+T67+X67+AB67+AF67+AJ67+AN67))) -> 0 | AS67: =ROUND(AP67-AQ67-AR67,2) -> 0 | AT67: =AW66*(1+L$7) -> 0 | AU67: =MIN(AT67,L$8) -> 0 | AV67: =MAX(0,MIN(AT67-AU67,$C67-(P67+T67+X67+AB67+AF67+AJ67+AN67+AR67))) -> 0 | AW67: =ROUND(AT67-AU67-AV67,2) -> 0 | AX67: =BA66*(1+M$7) -> 0 | AY67: =MIN(AX67,M$8) -> 0 | AZ67: =MAX(0,MIN(AX67-AY67,$C67-(P67+T67+X67+AB67+AF67+AJ67+AN67+AR67+AV67))) -> 0 | BA67: =ROUND(AX67-AY67-AZ67,2) -> 0
A68: 58 | B68: =EDATE(Borçlar!$K$7,57) -> 48030 | C68: =MAX(0,Borçlar!$K$8-(O68+S68+W68+AA68+AE68+AI68+AM68+AQ68+AU68+AY68)) -> 19000 | D68: =O68+P68+S68+T68+W68+X68+AA68+AB68+AE68+AF68+AI68+AJ68+AM68+AN68+AQ68+AR68+AU68+AV68+AY68+AZ68 -> 0 | E68: =(N68+R68+V68+Z68+AD68+AH68+AL68+AP68+AT68+AX68)-(F67) -> 0 | F68: =Q68+U68+Y68+AC68+AG68+AK68+AO68+AS68+AW68+BA68 -> 0 | N68: =Q67*(1+D$7) -> 0 | O68: =MIN(N68,D$8) -> 0 | P68: =MAX(0,MIN(N68-O68,$C68-(0))) -> 0 | Q68: =ROUND(N68-O68-P68,2) -> 0 | R68: =U67*(1+E$7) -> 0 | S68: =MIN(R68,E$8) -> 0 | T68: =MAX(0,MIN(R68-S68,$C68-(P68))) -> 0 | U68: =ROUND(R68-S68-T68,2) -> 0 | V68: =Y67*(1+F$7) -> 0 | W68: =MIN(V68,F$8) -> 0 | X68: =MAX(0,MIN(V68-W68,$C68-(P68+T68))) -> 0 | Y68: =ROUND(V68-W68-X68,2) -> 0 | Z68: =AC67*(1+G$7) -> 0 | AA68: =MIN(Z68,G$8) -> 0 | AB68: =MAX(0,MIN(Z68-AA68,$C68-(P68+T68+X68))) -> 0 | AC68: =ROUND(Z68-AA68-AB68,2) -> 0 | AD68: =AG67*(1+H$7) -> 0 | AE68: =MIN(AD68,H$8) -> 0 | AF68: =MAX(0,MIN(AD68-AE68,$C68-(P68+T68+X68+AB68))) -> 0 | AG68: =ROUND(AD68-AE68-AF68,2) -> 0 | AH68: =AK67*(1+I$7) -> 0 | AI68: =MIN(AH68,I$8) -> 0 | AJ68: =MAX(0,MIN(AH68-AI68,$C68-(P68+T68+X68+AB68+AF68))) -> 0 | AK68: =ROUND(AH68-AI68-AJ68,2) -> 0 | AL68: =AO67*(1+J$7) -> 0 | AM68: =MIN(AL68,J$8) -> 0 | AN68: =MAX(0,MIN(AL68-AM68,$C68-(P68+T68+X68+AB68+AF68+AJ68))) -> 0 | AO68: =ROUND(AL68-AM68-AN68,2) -> 0 | AP68: =AS67*(1+K$7) -> 0 | AQ68: =MIN(AP68,K$8) -> 0 | AR68: =MAX(0,MIN(AP68-AQ68,$C68-(P68+T68+X68+AB68+AF68+AJ68+AN68))) -> 0 | AS68: =ROUND(AP68-AQ68-AR68,2) -> 0 | AT68: =AW67*(1+L$7) -> 0 | AU68: =MIN(AT68,L$8) -> 0 | AV68: =MAX(0,MIN(AT68-AU68,$C68-(P68+T68+X68+AB68+AF68+AJ68+AN68+AR68))) -> 0 | AW68: =ROUND(AT68-AU68-AV68,2) -> 0 | AX68: =BA67*(1+M$7) -> 0 | AY68: =MIN(AX68,M$8) -> 0 | AZ68: =MAX(0,MIN(AX68-AY68,$C68-(P68+T68+X68+AB68+AF68+AJ68+AN68+AR68+AV68))) -> 0 | BA68: =ROUND(AX68-AY68-AZ68,2) -> 0
A69: 59 | B69: =EDATE(Borçlar!$K$7,58) -> 48061 | C69: =MAX(0,Borçlar!$K$8-(O69+S69+W69+AA69+AE69+AI69+AM69+AQ69+AU69+AY69)) -> 19000 | D69: =O69+P69+S69+T69+W69+X69+AA69+AB69+AE69+AF69+AI69+AJ69+AM69+AN69+AQ69+AR69+AU69+AV69+AY69+AZ69 -> 0 | E69: =(N69+R69+V69+Z69+AD69+AH69+AL69+AP69+AT69+AX69)-(F68) -> 0 | F69: =Q69+U69+Y69+AC69+AG69+AK69+AO69+AS69+AW69+BA69 -> 0 | N69: =Q68*(1+D$7) -> 0 | O69: =MIN(N69,D$8) -> 0 | P69: =MAX(0,MIN(N69-O69,$C69-(0))) -> 0 | Q69: =ROUND(N69-O69-P69,2) -> 0 | R69: =U68*(1+E$7) -> 0 | S69: =MIN(R69,E$8) -> 0 | T69: =MAX(0,MIN(R69-S69,$C69-(P69))) -> 0 | U69: =ROUND(R69-S69-T69,2) -> 0 | V69: =Y68*(1+F$7) -> 0 | W69: =MIN(V69,F$8) -> 0 | X69: =MAX(0,MIN(V69-W69,$C69-(P69+T69))) -> 0 | Y69: =ROUND(V69-W69-X69,2) -> 0 | Z69: =AC68*(1+G$7) -> 0 | AA69: =MIN(Z69,G$8) -> 0 | AB69: =MAX(0,MIN(Z69-AA69,$C69-(P69+T69+X69))) -> 0 | AC69: =ROUND(Z69-AA69-AB69,2) -> 0 | AD69: =AG68*(1+H$7) -> 0 | AE69: =MIN(AD69,H$8) -> 0 | AF69: =MAX(0,MIN(AD69-AE69,$C69-(P69+T69+X69+AB69))) -> 0 | AG69: =ROUND(AD69-AE69-AF69,2) -> 0 | AH69: =AK68*(1+I$7) -> 0 | AI69: =MIN(AH69,I$8) -> 0 | AJ69: =MAX(0,MIN(AH69-AI69,$C69-(P69+T69+X69+AB69+AF69))) -> 0 | AK69: =ROUND(AH69-AI69-AJ69,2) -> 0 | AL69: =AO68*(1+J$7) -> 0 | AM69: =MIN(AL69,J$8) -> 0 | AN69: =MAX(0,MIN(AL69-AM69,$C69-(P69+T69+X69+AB69+AF69+AJ69))) -> 0 | AO69: =ROUND(AL69-AM69-AN69,2) -> 0 | AP69: =AS68*(1+K$7) -> 0 | AQ69: =MIN(AP69,K$8) -> 0 | AR69: =MAX(0,MIN(AP69-AQ69,$C69-(P69+T69+X69+AB69+AF69+AJ69+AN69))) -> 0 | AS69: =ROUND(AP69-AQ69-AR69,2) -> 0 | AT69: =AW68*(1+L$7) -> 0 | AU69: =MIN(AT69,L$8) -> 0 | AV69: =MAX(0,MIN(AT69-AU69,$C69-(P69+T69+X69+AB69+AF69+AJ69+AN69+AR69))) -> 0 | AW69: =ROUND(AT69-AU69-AV69,2) -> 0 | AX69: =BA68*(1+M$7) -> 0 | AY69: =MIN(AX69,M$8) -> 0 | AZ69: =MAX(0,MIN(AX69-AY69,$C69-(P69+T69+X69+AB69+AF69+AJ69+AN69+AR69+AV69))) -> 0 | BA69: =ROUND(AX69-AY69-AZ69,2) -> 0
A70: 60 | B70: =EDATE(Borçlar!$K$7,59) -> 48092 | C70: =MAX(0,Borçlar!$K$8-(O70+S70+W70+AA70+AE70+AI70+AM70+AQ70+AU70+AY70)) -> 19000 | D70: =O70+P70+S70+T70+W70+X70+AA70+AB70+AE70+AF70+AI70+AJ70+AM70+AN70+AQ70+AR70+AU70+AV70+AY70+AZ70 -> 0 | E70: =(N70+R70+V70+Z70+AD70+AH70+AL70+AP70+AT70+AX70)-(F69) -> 0 | F70: =Q70+U70+Y70+AC70+AG70+AK70+AO70+AS70+AW70+BA70 -> 0 | N70: =Q69*(1+D$7) -> 0 | O70: =MIN(N70,D$8) -> 0 | P70: =MAX(0,MIN(N70-O70,$C70-(0))) -> 0 | Q70: =ROUND(N70-O70-P70,2) -> 0 | R70: =U69*(1+E$7) -> 0 | S70: =MIN(R70,E$8) -> 0 | T70: =MAX(0,MIN(R70-S70,$C70-(P70))) -> 0 | U70: =ROUND(R70-S70-T70,2) -> 0 | V70: =Y69*(1+F$7) -> 0 | W70: =MIN(V70,F$8) -> 0 | X70: =MAX(0,MIN(V70-W70,$C70-(P70+T70))) -> 0 | Y70: =ROUND(V70-W70-X70,2) -> 0 | Z70: =AC69*(1+G$7) -> 0 | AA70: =MIN(Z70,G$8) -> 0 | AB70: =MAX(0,MIN(Z70-AA70,$C70-(P70+T70+X70))) -> 0 | AC70: =ROUND(Z70-AA70-AB70,2) -> 0 | AD70: =AG69*(1+H$7) -> 0 | AE70: =MIN(AD70,H$8) -> 0 | AF70: =MAX(0,MIN(AD70-AE70,$C70-(P70+T70+X70+AB70))) -> 0 | AG70: =ROUND(AD70-AE70-AF70,2) -> 0 | AH70: =AK69*(1+I$7) -> 0 | AI70: =MIN(AH70,I$8) -> 0 | AJ70: =MAX(0,MIN(AH70-AI70,$C70-(P70+T70+X70+AB70+AF70))) -> 0 | AK70: =ROUND(AH70-AI70-AJ70,2) -> 0 | AL70: =AO69*(1+J$7) -> 0 | AM70: =MIN(AL70,J$8) -> 0 | AN70: =MAX(0,MIN(AL70-AM70,$C70-(P70+T70+X70+AB70+AF70+AJ70))) -> 0 | AO70: =ROUND(AL70-AM70-AN70,2) -> 0 | AP70: =AS69*(1+K$7) -> 0 | AQ70: =MIN(AP70,K$8) -> 0 | AR70: =MAX(0,MIN(AP70-AQ70,$C70-(P70+T70+X70+AB70+AF70+AJ70+AN70))) -> 0 | AS70: =ROUND(AP70-AQ70-AR70,2) -> 0 | AT70: =AW69*(1+L$7) -> 0 | AU70: =MIN(AT70,L$8) -> 0 | AV70: =MAX(0,MIN(AT70-AU70,$C70-(P70+T70+X70+AB70+AF70+AJ70+AN70+AR70))) -> 0 | AW70: =ROUND(AT70-AU70-AV70,2) -> 0 | AX70: =BA69*(1+M$7) -> 0 | AY70: =MIN(AX70,M$8) -> 0 | AZ70: =MAX(0,MIN(AX70-AY70,$C70-(P70+T70+X70+AB70+AF70+AJ70+AN70+AR70+AV70))) -> 0 | BA70: =ROUND(AX70-AY70-AZ70,2) -> 0
A71: 61 | B71: =EDATE(Borçlar!$K$7,60) -> 48122 | C71: =MAX(0,Borçlar!$K$8-(O71+S71+W71+AA71+AE71+AI71+AM71+AQ71+AU71+AY71)) -> 19000 | D71: =O71+P71+S71+T71+W71+X71+AA71+AB71+AE71+AF71+AI71+AJ71+AM71+AN71+AQ71+AR71+AU71+AV71+AY71+AZ71 -> 0 | E71: =(N71+R71+V71+Z71+AD71+AH71+AL71+AP71+AT71+AX71)-(F70) -> 0 | F71: =Q71+U71+Y71+AC71+AG71+AK71+AO71+AS71+AW71+BA71 -> 0 | N71: =Q70*(1+D$7) -> 0 | O71: =MIN(N71,D$8) -> 0 | P71: =MAX(0,MIN(N71-O71,$C71-(0))) -> 0 | Q71: =ROUND(N71-O71-P71,2) -> 0 | R71: =U70*(1+E$7) -> 0 | S71: =MIN(R71,E$8) -> 0 | T71: =MAX(0,MIN(R71-S71,$C71-(P71))) -> 0 | U71: =ROUND(R71-S71-T71,2) -> 0 | V71: =Y70*(1+F$7) -> 0 | W71: =MIN(V71,F$8) -> 0 | X71: =MAX(0,MIN(V71-W71,$C71-(P71+T71))) -> 0 | Y71: =ROUND(V71-W71-X71,2) -> 0 | Z71: =AC70*(1+G$7) -> 0 | AA71: =MIN(Z71,G$8) -> 0 | AB71: =MAX(0,MIN(Z71-AA71,$C71-(P71+T71+X71))) -> 0 | AC71: =ROUND(Z71-AA71-AB71,2) -> 0 | AD71: =AG70*(1+H$7) -> 0 | AE71: =MIN(AD71,H$8) -> 0 | AF71: =MAX(0,MIN(AD71-AE71,$C71-(P71+T71+X71+AB71))) -> 0 | AG71: =ROUND(AD71-AE71-AF71,2) -> 0 | AH71: =AK70*(1+I$7) -> 0 | AI71: =MIN(AH71,I$8) -> 0 | AJ71: =MAX(0,MIN(AH71-AI71,$C71-(P71+T71+X71+AB71+AF71))) -> 0 | AK71: =ROUND(AH71-AI71-AJ71,2) -> 0 | AL71: =AO70*(1+J$7) -> 0 | AM71: =MIN(AL71,J$8) -> 0 | AN71: =MAX(0,MIN(AL71-AM71,$C71-(P71+T71+X71+AB71+AF71+AJ71))) -> 0 | AO71: =ROUND(AL71-AM71-AN71,2) -> 0 | AP71: =AS70*(1+K$7) -> 0 | AQ71: =MIN(AP71,K$8) -> 0 | AR71: =MAX(0,MIN(AP71-AQ71,$C71-(P71+T71+X71+AB71+AF71+AJ71+AN71))) -> 0 | AS71: =ROUND(AP71-AQ71-AR71,2) -> 0 | AT71: =AW70*(1+L$7) -> 0 | AU71: =MIN(AT71,L$8) -> 0 | AV71: =MAX(0,MIN(AT71-AU71,$C71-(P71+T71+X71+AB71+AF71+AJ71+AN71+AR71))) -> 0 | AW71: =ROUND(AT71-AU71-AV71,2) -> 0 | AX71: =BA70*(1+M$7) -> 0 | AY71: =MIN(AX71,M$8) -> 0 | AZ71: =MAX(0,MIN(AX71-AY71,$C71-(P71+T71+X71+AB71+AF71+AJ71+AN71+AR71+AV71))) -> 0 | BA71: =ROUND(AX71-AY71-AZ71,2) -> 0
A72: 62 | B72: =EDATE(Borçlar!$K$7,61) -> 48153 | C72: =MAX(0,Borçlar!$K$8-(O72+S72+W72+AA72+AE72+AI72+AM72+AQ72+AU72+AY72)) -> 19000 | D72: =O72+P72+S72+T72+W72+X72+AA72+AB72+AE72+AF72+AI72+AJ72+AM72+AN72+AQ72+AR72+AU72+AV72+AY72+AZ72 -> 0 | E72: =(N72+R72+V72+Z72+AD72+AH72+AL72+AP72+AT72+AX72)-(F71) -> 0 | F72: =Q72+U72+Y72+AC72+AG72+AK72+AO72+AS72+AW72+BA72 -> 0 | N72: =Q71*(1+D$7) -> 0 | O72: =MIN(N72,D$8) -> 0 | P72: =MAX(0,MIN(N72-O72,$C72-(0))) -> 0 | Q72: =ROUND(N72-O72-P72,2) -> 0 | R72: =U71*(1+E$7) -> 0 | S72: =MIN(R72,E$8) -> 0 | T72: =MAX(0,MIN(R72-S72,$C72-(P72))) -> 0 | U72: =ROUND(R72-S72-T72,2) -> 0 | V72: =Y71*(1+F$7) -> 0 | W72: =MIN(V72,F$8) -> 0 | X72: =MAX(0,MIN(V72-W72,$C72-(P72+T72))) -> 0 | Y72: =ROUND(V72-W72-X72,2) -> 0 | Z72: =AC71*(1+G$7) -> 0 | AA72: =MIN(Z72,G$8) -> 0 | AB72: =MAX(0,MIN(Z72-AA72,$C72-(P72+T72+X72))) -> 0 | AC72: =ROUND(Z72-AA72-AB72,2) -> 0 | AD72: =AG71*(1+H$7) -> 0 | AE72: =MIN(AD72,H$8) -> 0 | AF72: =MAX(0,MIN(AD72-AE72,$C72-(P72+T72+X72+AB72))) -> 0 | AG72: =ROUND(AD72-AE72-AF72,2) -> 0 | AH72: =AK71*(1+I$7) -> 0 | AI72: =MIN(AH72,I$8) -> 0 | AJ72: =MAX(0,MIN(AH72-AI72,$C72-(P72+T72+X72+AB72+AF72))) -> 0 | AK72: =ROUND(AH72-AI72-AJ72,2) -> 0 | AL72: =AO71*(1+J$7) -> 0 | AM72: =MIN(AL72,J$8) -> 0 | AN72: =MAX(0,MIN(AL72-AM72,$C72-(P72+T72+X72+AB72+AF72+AJ72))) -> 0 | AO72: =ROUND(AL72-AM72-AN72,2) -> 0 | AP72: =AS71*(1+K$7) -> 0 | AQ72: =MIN(AP72,K$8) -> 0 | AR72: =MAX(0,MIN(AP72-AQ72,$C72-(P72+T72+X72+AB72+AF72+AJ72+AN72))) -> 0 | AS72: =ROUND(AP72-AQ72-AR72,2) -> 0 | AT72: =AW71*(1+L$7) -> 0 | AU72: =MIN(AT72,L$8) -> 0 | AV72: =MAX(0,MIN(AT72-AU72,$C72-(P72+T72+X72+AB72+AF72+AJ72+AN72+AR72))) -> 0 | AW72: =ROUND(AT72-AU72-AV72,2) -> 0 | AX72: =BA71*(1+M$7) -> 0 | AY72: =MIN(AX72,M$8) -> 0 | AZ72: =MAX(0,MIN(AX72-AY72,$C72-(P72+T72+X72+AB72+AF72+AJ72+AN72+AR72+AV72))) -> 0 | BA72: =ROUND(AX72-AY72-AZ72,2) -> 0
A73: 63 | B73: =EDATE(Borçlar!$K$7,62) -> 48183 | C73: =MAX(0,Borçlar!$K$8-(O73+S73+W73+AA73+AE73+AI73+AM73+AQ73+AU73+AY73)) -> 19000 | D73: =O73+P73+S73+T73+W73+X73+AA73+AB73+AE73+AF73+AI73+AJ73+AM73+AN73+AQ73+AR73+AU73+AV73+AY73+AZ73 -> 0 | E73: =(N73+R73+V73+Z73+AD73+AH73+AL73+AP73+AT73+AX73)-(F72) -> 0 | F73: =Q73+U73+Y73+AC73+AG73+AK73+AO73+AS73+AW73+BA73 -> 0 | N73: =Q72*(1+D$7) -> 0 | O73: =MIN(N73,D$8) -> 0 | P73: =MAX(0,MIN(N73-O73,$C73-(0))) -> 0 | Q73: =ROUND(N73-O73-P73,2) -> 0 | R73: =U72*(1+E$7) -> 0 | S73: =MIN(R73,E$8) -> 0 | T73: =MAX(0,MIN(R73-S73,$C73-(P73))) -> 0 | U73: =ROUND(R73-S73-T73,2) -> 0 | V73: =Y72*(1+F$7) -> 0 | W73: =MIN(V73,F$8) -> 0 | X73: =MAX(0,MIN(V73-W73,$C73-(P73+T73))) -> 0 | Y73: =ROUND(V73-W73-X73,2) -> 0 | Z73: =AC72*(1+G$7) -> 0 | AA73: =MIN(Z73,G$8) -> 0 | AB73: =MAX(0,MIN(Z73-AA73,$C73-(P73+T73+X73))) -> 0 | AC73: =ROUND(Z73-AA73-AB73,2) -> 0 | AD73: =AG72*(1+H$7) -> 0 | AE73: =MIN(AD73,H$8) -> 0 | AF73: =MAX(0,MIN(AD73-AE73,$C73-(P73+T73+X73+AB73))) -> 0 | AG73: =ROUND(AD73-AE73-AF73,2) -> 0 | AH73: =AK72*(1+I$7) -> 0 | AI73: =MIN(AH73,I$8) -> 0 | AJ73: =MAX(0,MIN(AH73-AI73,$C73-(P73+T73+X73+AB73+AF73))) -> 0 | AK73: =ROUND(AH73-AI73-AJ73,2) -> 0 | AL73: =AO72*(1+J$7) -> 0 | AM73: =MIN(AL73,J$8) -> 0 | AN73: =MAX(0,MIN(AL73-AM73,$C73-(P73+T73+X73+AB73+AF73+AJ73))) -> 0 | AO73: =ROUND(AL73-AM73-AN73,2) -> 0 | AP73: =AS72*(1+K$7) -> 0 | AQ73: =MIN(AP73,K$8) -> 0 | AR73: =MAX(0,MIN(AP73-AQ73,$C73-(P73+T73+X73+AB73+AF73+AJ73+AN73))) -> 0 | AS73: =ROUND(AP73-AQ73-AR73,2) -> 0 | AT73: =AW72*(1+L$7) -> 0 | AU73: =MIN(AT73,L$8) -> 0 | AV73: =MAX(0,MIN(AT73-AU73,$C73-(P73+T73+X73+AB73+AF73+AJ73+AN73+AR73))) -> 0 | AW73: =ROUND(AT73-AU73-AV73,2) -> 0 | AX73: =BA72*(1+M$7) -> 0 | AY73: =MIN(AX73,M$8) -> 0 | AZ73: =MAX(0,MIN(AX73-AY73,$C73-(P73+T73+X73+AB73+AF73+AJ73+AN73+AR73+AV73))) -> 0 | BA73: =ROUND(AX73-AY73-AZ73,2) -> 0
A74: 64 | B74: =EDATE(Borçlar!$K$7,63) -> 48214 | C74: =MAX(0,Borçlar!$K$8-(O74+S74+W74+AA74+AE74+AI74+AM74+AQ74+AU74+AY74)) -> 19000 | D74: =O74+P74+S74+T74+W74+X74+AA74+AB74+AE74+AF74+AI74+AJ74+AM74+AN74+AQ74+AR74+AU74+AV74+AY74+AZ74 -> 0 | E74: =(N74+R74+V74+Z74+AD74+AH74+AL74+AP74+AT74+AX74)-(F73) -> 0 | F74: =Q74+U74+Y74+AC74+AG74+AK74+AO74+AS74+AW74+BA74 -> 0 | N74: =Q73*(1+D$7) -> 0 | O74: =MIN(N74,D$8) -> 0 | P74: =MAX(0,MIN(N74-O74,$C74-(0))) -> 0 | Q74: =ROUND(N74-O74-P74,2) -> 0 | R74: =U73*(1+E$7) -> 0 | S74: =MIN(R74,E$8) -> 0 | T74: =MAX(0,MIN(R74-S74,$C74-(P74))) -> 0 | U74: =ROUND(R74-S74-T74,2) -> 0 | V74: =Y73*(1+F$7) -> 0 | W74: =MIN(V74,F$8) -> 0 | X74: =MAX(0,MIN(V74-W74,$C74-(P74+T74))) -> 0 | Y74: =ROUND(V74-W74-X74,2) -> 0 | Z74: =AC73*(1+G$7) -> 0 | AA74: =MIN(Z74,G$8) -> 0 | AB74: =MAX(0,MIN(Z74-AA74,$C74-(P74+T74+X74))) -> 0 | AC74: =ROUND(Z74-AA74-AB74,2) -> 0 | AD74: =AG73*(1+H$7) -> 0 | AE74: =MIN(AD74,H$8) -> 0 | AF74: =MAX(0,MIN(AD74-AE74,$C74-(P74+T74+X74+AB74))) -> 0 | AG74: =ROUND(AD74-AE74-AF74,2) -> 0 | AH74: =AK73*(1+I$7) -> 0 | AI74: =MIN(AH74,I$8) -> 0 | AJ74: =MAX(0,MIN(AH74-AI74,$C74-(P74+T74+X74+AB74+AF74))) -> 0 | AK74: =ROUND(AH74-AI74-AJ74,2) -> 0 | AL74: =AO73*(1+J$7) -> 0 | AM74: =MIN(AL74,J$8) -> 0 | AN74: =MAX(0,MIN(AL74-AM74,$C74-(P74+T74+X74+AB74+AF74+AJ74))) -> 0 | AO74: =ROUND(AL74-AM74-AN74,2) -> 0 | AP74: =AS73*(1+K$7) -> 0 | AQ74: =MIN(AP74,K$8) -> 0 | AR74: =MAX(0,MIN(AP74-AQ74,$C74-(P74+T74+X74+AB74+AF74+AJ74+AN74))) -> 0 | AS74: =ROUND(AP74-AQ74-AR74,2) -> 0 | AT74: =AW73*(1+L$7) -> 0 | AU74: =MIN(AT74,L$8) -> 0 | AV74: =MAX(0,MIN(AT74-AU74,$C74-(P74+T74+X74+AB74+AF74+AJ74+AN74+AR74))) -> 0 | AW74: =ROUND(AT74-AU74-AV74,2) -> 0 | AX74: =BA73*(1+M$7) -> 0 | AY74: =MIN(AX74,M$8) -> 0 | AZ74: =MAX(0,MIN(AX74-AY74,$C74-(P74+T74+X74+AB74+AF74+AJ74+AN74+AR74+AV74))) -> 0 | BA74: =ROUND(AX74-AY74-AZ74,2) -> 0
A75: 65 | B75: =EDATE(Borçlar!$K$7,64) -> 48245 | C75: =MAX(0,Borçlar!$K$8-(O75+S75+W75+AA75+AE75+AI75+AM75+AQ75+AU75+AY75)) -> 19000 | D75: =O75+P75+S75+T75+W75+X75+AA75+AB75+AE75+AF75+AI75+AJ75+AM75+AN75+AQ75+AR75+AU75+AV75+AY75+AZ75 -> 0 | E75: =(N75+R75+V75+Z75+AD75+AH75+AL75+AP75+AT75+AX75)-(F74) -> 0 | F75: =Q75+U75+Y75+AC75+AG75+AK75+AO75+AS75+AW75+BA75 -> 0 | N75: =Q74*(1+D$7) -> 0 | O75: =MIN(N75,D$8) -> 0 | P75: =MAX(0,MIN(N75-O75,$C75-(0))) -> 0 | Q75: =ROUND(N75-O75-P75,2) -> 0 | R75: =U74*(1+E$7) -> 0 | S75: =MIN(R75,E$8) -> 0 | T75: =MAX(0,MIN(R75-S75,$C75-(P75))) -> 0 | U75: =ROUND(R75-S75-T75,2) -> 0 | V75: =Y74*(1+F$7) -> 0 | W75: =MIN(V75,F$8) -> 0 | X75: =MAX(0,MIN(V75-W75,$C75-(P75+T75))) -> 0 | Y75: =ROUND(V75-W75-X75,2) -> 0 | Z75: =AC74*(1+G$7) -> 0 | AA75: =MIN(Z75,G$8) -> 0 | AB75: =MAX(0,MIN(Z75-AA75,$C75-(P75+T75+X75))) -> 0 | AC75: =ROUND(Z75-AA75-AB75,2) -> 0 | AD75: =AG74*(1+H$7) -> 0 | AE75: =MIN(AD75,H$8) -> 0 | AF75: =MAX(0,MIN(AD75-AE75,$C75-(P75+T75+X75+AB75))) -> 0 | AG75: =ROUND(AD75-AE75-AF75,2) -> 0 | AH75: =AK74*(1+I$7) -> 0 | AI75: =MIN(AH75,I$8) -> 0 | AJ75: =MAX(0,MIN(AH75-AI75,$C75-(P75+T75+X75+AB75+AF75))) -> 0 | AK75: =ROUND(AH75-AI75-AJ75,2) -> 0 | AL75: =AO74*(1+J$7) -> 0 | AM75: =MIN(AL75,J$8) -> 0 | AN75: =MAX(0,MIN(AL75-AM75,$C75-(P75+T75+X75+AB75+AF75+AJ75))) -> 0 | AO75: =ROUND(AL75-AM75-AN75,2) -> 0 | AP75: =AS74*(1+K$7) -> 0 | AQ75: =MIN(AP75,K$8) -> 0 | AR75: =MAX(0,MIN(AP75-AQ75,$C75-(P75+T75+X75+AB75+AF75+AJ75+AN75))) -> 0 | AS75: =ROUND(AP75-AQ75-AR75,2) -> 0 | AT75: =AW74*(1+L$7) -> 0 | AU75: =MIN(AT75,L$8) -> 0 | AV75: =MAX(0,MIN(AT75-AU75,$C75-(P75+T75+X75+AB75+AF75+AJ75+AN75+AR75))) -> 0 | AW75: =ROUND(AT75-AU75-AV75,2) -> 0 | AX75: =BA74*(1+M$7) -> 0 | AY75: =MIN(AX75,M$8) -> 0 | AZ75: =MAX(0,MIN(AX75-AY75,$C75-(P75+T75+X75+AB75+AF75+AJ75+AN75+AR75+AV75))) -> 0 | BA75: =ROUND(AX75-AY75-AZ75,2) -> 0
A76: 66 | B76: =EDATE(Borçlar!$K$7,65) -> 48274 | C76: =MAX(0,Borçlar!$K$8-(O76+S76+W76+AA76+AE76+AI76+AM76+AQ76+AU76+AY76)) -> 19000 | D76: =O76+P76+S76+T76+W76+X76+AA76+AB76+AE76+AF76+AI76+AJ76+AM76+AN76+AQ76+AR76+AU76+AV76+AY76+AZ76 -> 0 | E76: =(N76+R76+V76+Z76+AD76+AH76+AL76+AP76+AT76+AX76)-(F75) -> 0 | F76: =Q76+U76+Y76+AC76+AG76+AK76+AO76+AS76+AW76+BA76 -> 0 | N76: =Q75*(1+D$7) -> 0 | O76: =MIN(N76,D$8) -> 0 | P76: =MAX(0,MIN(N76-O76,$C76-(0))) -> 0 | Q76: =ROUND(N76-O76-P76,2) -> 0 | R76: =U75*(1+E$7) -> 0 | S76: =MIN(R76,E$8) -> 0 | T76: =MAX(0,MIN(R76-S76,$C76-(P76))) -> 0 | U76: =ROUND(R76-S76-T76,2) -> 0 | V76: =Y75*(1+F$7) -> 0 | W76: =MIN(V76,F$8) -> 0 | X76: =MAX(0,MIN(V76-W76,$C76-(P76+T76))) -> 0 | Y76: =ROUND(V76-W76-X76,2) -> 0 | Z76: =AC75*(1+G$7) -> 0 | AA76: =MIN(Z76,G$8) -> 0 | AB76: =MAX(0,MIN(Z76-AA76,$C76-(P76+T76+X76))) -> 0 | AC76: =ROUND(Z76-AA76-AB76,2) -> 0 | AD76: =AG75*(1+H$7) -> 0 | AE76: =MIN(AD76,H$8) -> 0 | AF76: =MAX(0,MIN(AD76-AE76,$C76-(P76+T76+X76+AB76))) -> 0 | AG76: =ROUND(AD76-AE76-AF76,2) -> 0 | AH76: =AK75*(1+I$7) -> 0 | AI76: =MIN(AH76,I$8) -> 0 | AJ76: =MAX(0,MIN(AH76-AI76,$C76-(P76+T76+X76+AB76+AF76))) -> 0 | AK76: =ROUND(AH76-AI76-AJ76,2) -> 0 | AL76: =AO75*(1+J$7) -> 0 | AM76: =MIN(AL76,J$8) -> 0 | AN76: =MAX(0,MIN(AL76-AM76,$C76-(P76+T76+X76+AB76+AF76+AJ76))) -> 0 | AO76: =ROUND(AL76-AM76-AN76,2) -> 0 | AP76: =AS75*(1+K$7) -> 0 | AQ76: =MIN(AP76,K$8) -> 0 | AR76: =MAX(0,MIN(AP76-AQ76,$C76-(P76+T76+X76+AB76+AF76+AJ76+AN76))) -> 0 | AS76: =ROUND(AP76-AQ76-AR76,2) -> 0 | AT76: =AW75*(1+L$7) -> 0 | AU76: =MIN(AT76,L$8) -> 0 | AV76: =MAX(0,MIN(AT76-AU76,$C76-(P76+T76+X76+AB76+AF76+AJ76+AN76+AR76))) -> 0 | AW76: =ROUND(AT76-AU76-AV76,2) -> 0 | AX76: =BA75*(1+M$7) -> 0 | AY76: =MIN(AX76,M$8) -> 0 | AZ76: =MAX(0,MIN(AX76-AY76,$C76-(P76+T76+X76+AB76+AF76+AJ76+AN76+AR76+AV76))) -> 0 | BA76: =ROUND(AX76-AY76-AZ76,2) -> 0
A77: 67 | B77: =EDATE(Borçlar!$K$7,66) -> 48305 | C77: =MAX(0,Borçlar!$K$8-(O77+S77+W77+AA77+AE77+AI77+AM77+AQ77+AU77+AY77)) -> 19000 | D77: =O77+P77+S77+T77+W77+X77+AA77+AB77+AE77+AF77+AI77+AJ77+AM77+AN77+AQ77+AR77+AU77+AV77+AY77+AZ77 -> 0 | E77: =(N77+R77+V77+Z77+AD77+AH77+AL77+AP77+AT77+AX77)-(F76) -> 0 | F77: =Q77+U77+Y77+AC77+AG77+AK77+AO77+AS77+AW77+BA77 -> 0 | N77: =Q76*(1+D$7) -> 0 | O77: =MIN(N77,D$8) -> 0 | P77: =MAX(0,MIN(N77-O77,$C77-(0))) -> 0 | Q77: =ROUND(N77-O77-P77,2) -> 0 | R77: =U76*(1+E$7) -> 0 | S77: =MIN(R77,E$8) -> 0 | T77: =MAX(0,MIN(R77-S77,$C77-(P77))) -> 0 | U77: =ROUND(R77-S77-T77,2) -> 0 | V77: =Y76*(1+F$7) -> 0 | W77: =MIN(V77,F$8) -> 0 | X77: =MAX(0,MIN(V77-W77,$C77-(P77+T77))) -> 0 | Y77: =ROUND(V77-W77-X77,2) -> 0 | Z77: =AC76*(1+G$7) -> 0 | AA77: =MIN(Z77,G$8) -> 0 | AB77: =MAX(0,MIN(Z77-AA77,$C77-(P77+T77+X77))) -> 0 | AC77: =ROUND(Z77-AA77-AB77,2) -> 0 | AD77: =AG76*(1+H$7) -> 0 | AE77: =MIN(AD77,H$8) -> 0 | AF77: =MAX(0,MIN(AD77-AE77,$C77-(P77+T77+X77+AB77))) -> 0 | AG77: =ROUND(AD77-AE77-AF77,2) -> 0 | AH77: =AK76*(1+I$7) -> 0 | AI77: =MIN(AH77,I$8) -> 0 | AJ77: =MAX(0,MIN(AH77-AI77,$C77-(P77+T77+X77+AB77+AF77))) -> 0 | AK77: =ROUND(AH77-AI77-AJ77,2) -> 0 | AL77: =AO76*(1+J$7) -> 0 | AM77: =MIN(AL77,J$8) -> 0 | AN77: =MAX(0,MIN(AL77-AM77,$C77-(P77+T77+X77+AB77+AF77+AJ77))) -> 0 | AO77: =ROUND(AL77-AM77-AN77,2) -> 0 | AP77: =AS76*(1+K$7) -> 0 | AQ77: =MIN(AP77,K$8) -> 0 | AR77: =MAX(0,MIN(AP77-AQ77,$C77-(P77+T77+X77+AB77+AF77+AJ77+AN77))) -> 0 | AS77: =ROUND(AP77-AQ77-AR77,2) -> 0 | AT77: =AW76*(1+L$7) -> 0 | AU77: =MIN(AT77,L$8) -> 0 | AV77: =MAX(0,MIN(AT77-AU77,$C77-(P77+T77+X77+AB77+AF77+AJ77+AN77+AR77))) -> 0 | AW77: =ROUND(AT77-AU77-AV77,2) -> 0 | AX77: =BA76*(1+M$7) -> 0 | AY77: =MIN(AX77,M$8) -> 0 | AZ77: =MAX(0,MIN(AX77-AY77,$C77-(P77+T77+X77+AB77+AF77+AJ77+AN77+AR77+AV77))) -> 0 | BA77: =ROUND(AX77-AY77-AZ77,2) -> 0
A78: 68 | B78: =EDATE(Borçlar!$K$7,67) -> 48335 | C78: =MAX(0,Borçlar!$K$8-(O78+S78+W78+AA78+AE78+AI78+AM78+AQ78+AU78+AY78)) -> 19000 | D78: =O78+P78+S78+T78+W78+X78+AA78+AB78+AE78+AF78+AI78+AJ78+AM78+AN78+AQ78+AR78+AU78+AV78+AY78+AZ78 -> 0 | E78: =(N78+R78+V78+Z78+AD78+AH78+AL78+AP78+AT78+AX78)-(F77) -> 0 | F78: =Q78+U78+Y78+AC78+AG78+AK78+AO78+AS78+AW78+BA78 -> 0 | N78: =Q77*(1+D$7) -> 0 | O78: =MIN(N78,D$8) -> 0 | P78: =MAX(0,MIN(N78-O78,$C78-(0))) -> 0 | Q78: =ROUND(N78-O78-P78,2) -> 0 | R78: =U77*(1+E$7) -> 0 | S78: =MIN(R78,E$8) -> 0 | T78: =MAX(0,MIN(R78-S78,$C78-(P78))) -> 0 | U78: =ROUND(R78-S78-T78,2) -> 0 | V78: =Y77*(1+F$7) -> 0 | W78: =MIN(V78,F$8) -> 0 | X78: =MAX(0,MIN(V78-W78,$C78-(P78+T78))) -> 0 | Y78: =ROUND(V78-W78-X78,2) -> 0 | Z78: =AC77*(1+G$7) -> 0 | AA78: =MIN(Z78,G$8) -> 0 | AB78: =MAX(0,MIN(Z78-AA78,$C78-(P78+T78+X78))) -> 0 | AC78: =ROUND(Z78-AA78-AB78,2) -> 0 | AD78: =AG77*(1+H$7) -> 0 | AE78: =MIN(AD78,H$8) -> 0 | AF78: =MAX(0,MIN(AD78-AE78,$C78-(P78+T78+X78+AB78))) -> 0 | AG78: =ROUND(AD78-AE78-AF78,2) -> 0 | AH78: =AK77*(1+I$7) -> 0 | AI78: =MIN(AH78,I$8) -> 0 | AJ78: =MAX(0,MIN(AH78-AI78,$C78-(P78+T78+X78+AB78+AF78))) -> 0 | AK78: =ROUND(AH78-AI78-AJ78,2) -> 0 | AL78: =AO77*(1+J$7) -> 0 | AM78: =MIN(AL78,J$8) -> 0 | AN78: =MAX(0,MIN(AL78-AM78,$C78-(P78+T78+X78+AB78+AF78+AJ78))) -> 0 | AO78: =ROUND(AL78-AM78-AN78,2) -> 0 | AP78: =AS77*(1+K$7) -> 0 | AQ78: =MIN(AP78,K$8) -> 0 | AR78: =MAX(0,MIN(AP78-AQ78,$C78-(P78+T78+X78+AB78+AF78+AJ78+AN78))) -> 0 | AS78: =ROUND(AP78-AQ78-AR78,2) -> 0 | AT78: =AW77*(1+L$7) -> 0 | AU78: =MIN(AT78,L$8) -> 0 | AV78: =MAX(0,MIN(AT78-AU78,$C78-(P78+T78+X78+AB78+AF78+AJ78+AN78+AR78))) -> 0 | AW78: =ROUND(AT78-AU78-AV78,2) -> 0 | AX78: =BA77*(1+M$7) -> 0 | AY78: =MIN(AX78,M$8) -> 0 | AZ78: =MAX(0,MIN(AX78-AY78,$C78-(P78+T78+X78+AB78+AF78+AJ78+AN78+AR78+AV78))) -> 0 | BA78: =ROUND(AX78-AY78-AZ78,2) -> 0
A79: 69 | B79: =EDATE(Borçlar!$K$7,68) -> 48366 | C79: =MAX(0,Borçlar!$K$8-(O79+S79+W79+AA79+AE79+AI79+AM79+AQ79+AU79+AY79)) -> 19000 | D79: =O79+P79+S79+T79+W79+X79+AA79+AB79+AE79+AF79+AI79+AJ79+AM79+AN79+AQ79+AR79+AU79+AV79+AY79+AZ79 -> 0 | E79: =(N79+R79+V79+Z79+AD79+AH79+AL79+AP79+AT79+AX79)-(F78) -> 0 | F79: =Q79+U79+Y79+AC79+AG79+AK79+AO79+AS79+AW79+BA79 -> 0 | N79: =Q78*(1+D$7) -> 0 | O79: =MIN(N79,D$8) -> 0 | P79: =MAX(0,MIN(N79-O79,$C79-(0))) -> 0 | Q79: =ROUND(N79-O79-P79,2) -> 0 | R79: =U78*(1+E$7) -> 0 | S79: =MIN(R79,E$8) -> 0 | T79: =MAX(0,MIN(R79-S79,$C79-(P79))) -> 0 | U79: =ROUND(R79-S79-T79,2) -> 0 | V79: =Y78*(1+F$7) -> 0 | W79: =MIN(V79,F$8) -> 0 | X79: =MAX(0,MIN(V79-W79,$C79-(P79+T79))) -> 0 | Y79: =ROUND(V79-W79-X79,2) -> 0 | Z79: =AC78*(1+G$7) -> 0 | AA79: =MIN(Z79,G$8) -> 0 | AB79: =MAX(0,MIN(Z79-AA79,$C79-(P79+T79+X79))) -> 0 | AC79: =ROUND(Z79-AA79-AB79,2) -> 0 | AD79: =AG78*(1+H$7) -> 0 | AE79: =MIN(AD79,H$8) -> 0 | AF79: =MAX(0,MIN(AD79-AE79,$C79-(P79+T79+X79+AB79))) -> 0 | AG79: =ROUND(AD79-AE79-AF79,2) -> 0 | AH79: =AK78*(1+I$7) -> 0 | AI79: =MIN(AH79,I$8) -> 0 | AJ79: =MAX(0,MIN(AH79-AI79,$C79-(P79+T79+X79+AB79+AF79))) -> 0 | AK79: =ROUND(AH79-AI79-AJ79,2) -> 0 | AL79: =AO78*(1+J$7) -> 0 | AM79: =MIN(AL79,J$8) -> 0 | AN79: =MAX(0,MIN(AL79-AM79,$C79-(P79+T79+X79+AB79+AF79+AJ79))) -> 0 | AO79: =ROUND(AL79-AM79-AN79,2) -> 0 | AP79: =AS78*(1+K$7) -> 0 | AQ79: =MIN(AP79,K$8) -> 0 | AR79: =MAX(0,MIN(AP79-AQ79,$C79-(P79+T79+X79+AB79+AF79+AJ79+AN79))) -> 0 | AS79: =ROUND(AP79-AQ79-AR79,2) -> 0 | AT79: =AW78*(1+L$7) -> 0 | AU79: =MIN(AT79,L$8) -> 0 | AV79: =MAX(0,MIN(AT79-AU79,$C79-(P79+T79+X79+AB79+AF79+AJ79+AN79+AR79))) -> 0 | AW79: =ROUND(AT79-AU79-AV79,2) -> 0 | AX79: =BA78*(1+M$7) -> 0 | AY79: =MIN(AX79,M$8) -> 0 | AZ79: =MAX(0,MIN(AX79-AY79,$C79-(P79+T79+X79+AB79+AF79+AJ79+AN79+AR79+AV79))) -> 0 | BA79: =ROUND(AX79-AY79-AZ79,2) -> 0
A80: 70 | B80: =EDATE(Borçlar!$K$7,69) -> 48396 | C80: =MAX(0,Borçlar!$K$8-(O80+S80+W80+AA80+AE80+AI80+AM80+AQ80+AU80+AY80)) -> 19000 | D80: =O80+P80+S80+T80+W80+X80+AA80+AB80+AE80+AF80+AI80+AJ80+AM80+AN80+AQ80+AR80+AU80+AV80+AY80+AZ80 -> 0 | E80: =(N80+R80+V80+Z80+AD80+AH80+AL80+AP80+AT80+AX80)-(F79) -> 0 | F80: =Q80+U80+Y80+AC80+AG80+AK80+AO80+AS80+AW80+BA80 -> 0 | N80: =Q79*(1+D$7) -> 0 | O80: =MIN(N80,D$8) -> 0 | P80: =MAX(0,MIN(N80-O80,$C80-(0))) -> 0 | Q80: =ROUND(N80-O80-P80,2) -> 0 | R80: =U79*(1+E$7) -> 0 | S80: =MIN(R80,E$8) -> 0 | T80: =MAX(0,MIN(R80-S80,$C80-(P80))) -> 0 | U80: =ROUND(R80-S80-T80,2) -> 0 | V80: =Y79*(1+F$7) -> 0 | W80: =MIN(V80,F$8) -> 0 | X80: =MAX(0,MIN(V80-W80,$C80-(P80+T80))) -> 0 | Y80: =ROUND(V80-W80-X80,2) -> 0 | Z80: =AC79*(1+G$7) -> 0 | AA80: =MIN(Z80,G$8) -> 0 | AB80: =MAX(0,MIN(Z80-AA80,$C80-(P80+T80+X80))) -> 0 | AC80: =ROUND(Z80-AA80-AB80,2) -> 0 | AD80: =AG79*(1+H$7) -> 0 | AE80: =MIN(AD80,H$8) -> 0 | AF80: =MAX(0,MIN(AD80-AE80,$C80-(P80+T80+X80+AB80))) -> 0 | AG80: =ROUND(AD80-AE80-AF80,2) -> 0 | AH80: =AK79*(1+I$7) -> 0 | AI80: =MIN(AH80,I$8) -> 0 | AJ80: =MAX(0,MIN(AH80-AI80,$C80-(P80+T80+X80+AB80+AF80))) -> 0 | AK80: =ROUND(AH80-AI80-AJ80,2) -> 0 | AL80: =AO79*(1+J$7) -> 0 | AM80: =MIN(AL80,J$8) -> 0 | AN80: =MAX(0,MIN(AL80-AM80,$C80-(P80+T80+X80+AB80+AF80+AJ80))) -> 0 | AO80: =ROUND(AL80-AM80-AN80,2) -> 0 | AP80: =AS79*(1+K$7) -> 0 | AQ80: =MIN(AP80,K$8) -> 0 | AR80: =MAX(0,MIN(AP80-AQ80,$C80-(P80+T80+X80+AB80+AF80+AJ80+AN80))) -> 0 | AS80: =ROUND(AP80-AQ80-AR80,2) -> 0 | AT80: =AW79*(1+L$7) -> 0 | AU80: =MIN(AT80,L$8) -> 0 | AV80: =MAX(0,MIN(AT80-AU80,$C80-(P80+T80+X80+AB80+AF80+AJ80+AN80+AR80))) -> 0 | AW80: =ROUND(AT80-AU80-AV80,2) -> 0 | AX80: =BA79*(1+M$7) -> 0 | AY80: =MIN(AX80,M$8) -> 0 | AZ80: =MAX(0,MIN(AX80-AY80,$C80-(P80+T80+X80+AB80+AF80+AJ80+AN80+AR80+AV80))) -> 0 | BA80: =ROUND(AX80-AY80-AZ80,2) -> 0
A81: 71 | B81: =EDATE(Borçlar!$K$7,70) -> 48427 | C81: =MAX(0,Borçlar!$K$8-(O81+S81+W81+AA81+AE81+AI81+AM81+AQ81+AU81+AY81)) -> 19000 | D81: =O81+P81+S81+T81+W81+X81+AA81+AB81+AE81+AF81+AI81+AJ81+AM81+AN81+AQ81+AR81+AU81+AV81+AY81+AZ81 -> 0 | E81: =(N81+R81+V81+Z81+AD81+AH81+AL81+AP81+AT81+AX81)-(F80) -> 0 | F81: =Q81+U81+Y81+AC81+AG81+AK81+AO81+AS81+AW81+BA81 -> 0 | N81: =Q80*(1+D$7) -> 0 | O81: =MIN(N81,D$8) -> 0 | P81: =MAX(0,MIN(N81-O81,$C81-(0))) -> 0 | Q81: =ROUND(N81-O81-P81,2) -> 0 | R81: =U80*(1+E$7) -> 0 | S81: =MIN(R81,E$8) -> 0 | T81: =MAX(0,MIN(R81-S81,$C81-(P81))) -> 0 | U81: =ROUND(R81-S81-T81,2) -> 0 | V81: =Y80*(1+F$7) -> 0 | W81: =MIN(V81,F$8) -> 0 | X81: =MAX(0,MIN(V81-W81,$C81-(P81+T81))) -> 0 | Y81: =ROUND(V81-W81-X81,2) -> 0 | Z81: =AC80*(1+G$7) -> 0 | AA81: =MIN(Z81,G$8) -> 0 | AB81: =MAX(0,MIN(Z81-AA81,$C81-(P81+T81+X81))) -> 0 | AC81: =ROUND(Z81-AA81-AB81,2) -> 0 | AD81: =AG80*(1+H$7) -> 0 | AE81: =MIN(AD81,H$8) -> 0 | AF81: =MAX(0,MIN(AD81-AE81,$C81-(P81+T81+X81+AB81))) -> 0 | AG81: =ROUND(AD81-AE81-AF81,2) -> 0 | AH81: =AK80*(1+I$7) -> 0 | AI81: =MIN(AH81,I$8) -> 0 | AJ81: =MAX(0,MIN(AH81-AI81,$C81-(P81+T81+X81+AB81+AF81))) -> 0 | AK81: =ROUND(AH81-AI81-AJ81,2) -> 0 | AL81: =AO80*(1+J$7) -> 0 | AM81: =MIN(AL81,J$8) -> 0 | AN81: =MAX(0,MIN(AL81-AM81,$C81-(P81+T81+X81+AB81+AF81+AJ81))) -> 0 | AO81: =ROUND(AL81-AM81-AN81,2) -> 0 | AP81: =AS80*(1+K$7) -> 0 | AQ81: =MIN(AP81,K$8) -> 0 | AR81: =MAX(0,MIN(AP81-AQ81,$C81-(P81+T81+X81+AB81+AF81+AJ81+AN81))) -> 0 | AS81: =ROUND(AP81-AQ81-AR81,2) -> 0 | AT81: =AW80*(1+L$7) -> 0 | AU81: =MIN(AT81,L$8) -> 0 | AV81: =MAX(0,MIN(AT81-AU81,$C81-(P81+T81+X81+AB81+AF81+AJ81+AN81+AR81))) -> 0 | AW81: =ROUND(AT81-AU81-AV81,2) -> 0 | AX81: =BA80*(1+M$7) -> 0 | AY81: =MIN(AX81,M$8) -> 0 | AZ81: =MAX(0,MIN(AX81-AY81,$C81-(P81+T81+X81+AB81+AF81+AJ81+AN81+AR81+AV81))) -> 0 | BA81: =ROUND(AX81-AY81-AZ81,2) -> 0
A82: 72 | B82: =EDATE(Borçlar!$K$7,71) -> 48458 | C82: =MAX(0,Borçlar!$K$8-(O82+S82+W82+AA82+AE82+AI82+AM82+AQ82+AU82+AY82)) -> 19000 | D82: =O82+P82+S82+T82+W82+X82+AA82+AB82+AE82+AF82+AI82+AJ82+AM82+AN82+AQ82+AR82+AU82+AV82+AY82+AZ82 -> 0 | E82: =(N82+R82+V82+Z82+AD82+AH82+AL82+AP82+AT82+AX82)-(F81) -> 0 | F82: =Q82+U82+Y82+AC82+AG82+AK82+AO82+AS82+AW82+BA82 -> 0 | N82: =Q81*(1+D$7) -> 0 | O82: =MIN(N82,D$8) -> 0 | P82: =MAX(0,MIN(N82-O82,$C82-(0))) -> 0 | Q82: =ROUND(N82-O82-P82,2) -> 0 | R82: =U81*(1+E$7) -> 0 | S82: =MIN(R82,E$8) -> 0 | T82: =MAX(0,MIN(R82-S82,$C82-(P82))) -> 0 | U82: =ROUND(R82-S82-T82,2) -> 0 | V82: =Y81*(1+F$7) -> 0 | W82: =MIN(V82,F$8) -> 0 | X82: =MAX(0,MIN(V82-W82,$C82-(P82+T82))) -> 0 | Y82: =ROUND(V82-W82-X82,2) -> 0 | Z82: =AC81*(1+G$7) -> 0 | AA82: =MIN(Z82,G$8) -> 0 | AB82: =MAX(0,MIN(Z82-AA82,$C82-(P82+T82+X82))) -> 0 | AC82: =ROUND(Z82-AA82-AB82,2) -> 0 | AD82: =AG81*(1+H$7) -> 0 | AE82: =MIN(AD82,H$8) -> 0 | AF82: =MAX(0,MIN(AD82-AE82,$C82-(P82+T82+X82+AB82))) -> 0 | AG82: =ROUND(AD82-AE82-AF82,2) -> 0 | AH82: =AK81*(1+I$7) -> 0 | AI82: =MIN(AH82,I$8) -> 0 | AJ82: =MAX(0,MIN(AH82-AI82,$C82-(P82+T82+X82+AB82+AF82))) -> 0 | AK82: =ROUND(AH82-AI82-AJ82,2) -> 0 | AL82: =AO81*(1+J$7) -> 0 | AM82: =MIN(AL82,J$8) -> 0 | AN82: =MAX(0,MIN(AL82-AM82,$C82-(P82+T82+X82+AB82+AF82+AJ82))) -> 0 | AO82: =ROUND(AL82-AM82-AN82,2) -> 0 | AP82: =AS81*(1+K$7) -> 0 | AQ82: =MIN(AP82,K$8) -> 0 | AR82: =MAX(0,MIN(AP82-AQ82,$C82-(P82+T82+X82+AB82+AF82+AJ82+AN82))) -> 0 | AS82: =ROUND(AP82-AQ82-AR82,2) -> 0 | AT82: =AW81*(1+L$7) -> 0 | AU82: =MIN(AT82,L$8) -> 0 | AV82: =MAX(0,MIN(AT82-AU82,$C82-(P82+T82+X82+AB82+AF82+AJ82+AN82+AR82))) -> 0 | AW82: =ROUND(AT82-AU82-AV82,2) -> 0 | AX82: =BA81*(1+M$7) -> 0 | AY82: =MIN(AX82,M$8) -> 0 | AZ82: =MAX(0,MIN(AX82-AY82,$C82-(P82+T82+X82+AB82+AF82+AJ82+AN82+AR82+AV82))) -> 0 | BA82: =ROUND(AX82-AY82-AZ82,2) -> 0
A83: 73 | B83: =EDATE(Borçlar!$K$7,72) -> 48488 | C83: =MAX(0,Borçlar!$K$8-(O83+S83+W83+AA83+AE83+AI83+AM83+AQ83+AU83+AY83)) -> 19000 | D83: =O83+P83+S83+T83+W83+X83+AA83+AB83+AE83+AF83+AI83+AJ83+AM83+AN83+AQ83+AR83+AU83+AV83+AY83+AZ83 -> 0 | E83: =(N83+R83+V83+Z83+AD83+AH83+AL83+AP83+AT83+AX83)-(F82) -> 0 | F83: =Q83+U83+Y83+AC83+AG83+AK83+AO83+AS83+AW83+BA83 -> 0 | N83: =Q82*(1+D$7) -> 0 | O83: =MIN(N83,D$8) -> 0 | P83: =MAX(0,MIN(N83-O83,$C83-(0))) -> 0 | Q83: =ROUND(N83-O83-P83,2) -> 0 | R83: =U82*(1+E$7) -> 0 | S83: =MIN(R83,E$8) -> 0 | T83: =MAX(0,MIN(R83-S83,$C83-(P83))) -> 0 | U83: =ROUND(R83-S83-T83,2) -> 0 | V83: =Y82*(1+F$7) -> 0 | W83: =MIN(V83,F$8) -> 0 | X83: =MAX(0,MIN(V83-W83,$C83-(P83+T83))) -> 0 | Y83: =ROUND(V83-W83-X83,2) -> 0 | Z83: =AC82*(1+G$7) -> 0 | AA83: =MIN(Z83,G$8) -> 0 | AB83: =MAX(0,MIN(Z83-AA83,$C83-(P83+T83+X83))) -> 0 | AC83: =ROUND(Z83-AA83-AB83,2) -> 0 | AD83: =AG82*(1+H$7) -> 0 | AE83: =MIN(AD83,H$8) -> 0 | AF83: =MAX(0,MIN(AD83-AE83,$C83-(P83+T83+X83+AB83))) -> 0 | AG83: =ROUND(AD83-AE83-AF83,2) -> 0 | AH83: =AK82*(1+I$7) -> 0 | AI83: =MIN(AH83,I$8) -> 0 | AJ83: =MAX(0,MIN(AH83-AI83,$C83-(P83+T83+X83+AB83+AF83))) -> 0 | AK83: =ROUND(AH83-AI83-AJ83,2) -> 0 | AL83: =AO82*(1+J$7) -> 0 | AM83: =MIN(AL83,J$8) -> 0 | AN83: =MAX(0,MIN(AL83-AM83,$C83-(P83+T83+X83+AB83+AF83+AJ83))) -> 0 | AO83: =ROUND(AL83-AM83-AN83,2) -> 0 | AP83: =AS82*(1+K$7) -> 0 | AQ83: =MIN(AP83,K$8) -> 0 | AR83: =MAX(0,MIN(AP83-AQ83,$C83-(P83+T83+X83+AB83+AF83+AJ83+AN83))) -> 0 | AS83: =ROUND(AP83-AQ83-AR83,2) -> 0 | AT83: =AW82*(1+L$7) -> 0 | AU83: =MIN(AT83,L$8) -> 0 | AV83: =MAX(0,MIN(AT83-AU83,$C83-(P83+T83+X83+AB83+AF83+AJ83+AN83+AR83))) -> 0 | AW83: =ROUND(AT83-AU83-AV83,2) -> 0 | AX83: =BA82*(1+M$7) -> 0 | AY83: =MIN(AX83,M$8) -> 0 | AZ83: =MAX(0,MIN(AX83-AY83,$C83-(P83+T83+X83+AB83+AF83+AJ83+AN83+AR83+AV83))) -> 0 | BA83: =ROUND(AX83-AY83-AZ83,2) -> 0
A84: 74 | B84: =EDATE(Borçlar!$K$7,73) -> 48519 | C84: =MAX(0,Borçlar!$K$8-(O84+S84+W84+AA84+AE84+AI84+AM84+AQ84+AU84+AY84)) -> 19000 | D84: =O84+P84+S84+T84+W84+X84+AA84+AB84+AE84+AF84+AI84+AJ84+AM84+AN84+AQ84+AR84+AU84+AV84+AY84+AZ84 -> 0 | E84: =(N84+R84+V84+Z84+AD84+AH84+AL84+AP84+AT84+AX84)-(F83) -> 0 | F84: =Q84+U84+Y84+AC84+AG84+AK84+AO84+AS84+AW84+BA84 -> 0 | N84: =Q83*(1+D$7) -> 0 | O84: =MIN(N84,D$8) -> 0 | P84: =MAX(0,MIN(N84-O84,$C84-(0))) -> 0 | Q84: =ROUND(N84-O84-P84,2) -> 0 | R84: =U83*(1+E$7) -> 0 | S84: =MIN(R84,E$8) -> 0 | T84: =MAX(0,MIN(R84-S84,$C84-(P84))) -> 0 | U84: =ROUND(R84-S84-T84,2) -> 0 | V84: =Y83*(1+F$7) -> 0 | W84: =MIN(V84,F$8) -> 0 | X84: =MAX(0,MIN(V84-W84,$C84-(P84+T84))) -> 0 | Y84: =ROUND(V84-W84-X84,2) -> 0 | Z84: =AC83*(1+G$7) -> 0 | AA84: =MIN(Z84,G$8) -> 0 | AB84: =MAX(0,MIN(Z84-AA84,$C84-(P84+T84+X84))) -> 0 | AC84: =ROUND(Z84-AA84-AB84,2) -> 0 | AD84: =AG83*(1+H$7) -> 0 | AE84: =MIN(AD84,H$8) -> 0 | AF84: =MAX(0,MIN(AD84-AE84,$C84-(P84+T84+X84+AB84))) -> 0 | AG84: =ROUND(AD84-AE84-AF84,2) -> 0 | AH84: =AK83*(1+I$7) -> 0 | AI84: =MIN(AH84,I$8) -> 0 | AJ84: =MAX(0,MIN(AH84-AI84,$C84-(P84+T84+X84+AB84+AF84))) -> 0 | AK84: =ROUND(AH84-AI84-AJ84,2) -> 0 | AL84: =AO83*(1+J$7) -> 0 | AM84: =MIN(AL84,J$8) -> 0 | AN84: =MAX(0,MIN(AL84-AM84,$C84-(P84+T84+X84+AB84+AF84+AJ84))) -> 0 | AO84: =ROUND(AL84-AM84-AN84,2) -> 0 | AP84: =AS83*(1+K$7) -> 0 | AQ84: =MIN(AP84,K$8) -> 0 | AR84: =MAX(0,MIN(AP84-AQ84,$C84-(P84+T84+X84+AB84+AF84+AJ84+AN84))) -> 0 | AS84: =ROUND(AP84-AQ84-AR84,2) -> 0 | AT84: =AW83*(1+L$7) -> 0 | AU84: =MIN(AT84,L$8) -> 0 | AV84: =MAX(0,MIN(AT84-AU84,$C84-(P84+T84+X84+AB84+AF84+AJ84+AN84+AR84))) -> 0 | AW84: =ROUND(AT84-AU84-AV84,2) -> 0 | AX84: =BA83*(1+M$7) -> 0 | AY84: =MIN(AX84,M$8) -> 0 | AZ84: =MAX(0,MIN(AX84-AY84,$C84-(P84+T84+X84+AB84+AF84+AJ84+AN84+AR84+AV84))) -> 0 | BA84: =ROUND(AX84-AY84-AZ84,2) -> 0
A85: 75 | B85: =EDATE(Borçlar!$K$7,74) -> 48549 | C85: =MAX(0,Borçlar!$K$8-(O85+S85+W85+AA85+AE85+AI85+AM85+AQ85+AU85+AY85)) -> 19000 | D85: =O85+P85+S85+T85+W85+X85+AA85+AB85+AE85+AF85+AI85+AJ85+AM85+AN85+AQ85+AR85+AU85+AV85+AY85+AZ85 -> 0 | E85: =(N85+R85+V85+Z85+AD85+AH85+AL85+AP85+AT85+AX85)-(F84) -> 0 | F85: =Q85+U85+Y85+AC85+AG85+AK85+AO85+AS85+AW85+BA85 -> 0 | N85: =Q84*(1+D$7) -> 0 | O85: =MIN(N85,D$8) -> 0 | P85: =MAX(0,MIN(N85-O85,$C85-(0))) -> 0 | Q85: =ROUND(N85-O85-P85,2) -> 0 | R85: =U84*(1+E$7) -> 0 | S85: =MIN(R85,E$8) -> 0 | T85: =MAX(0,MIN(R85-S85,$C85-(P85))) -> 0 | U85: =ROUND(R85-S85-T85,2) -> 0 | V85: =Y84*(1+F$7) -> 0 | W85: =MIN(V85,F$8) -> 0 | X85: =MAX(0,MIN(V85-W85,$C85-(P85+T85))) -> 0 | Y85: =ROUND(V85-W85-X85,2) -> 0 | Z85: =AC84*(1+G$7) -> 0 | AA85: =MIN(Z85,G$8) -> 0 | AB85: =MAX(0,MIN(Z85-AA85,$C85-(P85+T85+X85))) -> 0 | AC85: =ROUND(Z85-AA85-AB85,2) -> 0 | AD85: =AG84*(1+H$7) -> 0 | AE85: =MIN(AD85,H$8) -> 0 | AF85: =MAX(0,MIN(AD85-AE85,$C85-(P85+T85+X85+AB85))) -> 0 | AG85: =ROUND(AD85-AE85-AF85,2) -> 0 | AH85: =AK84*(1+I$7) -> 0 | AI85: =MIN(AH85,I$8) -> 0 | AJ85: =MAX(0,MIN(AH85-AI85,$C85-(P85+T85+X85+AB85+AF85))) -> 0 | AK85: =ROUND(AH85-AI85-AJ85,2) -> 0 | AL85: =AO84*(1+J$7) -> 0 | AM85: =MIN(AL85,J$8) -> 0 | AN85: =MAX(0,MIN(AL85-AM85,$C85-(P85+T85+X85+AB85+AF85+AJ85))) -> 0 | AO85: =ROUND(AL85-AM85-AN85,2) -> 0 | AP85: =AS84*(1+K$7) -> 0 | AQ85: =MIN(AP85,K$8) -> 0 | AR85: =MAX(0,MIN(AP85-AQ85,$C85-(P85+T85+X85+AB85+AF85+AJ85+AN85))) -> 0 | AS85: =ROUND(AP85-AQ85-AR85,2) -> 0 | AT85: =AW84*(1+L$7) -> 0 | AU85: =MIN(AT85,L$8) -> 0 | AV85: =MAX(0,MIN(AT85-AU85,$C85-(P85+T85+X85+AB85+AF85+AJ85+AN85+AR85))) -> 0 | AW85: =ROUND(AT85-AU85-AV85,2) -> 0 | AX85: =BA84*(1+M$7) -> 0 | AY85: =MIN(AX85,M$8) -> 0 | AZ85: =MAX(0,MIN(AX85-AY85,$C85-(P85+T85+X85+AB85+AF85+AJ85+AN85+AR85+AV85))) -> 0 | BA85: =ROUND(AX85-AY85-AZ85,2) -> 0
A86: 76 | B86: =EDATE(Borçlar!$K$7,75) -> 48580 | C86: =MAX(0,Borçlar!$K$8-(O86+S86+W86+AA86+AE86+AI86+AM86+AQ86+AU86+AY86)) -> 19000 | D86: =O86+P86+S86+T86+W86+X86+AA86+AB86+AE86+AF86+AI86+AJ86+AM86+AN86+AQ86+AR86+AU86+AV86+AY86+AZ86 -> 0 | E86: =(N86+R86+V86+Z86+AD86+AH86+AL86+AP86+AT86+AX86)-(F85) -> 0 | F86: =Q86+U86+Y86+AC86+AG86+AK86+AO86+AS86+AW86+BA86 -> 0 | N86: =Q85*(1+D$7) -> 0 | O86: =MIN(N86,D$8) -> 0 | P86: =MAX(0,MIN(N86-O86,$C86-(0))) -> 0 | Q86: =ROUND(N86-O86-P86,2) -> 0 | R86: =U85*(1+E$7) -> 0 | S86: =MIN(R86,E$8) -> 0 | T86: =MAX(0,MIN(R86-S86,$C86-(P86))) -> 0 | U86: =ROUND(R86-S86-T86,2) -> 0 | V86: =Y85*(1+F$7) -> 0 | W86: =MIN(V86,F$8) -> 0 | X86: =MAX(0,MIN(V86-W86,$C86-(P86+T86))) -> 0 | Y86: =ROUND(V86-W86-X86,2) -> 0 | Z86: =AC85*(1+G$7) -> 0 | AA86: =MIN(Z86,G$8) -> 0 | AB86: =MAX(0,MIN(Z86-AA86,$C86-(P86+T86+X86))) -> 0 | AC86: =ROUND(Z86-AA86-AB86,2) -> 0 | AD86: =AG85*(1+H$7) -> 0 | AE86: =MIN(AD86,H$8) -> 0 | AF86: =MAX(0,MIN(AD86-AE86,$C86-(P86+T86+X86+AB86))) -> 0 | AG86: =ROUND(AD86-AE86-AF86,2) -> 0 | AH86: =AK85*(1+I$7) -> 0 | AI86: =MIN(AH86,I$8) -> 0 | AJ86: =MAX(0,MIN(AH86-AI86,$C86-(P86+T86+X86+AB86+AF86))) -> 0 | AK86: =ROUND(AH86-AI86-AJ86,2) -> 0 | AL86: =AO85*(1+J$7) -> 0 | AM86: =MIN(AL86,J$8) -> 0 | AN86: =MAX(0,MIN(AL86-AM86,$C86-(P86+T86+X86+AB86+AF86+AJ86))) -> 0 | AO86: =ROUND(AL86-AM86-AN86,2) -> 0 | AP86: =AS85*(1+K$7) -> 0 | AQ86: =MIN(AP86,K$8) -> 0 | AR86: =MAX(0,MIN(AP86-AQ86,$C86-(P86+T86+X86+AB86+AF86+AJ86+AN86))) -> 0 | AS86: =ROUND(AP86-AQ86-AR86,2) -> 0 | AT86: =AW85*(1+L$7) -> 0 | AU86: =MIN(AT86,L$8) -> 0 | AV86: =MAX(0,MIN(AT86-AU86,$C86-(P86+T86+X86+AB86+AF86+AJ86+AN86+AR86))) -> 0 | AW86: =ROUND(AT86-AU86-AV86,2) -> 0 | AX86: =BA85*(1+M$7) -> 0 | AY86: =MIN(AX86,M$8) -> 0 | AZ86: =MAX(0,MIN(AX86-AY86,$C86-(P86+T86+X86+AB86+AF86+AJ86+AN86+AR86+AV86))) -> 0 | BA86: =ROUND(AX86-AY86-AZ86,2) -> 0
A87: 77 | B87: =EDATE(Borçlar!$K$7,76) -> 48611 | C87: =MAX(0,Borçlar!$K$8-(O87+S87+W87+AA87+AE87+AI87+AM87+AQ87+AU87+AY87)) -> 19000 | D87: =O87+P87+S87+T87+W87+X87+AA87+AB87+AE87+AF87+AI87+AJ87+AM87+AN87+AQ87+AR87+AU87+AV87+AY87+AZ87 -> 0 | E87: =(N87+R87+V87+Z87+AD87+AH87+AL87+AP87+AT87+AX87)-(F86) -> 0 | F87: =Q87+U87+Y87+AC87+AG87+AK87+AO87+AS87+AW87+BA87 -> 0 | N87: =Q86*(1+D$7) -> 0 | O87: =MIN(N87,D$8) -> 0 | P87: =MAX(0,MIN(N87-O87,$C87-(0))) -> 0 | Q87: =ROUND(N87-O87-P87,2) -> 0 | R87: =U86*(1+E$7) -> 0 | S87: =MIN(R87,E$8) -> 0 | T87: =MAX(0,MIN(R87-S87,$C87-(P87))) -> 0 | U87: =ROUND(R87-S87-T87,2) -> 0 | V87: =Y86*(1+F$7) -> 0 | W87: =MIN(V87,F$8) -> 0 | X87: =MAX(0,MIN(V87-W87,$C87-(P87+T87))) -> 0 | Y87: =ROUND(V87-W87-X87,2) -> 0 | Z87: =AC86*(1+G$7) -> 0 | AA87: =MIN(Z87,G$8) -> 0 | AB87: =MAX(0,MIN(Z87-AA87,$C87-(P87+T87+X87))) -> 0 | AC87: =ROUND(Z87-AA87-AB87,2) -> 0 | AD87: =AG86*(1+H$7) -> 0 | AE87: =MIN(AD87,H$8) -> 0 | AF87: =MAX(0,MIN(AD87-AE87,$C87-(P87+T87+X87+AB87))) -> 0 | AG87: =ROUND(AD87-AE87-AF87,2) -> 0 | AH87: =AK86*(1+I$7) -> 0 | AI87: =MIN(AH87,I$8) -> 0 | AJ87: =MAX(0,MIN(AH87-AI87,$C87-(P87+T87+X87+AB87+AF87))) -> 0 | AK87: =ROUND(AH87-AI87-AJ87,2) -> 0 | AL87: =AO86*(1+J$7) -> 0 | AM87: =MIN(AL87,J$8) -> 0 | AN87: =MAX(0,MIN(AL87-AM87,$C87-(P87+T87+X87+AB87+AF87+AJ87))) -> 0 | AO87: =ROUND(AL87-AM87-AN87,2) -> 0 | AP87: =AS86*(1+K$7) -> 0 | AQ87: =MIN(AP87,K$8) -> 0 | AR87: =MAX(0,MIN(AP87-AQ87,$C87-(P87+T87+X87+AB87+AF87+AJ87+AN87))) -> 0 | AS87: =ROUND(AP87-AQ87-AR87,2) -> 0 | AT87: =AW86*(1+L$7) -> 0 | AU87: =MIN(AT87,L$8) -> 0 | AV87: =MAX(0,MIN(AT87-AU87,$C87-(P87+T87+X87+AB87+AF87+AJ87+AN87+AR87))) -> 0 | AW87: =ROUND(AT87-AU87-AV87,2) -> 0 | AX87: =BA86*(1+M$7) -> 0 | AY87: =MIN(AX87,M$8) -> 0 | AZ87: =MAX(0,MIN(AX87-AY87,$C87-(P87+T87+X87+AB87+AF87+AJ87+AN87+AR87+AV87))) -> 0 | BA87: =ROUND(AX87-AY87-AZ87,2) -> 0
A88: 78 | B88: =EDATE(Borçlar!$K$7,77) -> 48639 | C88: =MAX(0,Borçlar!$K$8-(O88+S88+W88+AA88+AE88+AI88+AM88+AQ88+AU88+AY88)) -> 19000 | D88: =O88+P88+S88+T88+W88+X88+AA88+AB88+AE88+AF88+AI88+AJ88+AM88+AN88+AQ88+AR88+AU88+AV88+AY88+AZ88 -> 0 | E88: =(N88+R88+V88+Z88+AD88+AH88+AL88+AP88+AT88+AX88)-(F87) -> 0 | F88: =Q88+U88+Y88+AC88+AG88+AK88+AO88+AS88+AW88+BA88 -> 0 | N88: =Q87*(1+D$7) -> 0 | O88: =MIN(N88,D$8) -> 0 | P88: =MAX(0,MIN(N88-O88,$C88-(0))) -> 0 | Q88: =ROUND(N88-O88-P88,2) -> 0 | R88: =U87*(1+E$7) -> 0 | S88: =MIN(R88,E$8) -> 0 | T88: =MAX(0,MIN(R88-S88,$C88-(P88))) -> 0 | U88: =ROUND(R88-S88-T88,2) -> 0 | V88: =Y87*(1+F$7) -> 0 | W88: =MIN(V88,F$8) -> 0 | X88: =MAX(0,MIN(V88-W88,$C88-(P88+T88))) -> 0 | Y88: =ROUND(V88-W88-X88,2) -> 0 | Z88: =AC87*(1+G$7) -> 0 | AA88: =MIN(Z88,G$8) -> 0 | AB88: =MAX(0,MIN(Z88-AA88,$C88-(P88+T88+X88))) -> 0 | AC88: =ROUND(Z88-AA88-AB88,2) -> 0 | AD88: =AG87*(1+H$7) -> 0 | AE88: =MIN(AD88,H$8) -> 0 | AF88: =MAX(0,MIN(AD88-AE88,$C88-(P88+T88+X88+AB88))) -> 0 | AG88: =ROUND(AD88-AE88-AF88,2) -> 0 | AH88: =AK87*(1+I$7) -> 0 | AI88: =MIN(AH88,I$8) -> 0 | AJ88: =MAX(0,MIN(AH88-AI88,$C88-(P88+T88+X88+AB88+AF88))) -> 0 | AK88: =ROUND(AH88-AI88-AJ88,2) -> 0 | AL88: =AO87*(1+J$7) -> 0 | AM88: =MIN(AL88,J$8) -> 0 | AN88: =MAX(0,MIN(AL88-AM88,$C88-(P88+T88+X88+AB88+AF88+AJ88))) -> 0 | AO88: =ROUND(AL88-AM88-AN88,2) -> 0 | AP88: =AS87*(1+K$7) -> 0 | AQ88: =MIN(AP88,K$8) -> 0 | AR88: =MAX(0,MIN(AP88-AQ88,$C88-(P88+T88+X88+AB88+AF88+AJ88+AN88))) -> 0 | AS88: =ROUND(AP88-AQ88-AR88,2) -> 0 | AT88: =AW87*(1+L$7) -> 0 | AU88: =MIN(AT88,L$8) -> 0 | AV88: =MAX(0,MIN(AT88-AU88,$C88-(P88+T88+X88+AB88+AF88+AJ88+AN88+AR88))) -> 0 | AW88: =ROUND(AT88-AU88-AV88,2) -> 0 | AX88: =BA87*(1+M$7) -> 0 | AY88: =MIN(AX88,M$8) -> 0 | AZ88: =MAX(0,MIN(AX88-AY88,$C88-(P88+T88+X88+AB88+AF88+AJ88+AN88+AR88+AV88))) -> 0 | BA88: =ROUND(AX88-AY88-AZ88,2) -> 0
A89: 79 | B89: =EDATE(Borçlar!$K$7,78) -> 48670 | C89: =MAX(0,Borçlar!$K$8-(O89+S89+W89+AA89+AE89+AI89+AM89+AQ89+AU89+AY89)) -> 19000 | D89: =O89+P89+S89+T89+W89+X89+AA89+AB89+AE89+AF89+AI89+AJ89+AM89+AN89+AQ89+AR89+AU89+AV89+AY89+AZ89 -> 0 | E89: =(N89+R89+V89+Z89+AD89+AH89+AL89+AP89+AT89+AX89)-(F88) -> 0 | F89: =Q89+U89+Y89+AC89+AG89+AK89+AO89+AS89+AW89+BA89 -> 0 | N89: =Q88*(1+D$7) -> 0 | O89: =MIN(N89,D$8) -> 0 | P89: =MAX(0,MIN(N89-O89,$C89-(0))) -> 0 | Q89: =ROUND(N89-O89-P89,2) -> 0 | R89: =U88*(1+E$7) -> 0 | S89: =MIN(R89,E$8) -> 0 | T89: =MAX(0,MIN(R89-S89,$C89-(P89))) -> 0 | U89: =ROUND(R89-S89-T89,2) -> 0 | V89: =Y88*(1+F$7) -> 0 | W89: =MIN(V89,F$8) -> 0 | X89: =MAX(0,MIN(V89-W89,$C89-(P89+T89))) -> 0 | Y89: =ROUND(V89-W89-X89,2) -> 0 | Z89: =AC88*(1+G$7) -> 0 | AA89: =MIN(Z89,G$8) -> 0 | AB89: =MAX(0,MIN(Z89-AA89,$C89-(P89+T89+X89))) -> 0 | AC89: =ROUND(Z89-AA89-AB89,2) -> 0 | AD89: =AG88*(1+H$7) -> 0 | AE89: =MIN(AD89,H$8) -> 0 | AF89: =MAX(0,MIN(AD89-AE89,$C89-(P89+T89+X89+AB89))) -> 0 | AG89: =ROUND(AD89-AE89-AF89,2) -> 0 | AH89: =AK88*(1+I$7) -> 0 | AI89: =MIN(AH89,I$8) -> 0 | AJ89: =MAX(0,MIN(AH89-AI89,$C89-(P89+T89+X89+AB89+AF89))) -> 0 | AK89: =ROUND(AH89-AI89-AJ89,2) -> 0 | AL89: =AO88*(1+J$7) -> 0 | AM89: =MIN(AL89,J$8) -> 0 | AN89: =MAX(0,MIN(AL89-AM89,$C89-(P89+T89+X89+AB89+AF89+AJ89))) -> 0 | AO89: =ROUND(AL89-AM89-AN89,2) -> 0 | AP89: =AS88*(1+K$7) -> 0 | AQ89: =MIN(AP89,K$8) -> 0 | AR89: =MAX(0,MIN(AP89-AQ89,$C89-(P89+T89+X89+AB89+AF89+AJ89+AN89))) -> 0 | AS89: =ROUND(AP89-AQ89-AR89,2) -> 0 | AT89: =AW88*(1+L$7) -> 0 | AU89: =MIN(AT89,L$8) -> 0 | AV89: =MAX(0,MIN(AT89-AU89,$C89-(P89+T89+X89+AB89+AF89+AJ89+AN89+AR89))) -> 0 | AW89: =ROUND(AT89-AU89-AV89,2) -> 0 | AX89: =BA88*(1+M$7) -> 0 | AY89: =MIN(AX89,M$8) -> 0 | AZ89: =MAX(0,MIN(AX89-AY89,$C89-(P89+T89+X89+AB89+AF89+AJ89+AN89+AR89+AV89))) -> 0 | BA89: =ROUND(AX89-AY89-AZ89,2) -> 0
A90: 80 | B90: =EDATE(Borçlar!$K$7,79) -> 48700 | C90: =MAX(0,Borçlar!$K$8-(O90+S90+W90+AA90+AE90+AI90+AM90+AQ90+AU90+AY90)) -> 19000 | D90: =O90+P90+S90+T90+W90+X90+AA90+AB90+AE90+AF90+AI90+AJ90+AM90+AN90+AQ90+AR90+AU90+AV90+AY90+AZ90 -> 0 | E90: =(N90+R90+V90+Z90+AD90+AH90+AL90+AP90+AT90+AX90)-(F89) -> 0 | F90: =Q90+U90+Y90+AC90+AG90+AK90+AO90+AS90+AW90+BA90 -> 0 | N90: =Q89*(1+D$7) -> 0 | O90: =MIN(N90,D$8) -> 0 | P90: =MAX(0,MIN(N90-O90,$C90-(0))) -> 0 | Q90: =ROUND(N90-O90-P90,2) -> 0 | R90: =U89*(1+E$7) -> 0 | S90: =MIN(R90,E$8) -> 0 | T90: =MAX(0,MIN(R90-S90,$C90-(P90))) -> 0 | U90: =ROUND(R90-S90-T90,2) -> 0 | V90: =Y89*(1+F$7) -> 0 | W90: =MIN(V90,F$8) -> 0 | X90: =MAX(0,MIN(V90-W90,$C90-(P90+T90))) -> 0 | Y90: =ROUND(V90-W90-X90,2) -> 0 | Z90: =AC89*(1+G$7) -> 0 | AA90: =MIN(Z90,G$8) -> 0 | AB90: =MAX(0,MIN(Z90-AA90,$C90-(P90+T90+X90))) -> 0 | AC90: =ROUND(Z90-AA90-AB90,2) -> 0 | AD90: =AG89*(1+H$7) -> 0 | AE90: =MIN(AD90,H$8) -> 0 | AF90: =MAX(0,MIN(AD90-AE90,$C90-(P90+T90+X90+AB90))) -> 0 | AG90: =ROUND(AD90-AE90-AF90,2) -> 0 | AH90: =AK89*(1+I$7) -> 0 | AI90: =MIN(AH90,I$8) -> 0 | AJ90: =MAX(0,MIN(AH90-AI90,$C90-(P90+T90+X90+AB90+AF90))) -> 0 | AK90: =ROUND(AH90-AI90-AJ90,2) -> 0 | AL90: =AO89*(1+J$7) -> 0 | AM90: =MIN(AL90,J$8) -> 0 | AN90: =MAX(0,MIN(AL90-AM90,$C90-(P90+T90+X90+AB90+AF90+AJ90))) -> 0 | AO90: =ROUND(AL90-AM90-AN90,2) -> 0 | AP90: =AS89*(1+K$7) -> 0 | AQ90: =MIN(AP90,K$8) -> 0 | AR90: =MAX(0,MIN(AP90-AQ90,$C90-(P90+T90+X90+AB90+AF90+AJ90+AN90))) -> 0 | AS90: =ROUND(AP90-AQ90-AR90,2) -> 0 | AT90: =AW89*(1+L$7) -> 0 | AU90: =MIN(AT90,L$8) -> 0 | AV90: =MAX(0,MIN(AT90-AU90,$C90-(P90+T90+X90+AB90+AF90+AJ90+AN90+AR90))) -> 0 | AW90: =ROUND(AT90-AU90-AV90,2) -> 0 | AX90: =BA89*(1+M$7) -> 0 | AY90: =MIN(AX90,M$8) -> 0 | AZ90: =MAX(0,MIN(AX90-AY90,$C90-(P90+T90+X90+AB90+AF90+AJ90+AN90+AR90+AV90))) -> 0 | BA90: =ROUND(AX90-AY90-AZ90,2) -> 0
A91: 81 | B91: =EDATE(Borçlar!$K$7,80) -> 48731 | C91: =MAX(0,Borçlar!$K$8-(O91+S91+W91+AA91+AE91+AI91+AM91+AQ91+AU91+AY91)) -> 19000 | D91: =O91+P91+S91+T91+W91+X91+AA91+AB91+AE91+AF91+AI91+AJ91+AM91+AN91+AQ91+AR91+AU91+AV91+AY91+AZ91 -> 0 | E91: =(N91+R91+V91+Z91+AD91+AH91+AL91+AP91+AT91+AX91)-(F90) -> 0 | F91: =Q91+U91+Y91+AC91+AG91+AK91+AO91+AS91+AW91+BA91 -> 0 | N91: =Q90*(1+D$7) -> 0 | O91: =MIN(N91,D$8) -> 0 | P91: =MAX(0,MIN(N91-O91,$C91-(0))) -> 0 | Q91: =ROUND(N91-O91-P91,2) -> 0 | R91: =U90*(1+E$7) -> 0 | S91: =MIN(R91,E$8) -> 0 | T91: =MAX(0,MIN(R91-S91,$C91-(P91))) -> 0 | U91: =ROUND(R91-S91-T91,2) -> 0 | V91: =Y90*(1+F$7) -> 0 | W91: =MIN(V91,F$8) -> 0 | X91: =MAX(0,MIN(V91-W91,$C91-(P91+T91))) -> 0 | Y91: =ROUND(V91-W91-X91,2) -> 0 | Z91: =AC90*(1+G$7) -> 0 | AA91: =MIN(Z91,G$8) -> 0 | AB91: =MAX(0,MIN(Z91-AA91,$C91-(P91+T91+X91))) -> 0 | AC91: =ROUND(Z91-AA91-AB91,2) -> 0 | AD91: =AG90*(1+H$7) -> 0 | AE91: =MIN(AD91,H$8) -> 0 | AF91: =MAX(0,MIN(AD91-AE91,$C91-(P91+T91+X91+AB91))) -> 0 | AG91: =ROUND(AD91-AE91-AF91,2) -> 0 | AH91: =AK90*(1+I$7) -> 0 | AI91: =MIN(AH91,I$8) -> 0 | AJ91: =MAX(0,MIN(AH91-AI91,$C91-(P91+T91+X91+AB91+AF91))) -> 0 | AK91: =ROUND(AH91-AI91-AJ91,2) -> 0 | AL91: =AO90*(1+J$7) -> 0 | AM91: =MIN(AL91,J$8) -> 0 | AN91: =MAX(0,MIN(AL91-AM91,$C91-(P91+T91+X91+AB91+AF91+AJ91))) -> 0 | AO91: =ROUND(AL91-AM91-AN91,2) -> 0 | AP91: =AS90*(1+K$7) -> 0 | AQ91: =MIN(AP91,K$8) -> 0 | AR91: =MAX(0,MIN(AP91-AQ91,$C91-(P91+T91+X91+AB91+AF91+AJ91+AN91))) -> 0 | AS91: =ROUND(AP91-AQ91-AR91,2) -> 0 | AT91: =AW90*(1+L$7) -> 0 | AU91: =MIN(AT91,L$8) -> 0 | AV91: =MAX(0,MIN(AT91-AU91,$C91-(P91+T91+X91+AB91+AF91+AJ91+AN91+AR91))) -> 0 | AW91: =ROUND(AT91-AU91-AV91,2) -> 0 | AX91: =BA90*(1+M$7) -> 0 | AY91: =MIN(AX91,M$8) -> 0 | AZ91: =MAX(0,MIN(AX91-AY91,$C91-(P91+T91+X91+AB91+AF91+AJ91+AN91+AR91+AV91))) -> 0 | BA91: =ROUND(AX91-AY91-AZ91,2) -> 0
A92: 82 | B92: =EDATE(Borçlar!$K$7,81) -> 48761 | C92: =MAX(0,Borçlar!$K$8-(O92+S92+W92+AA92+AE92+AI92+AM92+AQ92+AU92+AY92)) -> 19000 | D92: =O92+P92+S92+T92+W92+X92+AA92+AB92+AE92+AF92+AI92+AJ92+AM92+AN92+AQ92+AR92+AU92+AV92+AY92+AZ92 -> 0 | E92: =(N92+R92+V92+Z92+AD92+AH92+AL92+AP92+AT92+AX92)-(F91) -> 0 | F92: =Q92+U92+Y92+AC92+AG92+AK92+AO92+AS92+AW92+BA92 -> 0 | N92: =Q91*(1+D$7) -> 0 | O92: =MIN(N92,D$8) -> 0 | P92: =MAX(0,MIN(N92-O92,$C92-(0))) -> 0 | Q92: =ROUND(N92-O92-P92,2) -> 0 | R92: =U91*(1+E$7) -> 0 | S92: =MIN(R92,E$8) -> 0 | T92: =MAX(0,MIN(R92-S92,$C92-(P92))) -> 0 | U92: =ROUND(R92-S92-T92,2) -> 0 | V92: =Y91*(1+F$7) -> 0 | W92: =MIN(V92,F$8) -> 0 | X92: =MAX(0,MIN(V92-W92,$C92-(P92+T92))) -> 0 | Y92: =ROUND(V92-W92-X92,2) -> 0 | Z92: =AC91*(1+G$7) -> 0 | AA92: =MIN(Z92,G$8) -> 0 | AB92: =MAX(0,MIN(Z92-AA92,$C92-(P92+T92+X92))) -> 0 | AC92: =ROUND(Z92-AA92-AB92,2) -> 0 | AD92: =AG91*(1+H$7) -> 0 | AE92: =MIN(AD92,H$8) -> 0 | AF92: =MAX(0,MIN(AD92-AE92,$C92-(P92+T92+X92+AB92))) -> 0 | AG92: =ROUND(AD92-AE92-AF92,2) -> 0 | AH92: =AK91*(1+I$7) -> 0 | AI92: =MIN(AH92,I$8) -> 0 | AJ92: =MAX(0,MIN(AH92-AI92,$C92-(P92+T92+X92+AB92+AF92))) -> 0 | AK92: =ROUND(AH92-AI92-AJ92,2) -> 0 | AL92: =AO91*(1+J$7) -> 0 | AM92: =MIN(AL92,J$8) -> 0 | AN92: =MAX(0,MIN(AL92-AM92,$C92-(P92+T92+X92+AB92+AF92+AJ92))) -> 0 | AO92: =ROUND(AL92-AM92-AN92,2) -> 0 | AP92: =AS91*(1+K$7) -> 0 | AQ92: =MIN(AP92,K$8) -> 0 | AR92: =MAX(0,MIN(AP92-AQ92,$C92-(P92+T92+X92+AB92+AF92+AJ92+AN92))) -> 0 | AS92: =ROUND(AP92-AQ92-AR92,2) -> 0 | AT92: =AW91*(1+L$7) -> 0 | AU92: =MIN(AT92,L$8) -> 0 | AV92: =MAX(0,MIN(AT92-AU92,$C92-(P92+T92+X92+AB92+AF92+AJ92+AN92+AR92))) -> 0 | AW92: =ROUND(AT92-AU92-AV92,2) -> 0 | AX92: =BA91*(1+M$7) -> 0 | AY92: =MIN(AX92,M$8) -> 0 | AZ92: =MAX(0,MIN(AX92-AY92,$C92-(P92+T92+X92+AB92+AF92+AJ92+AN92+AR92+AV92))) -> 0 | BA92: =ROUND(AX92-AY92-AZ92,2) -> 0
A93: 83 | B93: =EDATE(Borçlar!$K$7,82) -> 48792 | C93: =MAX(0,Borçlar!$K$8-(O93+S93+W93+AA93+AE93+AI93+AM93+AQ93+AU93+AY93)) -> 19000 | D93: =O93+P93+S93+T93+W93+X93+AA93+AB93+AE93+AF93+AI93+AJ93+AM93+AN93+AQ93+AR93+AU93+AV93+AY93+AZ93 -> 0 | E93: =(N93+R93+V93+Z93+AD93+AH93+AL93+AP93+AT93+AX93)-(F92) -> 0 | F93: =Q93+U93+Y93+AC93+AG93+AK93+AO93+AS93+AW93+BA93 -> 0 | N93: =Q92*(1+D$7) -> 0 | O93: =MIN(N93,D$8) -> 0 | P93: =MAX(0,MIN(N93-O93,$C93-(0))) -> 0 | Q93: =ROUND(N93-O93-P93,2) -> 0 | R93: =U92*(1+E$7) -> 0 | S93: =MIN(R93,E$8) -> 0 | T93: =MAX(0,MIN(R93-S93,$C93-(P93))) -> 0 | U93: =ROUND(R93-S93-T93,2) -> 0 | V93: =Y92*(1+F$7) -> 0 | W93: =MIN(V93,F$8) -> 0 | X93: =MAX(0,MIN(V93-W93,$C93-(P93+T93))) -> 0 | Y93: =ROUND(V93-W93-X93,2) -> 0 | Z93: =AC92*(1+G$7) -> 0 | AA93: =MIN(Z93,G$8) -> 0 | AB93: =MAX(0,MIN(Z93-AA93,$C93-(P93+T93+X93))) -> 0 | AC93: =ROUND(Z93-AA93-AB93,2) -> 0 | AD93: =AG92*(1+H$7) -> 0 | AE93: =MIN(AD93,H$8) -> 0 | AF93: =MAX(0,MIN(AD93-AE93,$C93-(P93+T93+X93+AB93))) -> 0 | AG93: =ROUND(AD93-AE93-AF93,2) -> 0 | AH93: =AK92*(1+I$7) -> 0 | AI93: =MIN(AH93,I$8) -> 0 | AJ93: =MAX(0,MIN(AH93-AI93,$C93-(P93+T93+X93+AB93+AF93))) -> 0 | AK93: =ROUND(AH93-AI93-AJ93,2) -> 0 | AL93: =AO92*(1+J$7) -> 0 | AM93: =MIN(AL93,J$8) -> 0 | AN93: =MAX(0,MIN(AL93-AM93,$C93-(P93+T93+X93+AB93+AF93+AJ93))) -> 0 | AO93: =ROUND(AL93-AM93-AN93,2) -> 0 | AP93: =AS92*(1+K$7) -> 0 | AQ93: =MIN(AP93,K$8) -> 0 | AR93: =MAX(0,MIN(AP93-AQ93,$C93-(P93+T93+X93+AB93+AF93+AJ93+AN93))) -> 0 | AS93: =ROUND(AP93-AQ93-AR93,2) -> 0 | AT93: =AW92*(1+L$7) -> 0 | AU93: =MIN(AT93,L$8) -> 0 | AV93: =MAX(0,MIN(AT93-AU93,$C93-(P93+T93+X93+AB93+AF93+AJ93+AN93+AR93))) -> 0 | AW93: =ROUND(AT93-AU93-AV93,2) -> 0 | AX93: =BA92*(1+M$7) -> 0 | AY93: =MIN(AX93,M$8) -> 0 | AZ93: =MAX(0,MIN(AX93-AY93,$C93-(P93+T93+X93+AB93+AF93+AJ93+AN93+AR93+AV93))) -> 0 | BA93: =ROUND(AX93-AY93-AZ93,2) -> 0
A94: 84 | B94: =EDATE(Borçlar!$K$7,83) -> 48823 | C94: =MAX(0,Borçlar!$K$8-(O94+S94+W94+AA94+AE94+AI94+AM94+AQ94+AU94+AY94)) -> 19000 | D94: =O94+P94+S94+T94+W94+X94+AA94+AB94+AE94+AF94+AI94+AJ94+AM94+AN94+AQ94+AR94+AU94+AV94+AY94+AZ94 -> 0 | E94: =(N94+R94+V94+Z94+AD94+AH94+AL94+AP94+AT94+AX94)-(F93) -> 0 | F94: =Q94+U94+Y94+AC94+AG94+AK94+AO94+AS94+AW94+BA94 -> 0 | N94: =Q93*(1+D$7) -> 0 | O94: =MIN(N94,D$8) -> 0 | P94: =MAX(0,MIN(N94-O94,$C94-(0))) -> 0 | Q94: =ROUND(N94-O94-P94,2) -> 0 | R94: =U93*(1+E$7) -> 0 | S94: =MIN(R94,E$8) -> 0 | T94: =MAX(0,MIN(R94-S94,$C94-(P94))) -> 0 | U94: =ROUND(R94-S94-T94,2) -> 0 | V94: =Y93*(1+F$7) -> 0 | W94: =MIN(V94,F$8) -> 0 | X94: =MAX(0,MIN(V94-W94,$C94-(P94+T94))) -> 0 | Y94: =ROUND(V94-W94-X94,2) -> 0 | Z94: =AC93*(1+G$7) -> 0 | AA94: =MIN(Z94,G$8) -> 0 | AB94: =MAX(0,MIN(Z94-AA94,$C94-(P94+T94+X94))) -> 0 | AC94: =ROUND(Z94-AA94-AB94,2) -> 0 | AD94: =AG93*(1+H$7) -> 0 | AE94: =MIN(AD94,H$8) -> 0 | AF94: =MAX(0,MIN(AD94-AE94,$C94-(P94+T94+X94+AB94))) -> 0 | AG94: =ROUND(AD94-AE94-AF94,2) -> 0 | AH94: =AK93*(1+I$7) -> 0 | AI94: =MIN(AH94,I$8) -> 0 | AJ94: =MAX(0,MIN(AH94-AI94,$C94-(P94+T94+X94+AB94+AF94))) -> 0 | AK94: =ROUND(AH94-AI94-AJ94,2) -> 0 | AL94: =AO93*(1+J$7) -> 0 | AM94: =MIN(AL94,J$8) -> 0 | AN94: =MAX(0,MIN(AL94-AM94,$C94-(P94+T94+X94+AB94+AF94+AJ94))) -> 0 | AO94: =ROUND(AL94-AM94-AN94,2) -> 0 | AP94: =AS93*(1+K$7) -> 0 | AQ94: =MIN(AP94,K$8) -> 0 | AR94: =MAX(0,MIN(AP94-AQ94,$C94-(P94+T94+X94+AB94+AF94+AJ94+AN94))) -> 0 | AS94: =ROUND(AP94-AQ94-AR94,2) -> 0 | AT94: =AW93*(1+L$7) -> 0 | AU94: =MIN(AT94,L$8) -> 0 | AV94: =MAX(0,MIN(AT94-AU94,$C94-(P94+T94+X94+AB94+AF94+AJ94+AN94+AR94))) -> 0 | AW94: =ROUND(AT94-AU94-AV94,2) -> 0 | AX94: =BA93*(1+M$7) -> 0 | AY94: =MIN(AX94,M$8) -> 0 | AZ94: =MAX(0,MIN(AX94-AY94,$C94-(P94+T94+X94+AB94+AF94+AJ94+AN94+AR94+AV94))) -> 0 | BA94: =ROUND(AX94-AY94-AZ94,2) -> 0
A95: 85 | B95: =EDATE(Borçlar!$K$7,84) -> 48853 | C95: =MAX(0,Borçlar!$K$8-(O95+S95+W95+AA95+AE95+AI95+AM95+AQ95+AU95+AY95)) -> 19000 | D95: =O95+P95+S95+T95+W95+X95+AA95+AB95+AE95+AF95+AI95+AJ95+AM95+AN95+AQ95+AR95+AU95+AV95+AY95+AZ95 -> 0 | E95: =(N95+R95+V95+Z95+AD95+AH95+AL95+AP95+AT95+AX95)-(F94) -> 0 | F95: =Q95+U95+Y95+AC95+AG95+AK95+AO95+AS95+AW95+BA95 -> 0 | N95: =Q94*(1+D$7) -> 0 | O95: =MIN(N95,D$8) -> 0 | P95: =MAX(0,MIN(N95-O95,$C95-(0))) -> 0 | Q95: =ROUND(N95-O95-P95,2) -> 0 | R95: =U94*(1+E$7) -> 0 | S95: =MIN(R95,E$8) -> 0 | T95: =MAX(0,MIN(R95-S95,$C95-(P95))) -> 0 | U95: =ROUND(R95-S95-T95,2) -> 0 | V95: =Y94*(1+F$7) -> 0 | W95: =MIN(V95,F$8) -> 0 | X95: =MAX(0,MIN(V95-W95,$C95-(P95+T95))) -> 0 | Y95: =ROUND(V95-W95-X95,2) -> 0 | Z95: =AC94*(1+G$7) -> 0 | AA95: =MIN(Z95,G$8) -> 0 | AB95: =MAX(0,MIN(Z95-AA95,$C95-(P95+T95+X95))) -> 0 | AC95: =ROUND(Z95-AA95-AB95,2) -> 0 | AD95: =AG94*(1+H$7) -> 0 | AE95: =MIN(AD95,H$8) -> 0 | AF95: =MAX(0,MIN(AD95-AE95,$C95-(P95+T95+X95+AB95))) -> 0 | AG95: =ROUND(AD95-AE95-AF95,2) -> 0 | AH95: =AK94*(1+I$7) -> 0 | AI95: =MIN(AH95,I$8) -> 0 | AJ95: =MAX(0,MIN(AH95-AI95,$C95-(P95+T95+X95+AB95+AF95))) -> 0 | AK95: =ROUND(AH95-AI95-AJ95,2) -> 0 | AL95: =AO94*(1+J$7) -> 0 | AM95: =MIN(AL95,J$8) -> 0 | AN95: =MAX(0,MIN(AL95-AM95,$C95-(P95+T95+X95+AB95+AF95+AJ95))) -> 0 | AO95: =ROUND(AL95-AM95-AN95,2) -> 0 | AP95: =AS94*(1+K$7) -> 0 | AQ95: =MIN(AP95,K$8) -> 0 | AR95: =MAX(0,MIN(AP95-AQ95,$C95-(P95+T95+X95+AB95+AF95+AJ95+AN95))) -> 0 | AS95: =ROUND(AP95-AQ95-AR95,2) -> 0 | AT95: =AW94*(1+L$7) -> 0 | AU95: =MIN(AT95,L$8) -> 0 | AV95: =MAX(0,MIN(AT95-AU95,$C95-(P95+T95+X95+AB95+AF95+AJ95+AN95+AR95))) -> 0 | AW95: =ROUND(AT95-AU95-AV95,2) -> 0 | AX95: =BA94*(1+M$7) -> 0 | AY95: =MIN(AX95,M$8) -> 0 | AZ95: =MAX(0,MIN(AX95-AY95,$C95-(P95+T95+X95+AB95+AF95+AJ95+AN95+AR95+AV95))) -> 0 | BA95: =ROUND(AX95-AY95-AZ95,2) -> 0
A96: 86 | B96: =EDATE(Borçlar!$K$7,85) -> 48884 | C96: =MAX(0,Borçlar!$K$8-(O96+S96+W96+AA96+AE96+AI96+AM96+AQ96+AU96+AY96)) -> 19000 | D96: =O96+P96+S96+T96+W96+X96+AA96+AB96+AE96+AF96+AI96+AJ96+AM96+AN96+AQ96+AR96+AU96+AV96+AY96+AZ96 -> 0 | E96: =(N96+R96+V96+Z96+AD96+AH96+AL96+AP96+AT96+AX96)-(F95) -> 0 | F96: =Q96+U96+Y96+AC96+AG96+AK96+AO96+AS96+AW96+BA96 -> 0 | N96: =Q95*(1+D$7) -> 0 | O96: =MIN(N96,D$8) -> 0 | P96: =MAX(0,MIN(N96-O96,$C96-(0))) -> 0 | Q96: =ROUND(N96-O96-P96,2) -> 0 | R96: =U95*(1+E$7) -> 0 | S96: =MIN(R96,E$8) -> 0 | T96: =MAX(0,MIN(R96-S96,$C96-(P96))) -> 0 | U96: =ROUND(R96-S96-T96,2) -> 0 | V96: =Y95*(1+F$7) -> 0 | W96: =MIN(V96,F$8) -> 0 | X96: =MAX(0,MIN(V96-W96,$C96-(P96+T96))) -> 0 | Y96: =ROUND(V96-W96-X96,2) -> 0 | Z96: =AC95*(1+G$7) -> 0 | AA96: =MIN(Z96,G$8) -> 0 | AB96: =MAX(0,MIN(Z96-AA96,$C96-(P96+T96+X96))) -> 0 | AC96: =ROUND(Z96-AA96-AB96,2) -> 0 | AD96: =AG95*(1+H$7) -> 0 | AE96: =MIN(AD96,H$8) -> 0 | AF96: =MAX(0,MIN(AD96-AE96,$C96-(P96+T96+X96+AB96))) -> 0 | AG96: =ROUND(AD96-AE96-AF96,2) -> 0 | AH96: =AK95*(1+I$7) -> 0 | AI96: =MIN(AH96,I$8) -> 0 | AJ96: =MAX(0,MIN(AH96-AI96,$C96-(P96+T96+X96+AB96+AF96))) -> 0 | AK96: =ROUND(AH96-AI96-AJ96,2) -> 0 | AL96: =AO95*(1+J$7) -> 0 | AM96: =MIN(AL96,J$8) -> 0 | AN96: =MAX(0,MIN(AL96-AM96,$C96-(P96+T96+X96+AB96+AF96+AJ96))) -> 0 | AO96: =ROUND(AL96-AM96-AN96,2) -> 0 | AP96: =AS95*(1+K$7) -> 0 | AQ96: =MIN(AP96,K$8) -> 0 | AR96: =MAX(0,MIN(AP96-AQ96,$C96-(P96+T96+X96+AB96+AF96+AJ96+AN96))) -> 0 | AS96: =ROUND(AP96-AQ96-AR96,2) -> 0 | AT96: =AW95*(1+L$7) -> 0 | AU96: =MIN(AT96,L$8) -> 0 | AV96: =MAX(0,MIN(AT96-AU96,$C96-(P96+T96+X96+AB96+AF96+AJ96+AN96+AR96))) -> 0 | AW96: =ROUND(AT96-AU96-AV96,2) -> 0 | AX96: =BA95*(1+M$7) -> 0 | AY96: =MIN(AX96,M$8) -> 0 | AZ96: =MAX(0,MIN(AX96-AY96,$C96-(P96+T96+X96+AB96+AF96+AJ96+AN96+AR96+AV96))) -> 0 | BA96: =ROUND(AX96-AY96-AZ96,2) -> 0
A97: 87 | B97: =EDATE(Borçlar!$K$7,86) -> 48914 | C97: =MAX(0,Borçlar!$K$8-(O97+S97+W97+AA97+AE97+AI97+AM97+AQ97+AU97+AY97)) -> 19000 | D97: =O97+P97+S97+T97+W97+X97+AA97+AB97+AE97+AF97+AI97+AJ97+AM97+AN97+AQ97+AR97+AU97+AV97+AY97+AZ97 -> 0 | E97: =(N97+R97+V97+Z97+AD97+AH97+AL97+AP97+AT97+AX97)-(F96) -> 0 | F97: =Q97+U97+Y97+AC97+AG97+AK97+AO97+AS97+AW97+BA97 -> 0 | N97: =Q96*(1+D$7) -> 0 | O97: =MIN(N97,D$8) -> 0 | P97: =MAX(0,MIN(N97-O97,$C97-(0))) -> 0 | Q97: =ROUND(N97-O97-P97,2) -> 0 | R97: =U96*(1+E$7) -> 0 | S97: =MIN(R97,E$8) -> 0 | T97: =MAX(0,MIN(R97-S97,$C97-(P97))) -> 0 | U97: =ROUND(R97-S97-T97,2) -> 0 | V97: =Y96*(1+F$7) -> 0 | W97: =MIN(V97,F$8) -> 0 | X97: =MAX(0,MIN(V97-W97,$C97-(P97+T97))) -> 0 | Y97: =ROUND(V97-W97-X97,2) -> 0 | Z97: =AC96*(1+G$7) -> 0 | AA97: =MIN(Z97,G$8) -> 0 | AB97: =MAX(0,MIN(Z97-AA97,$C97-(P97+T97+X97))) -> 0 | AC97: =ROUND(Z97-AA97-AB97,2) -> 0 | AD97: =AG96*(1+H$7) -> 0 | AE97: =MIN(AD97,H$8) -> 0 | AF97: =MAX(0,MIN(AD97-AE97,$C97-(P97+T97+X97+AB97))) -> 0 | AG97: =ROUND(AD97-AE97-AF97,2) -> 0 | AH97: =AK96*(1+I$7) -> 0 | AI97: =MIN(AH97,I$8) -> 0 | AJ97: =MAX(0,MIN(AH97-AI97,$C97-(P97+T97+X97+AB97+AF97))) -> 0 | AK97: =ROUND(AH97-AI97-AJ97,2) -> 0 | AL97: =AO96*(1+J$7) -> 0 | AM97: =MIN(AL97,J$8) -> 0 | AN97: =MAX(0,MIN(AL97-AM97,$C97-(P97+T97+X97+AB97+AF97+AJ97))) -> 0 | AO97: =ROUND(AL97-AM97-AN97,2) -> 0 | AP97: =AS96*(1+K$7) -> 0 | AQ97: =MIN(AP97,K$8) -> 0 | AR97: =MAX(0,MIN(AP97-AQ97,$C97-(P97+T97+X97+AB97+AF97+AJ97+AN97))) -> 0 | AS97: =ROUND(AP97-AQ97-AR97,2) -> 0 | AT97: =AW96*(1+L$7) -> 0 | AU97: =MIN(AT97,L$8) -> 0 | AV97: =MAX(0,MIN(AT97-AU97,$C97-(P97+T97+X97+AB97+AF97+AJ97+AN97+AR97))) -> 0 | AW97: =ROUND(AT97-AU97-AV97,2) -> 0 | AX97: =BA96*(1+M$7) -> 0 | AY97: =MIN(AX97,M$8) -> 0 | AZ97: =MAX(0,MIN(AX97-AY97,$C97-(P97+T97+X97+AB97+AF97+AJ97+AN97+AR97+AV97))) -> 0 | BA97: =ROUND(AX97-AY97-AZ97,2) -> 0
A98: 88 | B98: =EDATE(Borçlar!$K$7,87) -> 48945 | C98: =MAX(0,Borçlar!$K$8-(O98+S98+W98+AA98+AE98+AI98+AM98+AQ98+AU98+AY98)) -> 19000 | D98: =O98+P98+S98+T98+W98+X98+AA98+AB98+AE98+AF98+AI98+AJ98+AM98+AN98+AQ98+AR98+AU98+AV98+AY98+AZ98 -> 0 | E98: =(N98+R98+V98+Z98+AD98+AH98+AL98+AP98+AT98+AX98)-(F97) -> 0 | F98: =Q98+U98+Y98+AC98+AG98+AK98+AO98+AS98+AW98+BA98 -> 0 | N98: =Q97*(1+D$7) -> 0 | O98: =MIN(N98,D$8) -> 0 | P98: =MAX(0,MIN(N98-O98,$C98-(0))) -> 0 | Q98: =ROUND(N98-O98-P98,2) -> 0 | R98: =U97*(1+E$7) -> 0 | S98: =MIN(R98,E$8) -> 0 | T98: =MAX(0,MIN(R98-S98,$C98-(P98))) -> 0 | U98: =ROUND(R98-S98-T98,2) -> 0 | V98: =Y97*(1+F$7) -> 0 | W98: =MIN(V98,F$8) -> 0 | X98: =MAX(0,MIN(V98-W98,$C98-(P98+T98))) -> 0 | Y98: =ROUND(V98-W98-X98,2) -> 0 | Z98: =AC97*(1+G$7) -> 0 | AA98: =MIN(Z98,G$8) -> 0 | AB98: =MAX(0,MIN(Z98-AA98,$C98-(P98+T98+X98))) -> 0 | AC98: =ROUND(Z98-AA98-AB98,2) -> 0 | AD98: =AG97*(1+H$7) -> 0 | AE98: =MIN(AD98,H$8) -> 0 | AF98: =MAX(0,MIN(AD98-AE98,$C98-(P98+T98+X98+AB98))) -> 0 | AG98: =ROUND(AD98-AE98-AF98,2) -> 0 | AH98: =AK97*(1+I$7) -> 0 | AI98: =MIN(AH98,I$8) -> 0 | AJ98: =MAX(0,MIN(AH98-AI98,$C98-(P98+T98+X98+AB98+AF98))) -> 0 | AK98: =ROUND(AH98-AI98-AJ98,2) -> 0 | AL98: =AO97*(1+J$7) -> 0 | AM98: =MIN(AL98,J$8) -> 0 | AN98: =MAX(0,MIN(AL98-AM98,$C98-(P98+T98+X98+AB98+AF98+AJ98))) -> 0 | AO98: =ROUND(AL98-AM98-AN98,2) -> 0 | AP98: =AS97*(1+K$7) -> 0 | AQ98: =MIN(AP98,K$8) -> 0 | AR98: =MAX(0,MIN(AP98-AQ98,$C98-(P98+T98+X98+AB98+AF98+AJ98+AN98))) -> 0 | AS98: =ROUND(AP98-AQ98-AR98,2) -> 0 | AT98: =AW97*(1+L$7) -> 0 | AU98: =MIN(AT98,L$8) -> 0 | AV98: =MAX(0,MIN(AT98-AU98,$C98-(P98+T98+X98+AB98+AF98+AJ98+AN98+AR98))) -> 0 | AW98: =ROUND(AT98-AU98-AV98,2) -> 0 | AX98: =BA97*(1+M$7) -> 0 | AY98: =MIN(AX98,M$8) -> 0 | AZ98: =MAX(0,MIN(AX98-AY98,$C98-(P98+T98+X98+AB98+AF98+AJ98+AN98+AR98+AV98))) -> 0 | BA98: =ROUND(AX98-AY98-AZ98,2) -> 0
A99: 89 | B99: =EDATE(Borçlar!$K$7,88) -> 48976 | C99: =MAX(0,Borçlar!$K$8-(O99+S99+W99+AA99+AE99+AI99+AM99+AQ99+AU99+AY99)) -> 19000 | D99: =O99+P99+S99+T99+W99+X99+AA99+AB99+AE99+AF99+AI99+AJ99+AM99+AN99+AQ99+AR99+AU99+AV99+AY99+AZ99 -> 0 | E99: =(N99+R99+V99+Z99+AD99+AH99+AL99+AP99+AT99+AX99)-(F98) -> 0 | F99: =Q99+U99+Y99+AC99+AG99+AK99+AO99+AS99+AW99+BA99 -> 0 | N99: =Q98*(1+D$7) -> 0 | O99: =MIN(N99,D$8) -> 0 | P99: =MAX(0,MIN(N99-O99,$C99-(0))) -> 0 | Q99: =ROUND(N99-O99-P99,2) -> 0 | R99: =U98*(1+E$7) -> 0 | S99: =MIN(R99,E$8) -> 0 | T99: =MAX(0,MIN(R99-S99,$C99-(P99))) -> 0 | U99: =ROUND(R99-S99-T99,2) -> 0 | V99: =Y98*(1+F$7) -> 0 | W99: =MIN(V99,F$8) -> 0 | X99: =MAX(0,MIN(V99-W99,$C99-(P99+T99))) -> 0 | Y99: =ROUND(V99-W99-X99,2) -> 0 | Z99: =AC98*(1+G$7) -> 0 | AA99: =MIN(Z99,G$8) -> 0 | AB99: =MAX(0,MIN(Z99-AA99,$C99-(P99+T99+X99))) -> 0 | AC99: =ROUND(Z99-AA99-AB99,2) -> 0 | AD99: =AG98*(1+H$7) -> 0 | AE99: =MIN(AD99,H$8) -> 0 | AF99: =MAX(0,MIN(AD99-AE99,$C99-(P99+T99+X99+AB99))) -> 0 | AG99: =ROUND(AD99-AE99-AF99,2) -> 0 | AH99: =AK98*(1+I$7) -> 0 | AI99: =MIN(AH99,I$8) -> 0 | AJ99: =MAX(0,MIN(AH99-AI99,$C99-(P99+T99+X99+AB99+AF99))) -> 0 | AK99: =ROUND(AH99-AI99-AJ99,2) -> 0 | AL99: =AO98*(1+J$7) -> 0 | AM99: =MIN(AL99,J$8) -> 0 | AN99: =MAX(0,MIN(AL99-AM99,$C99-(P99+T99+X99+AB99+AF99+AJ99))) -> 0 | AO99: =ROUND(AL99-AM99-AN99,2) -> 0 | AP99: =AS98*(1+K$7) -> 0 | AQ99: =MIN(AP99,K$8) -> 0 | AR99: =MAX(0,MIN(AP99-AQ99,$C99-(P99+T99+X99+AB99+AF99+AJ99+AN99))) -> 0 | AS99: =ROUND(AP99-AQ99-AR99,2) -> 0 | AT99: =AW98*(1+L$7) -> 0 | AU99: =MIN(AT99,L$8) -> 0 | AV99: =MAX(0,MIN(AT99-AU99,$C99-(P99+T99+X99+AB99+AF99+AJ99+AN99+AR99))) -> 0 | AW99: =ROUND(AT99-AU99-AV99,2) -> 0 | AX99: =BA98*(1+M$7) -> 0 | AY99: =MIN(AX99,M$8) -> 0 | AZ99: =MAX(0,MIN(AX99-AY99,$C99-(P99+T99+X99+AB99+AF99+AJ99+AN99+AR99+AV99))) -> 0 | BA99: =ROUND(AX99-AY99-AZ99,2) -> 0
A100: 90 | B100: =EDATE(Borçlar!$K$7,89) -> 49004 | C100: =MAX(0,Borçlar!$K$8-(O100+S100+W100+AA100+AE100+AI100+AM100+AQ100+AU100+AY100)) -> 19000 | D100: =O100+P100+S100+T100+W100+X100+AA100+AB100+AE100+AF100+AI100+AJ100+AM100+AN100+AQ100+AR100+AU100+AV100+AY100+AZ100 -> 0 | E100: =(N100+R100+V100+Z100+AD100+AH100+AL100+AP100+AT100+AX100)-(F99) -> 0 | F100: =Q100+U100+Y100+AC100+AG100+AK100+AO100+AS100+AW100+BA100 -> 0 | N100: =Q99*(1+D$7) -> 0 | O100: =MIN(N100,D$8) -> 0 | P100: =MAX(0,MIN(N100-O100,$C100-(0))) -> 0 | Q100: =ROUND(N100-O100-P100,2) -> 0 | R100: =U99*(1+E$7) -> 0 | S100: =MIN(R100,E$8) -> 0 | T100: =MAX(0,MIN(R100-S100,$C100-(P100))) -> 0 | U100: =ROUND(R100-S100-T100,2) -> 0 | V100: =Y99*(1+F$7) -> 0 | W100: =MIN(V100,F$8) -> 0 | X100: =MAX(0,MIN(V100-W100,$C100-(P100+T100))) -> 0 | Y100: =ROUND(V100-W100-X100,2) -> 0 | Z100: =AC99*(1+G$7) -> 0 | AA100: =MIN(Z100,G$8) -> 0 | AB100: =MAX(0,MIN(Z100-AA100,$C100-(P100+T100+X100))) -> 0 | AC100: =ROUND(Z100-AA100-AB100,2) -> 0 | AD100: =AG99*(1+H$7) -> 0 | AE100: =MIN(AD100,H$8) -> 0 | AF100: =MAX(0,MIN(AD100-AE100,$C100-(P100+T100+X100+AB100))) -> 0 | AG100: =ROUND(AD100-AE100-AF100,2) -> 0 | AH100: =AK99*(1+I$7) -> 0 | AI100: =MIN(AH100,I$8) -> 0 | AJ100: =MAX(0,MIN(AH100-AI100,$C100-(P100+T100+X100+AB100+AF100))) -> 0 | AK100: =ROUND(AH100-AI100-AJ100,2) -> 0 | AL100: =AO99*(1+J$7) -> 0 | AM100: =MIN(AL100,J$8) -> 0 | AN100: =MAX(0,MIN(AL100-AM100,$C100-(P100+T100+X100+AB100+AF100+AJ100))) -> 0 | AO100: =ROUND(AL100-AM100-AN100,2) -> 0 | AP100: =AS99*(1+K$7) -> 0 | AQ100: =MIN(AP100,K$8) -> 0 | AR100: =MAX(0,MIN(AP100-AQ100,$C100-(P100+T100+X100+AB100+AF100+AJ100+AN100))) -> 0 | AS100: =ROUND(AP100-AQ100-AR100,2) -> 0 | AT100: =AW99*(1+L$7) -> 0 | AU100: =MIN(AT100,L$8) -> 0 | AV100: =MAX(0,MIN(AT100-AU100,$C100-(P100+T100+X100+AB100+AF100+AJ100+AN100+AR100))) -> 0 | AW100: =ROUND(AT100-AU100-AV100,2) -> 0 | AX100: =BA99*(1+M$7) -> 0 | AY100: =MIN(AX100,M$8) -> 0 | AZ100: =MAX(0,MIN(AX100-AY100,$C100-(P100+T100+X100+AB100+AF100+AJ100+AN100+AR100+AV100))) -> 0 | BA100: =ROUND(AX100-AY100-AZ100,2) -> 0
A101: 91 | B101: =EDATE(Borçlar!$K$7,90) -> 49035 | C101: =MAX(0,Borçlar!$K$8-(O101+S101+W101+AA101+AE101+AI101+AM101+AQ101+AU101+AY101)) -> 19000 | D101: =O101+P101+S101+T101+W101+X101+AA101+AB101+AE101+AF101+AI101+AJ101+AM101+AN101+AQ101+AR101+AU101+AV101+AY101+AZ101 -> 0 | E101: =(N101+R101+V101+Z101+AD101+AH101+AL101+AP101+AT101+AX101)-(F100) -> 0 | F101: =Q101+U101+Y101+AC101+AG101+AK101+AO101+AS101+AW101+BA101 -> 0 | N101: =Q100*(1+D$7) -> 0 | O101: =MIN(N101,D$8) -> 0 | P101: =MAX(0,MIN(N101-O101,$C101-(0))) -> 0 | Q101: =ROUND(N101-O101-P101,2) -> 0 | R101: =U100*(1+E$7) -> 0 | S101: =MIN(R101,E$8) -> 0 | T101: =MAX(0,MIN(R101-S101,$C101-(P101))) -> 0 | U101: =ROUND(R101-S101-T101,2) -> 0 | V101: =Y100*(1+F$7) -> 0 | W101: =MIN(V101,F$8) -> 0 | X101: =MAX(0,MIN(V101-W101,$C101-(P101+T101))) -> 0 | Y101: =ROUND(V101-W101-X101,2) -> 0 | Z101: =AC100*(1+G$7) -> 0 | AA101: =MIN(Z101,G$8) -> 0 | AB101: =MAX(0,MIN(Z101-AA101,$C101-(P101+T101+X101))) -> 0 | AC101: =ROUND(Z101-AA101-AB101,2) -> 0 | AD101: =AG100*(1+H$7) -> 0 | AE101: =MIN(AD101,H$8) -> 0 | AF101: =MAX(0,MIN(AD101-AE101,$C101-(P101+T101+X101+AB101))) -> 0 | AG101: =ROUND(AD101-AE101-AF101,2) -> 0 | AH101: =AK100*(1+I$7) -> 0 | AI101: =MIN(AH101,I$8) -> 0 | AJ101: =MAX(0,MIN(AH101-AI101,$C101-(P101+T101+X101+AB101+AF101))) -> 0 | AK101: =ROUND(AH101-AI101-AJ101,2) -> 0 | AL101: =AO100*(1+J$7) -> 0 | AM101: =MIN(AL101,J$8) -> 0 | AN101: =MAX(0,MIN(AL101-AM101,$C101-(P101+T101+X101+AB101+AF101+AJ101))) -> 0 | AO101: =ROUND(AL101-AM101-AN101,2) -> 0 | AP101: =AS100*(1+K$7) -> 0 | AQ101: =MIN(AP101,K$8) -> 0 | AR101: =MAX(0,MIN(AP101-AQ101,$C101-(P101+T101+X101+AB101+AF101+AJ101+AN101))) -> 0 | AS101: =ROUND(AP101-AQ101-AR101,2) -> 0 | AT101: =AW100*(1+L$7) -> 0 | AU101: =MIN(AT101,L$8) -> 0 | AV101: =MAX(0,MIN(AT101-AU101,$C101-(P101+T101+X101+AB101+AF101+AJ101+AN101+AR101))) -> 0 | AW101: =ROUND(AT101-AU101-AV101,2) -> 0 | AX101: =BA100*(1+M$7) -> 0 | AY101: =MIN(AX101,M$8) -> 0 | AZ101: =MAX(0,MIN(AX101-AY101,$C101-(P101+T101+X101+AB101+AF101+AJ101+AN101+AR101+AV101))) -> 0 | BA101: =ROUND(AX101-AY101-AZ101,2) -> 0
...

Sheet Yalnız Asgari
A1: Karşılaştırma (yalnız asgari ödemeyle)
B2: Borç | D2: =IFERROR(INDEX(Borçlar!$A$5:$A$14,MATCH(1,Borçlar!$E$5:$E$14,0))&"","") -> Kredili hesap | E2: =IFERROR(INDEX(Borçlar!$A$5:$A$14,MATCH(2,Borçlar!$E$5:$E$14,0))&"","") -> Kredi kartı | F2: =IFERROR(INDEX(Borçlar!$A$5:$A$14,MATCH(3,Borçlar!$E$5:$E$14,0))&"","") -> İhtiyaç kredisi | G2: =IFERROR(INDEX(Borçlar!$A$5:$A$14,MATCH(4,Borçlar!$E$5:$E$14,0))&"","") -> Aileden borç | H2: =IFERROR(INDEX(Borçlar!$A$5:$A$14,MATCH(5,Borçlar!$E$5:$E$14,0))&"","") | I2: =IFERROR(INDEX(Borçlar!$A$5:$A$14,MATCH(6,Borçlar!$E$5:$E$14,0))&"","") | J2: =IFERROR(INDEX(Borçlar!$A$5:$A$14,MATCH(7,Borçlar!$E$5:$E$14,0))&"","") | K2: =IFERROR(INDEX(Borçlar!$A$5:$A$14,MATCH(8,Borçlar!$E$5:$E$14,0))&"","") | L2: =IFERROR(INDEX(Borçlar!$A$5:$A$14,MATCH(9,Borçlar!$E$5:$E$14,0))&"","") | M2: =IFERROR(INDEX(Borçlar!$A$5:$A$14,MATCH(10,Borçlar!$E$5:$E$14,0))&"","")
C3: Öncelik | D3: 1 | E3: 2 | F3: 3 | G3: 4 | H3: 5 | I3: 6 | J3: 7 | K3: 8 | L3: 9 | M3: 10
B4: Kapanış ayı | D4: =IF(D6=0,"",IFERROR(INDEX($B$11:$B$130,MATCH(0,Q11:Q130,0)),"Bitmiyor")) -> 47027 | E4: =IF(E6=0,"",IFERROR(INDEX($B$11:$B$130,MATCH(0,U11:U130,0)),"Bitmiyor")) -> 47150 | F4: =IF(F6=0,"",IFERROR(INDEX($B$11:$B$130,MATCH(0,Y11:Y130,0)),"Bitmiyor")) -> 46997 | G4: =IF(G6=0,"",IFERROR(INDEX($B$11:$B$130,MATCH(0,AC11:AC130,0)),"Bitmiyor")) -> 46874 | H4: =IF(H6=0,"",IFERROR(INDEX($B$11:$B$130,MATCH(0,AG11:AG130,0)),"Bitmiyor")) | I4: =IF(I6=0,"",IFERROR(INDEX($B$11:$B$130,MATCH(0,AK11:AK130,0)),"Bitmiyor")) | J4: =IF(J6=0,"",IFERROR(INDEX($B$11:$B$130,MATCH(0,AO11:AO130,0)),"Bitmiyor")) | K4: =IF(K6=0,"",IFERROR(INDEX($B$11:$B$130,MATCH(0,AS11:AS130,0)),"Bitmiyor")) | L4: =IF(L6=0,"",IFERROR(INDEX($B$11:$B$130,MATCH(0,AW11:AW130,0)),"Bitmiyor")) | M4: =IF(M6=0,"",IFERROR(INDEX($B$11:$B$130,MATCH(0,BA11:BA130,0)),"Bitmiyor"))
B5: Toplam faiz (₺) | D5: =IF(D6=0,0,SUM(N11:N130)-D6-(SUM(Q11:Q130)-Q130)) -> 24467.013 | E5: =IF(E6=0,0,SUM(R11:R130)-E6-(SUM(U11:U130)-U130)) -> 65455.369 | F5: =IF(F6=0,0,SUM(V11:V130)-F6-(SUM(Y11:Y130)-Y130)) -> 59000.464 | G5: =IF(G6=0,0,SUM(Z11:Z130)-G6-(SUM(AC11:AC130)-AC130)) -> 0 | H5: =IF(H6=0,0,SUM(AD11:AD130)-H6-(SUM(AG11:AG130)-AG130)) -> 0 | I5: =IF(I6=0,0,SUM(AH11:AH130)-I6-(SUM(AK11:AK130)-AK130)) -> 0 | J5: =IF(J6=0,0,SUM(AL11:AL130)-J6-(SUM(AO11:AO130)-AO130)) -> 0 | K5: =IF(K6=0,0,SUM(AP11:AP130)-K6-(SUM(AS11:AS130)-AS130)) -> 0 | L5: =IF(L6=0,0,SUM(AT11:AT130)-L6-(SUM(AW11:AW130)-AW130)) -> 0 | M5: =IF(M6=0,0,SUM(AX11:AX130)-M6-(SUM(BA11:BA130)-BA130)) -> 0
B6: Açılış bakiyesi | D6: =IFERROR(INDEX(Borçlar!$B$5:$B$14,MATCH(1,Borçlar!$E$5:$E$14,0)),0) -> 25000 | E6: =IFERROR(INDEX(Borçlar!$B$5:$B$14,MATCH(2,Borçlar!$E$5:$E$14,0)),0) -> 60000 | F6: =IFERROR(INDEX(Borçlar!$B$5:$B$14,MATCH(3,Borçlar!$E$5:$E$14,0)),0) -> 120000 | G6: =IFERROR(INDEX(Borçlar!$B$5:$B$14,MATCH(4,Borçlar!$E$5:$E$14,0)),0) -> 40000 | H6: =IFERROR(INDEX(Borçlar!$B$5:$B$14,MATCH(5,Borçlar!$E$5:$E$14,0)),0) -> 0 | I6: =IFERROR(INDEX(Borçlar!$B$5:$B$14,MATCH(6,Borçlar!$E$5:$E$14,0)),0) -> 0 | J6: =IFERROR(INDEX(Borçlar!$B$5:$B$14,MATCH(7,Borçlar!$E$5:$E$14,0)),0) -> 0 | K6: =IFERROR(INDEX(Borçlar!$B$5:$B$14,MATCH(8,Borçlar!$E$5:$E$14,0)),0) -> 0 | L6: =IFERROR(INDEX(Borçlar!$B$5:$B$14,MATCH(9,Borçlar!$E$5:$E$14,0)),0) -> 0 | M6: =IFERROR(INDEX(Borçlar!$B$5:$B$14,MATCH(10,Borçlar!$E$5:$E$14,0)),0) -> 0
B7: Aylık faiz | D7: =IFERROR(INDEX(Borçlar!$C$5:$C$14,MATCH(1,Borçlar!$E$5:$E$14,0)),0) -> 0.05 | E7: =IFERROR(INDEX(Borçlar!$C$5:$C$14,MATCH(2,Borçlar!$E$5:$E$14,0)),0) -> 0.045 | F7: =IFERROR(INDEX(Borçlar!$C$5:$C$14,MATCH(3,Borçlar!$E$5:$E$14,0)),0) -> 0.035 | G7: =IFERROR(INDEX(Borçlar!$C$5:$C$14,MATCH(4,Borçlar!$E$5:$E$14,0)),0) -> 0 | H7: =IFERROR(INDEX(Borçlar!$C$5:$C$14,MATCH(5,Borçlar!$E$5:$E$14,0)),0) -> 0 | I7: =IFERROR(INDEX(Borçlar!$C$5:$C$14,MATCH(6,Borçlar!$E$5:$E$14,0)),0) -> 0 | J7: =IFERROR(INDEX(Borçlar!$C$5:$C$14,MATCH(7,Borçlar!$E$5:$E$14,0)),0) -> 0 | K7: =IFERROR(INDEX(Borçlar!$C$5:$C$14,MATCH(8,Borçlar!$E$5:$E$14,0)),0) -> 0 | L7: =IFERROR(INDEX(Borçlar!$C$5:$C$14,MATCH(9,Borçlar!$E$5:$E$14,0)),0) -> 0 | M7: =IFERROR(INDEX(Borçlar!$C$5:$C$14,MATCH(10,Borçlar!$E$5:$E$14,0)),0) -> 0
B8: Asgari ödeme | D8: =IFERROR(INDEX(Borçlar!$D$5:$D$14,MATCH(1,Borçlar!$E$5:$E$14,0)),0) -> 1500 | E8: =IFERROR(INDEX(Borçlar!$D$5:$D$14,MATCH(2,Borçlar!$E$5:$E$14,0)),0) -> 3000 | F8: =IFERROR(INDEX(Borçlar!$D$5:$D$14,MATCH(3,Borçlar!$E$5:$E$14,0)),0) -> 7500 | G8: =IFERROR(INDEX(Borçlar!$D$5:$D$14,MATCH(4,Borçlar!$E$5:$E$14,0)),0) -> 2000 | H8: =IFERROR(INDEX(Borçlar!$D$5:$D$14,MATCH(5,Borçlar!$E$5:$E$14,0)),0) -> 0 | I8: =IFERROR(INDEX(Borçlar!$D$5:$D$14,MATCH(6,Borçlar!$E$5:$E$14,0)),0) -> 0 | J8: =IFERROR(INDEX(Borçlar!$D$5:$D$14,MATCH(7,Borçlar!$E$5:$E$14,0)),0) -> 0 | K8: =IFERROR(INDEX(Borçlar!$D$5:$D$14,MATCH(8,Borçlar!$E$5:$E$14,0)),0) -> 0 | L8: =IFERROR(INDEX(Borçlar!$D$5:$D$14,MATCH(9,Borçlar!$E$5:$E$14,0)),0) -> 0 | M8: =IFERROR(INDEX(Borçlar!$D$5:$D$14,MATCH(10,Borçlar!$E$5:$E$14,0)),0) -> 0
A10: Ay | B10: Tarih | C10: Dağıtılacak ek (₺) | D10: Toplam ödeme (₺) | E10: O ayın faizi (₺) | F10: Kalan borç (₺) | N10: ="Borç 1: toplam" -> Borç 1: toplam | O10: asgari | P10: ek | Q10: bakiye | R10: ="Borç 2: toplam" -> Borç 2: toplam | S10: asgari | T10: ek | U10: bakiye | V10: ="Borç 3: toplam" -> Borç 3: toplam | W10: asgari | X10: ek | Y10: bakiye | Z10: ="Borç 4: toplam" -> Borç 4: toplam | AA10: asgari | AB10: ek | AC10: bakiye | AD10: ="Borç 5: toplam" -> Borç 5: toplam | AE10: asgari | AF10: ek | AG10: bakiye | AH10: ="Borç 6: toplam" -> Borç 6: toplam | AI10: asgari | AJ10: ek | AK10: bakiye | AL10: ="Borç 7: toplam" -> Borç 7: toplam | AM10: asgari | AN10: ek | AO10: bakiye | AP10: ="Borç 8: toplam" -> Borç 8: toplam | AQ10: asgari | AR10: ek | AS10: bakiye | AT10: ="Borç 9: toplam" -> Borç 9: toplam | AU10: asgari | AV10: ek | AW10: bakiye | AX10: ="Borç 10: toplam" -> Borç 10: toplam | AY10: asgari | AZ10: ek | BA10: bakiye
A11: 1 | B11: =EDATE(Borçlar!$K$7,0) -> 46296 | C11: =MAX(0,SUM(Borçlar!$D$5:$D$14)-(O11+S11+W11+AA11+AE11+AI11+AM11+AQ11+AU11+AY11)) -> 0 | D11: =O11+P11+S11+T11+W11+X11+AA11+AB11+AE11+AF11+AI11+AJ11+AM11+AN11+AQ11+AR11+AU11+AV11+AY11+AZ11 -> 14000 | E11: =(N11+R11+V11+Z11+AD11+AH11+AL11+AP11+AT11+AX11)-(D$6+E$6+F$6+G$6+H$6+I$6+J$6+K$6+L$6+M$6) -> 8150 | F11: =Q11+U11+Y11+AC11+AG11+AK11+AO11+AS11+AW11+BA11 -> 239150 | N11: =D$6*(1+D$7) -> 26250 | O11: =MIN(N11,D$8) -> 1500 | P11: =MAX(0,MIN(N11-O11,$C11-(0))) -> 0 | Q11: =ROUND(N11-O11-P11,2) -> 24750 | R11: =E$6*(1+E$7) -> 62700 | S11: =MIN(R11,E$8) -> 3000 | T11: =MAX(0,MIN(R11-S11,$C11-(P11))) -> 0 | U11: =ROUND(R11-S11-T11,2) -> 59700 | V11: =F$6*(1+F$7) -> 124200 | W11: =MIN(V11,F$8) -> 7500 | X11: =MAX(0,MIN(V11-W11,$C11-(P11+T11))) -> 0 | Y11: =ROUND(V11-W11-X11,2) -> 116700 | Z11: =G$6*(1+G$7) -> 40000 | AA11: =MIN(Z11,G$8) -> 2000 | AB11: =MAX(0,MIN(Z11-AA11,$C11-(P11+T11+X11))) -> 0 | AC11: =ROUND(Z11-AA11-AB11,2) -> 38000 | AD11: =H$6*(1+H$7) -> 0 | AE11: =MIN(AD11,H$8) -> 0 | AF11: =MAX(0,MIN(AD11-AE11,$C11-(P11+T11+X11+AB11))) -> 0 | AG11: =ROUND(AD11-AE11-AF11,2) -> 0 | AH11: =I$6*(1+I$7) -> 0 | AI11: =MIN(AH11,I$8) -> 0 | AJ11: =MAX(0,MIN(AH11-AI11,$C11-(P11+T11+X11+AB11+AF11))) -> 0 | AK11: =ROUND(AH11-AI11-AJ11,2) -> 0 | AL11: =J$6*(1+J$7) -> 0 | AM11: =MIN(AL11,J$8) -> 0 | AN11: =MAX(0,MIN(AL11-AM11,$C11-(P11+T11+X11+AB11+AF11+AJ11))) -> 0 | AO11: =ROUND(AL11-AM11-AN11,2) -> 0 | AP11: =K$6*(1+K$7) -> 0 | AQ11: =MIN(AP11,K$8) -> 0 | AR11: =MAX(0,MIN(AP11-AQ11,$C11-(P11+T11+X11+AB11+AF11+AJ11+AN11))) -> 0 | AS11: =ROUND(AP11-AQ11-AR11,2) -> 0 | AT11: =L$6*(1+L$7) -> 0 | AU11: =MIN(AT11,L$8) -> 0 | AV11: =MAX(0,MIN(AT11-AU11,$C11-(P11+T11+X11+AB11+AF11+AJ11+AN11+AR11))) -> 0 | AW11: =ROUND(AT11-AU11-AV11,2) -> 0 | AX11: =M$6*(1+M$7) -> 0 | AY11: =MIN(AX11,M$8) -> 0 | AZ11: =MAX(0,MIN(AX11-AY11,$C11-(P11+T11+X11+AB11+AF11+AJ11+AN11+AR11+AV11))) -> 0 | BA11: =ROUND(AX11-AY11-AZ11,2) -> 0
A12: 2 | B12: =EDATE(Borçlar!$K$7,1) -> 46327 | C12: =MAX(0,SUM(Borçlar!$D$5:$D$14)-(O12+S12+W12+AA12+AE12+AI12+AM12+AQ12+AU12+AY12)) -> 0 | D12: =O12+P12+S12+T12+W12+X12+AA12+AB12+AE12+AF12+AI12+AJ12+AM12+AN12+AQ12+AR12+AU12+AV12+AY12+AZ12 -> 14000 | E12: =(N12+R12+V12+Z12+AD12+AH12+AL12+AP12+AT12+AX12)-(F11) -> 8008.5 | F12: =Q12+U12+Y12+AC12+AG12+AK12+AO12+AS12+AW12+BA12 -> 233158.5 | N12: =Q11*(1+D$7) -> 25987.5 | O12: =MIN(N12,D$8) -> 1500 | P12: =MAX(0,MIN(N12-O12,$C12-(0))) -> 0 | Q12: =ROUND(N12-O12-P12,2) -> 24487.5 | R12: =U11*(1+E$7) -> 62386.5 | S12: =MIN(R12,E$8) -> 3000 | T12: =MAX(0,MIN(R12-S12,$C12-(P12))) -> 0 | U12: =ROUND(R12-S12-T12,2) -> 59386.5 | V12: =Y11*(1+F$7) -> 120784.5 | W12: =MIN(V12,F$8) -> 7500 | X12: =MAX(0,MIN(V12-W12,$C12-(P12+T12))) -> 0 | Y12: =ROUND(V12-W12-X12,2) -> 113284.5 | Z12: =AC11*(1+G$7) -> 38000 | AA12: =MIN(Z12,G$8) -> 2000 | AB12: =MAX(0,MIN(Z12-AA12,$C12-(P12+T12+X12))) -> 0 | AC12: =ROUND(Z12-AA12-AB12,2) -> 36000 | AD12: =AG11*(1+H$7) -> 0 | AE12: =MIN(AD12,H$8) -> 0 | AF12: =MAX(0,MIN(AD12-AE12,$C12-(P12+T12+X12+AB12))) -> 0 | AG12: =ROUND(AD12-AE12-AF12,2) -> 0 | AH12: =AK11*(1+I$7) -> 0 | AI12: =MIN(AH12,I$8) -> 0 | AJ12: =MAX(0,MIN(AH12-AI12,$C12-(P12+T12+X12+AB12+AF12))) -> 0 | AK12: =ROUND(AH12-AI12-AJ12,2) -> 0 | AL12: =AO11*(1+J$7) -> 0 | AM12: =MIN(AL12,J$8) -> 0 | AN12: =MAX(0,MIN(AL12-AM12,$C12-(P12+T12+X12+AB12+AF12+AJ12))) -> 0 | AO12: =ROUND(AL12-AM12-AN12,2) -> 0 | AP12: =AS11*(1+K$7) -> 0 | AQ12: =MIN(AP12,K$8) -> 0 | AR12: =MAX(0,MIN(AP12-AQ12,$C12-(P12+T12+X12+AB12+AF12+AJ12+AN12))) -> 0 | AS12: =ROUND(AP12-AQ12-AR12,2) -> 0 | AT12: =AW11*(1+L$7) -> 0 | AU12: =MIN(AT12,L$8) -> 0 | AV12: =MAX(0,MIN(AT12-AU12,$C12-(P12+T12+X12+AB12+AF12+AJ12+AN12+AR12))) -> 0 | AW12: =ROUND(AT12-AU12-AV12,2) -> 0 | AX12: =BA11*(1+M$7) -> 0 | AY12: =MIN(AX12,M$8) -> 0 | AZ12: =MAX(0,MIN(AX12-AY12,$C12-(P12+T12+X12+AB12+AF12+AJ12+AN12+AR12+AV12))) -> 0 | BA12: =ROUND(AX12-AY12-AZ12,2) -> 0
A13: 3 | B13: =EDATE(Borçlar!$K$7,2) -> 46357 | C13: =MAX(0,SUM(Borçlar!$D$5:$D$14)-(O13+S13+W13+AA13+AE13+AI13+AM13+AQ13+AU13+AY13)) -> 0 | D13: =O13+P13+S13+T13+W13+X13+AA13+AB13+AE13+AF13+AI13+AJ13+AM13+AN13+AQ13+AR13+AU13+AV13+AY13+AZ13 -> 14000 | E13: =(N13+R13+V13+Z13+AD13+AH13+AL13+AP13+AT13+AX13)-(F12) -> 7861.725 | F13: =Q13+U13+Y13+AC13+AG13+AK13+AO13+AS13+AW13+BA13 -> 227020.23 | N13: =Q12*(1+D$7) -> 25711.875 | O13: =MIN(N13,D$8) -> 1500 | P13: =MAX(0,MIN(N13-O13,$C13-(0))) -> 0 | Q13: =ROUND(N13-O13-P13,2) -> 24211.88 | R13: =U12*(1+E$7) -> 62058.893 | S13: =MIN(R13,E$8) -> 3000 | T13: =MAX(0,MIN(R13-S13,$C13-(P13))) -> 0 | U13: =ROUND(R13-S13-T13,2) -> 59058.89 | V13: =Y12*(1+F$7) -> 117249.46 | W13: =MIN(V13,F$8) -> 7500 | X13: =MAX(0,MIN(V13-W13,$C13-(P13+T13))) -> 0 | Y13: =ROUND(V13-W13-X13,2) -> 109749.46 | Z13: =AC12*(1+G$7) -> 36000 | AA13: =MIN(Z13,G$8) -> 2000 | AB13: =MAX(0,MIN(Z13-AA13,$C13-(P13+T13+X13))) -> 0 | AC13: =ROUND(Z13-AA13-AB13,2) -> 34000 | AD13: =AG12*(1+H$7) -> 0 | AE13: =MIN(AD13,H$8) -> 0 | AF13: =MAX(0,MIN(AD13-AE13,$C13-(P13+T13+X13+AB13))) -> 0 | AG13: =ROUND(AD13-AE13-AF13,2) -> 0 | AH13: =AK12*(1+I$7) -> 0 | AI13: =MIN(AH13,I$8) -> 0 | AJ13: =MAX(0,MIN(AH13-AI13,$C13-(P13+T13+X13+AB13+AF13))) -> 0 | AK13: =ROUND(AH13-AI13-AJ13,2) -> 0 | AL13: =AO12*(1+J$7) -> 0 | AM13: =MIN(AL13,J$8) -> 0 | AN13: =MAX(0,MIN(AL13-AM13,$C13-(P13+T13+X13+AB13+AF13+AJ13))) -> 0 | AO13: =ROUND(AL13-AM13-AN13,2) -> 0 | AP13: =AS12*(1+K$7) -> 0 | AQ13: =MIN(AP13,K$8) -> 0 | AR13: =MAX(0,MIN(AP13-AQ13,$C13-(P13+T13+X13+AB13+AF13+AJ13+AN13))) -> 0 | AS13: =ROUND(AP13-AQ13-AR13,2) -> 0 | AT13: =AW12*(1+L$7) -> 0 | AU13: =MIN(AT13,L$8) -> 0 | AV13: =MAX(0,MIN(AT13-AU13,$C13-(P13+T13+X13+AB13+AF13+AJ13+AN13+AR13))) -> 0 | AW13: =ROUND(AT13-AU13-AV13,2) -> 0 | AX13: =BA12*(1+M$7) -> 0 | AY13: =MIN(AX13,M$8) -> 0 | AZ13: =MAX(0,MIN(AX13-AY13,$C13-(P13+T13+X13+AB13+AF13+AJ13+AN13+AR13+AV13))) -> 0 | BA13: =ROUND(AX13-AY13-AZ13,2) -> 0
