Workbook

Sheet Başla
B2: EXCEL KLİNİĞİ
B3: SERVİS | Teknik servis iş emri takibi
B4: Hangi cihaz kimde, ne zamandır bekliyor, hazır olanı kim almadı, kimden tahsilat kaldı.
B6: NASIL KULLANILIR
B7: 1. İş Emirleri | C7: Cihazı kabul ederken tarihi, müşteriyi, cihazı ve arızayı yaz.
B8: 2. Güncelle | C8: İş ilerledikçe durumu, parça ve işçilik tutarını, alınan ödemeyi ve teslim tarihini gir.
B9: 3. Özet | C9: Açık işler, hazır olup alınmayanlar, tahsil edilmemiş tutar ve aylık ciro.
B11: BİLMEN GEREKENLER
B12: Açık iş | C12: Durumu Bekliyor, Parça bekleniyor ya da Hazır olan iştir.
B13: Ciro | C13: Yalnızca Teslim edildi durumundaki işler, teslim tarihindeki aya yazılır.
B14: Kapasite | C14: İş Emirleri: 1500 satır.
B16: RENKLER
B17: Sarı hücre | C17: Senin dolduracağın hücre. İçindeki örnekleri silip kendi bilgini yaz.
B18: Beyaz hücre, açık başlık | C18: Formül. Değiştirme, kendiliğinden hesaplanır.

Sheet İş Emirleri
A1: İş Emirleri
A2: Kabul ettiğin her cihaz bir satır. Durumu ilerledikçe güncelle.
A4: Kabul tarihi | B4: Müşteri | C4: Telefon | D4: Cihaz | E4: Arıza | F4: Durum | G4: Parça (₺) | H4: İşçilik (₺) | I4: Alınan ödeme (₺) | J4: Teslim tarihi | K4: Toplam (₺) | L4: Kalan (₺) | M4: Gün | N4: Uyarı | O4: y
A5: 46287 | B5: Müşteri Alfa | D5: Çamaşır makinesi | E5: Su almıyor | F5: Parça bekleniyor | G5: 1800 | H5: 900 | I5: 0 | K5: =IF(A5="","",G5+H5) -> 2700 | L5: =IF(A5="","",IF(F5="İade edildi",0,K5-I5)) -> 2700 | M5: =IF(A5="","",IF(J5<>"",J5-A5,TODAY()-A5)) -> 12 | N5: =IF(A5="","",IF(AND(OR(F5="Bekliyor",F5="Parça bekleniyor",F5="Hazır"),M5>7),"7 günü geçti","")) -> 7 günü geçti | O5: =IF(AND(A5<>"",OR(F5="Bekliyor",F5="Parça bekleniyor",F5="Hazır")),A5+ROW()/1000000,"") -> 46287
A6: 46296 | B6: Müşteri Beta | D6: Telefon | E6: Ekran kırık | F6: Hazır | G6: 2500 | H6: 600 | I6: 1000 | K6: =IF(A6="","",G6+H6) -> 3100 | L6: =IF(A6="","",IF(F6="İade edildi",0,K6-I6)) -> 2100 | M6: =IF(A6="","",IF(J6<>"",J6-A6,TODAY()-A6)) -> 3 | N6: =IF(A6="","",IF(AND(OR(F6="Bekliyor",F6="Parça bekleniyor",F6="Hazır"),M6>7),"7 günü geçti","")) | O6: =IF(AND(A6<>"",OR(F6="Bekliyor",F6="Parça bekleniyor",F6="Hazır")),A6+ROW()/1000000,"") -> 46296
A7: 46275 | B7: Müşteri Gama | D7: Laptop | E7: Açılmıyor | F7: Teslim edildi | G7: 3200 | H7: 1500 | I7: 4700 | J7: 46281 | K7: =IF(A7="","",G7+H7) -> 4700 | L7: =IF(A7="","",IF(F7="İade edildi",0,K7-I7)) -> 0 | M7: =IF(A7="","",IF(J7<>"",J7-A7,TODAY()-A7)) -> 6 | N7: =IF(A7="","",IF(AND(OR(F7="Bekliyor",F7="Parça bekleniyor",F7="Hazır"),M7>7),"7 günü geçti","")) | O7: =IF(AND(A7<>"",OR(F7="Bekliyor",F7="Parça bekleniyor",F7="Hazır")),A7+ROW()/1000000,"")
A8: 46285 | B8: Müşteri Delta | D8: Televizyon | E8: Görüntü yok | F8: Teslim edildi | G8: 0 | H8: 1200 | I8: 1000 | J8: 46287 | K8: =IF(A8="","",G8+H8) -> 1200 | L8: =IF(A8="","",IF(F8="İade edildi",0,K8-I8)) -> 200 | M8: =IF(A8="","",IF(J8<>"",J8-A8,TODAY()-A8)) -> 2 | N8: =IF(A8="","",IF(AND(OR(F8="Bekliyor",F8="Parça bekleniyor",F8="Hazır"),M8>7),"7 günü geçti","")) | O8: =IF(AND(A8<>"",OR(F8="Bekliyor",F8="Parça bekleniyor",F8="Hazır")),A8+ROW()/1000000,"")
A9: 46298 | B9: Müşteri Epsilon | D9: Süpürge | E9: Çekmiyor | F9: Bekliyor | G9: 0 | H9: 0 | I9: 0 | K9: =IF(A9="","",G9+H9) -> 0 | L9: =IF(A9="","",IF(F9="İade edildi",0,K9-I9)) -> 0 | M9: =IF(A9="","",IF(J9<>"",J9-A9,TODAY()-A9)) -> 1 | N9: =IF(A9="","",IF(AND(OR(F9="Bekliyor",F9="Parça bekleniyor",F9="Hazır"),M9>7),"7 günü geçti","")) | O9: =IF(AND(A9<>"",OR(F9="Bekliyor",F9="Parça bekleniyor",F9="Hazır")),A9+ROW()/1000000,"") -> 46298
K10: =IF(A10="","",G10+H10) | L10: =IF(A10="","",IF(F10="İade edildi",0,K10-I10)) | M10: =IF(A10="","",IF(J10<>"",J10-A10,TODAY()-A10)) | N10: =IF(A10="","",IF(AND(OR(F10="Bekliyor",F10="Parça bekleniyor",F10="Hazır"),M10>7),"7 günü geçti","")) | O10: =IF(AND(A10<>"",OR(F10="Bekliyor",F10="Parça bekleniyor",F10="Hazır")),A10+ROW()/1000000,"")
K11: =IF(A11="","",G11+H11) | L11: =IF(A11="","",IF(F11="İade edildi",0,K11-I11)) | M11: =IF(A11="","",IF(J11<>"",J11-A11,TODAY()-A11)) | N11: =IF(A11="","",IF(AND(OR(F11="Bekliyor",F11="Parça bekleniyor",F11="Hazır"),M11>7),"7 günü geçti","")) | O11: =IF(AND(A11<>"",OR(F11="Bekliyor",F11="Parça bekleniyor",F11="Hazır")),A11+ROW()/1000000,"")
K12: =IF(A12="","",G12+H12) | L12: =IF(A12="","",IF(F12="İade edildi",0,K12-I12)) | M12: =IF(A12="","",IF(J12<>"",J12-A12,TODAY()-A12)) | N12: =IF(A12="","",IF(AND(OR(F12="Bekliyor",F12="Parça bekleniyor",F12="Hazır"),M12>7),"7 günü geçti","")) | O12: =IF(AND(A12<>"",OR(F12="Bekliyor",F12="Parça bekleniyor",F12="Hazır")),A12+ROW()/1000000,"")
K13: =IF(A13="","",G13+H13) | L13: =IF(A13="","",IF(F13="İade edildi",0,K13-I13)) | M13: =IF(A13="","",IF(J13<>"",J13-A13,TODAY()-A13)) | N13: =IF(A13="","",IF(AND(OR(F13="Bekliyor",F13="Parça bekleniyor",F13="Hazır"),M13>7),"7 günü geçti","")) | O13: =IF(AND(A13<>"",OR(F13="Bekliyor",F13="Parça bekleniyor",F13="Hazır")),A13+ROW()/1000000,"")
K14: =IF(A14="","",G14+H14) | L14: =IF(A14="","",IF(F14="İade edildi",0,K14-I14)) | M14: =IF(A14="","",IF(J14<>"",J14-A14,TODAY()-A14)) | N14: =IF(A14="","",IF(AND(OR(F14="Bekliyor",F14="Parça bekleniyor",F14="Hazır"),M14>7),"7 günü geçti","")) | O14: =IF(AND(A14<>"",OR(F14="Bekliyor",F14="Parça bekleniyor",F14="Hazır")),A14+ROW()/1000000,"")
K15: =IF(A15="","",G15+H15) | L15: =IF(A15="","",IF(F15="İade edildi",0,K15-I15)) | M15: =IF(A15="","",IF(J15<>"",J15-A15,TODAY()-A15)) | N15: =IF(A15="","",IF(AND(OR(F15="Bekliyor",F15="Parça bekleniyor",F15="Hazır"),M15>7),"7 günü geçti","")) | O15: =IF(AND(A15<>"",OR(F15="Bekliyor",F15="Parça bekleniyor",F15="Hazır")),A15+ROW()/1000000,"")
K16: =IF(A16="","",G16+H16) | L16: =IF(A16="","",IF(F16="İade edildi",0,K16-I16)) | M16: =IF(A16="","",IF(J16<>"",J16-A16,TODAY()-A16)) | N16: =IF(A16="","",IF(AND(OR(F16="Bekliyor",F16="Parça bekleniyor",F16="Hazır"),M16>7),"7 günü geçti","")) | O16: =IF(AND(A16<>"",OR(F16="Bekliyor",F16="Parça bekleniyor",F16="Hazır")),A16+ROW()/1000000,"")
K17: =IF(A17="","",G17+H17) | L17: =IF(A17="","",IF(F17="İade edildi",0,K17-I17)) | M17: =IF(A17="","",IF(J17<>"",J17-A17,TODAY()-A17)) | N17: =IF(A17="","",IF(AND(OR(F17="Bekliyor",F17="Parça bekleniyor",F17="Hazır"),M17>7),"7 günü geçti","")) | O17: =IF(AND(A17<>"",OR(F17="Bekliyor",F17="Parça bekleniyor",F17="Hazır")),A17+ROW()/1000000,"")
K18: =IF(A18="","",G18+H18) | L18: =IF(A18="","",IF(F18="İade edildi",0,K18-I18)) | M18: =IF(A18="","",IF(J18<>"",J18-A18,TODAY()-A18)) | N18: =IF(A18="","",IF(AND(OR(F18="Bekliyor",F18="Parça bekleniyor",F18="Hazır"),M18>7),"7 günü geçti","")) | O18: =IF(AND(A18<>"",OR(F18="Bekliyor",F18="Parça bekleniyor",F18="Hazır")),A18+ROW()/1000000,"")
K19: =IF(A19="","",G19+H19) | L19: =IF(A19="","",IF(F19="İade edildi",0,K19-I19)) | M19: =IF(A19="","",IF(J19<>"",J19-A19,TODAY()-A19)) | N19: =IF(A19="","",IF(AND(OR(F19="Bekliyor",F19="Parça bekleniyor",F19="Hazır"),M19>7),"7 günü geçti","")) | O19: =IF(AND(A19<>"",OR(F19="Bekliyor",F19="Parça bekleniyor",F19="Hazır")),A19+ROW()/1000000,"")
K20: =IF(A20="","",G20+H20) | L20: =IF(A20="","",IF(F20="İade edildi",0,K20-I20)) | M20: =IF(A20="","",IF(J20<>"",J20-A20,TODAY()-A20)) | N20: =IF(A20="","",IF(AND(OR(F20="Bekliyor",F20="Parça bekleniyor",F20="Hazır"),M20>7),"7 günü geçti","")) | O20: =IF(AND(A20<>"",OR(F20="Bekliyor",F20="Parça bekleniyor",F20="Hazır")),A20+ROW()/1000000,"")
K21: =IF(A21="","",G21+H21) | L21: =IF(A21="","",IF(F21="İade edildi",0,K21-I21)) | M21: =IF(A21="","",IF(J21<>"",J21-A21,TODAY()-A21)) | N21: =IF(A21="","",IF(AND(OR(F21="Bekliyor",F21="Parça bekleniyor",F21="Hazır"),M21>7),"7 günü geçti","")) | O21: =IF(AND(A21<>"",OR(F21="Bekliyor",F21="Parça bekleniyor",F21="Hazır")),A21+ROW()/1000000,"")
... K1504: =IF(A1504="","",G1504+H1504) | L1504: =IF(A1504="","",IF(F1504="İade edildi",0,K1504-I1504)) | M1504: =IF(A1504="","",IF(J1504<>"",J1504-A1504,TODAY()-A1504)) | N1504: =IF(A1504="","",IF(AND(OR(F1504="Bekliyor",F1504="Parça bekleniyor",F1504="Hazır"),M1504>7),"7 günü geçti","")) | O1504: =IF(AND(A1504<>"",OR(F1504="Bekliyor",F1504="Parça bekleniyor",F1504="Hazır")),A1504+ROW()/1000000,"")

Sheet Özet
A1: Özet
A2: Bu sayfada yalnızca yılı değiştir.
B3: Yıl | C3: 2026
B5: Açık iş | C5: Hazır, teslim bekleyen | D5: 7 günü geçen | E5: Tahsil edilmemiş | F5: Ortalama teslim süresi (gün)
B6: =COUNT('İş Emirleri'!$O$5:$O$1504) -> 3 | C6: =COUNTIF('İş Emirleri'!$F$5:$F$1504,"Hazır") -> 1 | D6: =COUNTIF('İş Emirleri'!$N$5:$N$1504,"7 günü geçti") -> 1 | E6: =SUM('İş Emirleri'!$L$5:$L$1504) -> 5000 | F6: =IFERROR(AVERAGEIFS('İş Emirleri'!$M$5:$M$1504,'İş Emirleri'!$F$5:$F$1504,"Teslim edildi"),0) -> 4
B9: Aylık tablo | F9: En eski 10 açık iş
B10: Ay | C10: Teslim edilen iş | D10: Ciro (₺) | F10: Müşteri | G10: Cihaz | H10: Kabul | I10: Durum
B11: Ocak | C11: =COUNTIFS('İş Emirleri'!$J$5:$J$1504,">="&DATE($C$3,1,1),'İş Emirleri'!$J$5:$J$1504,"<"&DATE($C$3,2,1),'İş Emirleri'!$F$5:$F$1504,"Teslim edildi") -> 0 | D11: =SUMIFS('İş Emirleri'!$K$5:$K$1504,'İş Emirleri'!$J$5:$J$1504,">="&DATE($C$3,1,1),'İş Emirleri'!$J$5:$J$1504,"<"&DATE($C$3,2,1),'İş Emirleri'!$F$5:$F$1504,"Teslim edildi") -> 0 | F11: =IFERROR(INDEX('İş Emirleri'!$B$5:$B$1504,MATCH(SMALL('İş Emirleri'!$O$5:$O$1504,1),'İş Emirleri'!$O$5:$O$1504,0))&"","") -> Müşteri Alfa | G11: =IF(F11="","",INDEX('İş Emirleri'!$D$5:$D$1504,MATCH(SMALL('İş Emirleri'!$O$5:$O$1504,1),'İş Emirleri'!$O$5:$O$1504,0))) -> Çamaşır makinesi | H11: =IF(F11="","",INDEX('İş Emirleri'!$A$5:$A$1504,MATCH(SMALL('İş Emirleri'!$O$5:$O$1504,1),'İş Emirleri'!$O$5:$O$1504,0))) -> 46287 | I11: =IF(F11="","",INDEX('İş Emirleri'!$F$5:$F$1504,MATCH(SMALL('İş Emirleri'!$O$5:$O$1504,1),'İş Emirleri'!$O$5:$O$1504,0))) -> Parça bekleniyor
B12: Şubat | C12: =COUNTIFS('İş Emirleri'!$J$5:$J$1504,">="&DATE($C$3,2,1),'İş Emirleri'!$J$5:$J$1504,"<"&DATE($C$3,3,1),'İş Emirleri'!$F$5:$F$1504,"Teslim edildi") -> 0 | D12: =SUMIFS('İş Emirleri'!$K$5:$K$1504,'İş Emirleri'!$J$5:$J$1504,">="&DATE($C$3,2,1),'İş Emirleri'!$J$5:$J$1504,"<"&DATE($C$3,3,1),'İş Emirleri'!$F$5:$F$1504,"Teslim edildi") -> 0 | F12: =IFERROR(INDEX('İş Emirleri'!$B$5:$B$1504,MATCH(SMALL('İş Emirleri'!$O$5:$O$1504,2),'İş Emirleri'!$O$5:$O$1504,0))&"","") -> Müşteri Beta | G12: =IF(F12="","",INDEX('İş Emirleri'!$D$5:$D$1504,MATCH(SMALL('İş Emirleri'!$O$5:$O$1504,2),'İş Emirleri'!$O$5:$O$1504,0))) -> Telefon | H12: =IF(F12="","",INDEX('İş Emirleri'!$A$5:$A$1504,MATCH(SMALL('İş Emirleri'!$O$5:$O$1504,2),'İş Emirleri'!$O$5:$O$1504,0))) -> 46296 | I12: =IF(F12="","",INDEX('İş Emirleri'!$F$5:$F$1504,MATCH(SMALL('İş Emirleri'!$O$5:$O$1504,2),'İş Emirleri'!$O$5:$O$1504,0))) -> Hazır
B13: Mart | C13: =COUNTIFS('İş Emirleri'!$J$5:$J$1504,">="&DATE($C$3,3,1),'İş Emirleri'!$J$5:$J$1504,"<"&DATE($C$3,4,1),'İş Emirleri'!$F$5:$F$1504,"Teslim edildi") -> 0 | D13: =SUMIFS('İş Emirleri'!$K$5:$K$1504,'İş Emirleri'!$J$5:$J$1504,">="&DATE($C$3,3,1),'İş Emirleri'!$J$5:$J$1504,"<"&DATE($C$3,4,1),'İş Emirleri'!$F$5:$F$1504,"Teslim edildi") -> 0 | F13: =IFERROR(INDEX('İş Emirleri'!$B$5:$B$1504,MATCH(SMALL('İş Emirleri'!$O$5:$O$1504,3),'İş Emirleri'!$O$5:$O$1504,0))&"","") -> Müşteri Epsilon | G13: =IF(F13="","",INDEX('İş Emirleri'!$D$5:$D$1504,MATCH(SMALL('İş Emirleri'!$O$5:$O$1504,3),'İş Emirleri'!$O$5:$O$1504,0))) -> Süpürge | H13: =IF(F13="","",INDEX('İş Emirleri'!$A$5:$A$1504,MATCH(SMALL('İş Emirleri'!$O$5:$O$1504,3),'İş Emirleri'!$O$5:$O$1504,0))) -> 46298 | I13: =IF(F13="","",INDEX('İş Emirleri'!$F$5:$F$1504,MATCH(SMALL('İş Emirleri'!$O$5:$O$1504,3),'İş Emirleri'!$O$5:$O$1504,0))) -> Bekliyor
B14: Nisan | C14: =COUNTIFS('İş Emirleri'!$J$5:$J$1504,">="&DATE($C$3,4,1),'İş Emirleri'!$J$5:$J$1504,"<"&DATE($C$3,5,1),'İş Emirleri'!$F$5:$F$1504,"Teslim edildi") -> 0 | D14: =SUMIFS('İş Emirleri'!$K$5:$K$1504,'İş Emirleri'!$J$5:$J$1504,">="&DATE($C$3,4,1),'İş Emirleri'!$J$5:$J$1504,"<"&DATE($C$3,5,1),'İş Emirleri'!$F$5:$F$1504,"Teslim edildi") -> 0 | F14: =IFERROR(INDEX('İş Emirleri'!$B$5:$B$1504,MATCH(SMALL('İş Emirleri'!$O$5:$O$1504,4),'İş Emirleri'!$O$5:$O$1504,0))&"","") | G14: =IF(F14="","",INDEX('İş Emirleri'!$D$5:$D$1504,MATCH(SMALL('İş Emirleri'!$O$5:$O$1504,4),'İş Emirleri'!$O$5:$O$1504,0))) | H14: =IF(F14="","",INDEX('İş Emirleri'!$A$5:$A$1504,MATCH(SMALL('İş Emirleri'!$O$5:$O$1504,4),'İş Emirleri'!$O$5:$O$1504,0))) | I14: =IF(F14="","",INDEX('İş Emirleri'!$F$5:$F$1504,MATCH(SMALL('İş Emirleri'!$O$5:$O$1504,4),'İş Emirleri'!$O$5:$O$1504,0)))
B15: Mayıs | C15: =COUNTIFS('İş Emirleri'!$J$5:$J$1504,">="&DATE($C$3,5,1),'İş Emirleri'!$J$5:$J$1504,"<"&DATE($C$3,6,1),'İş Emirleri'!$F$5:$F$1504,"Teslim edildi") -> 0 | D15: =SUMIFS('İş Emirleri'!$K$5:$K$1504,'İş Emirleri'!$J$5:$J$1504,">="&DATE($C$3,5,1),'İş Emirleri'!$J$5:$J$1504,"<"&DATE($C$3,6,1),'İş Emirleri'!$F$5:$F$1504,"Teslim edildi") -> 0 | F15: =IFERROR(INDEX('İş Emirleri'!$B$5:$B$1504,MATCH(SMALL('İş Emirleri'!$O$5:$O$1504,5),'İş Emirleri'!$O$5:$O$1504,0))&"","") | G15: =IF(F15="","",INDEX('İş Emirleri'!$D$5:$D$1504,MATCH(SMALL('İş Emirleri'!$O$5:$O$1504,5),'İş Emirleri'!$O$5:$O$1504,0))) | H15: =IF(F15="","",INDEX('İş Emirleri'!$A$5:$A$1504,MATCH(SMALL('İş Emirleri'!$O$5:$O$1504,5),'İş Emirleri'!$O$5:$O$1504,0))) | I15: =IF(F15="","",INDEX('İş Emirleri'!$F$5:$F$1504,MATCH(SMALL('İş Emirleri'!$O$5:$O$1504,5),'İş Emirleri'!$O$5:$O$1504,0)))
B16: Haziran | C16: =COUNTIFS('İş Emirleri'!$J$5:$J$1504,">="&DATE($C$3,6,1),'İş Emirleri'!$J$5:$J$1504,"<"&DATE($C$3,7,1),'İş Emirleri'!$F$5:$F$1504,"Teslim edildi") -> 0 | D16: =SUMIFS('İş Emirleri'!$K$5:$K$1504,'İş Emirleri'!$J$5:$J$1504,">="&DATE($C$3,6,1),'İş Emirleri'!$J$5:$J$1504,"<"&DATE($C$3,7,1),'İş Emirleri'!$F$5:$F$1504,"Teslim edildi") -> 0 | F16: =IFERROR(INDEX('İş Emirleri'!$B$5:$B$1504,MATCH(SMALL('İş Emirleri'!$O$5:$O$1504,6),'İş Emirleri'!$O$5:$O$1504,0))&"","") | G16: =IF(F16="","",INDEX('İş Emirleri'!$D$5:$D$1504,MATCH(SMALL('İş Emirleri'!$O$5:$O$1504,6),'İş Emirleri'!$O$5:$O$1504,0))) | H16: =IF(F16="","",INDEX('İş Emirleri'!$A$5:$A$1504,MATCH(SMALL('İş Emirleri'!$O$5:$O$1504,6),'İş Emirleri'!$O$5:$O$1504,0))) | I16: =IF(F16="","",INDEX('İş Emirleri'!$F$5:$F$1504,MATCH(SMALL('İş Emirleri'!$O$5:$O$1504,6),'İş Emirleri'!$O$5:$O$1504,0)))
B17: Temmuz | C17: =COUNTIFS('İş Emirleri'!$J$5:$J$1504,">="&DATE($C$3,7,1),'İş Emirleri'!$J$5:$J$1504,"<"&DATE($C$3,8,1),'İş Emirleri'!$F$5:$F$1504,"Teslim edildi") -> 0 | D17: =SUMIFS('İş Emirleri'!$K$5:$K$1504,'İş Emirleri'!$J$5:$J$1504,">="&DATE($C$3,7,1),'İş Emirleri'!$J$5:$J$1504,"<"&DATE($C$3,8,1),'İş Emirleri'!$F$5:$F$1504,"Teslim edildi") -> 0 | F17: =IFERROR(INDEX('İş Emirleri'!$B$5:$B$1504,MATCH(SMALL('İş Emirleri'!$O$5:$O$1504,7),'İş Emirleri'!$O$5:$O$1504,0))&"","") | G17: =IF(F17="","",INDEX('İş Emirleri'!$D$5:$D$1504,MATCH(SMALL('İş Emirleri'!$O$5:$O$1504,7),'İş Emirleri'!$O$5:$O$1504,0))) | H17: =IF(F17="","",INDEX('İş Emirleri'!$A$5:$A$1504,MATCH(SMALL('İş Emirleri'!$O$5:$O$1504,7),'İş Emirleri'!$O$5:$O$1504,0))) | I17: =IF(F17="","",INDEX('İş Emirleri'!$F$5:$F$1504,MATCH(SMALL('İş Emirleri'!$O$5:$O$1504,7),'İş Emirleri'!$O$5:$O$1504,0)))
B18: Ağustos | C18: =COUNTIFS('İş Emirleri'!$J$5:$J$1504,">="&DATE($C$3,8,1),'İş Emirleri'!$J$5:$J$1504,"<"&DATE($C$3,9,1),'İş Emirleri'!$F$5:$F$1504,"Teslim edildi") -> 0 | D18: =SUMIFS('İş Emirleri'!$K$5:$K$1504,'İş Emirleri'!$J$5:$J$1504,">="&DATE($C$3,8,1),'İş Emirleri'!$J$5:$J$1504,"<"&DATE($C$3,9,1),'İş Emirleri'!$F$5:$F$1504,"Teslim edildi") -> 0 | F18: =IFERROR(INDEX('İş Emirleri'!$B$5:$B$1504,MATCH(SMALL('İş Emirleri'!$O$5:$O$1504,8),'İş Emirleri'!$O$5:$O$1504,0))&"","") | G18: =IF(F18="","",INDEX('İş Emirleri'!$D$5:$D$1504,MATCH(SMALL('İş Emirleri'!$O$5:$O$1504,8),'İş Emirleri'!$O$5:$O$1504,0))) | H18: =IF(F18="","",INDEX('İş Emirleri'!$A$5:$A$1504,MATCH(SMALL('İş Emirleri'!$O$5:$O$1504,8),'İş Emirleri'!$O$5:$O$1504,0))) | I18: =IF(F18="","",INDEX('İş Emirleri'!$F$5:$F$1504,MATCH(SMALL('İş Emirleri'!$O$5:$O$1504,8),'İş Emirleri'!$O$5:$O$1504,0)))
B19: Eylül | C19: =COUNTIFS('İş Emirleri'!$J$5:$J$1504,">="&DATE($C$3,9,1),'İş Emirleri'!$J$5:$J$1504,"<"&DATE($C$3,10,1),'İş Emirleri'!$F$5:$F$1504,"Teslim edildi") -> 2 | D19: =SUMIFS('İş Emirleri'!$K$5:$K$1504,'İş Emirleri'!$J$5:$J$1504,">="&DATE($C$3,9,1),'İş Emirleri'!$J$5:$J$1504,"<"&DATE($C$3,10,1),'İş Emirleri'!$F$5:$F$1504,"Teslim edildi") -> 5900 | F19: =IFERROR(INDEX('İş Emirleri'!$B$5:$B$1504,MATCH(SMALL('İş Emirleri'!$O$5:$O$1504,9),'İş Emirleri'!$O$5:$O$1504,0))&"","") | G19: =IF(F19="","",INDEX('İş Emirleri'!$D$5:$D$1504,MATCH(SMALL('İş Emirleri'!$O$5:$O$1504,9),'İş Emirleri'!$O$5:$O$1504,0))) | H19: =IF(F19="","",INDEX('İş Emirleri'!$A$5:$A$1504,MATCH(SMALL('İş Emirleri'!$O$5:$O$1504,9),'İş Emirleri'!$O$5:$O$1504,0))) | I19: =IF(F19="","",INDEX('İş Emirleri'!$F$5:$F$1504,MATCH(SMALL('İş Emirleri'!$O$5:$O$1504,9),'İş Emirleri'!$O$5:$O$1504,0)))
B20: Ekim | C20: =COUNTIFS('İş Emirleri'!$J$5:$J$1504,">="&DATE($C$3,10,1),'İş Emirleri'!$J$5:$J$1504,"<"&DATE($C$3,11,1),'İş Emirleri'!$F$5:$F$1504,"Teslim edildi") -> 0 | D20: =SUMIFS('İş Emirleri'!$K$5:$K$1504,'İş Emirleri'!$J$5:$J$1504,">="&DATE($C$3,10,1),'İş Emirleri'!$J$5:$J$1504,"<"&DATE($C$3,11,1),'İş Emirleri'!$F$5:$F$1504,"Teslim edildi") -> 0 | F20: =IFERROR(INDEX('İş Emirleri'!$B$5:$B$1504,MATCH(SMALL('İş Emirleri'!$O$5:$O$1504,10),'İş Emirleri'!$O$5:$O$1504,0))&"","") | G20: =IF(F20="","",INDEX('İş Emirleri'!$D$5:$D$1504,MATCH(SMALL('İş Emirleri'!$O$5:$O$1504,10),'İş Emirleri'!$O$5:$O$1504,0))) | H20: =IF(F20="","",INDEX('İş Emirleri'!$A$5:$A$1504,MATCH(SMALL('İş Emirleri'!$O$5:$O$1504,10),'İş Emirleri'!$O$5:$O$1504,0))) | I20: =IF(F20="","",INDEX('İş Emirleri'!$F$5:$F$1504,MATCH(SMALL('İş Emirleri'!$O$5:$O$1504,10),'İş Emirleri'!$O$5:$O$1504,0)))
B21: Kasım | C21: =COUNTIFS('İş Emirleri'!$J$5:$J$1504,">="&DATE($C$3,11,1),'İş Emirleri'!$J$5:$J$1504,"<"&DATE($C$3,12,1),'İş Emirleri'!$F$5:$F$1504,"Teslim edildi") -> 0 | D21: =SUMIFS('İş Emirleri'!$K$5:$K$1504,'İş Emirleri'!$J$5:$J$1504,">="&DATE($C$3,11,1),'İş Emirleri'!$J$5:$J$1504,"<"&DATE($C$3,12,1),'İş Emirleri'!$F$5:$F$1504,"Teslim edildi") -> 0
B22: Aralık | C22: =COUNTIFS('İş Emirleri'!$J$5:$J$1504,">="&DATE($C$3,12,1),'İş Emirleri'!$J$5:$J$1504,"<"&DATE($C$3,13,1),'İş Emirleri'!$F$5:$F$1504,"Teslim edildi") -> 0 | D22: =SUMIFS('İş Emirleri'!$K$5:$K$1504,'İş Emirleri'!$J$5:$J$1504,">="&DATE($C$3,12,1),'İş Emirleri'!$J$5:$J$1504,"<"&DATE($C$3,13,1),'İş Emirleri'!$F$5:$F$1504,"Teslim edildi") -> 0
B23: TOPLAM | C23: =SUM(C11:C22) -> 2 | D23: =SUM(D11:D22) -> 5900

Sheet AI Komutları
B1: Yapay Zeka Komutları
B2: İlgili sayfada başlık satırıyla birlikte kayıtlarını seç, kopyala, kullandığın yapay zeka asistanına yapıştır ve altına komutu ekle.
B3: Dikkat: Müşteri adlarını ve telefonlarını paylaşma. Yapay zekanın verdiği rakamları dosyadaki özet sayfasıyla karşılaştır.
B5: Ne için | C5: Komut (kopyala, yapıştır)
B6: Hazır bildirimi | C6: Cihazı hazır olan müşteriye gönderilecek kısa bir bilgilendirme mesajı yaz; tutar için boşluk bırak.
B7: Geciken işler | C7: [Özet sayfasındaki açık işler] Hangi işler neden bekliyor olabilir? Müşteriye durum bildirmek için kısa mesajlar yaz.
B8: Arıza dağılımı | C8: [İş Emirleri sayfası] En sık gelen cihaz ve arıza türlerini çıkar; stokta tutmam gereken parçaları öner.
B9: Tahsilat | C9: Ödemesi kalan müşterilere gönderilecek kibar bir hatırlatma yaz.
