Workbook

Sheet Başla
B2: EXCEL KLİNİĞİ
B3: RÖNTGEN | Stok takibi
B4: Rafın içini gösterir: ne girdi, ne çıktı, ne kaldı, ne bitmek üzere.
B6: NASIL KULLANILIR
B7: 1. Ürünler | C7: Ürünlerini, birim maliyetini, elindeki açılış stokunu ve kritik seviyeyi yaz.
B8: 2. Hareketler | C8: Her mal girişini ve çıkışını bir satır olarak gir. Sayımda fark çıkarsa farkı Giriş ya da Çıkış satırıyla düzelt.
B9: 3. Özet | C9: Stok değeri, kritik ve tükenen ürünler, hareketsiz ürünler ve aylık hareket kendiliğinden hesaplanır.
B11: BİLMEN GEREKENLER
B12: Stok değeri | C12: Mevcut adet × Ürünler sayfasındaki birim maliyet. Maliyeti değiştirirsen stok değeri de değişir.
B13: Hareketsiz ürün | C13: Son hareketinden bu yana eşikten (varsayılan 60 gün) uzun süre geçen ürün. Hiç hareketi olmayan ürün sayılmaz.
B14: Kapasite | C14: 300 ürün ve 1500 hareket. Ürün adını sonradan değiştirirsen eski hareketlerdeki adı da değiştir.
B16: RENKLER
B17: Sarı hücre | C17: Senin dolduracağın hücre. İçindeki örnekleri silip kendi bilgini yaz.
B18: Beyaz hücre, açık başlık | C18: Formül. Değiştirme, kendiliğinden hesaplanır.

Sheet Hareketler
A1: Hareketler
A2: Her giriş ya da çıkış bir satır. Sayım farkını da Giriş ya da Çıkış olarak yaz.
A4: Tarih | B4: Tür | C4: Ürün | D4: Adet | E4: Açıklama | F4: Uyarı
A5: 46266 | B5: Çıkış | C5: Çay 1 kg | D5: 12 | E5: Örnek | F5: =IF(OR(C5="",D5=""),"",IF(OR(A5="",B5=""),"Tarih ya da tür eksik",IF(AND(B5="Çıkış",IFERROR(INDEX(Ürünler!$H$5:$H$304,MATCH(C5,Ürünler!$A$5:$A$304,0)),0)<0),"Stok eksiye düştü","")))
A6: 46268 | B6: Çıkış | C6: Makarna 500 g | D6: 90 | E6: Örnek | F6: =IF(OR(C6="",D6=""),"",IF(OR(A6="",B6=""),"Tarih ya da tür eksik",IF(AND(B6="Çıkış",IFERROR(INDEX(Ürünler!$H$5:$H$304,MATCH(C6,Ürünler!$A$5:$A$304,0)),0)<0),"Stok eksiye düştü","")))
A7: 46273 | B7: Giriş | C7: Makarna 500 g | D7: 100 | E7: Örnek: toptancı | F7: =IF(OR(C7="",D7=""),"",IF(OR(A7="",B7=""),"Tarih ya da tür eksik",IF(AND(B7="Çıkış",IFERROR(INDEX(Ürünler!$H$5:$H$304,MATCH(C7,Ürünler!$A$5:$A$304,0)),0)<0),"Stok eksiye düştü","")))
A8: 46277 | B8: Çıkış | C8: Toz şeker 5 kg | D8: 25 | E8: Örnek | F8: =IF(OR(C8="",D8=""),"",IF(OR(A8="",B8=""),"Tarih ya da tür eksik",IF(AND(B8="Çıkış",IFERROR(INDEX(Ürünler!$H$5:$H$304,MATCH(C8,Ürünler!$A$5:$A$304,0)),0)<0),"Stok eksiye düştü","")))
A9: 46285 | B9: Çıkış | C9: Ayçiçek yağı 5 L | D9: 24 | E9: Örnek | F9: =IF(OR(C9="",D9=""),"",IF(OR(A9="",B9=""),"Tarih ya da tür eksik",IF(AND(B9="Çıkış",IFERROR(INDEX(Ürünler!$H$5:$H$304,MATCH(C9,Ürünler!$A$5:$A$304,0)),0)<0),"Stok eksiye düştü","")))
A10: 46290 | B10: Çıkış | C10: Çay 1 kg | D10: 20 | E10: Örnek | F10: =IF(OR(C10="",D10=""),"",IF(OR(A10="",B10=""),"Tarih ya da tür eksik",IF(AND(B10="Çıkış",IFERROR(INDEX(Ürünler!$H$5:$H$304,MATCH(C10,Ürünler!$A$5:$A$304,0)),0)<0),"Stok eksiye düştü","")))
A11: 46296 | B11: Giriş | C11: Çay 1 kg | D11: 30 | E11: Örnek: toptancı | F11: =IF(OR(C11="",D11=""),"",IF(OR(A11="",B11=""),"Tarih ya da tür eksik",IF(AND(B11="Çıkış",IFERROR(INDEX(Ürünler!$H$5:$H$304,MATCH(C11,Ürünler!$A$5:$A$304,0)),0)<0),"Stok eksiye düştü","")))
A12: 46297 | B12: Çıkış | C12: Pirinç 1 kg | D12: 35 | E12: Örnek | F12: =IF(OR(C12="",D12=""),"",IF(OR(A12="",B12=""),"Tarih ya da tür eksik",IF(AND(B12="Çıkış",IFERROR(INDEX(Ürünler!$H$5:$H$304,MATCH(C12,Ürünler!$A$5:$A$304,0)),0)<0),"Stok eksiye düştü","")))
A13: 46298 | B13: Çıkış | C13: Makarna 500 g | D13: 120 | E13: Örnek | F13: =IF(OR(C13="",D13=""),"",IF(OR(A13="",B13=""),"Tarih ya da tür eksik",IF(AND(B13="Çıkış",IFERROR(INDEX(Ürünler!$H$5:$H$304,MATCH(C13,Ürünler!$A$5:$A$304,0)),0)<0),"Stok eksiye düştü","")))
A14: 46299 | B14: Çıkış | C14: Çay 1 kg | D14: 25 | E14: Örnek | F14: =IF(OR(C14="",D14=""),"",IF(OR(A14="",B14=""),"Tarih ya da tür eksik",IF(AND(B14="Çıkış",IFERROR(INDEX(Ürünler!$H$5:$H$304,MATCH(C14,Ürünler!$A$5:$A$304,0)),0)<0),"Stok eksiye düştü","")))
F15: =IF(OR(C15="",D15=""),"",IF(OR(A15="",B15=""),"Tarih ya da tür eksik",IF(AND(B15="Çıkış",IFERROR(INDEX(Ürünler!$H$5:$H$304,MATCH(C15,Ürünler!$A$5:$A$304,0)),0)<0),"Stok eksiye düştü","")))
F16: =IF(OR(C16="",D16=""),"",IF(OR(A16="",B16=""),"Tarih ya da tür eksik",IF(AND(B16="Çıkış",IFERROR(INDEX(Ürünler!$H$5:$H$304,MATCH(C16,Ürünler!$A$5:$A$304,0)),0)<0),"Stok eksiye düştü","")))
F17: =IF(OR(C17="",D17=""),"",IF(OR(A17="",B17=""),"Tarih ya da tür eksik",IF(AND(B17="Çıkış",IFERROR(INDEX(Ürünler!$H$5:$H$304,MATCH(C17,Ürünler!$A$5:$A$304,0)),0)<0),"Stok eksiye düştü","")))
F18: =IF(OR(C18="",D18=""),"",IF(OR(A18="",B18=""),"Tarih ya da tür eksik",IF(AND(B18="Çıkış",IFERROR(INDEX(Ürünler!$H$5:$H$304,MATCH(C18,Ürünler!$A$5:$A$304,0)),0)<0),"Stok eksiye düştü","")))
F19: =IF(OR(C19="",D19=""),"",IF(OR(A19="",B19=""),"Tarih ya da tür eksik",IF(AND(B19="Çıkış",IFERROR(INDEX(Ürünler!$H$5:$H$304,MATCH(C19,Ürünler!$A$5:$A$304,0)),0)<0),"Stok eksiye düştü","")))
F20: =IF(OR(C20="",D20=""),"",IF(OR(A20="",B20=""),"Tarih ya da tür eksik",IF(AND(B20="Çıkış",IFERROR(INDEX(Ürünler!$H$5:$H$304,MATCH(C20,Ürünler!$A$5:$A$304,0)),0)<0),"Stok eksiye düştü","")))
F21: =IF(OR(C21="",D21=""),"",IF(OR(A21="",B21=""),"Tarih ya da tür eksik",IF(AND(B21="Çıkış",IFERROR(INDEX(Ürünler!$H$5:$H$304,MATCH(C21,Ürünler!$A$5:$A$304,0)),0)<0),"Stok eksiye düştü","")))
F22: =IF(OR(C22="",D22=""),"",IF(OR(A22="",B22=""),"Tarih ya da tür eksik",IF(AND(B22="Çıkış",IFERROR(INDEX(Ürünler!$H$5:$H$304,MATCH(C22,Ürünler!$A$5:$A$304,0)),0)<0),"Stok eksiye düştü","")))
F23: =IF(OR(C23="",D23=""),"",IF(OR(A23="",B23=""),"Tarih ya da tür eksik",IF(AND(B23="Çıkış",IFERROR(INDEX(Ürünler!$H$5:$H$304,MATCH(C23,Ürünler!$A$5:$A$304,0)),0)<0),"Stok eksiye düştü","")))
F24: =IF(OR(C24="",D24=""),"",IF(OR(A24="",B24=""),"Tarih ya da tür eksik",IF(AND(B24="Çıkış",IFERROR(INDEX(Ürünler!$H$5:$H$304,MATCH(C24,Ürünler!$A$5:$A$304,0)),0)<0),"Stok eksiye düştü","")))
F25: =IF(OR(C25="",D25=""),"",IF(OR(A25="",B25=""),"Tarih ya da tür eksik",IF(AND(B25="Çıkış",IFERROR(INDEX(Ürünler!$H$5:$H$304,MATCH(C25,Ürünler!$A$5:$A$304,0)),0)<0),"Stok eksiye düştü","")))
F26: =IF(OR(C26="",D26=""),"",IF(OR(A26="",B26=""),"Tarih ya da tür eksik",IF(AND(B26="Çıkış",IFERROR(INDEX(Ürünler!$H$5:$H$304,MATCH(C26,Ürünler!$A$5:$A$304,0)),0)<0),"Stok eksiye düştü","")))
... F1504: =IF(OR(C1504="",D1504=""),"",IF(OR(A1504="",B1504=""),"Tarih ya da tür eksik",IF(AND(B1504="Çıkış",IFERROR(INDEX(Ürünler!$H$5:$H$304,MATCH(C1504,Ürünler!$A$5:$A$304,0)),0)<0),"Stok eksiye düştü","")))

Sheet Özet
A1: Özet
A2: Bu sayfada yalnızca yılı ve hareketsizlik eşiğini değiştir.
B3: Yıl | C3: 2026 | D3: Hareketsiz sayılma eşiği (gün) | F3: 60
B5: Ürün çeşidi | C5: Stok değeri | D5: Kritik ürün | E5: Tükenen ürün | F5: Hareketsiz ürün
B6: =COUNTA(Ürünler!$A$5:$A$304) -> 6 | C6: =SUM(Ürünler!$I$5:$I$304) -> 11545 | D6: =COUNTIF(Ürünler!$J$5:$J$304,"Kritik") -> 1 | E6: =COUNTIF(Ürünler!$J$5:$J$304,"Tükendi") -> 1 | F6: =COUNTIF(Ürünler!$L$5:$L$304,">="&F3) -> 0
B8: Aylık hareket (adet) | H8: Stok uyarısı (ilk 10)
B9: Ay | C9: Giren | D9: Çıkan | H9: Ürün | I9: Mevcut | J9: Durum
B10: Ocak | C10: =SUMIFS(Hareketler!$D$5:$D$1504,Hareketler!$A$5:$A$1504,">="&DATE($C$3,1,1),Hareketler!$A$5:$A$1504,"<"&DATE($C$3,2,1),Hareketler!$B$5:$B$1504,"Giriş") -> 0 | D10: =SUMIFS(Hareketler!$D$5:$D$1504,Hareketler!$A$5:$A$1504,">="&DATE($C$3,1,1),Hareketler!$A$5:$A$1504,"<"&DATE($C$3,2,1),Hareketler!$B$5:$B$1504,"Çıkış") -> 0 | H10: =IFERROR(INDEX(Ürünler!$A$1:$A$304,SMALL(Ürünler!$M$5:$M$304,1)),"") -> Toz şeker 5 kg | I10: =IF(H10="","",INDEX(Ürünler!$H$5:$H$304,MATCH(H10,Ürünler!$A$5:$A$304,0))) -> 5 | J10: =IF(H10="","",INDEX(Ürünler!$J$5:$J$304,MATCH(H10,Ürünler!$A$5:$A$304,0))) -> Kritik
B11: Şubat | C11: =SUMIFS(Hareketler!$D$5:$D$1504,Hareketler!$A$5:$A$1504,">="&DATE($C$3,2,1),Hareketler!$A$5:$A$1504,"<"&DATE($C$3,3,1),Hareketler!$B$5:$B$1504,"Giriş") -> 0 | D11: =SUMIFS(Hareketler!$D$5:$D$1504,Hareketler!$A$5:$A$1504,">="&DATE($C$3,2,1),Hareketler!$A$5:$A$1504,"<"&DATE($C$3,3,1),Hareketler!$B$5:$B$1504,"Çıkış") -> 0 | H11: =IFERROR(INDEX(Ürünler!$A$1:$A$304,SMALL(Ürünler!$M$5:$M$304,2)),"") -> Ayçiçek yağı 5 L | I11: =IF(H11="","",INDEX(Ürünler!$H$5:$H$304,MATCH(H11,Ürünler!$A$5:$A$304,0))) -> 0 | J11: =IF(H11="","",INDEX(Ürünler!$J$5:$J$304,MATCH(H11,Ürünler!$A$5:$A$304,0))) -> Tükendi
B12: Mart | C12: =SUMIFS(Hareketler!$D$5:$D$1504,Hareketler!$A$5:$A$1504,">="&DATE($C$3,3,1),Hareketler!$A$5:$A$1504,"<"&DATE($C$3,4,1),Hareketler!$B$5:$B$1504,"Giriş") -> 0 | D12: =SUMIFS(Hareketler!$D$5:$D$1504,Hareketler!$A$5:$A$1504,">="&DATE($C$3,3,1),Hareketler!$A$5:$A$1504,"<"&DATE($C$3,4,1),Hareketler!$B$5:$B$1504,"Çıkış") -> 0 | H12: =IFERROR(INDEX(Ürünler!$A$1:$A$304,SMALL(Ürünler!$M$5:$M$304,3)),"") | I12: =IF(H12="","",INDEX(Ürünler!$H$5:$H$304,MATCH(H12,Ürünler!$A$5:$A$304,0))) | J12: =IF(H12="","",INDEX(Ürünler!$J$5:$J$304,MATCH(H12,Ürünler!$A$5:$A$304,0)))
B13: Nisan | C13: =SUMIFS(Hareketler!$D$5:$D$1504,Hareketler!$A$5:$A$1504,">="&DATE($C$3,4,1),Hareketler!$A$5:$A$1504,"<"&DATE($C$3,5,1),Hareketler!$B$5:$B$1504,"Giriş") -> 0 | D13: =SUMIFS(Hareketler!$D$5:$D$1504,Hareketler!$A$5:$A$1504,">="&DATE($C$3,4,1),Hareketler!$A$5:$A$1504,"<"&DATE($C$3,5,1),Hareketler!$B$5:$B$1504,"Çıkış") -> 0 | H13: =IFERROR(INDEX(Ürünler!$A$1:$A$304,SMALL(Ürünler!$M$5:$M$304,4)),"") | I13: =IF(H13="","",INDEX(Ürünler!$H$5:$H$304,MATCH(H13,Ürünler!$A$5:$A$304,0))) | J13: =IF(H13="","",INDEX(Ürünler!$J$5:$J$304,MATCH(H13,Ürünler!$A$5:$A$304,0)))
B14: Mayıs | C14: =SUMIFS(Hareketler!$D$5:$D$1504,Hareketler!$A$5:$A$1504,">="&DATE($C$3,5,1),Hareketler!$A$5:$A$1504,"<"&DATE($C$3,6,1),Hareketler!$B$5:$B$1504,"Giriş") -> 0 | D14: =SUMIFS(Hareketler!$D$5:$D$1504,Hareketler!$A$5:$A$1504,">="&DATE($C$3,5,1),Hareketler!$A$5:$A$1504,"<"&DATE($C$3,6,1),Hareketler!$B$5:$B$1504,"Çıkış") -> 0 | H14: =IFERROR(INDEX(Ürünler!$A$1:$A$304,SMALL(Ürünler!$M$5:$M$304,5)),"") | I14: =IF(H14="","",INDEX(Ürünler!$H$5:$H$304,MATCH(H14,Ürünler!$A$5:$A$304,0))) | J14: =IF(H14="","",INDEX(Ürünler!$J$5:$J$304,MATCH(H14,Ürünler!$A$5:$A$304,0)))
B15: Haziran | C15: =SUMIFS(Hareketler!$D$5:$D$1504,Hareketler!$A$5:$A$1504,">="&DATE($C$3,6,1),Hareketler!$A$5:$A$1504,"<"&DATE($C$3,7,1),Hareketler!$B$5:$B$1504,"Giriş") -> 0 | D15: =SUMIFS(Hareketler!$D$5:$D$1504,Hareketler!$A$5:$A$1504,">="&DATE($C$3,6,1),Hareketler!$A$5:$A$1504,"<"&DATE($C$3,7,1),Hareketler!$B$5:$B$1504,"Çıkış") -> 0 | H15: =IFERROR(INDEX(Ürünler!$A$1:$A$304,SMALL(Ürünler!$M$5:$M$304,6)),"") | I15: =IF(H15="","",INDEX(Ürünler!$H$5:$H$304,MATCH(H15,Ürünler!$A$5:$A$304,0))) | J15: =IF(H15="","",INDEX(Ürünler!$J$5:$J$304,MATCH(H15,Ürünler!$A$5:$A$304,0)))
B16: Temmuz | C16: =SUMIFS(Hareketler!$D$5:$D$1504,Hareketler!$A$5:$A$1504,">="&DATE($C$3,7,1),Hareketler!$A$5:$A$1504,"<"&DATE($C$3,8,1),Hareketler!$B$5:$B$1504,"Giriş") -> 0 | D16: =SUMIFS(Hareketler!$D$5:$D$1504,Hareketler!$A$5:$A$1504,">="&DATE($C$3,7,1),Hareketler!$A$5:$A$1504,"<"&DATE($C$3,8,1),Hareketler!$B$5:$B$1504,"Çıkış") -> 0 | H16: =IFERROR(INDEX(Ürünler!$A$1:$A$304,SMALL(Ürünler!$M$5:$M$304,7)),"") | I16: =IF(H16="","",INDEX(Ürünler!$H$5:$H$304,MATCH(H16,Ürünler!$A$5:$A$304,0))) | J16: =IF(H16="","",INDEX(Ürünler!$J$5:$J$304,MATCH(H16,Ürünler!$A$5:$A$304,0)))
B17: Ağustos | C17: =SUMIFS(Hareketler!$D$5:$D$1504,Hareketler!$A$5:$A$1504,">="&DATE($C$3,8,1),Hareketler!$A$5:$A$1504,"<"&DATE($C$3,9,1),Hareketler!$B$5:$B$1504,"Giriş") -> 0 | D17: =SUMIFS(Hareketler!$D$5:$D$1504,Hareketler!$A$5:$A$1504,">="&DATE($C$3,8,1),Hareketler!$A$5:$A$1504,"<"&DATE($C$3,9,1),Hareketler!$B$5:$B$1504,"Çıkış") -> 0 | H17: =IFERROR(INDEX(Ürünler!$A$1:$A$304,SMALL(Ürünler!$M$5:$M$304,8)),"") | I17: =IF(H17="","",INDEX(Ürünler!$H$5:$H$304,MATCH(H17,Ürünler!$A$5:$A$304,0))) | J17: =IF(H17="","",INDEX(Ürünler!$J$5:$J$304,MATCH(H17,Ürünler!$A$5:$A$304,0)))
B18: Eylül | C18: =SUMIFS(Hareketler!$D$5:$D$1504,Hareketler!$A$5:$A$1504,">="&DATE($C$3,9,1),Hareketler!$A$5:$A$1504,"<"&DATE($C$3,10,1),Hareketler!$B$5:$B$1504,"Giriş") -> 100 | D18: =SUMIFS(Hareketler!$D$5:$D$1504,Hareketler!$A$5:$A$1504,">="&DATE($C$3,9,1),Hareketler!$A$5:$A$1504,"<"&DATE($C$3,10,1),Hareketler!$B$5:$B$1504,"Çıkış") -> 171 | H18: =IFERROR(INDEX(Ürünler!$A$1:$A$304,SMALL(Ürünler!$M$5:$M$304,9)),"") | I18: =IF(H18="","",INDEX(Ürünler!$H$5:$H$304,MATCH(H18,Ürünler!$A$5:$A$304,0))) | J18: =IF(H18="","",INDEX(Ürünler!$J$5:$J$304,MATCH(H18,Ürünler!$A$5:$A$304,0)))
B19: Ekim | C19: =SUMIFS(Hareketler!$D$5:$D$1504,Hareketler!$A$5:$A$1504,">="&DATE($C$3,10,1),Hareketler!$A$5:$A$1504,"<"&DATE($C$3,11,1),Hareketler!$B$5:$B$1504,"Giriş") -> 30 | D19: =SUMIFS(Hareketler!$D$5:$D$1504,Hareketler!$A$5:$A$1504,">="&DATE($C$3,10,1),Hareketler!$A$5:$A$1504,"<"&DATE($C$3,11,1),Hareketler!$B$5:$B$1504,"Çıkış") -> 180 | H19: =IFERROR(INDEX(Ürünler!$A$1:$A$304,SMALL(Ürünler!$M$5:$M$304,10)),"") | I19: =IF(H19="","",INDEX(Ürünler!$H$5:$H$304,MATCH(H19,Ürünler!$A$5:$A$304,0))) | J19: =IF(H19="","",INDEX(Ürünler!$J$5:$J$304,MATCH(H19,Ürünler!$A$5:$A$304,0)))
B20: Kasım | C20: =SUMIFS(Hareketler!$D$5:$D$1504,Hareketler!$A$5:$A$1504,">="&DATE($C$3,11,1),Hareketler!$A$5:$A$1504,"<"&DATE($C$3,12,1),Hareketler!$B$5:$B$1504,"Giriş") -> 0 | D20: =SUMIFS(Hareketler!$D$5:$D$1504,Hareketler!$A$5:$A$1504,">="&DATE($C$3,11,1),Hareketler!$A$5:$A$1504,"<"&DATE($C$3,12,1),Hareketler!$B$5:$B$1504,"Çıkış") -> 0
B21: Aralık | C21: =SUMIFS(Hareketler!$D$5:$D$1504,Hareketler!$A$5:$A$1504,">="&DATE($C$3,12,1),Hareketler!$A$5:$A$1504,"<"&DATE($C$3,13,1),Hareketler!$B$5:$B$1504,"Giriş") -> 0 | D21: =SUMIFS(Hareketler!$D$5:$D$1504,Hareketler!$A$5:$A$1504,">="&DATE($C$3,12,1),Hareketler!$A$5:$A$1504,"<"&DATE($C$3,13,1),Hareketler!$B$5:$B$1504,"Çıkış") -> 0 | H21: Parası en çok bağlı 5 ürün
H22: Ürün | I22: Stok değeri (₺)
H23: =IFERROR(IF(LARGE(Ürünler!$N$5:$N$304,1)<1,"",INDEX(Ürünler!$A$5:$A$304,MATCH(LARGE(Ürünler!$N$5:$N$304,1),Ürünler!$N$5:$N$304,0))),"") -> Bulaşık deterjanı | I23: =IF(H23="","",INDEX(Ürünler!$I$5:$I$304,MATCH(H23,Ürünler!$A$5:$A$304,0))) -> 3420
H24: =IFERROR(IF(LARGE(Ürünler!$N$5:$N$304,2)<1,"",INDEX(Ürünler!$A$5:$A$304,MATCH(LARGE(Ürünler!$N$5:$N$304,2),Ürünler!$N$5:$N$304,0))),"") -> Çay 1 kg | I24: =IF(H24="","",INDEX(Ürünler!$I$5:$I$304,MATCH(H24,Ürünler!$A$5:$A$304,0))) -> 3250
H25: =IFERROR(IF(LARGE(Ürünler!$N$5:$N$304,3)<1,"",INDEX(Ürünler!$A$5:$A$304,MATCH(LARGE(Ürünler!$N$5:$N$304,3),Ürünler!$N$5:$N$304,0))),"") -> Pirinç 1 kg | I25: =IF(H25="","",INDEX(Ürünler!$I$5:$I$304,MATCH(H25,Ürünler!$A$5:$A$304,0))) -> 2250
H26: =IFERROR(IF(LARGE(Ürünler!$N$5:$N$304,4)<1,"",INDEX(Ürünler!$A$5:$A$304,MATCH(LARGE(Ürünler!$N$5:$N$304,4),Ürünler!$N$5:$N$304,0))),"") -> Makarna 500 g | I26: =IF(H26="","",INDEX(Ürünler!$I$5:$I$304,MATCH(H26,Ürünler!$A$5:$A$304,0))) -> 1530
H27: =IFERROR(IF(LARGE(Ürünler!$N$5:$N$304,5)<1,"",INDEX(Ürünler!$A$5:$A$304,MATCH(LARGE(Ürünler!$N$5:$N$304,5),Ürünler!$N$5:$N$304,0))),"") -> Toz şeker 5 kg | I27: =IF(H27="","",INDEX(Ürünler!$I$5:$I$304,MATCH(H27,Ürünler!$A$5:$A$304,0))) -> 1095

Sheet Ürünler
A1: Ürünler
A2: Sarı sütunları doldur. Giren, çıkan, mevcut ve durum Hareketler sayfasından hesaplanır.
A4: Ürün | B4: Birim | C4: Birim maliyet (₺) | D4: Açılış stoku | E4: Kritik seviye | F4: Giren | G4: Çıkan | H4: Mevcut | I4: Stok değeri (₺) | J4: Durum | K4: Son hareket | L4: Hareketsiz gün | M4: y1 | N4: y2
A5: Çay 1 kg | B5: Paket | C5: 250 | D5: 40 | E5: 10 | F5: =IF(A5="","",SUMIFS(Hareketler!$D$5:$D$1504,Hareketler!$C$5:$C$1504,A5,Hareketler!$B$5:$B$1504,"Giriş")) -> 30 | G5: =IF(A5="","",SUMIFS(Hareketler!$D$5:$D$1504,Hareketler!$C$5:$C$1504,A5,Hareketler!$B$5:$B$1504,"Çıkış")) -> 57 | H5: =IF(A5="","",D5+F5-G5) -> 13 | I5: =IF(A5="","",H5*C5) -> 3250 | J5: =IF(A5="","",IF(H5<=0,"Tükendi",IF(H5<=E5,"Kritik","Yeterli"))) -> Yeterli | K5: =IF(A5="","",IF(SUMPRODUCT(MAX((Hareketler!$C$5:$C$1504=A5)*Hareketler!$A$5:$A$1504))=0,"",SUMPRODUCT(MAX((Hareketler!$C$5:$C$1504=A5)*Hareketler!$A$5:$A$1504)))) -> 46299 | L5: =IF(OR(A5="",K5=""),"",TODAY()-K5) -> 0 | M5: =IF(OR(J5="Tükendi",J5="Kritik"),ROW(),"") | N5: =IF(A5="","",I5+ROW()/1000000) -> 3250
A6: Toz şeker 5 kg | B6: Paket | C6: 219 | D6: 30 | E6: 8 | F6: =IF(A6="","",SUMIFS(Hareketler!$D$5:$D$1504,Hareketler!$C$5:$C$1504,A6,Hareketler!$B$5:$B$1504,"Giriş")) -> 0 | G6: =IF(A6="","",SUMIFS(Hareketler!$D$5:$D$1504,Hareketler!$C$5:$C$1504,A6,Hareketler!$B$5:$B$1504,"Çıkış")) -> 25 | H6: =IF(A6="","",D6+F6-G6) -> 5 | I6: =IF(A6="","",H6*C6) -> 1095 | J6: =IF(A6="","",IF(H6<=0,"Tükendi",IF(H6<=E6,"Kritik","Yeterli"))) -> Kritik | K6: =IF(A6="","",IF(SUMPRODUCT(MAX((Hareketler!$C$5:$C$1504=A6)*Hareketler!$A$5:$A$1504))=0,"",SUMPRODUCT(MAX((Hareketler!$C$5:$C$1504=A6)*Hareketler!$A$5:$A$1504)))) -> 46277 | L6: =IF(OR(A6="",K6=""),"",TODAY()-K6) -> 22 | M6: =IF(OR(J6="Tükendi",J6="Kritik"),ROW(),"") -> 6 | N6: =IF(A6="","",I6+ROW()/1000000) -> 1095
A7: Ayçiçek yağı 5 L | B7: Şişe | C7: 450 | D7: 24 | E7: 6 | F7: =IF(A7="","",SUMIFS(Hareketler!$D$5:$D$1504,Hareketler!$C$5:$C$1504,A7,Hareketler!$B$5:$B$1504,"Giriş")) -> 0 | G7: =IF(A7="","",SUMIFS(Hareketler!$D$5:$D$1504,Hareketler!$C$5:$C$1504,A7,Hareketler!$B$5:$B$1504,"Çıkış")) -> 24 | H7: =IF(A7="","",D7+F7-G7) -> 0 | I7: =IF(A7="","",H7*C7) -> 0 | J7: =IF(A7="","",IF(H7<=0,"Tükendi",IF(H7<=E7,"Kritik","Yeterli"))) -> Tükendi | K7: =IF(A7="","",IF(SUMPRODUCT(MAX((Hareketler!$C$5:$C$1504=A7)*Hareketler!$A$5:$A$1504))=0,"",SUMPRODUCT(MAX((Hareketler!$C$5:$C$1504=A7)*Hareketler!$A$5:$A$1504)))) -> 46285 | L7: =IF(OR(A7="",K7=""),"",TODAY()-K7) -> 14 | M7: =IF(OR(J7="Tükendi",J7="Kritik"),ROW(),"") -> 7 | N7: =IF(A7="","",I7+ROW()/1000000) -> 7e-06
A8: Makarna 500 g | B8: Paket | C8: 17 | D8: 200 | E8: 50 | F8: =IF(A8="","",SUMIFS(Hareketler!$D$5:$D$1504,Hareketler!$C$5:$C$1504,A8,Hareketler!$B$5:$B$1504,"Giriş")) -> 100 | G8: =IF(A8="","",SUMIFS(Hareketler!$D$5:$D$1504,Hareketler!$C$5:$C$1504,A8,Hareketler!$B$5:$B$1504,"Çıkış")) -> 210 | H8: =IF(A8="","",D8+F8-G8) -> 90 | I8: =IF(A8="","",H8*C8) -> 1530 | J8: =IF(A8="","",IF(H8<=0,"Tükendi",IF(H8<=E8,"Kritik","Yeterli"))) -> Yeterli | K8: =IF(A8="","",IF(SUMPRODUCT(MAX((Hareketler!$C$5:$C$1504=A8)*Hareketler!$A$5:$A$1504))=0,"",SUMPRODUCT(MAX((Hareketler!$C$5:$C$1504=A8)*Hareketler!$A$5:$A$1504)))) -> 46298 | L8: =IF(OR(A8="",K8=""),"",TODAY()-K8) -> 1 | M8: =IF(OR(J8="Tükendi",J8="Kritik"),ROW(),"") | N8: =IF(A8="","",I8+ROW()/1000000) -> 1530
A9: Pirinç 1 kg | B9: Paket | C9: 50 | D9: 80 | E9: 20 | F9: =IF(A9="","",SUMIFS(Hareketler!$D$5:$D$1504,Hareketler!$C$5:$C$1504,A9,Hareketler!$B$5:$B$1504,"Giriş")) -> 0 | G9: =IF(A9="","",SUMIFS(Hareketler!$D$5:$D$1504,Hareketler!$C$5:$C$1504,A9,Hareketler!$B$5:$B$1504,"Çıkış")) -> 35 | H9: =IF(A9="","",D9+F9-G9) -> 45 | I9: =IF(A9="","",H9*C9) -> 2250 | J9: =IF(A9="","",IF(H9<=0,"Tükendi",IF(H9<=E9,"Kritik","Yeterli"))) -> Yeterli | K9: =IF(A9="","",IF(SUMPRODUCT(MAX((Hareketler!$C$5:$C$1504=A9)*Hareketler!$A$5:$A$1504))=0,"",SUMPRODUCT(MAX((Hareketler!$C$5:$C$1504=A9)*Hareketler!$A$5:$A$1504)))) -> 46297 | L9: =IF(OR(A9="",K9=""),"",TODAY()-K9) -> 2 | M9: =IF(OR(J9="Tükendi",J9="Kritik"),ROW(),"") | N9: =IF(A9="","",I9+ROW()/1000000) -> 2250
A10: Bulaşık deterjanı | B10: Şişe | C10: 95 | D10: 36 | E10: 10 | F10: =IF(A10="","",SUMIFS(Hareketler!$D$5:$D$1504,Hareketler!$C$5:$C$1504,A10,Hareketler!$B$5:$B$1504,"Giriş")) -> 0 | G10: =IF(A10="","",SUMIFS(Hareketler!$D$5:$D$1504,Hareketler!$C$5:$C$1504,A10,Hareketler!$B$5:$B$1504,"Çıkış")) -> 0 | H10: =IF(A10="","",D10+F10-G10) -> 36 | I10: =IF(A10="","",H10*C10) -> 3420 | J10: =IF(A10="","",IF(H10<=0,"Tükendi",IF(H10<=E10,"Kritik","Yeterli"))) -> Yeterli | K10: =IF(A10="","",IF(SUMPRODUCT(MAX((Hareketler!$C$5:$C$1504=A10)*Hareketler!$A$5:$A$1504))=0,"",SUMPRODUCT(MAX((Hareketler!$C$5:$C$1504=A10)*Hareketler!$A$5:$A$1504)))) | L10: =IF(OR(A10="",K10=""),"",TODAY()-K10) | M10: =IF(OR(J10="Tükendi",J10="Kritik"),ROW(),"") | N10: =IF(A10="","",I10+ROW()/1000000) -> 3420
F11: =IF(A11="","",SUMIFS(Hareketler!$D$5:$D$1504,Hareketler!$C$5:$C$1504,A11,Hareketler!$B$5:$B$1504,"Giriş")) | G11: =IF(A11="","",SUMIFS(Hareketler!$D$5:$D$1504,Hareketler!$C$5:$C$1504,A11,Hareketler!$B$5:$B$1504,"Çıkış")) | H11: =IF(A11="","",D11+F11-G11) | I11: =IF(A11="","",H11*C11) | J11: =IF(A11="","",IF(H11<=0,"Tükendi",IF(H11<=E11,"Kritik","Yeterli"))) | K11: =IF(A11="","",IF(SUMPRODUCT(MAX((Hareketler!$C$5:$C$1504=A11)*Hareketler!$A$5:$A$1504))=0,"",SUMPRODUCT(MAX((Hareketler!$C$5:$C$1504=A11)*Hareketler!$A$5:$A$1504)))) | L11: =IF(OR(A11="",K11=""),"",TODAY()-K11) | M11: =IF(OR(J11="Tükendi",J11="Kritik"),ROW(),"") | N11: =IF(A11="","",I11+ROW()/1000000)
F12: =IF(A12="","",SUMIFS(Hareketler!$D$5:$D$1504,Hareketler!$C$5:$C$1504,A12,Hareketler!$B$5:$B$1504,"Giriş")) | G12: =IF(A12="","",SUMIFS(Hareketler!$D$5:$D$1504,Hareketler!$C$5:$C$1504,A12,Hareketler!$B$5:$B$1504,"Çıkış")) | H12: =IF(A12="","",D12+F12-G12) | I12: =IF(A12="","",H12*C12) | J12: =IF(A12="","",IF(H12<=0,"Tükendi",IF(H12<=E12,"Kritik","Yeterli"))) | K12: =IF(A12="","",IF(SUMPRODUCT(MAX((Hareketler!$C$5:$C$1504=A12)*Hareketler!$A$5:$A$1504))=0,"",SUMPRODUCT(MAX((Hareketler!$C$5:$C$1504=A12)*Hareketler!$A$5:$A$1504)))) | L12: =IF(OR(A12="",K12=""),"",TODAY()-K12) | M12: =IF(OR(J12="Tükendi",J12="Kritik"),ROW(),"") | N12: =IF(A12="","",I12+ROW()/1000000)
F13: =IF(A13="","",SUMIFS(Hareketler!$D$5:$D$1504,Hareketler!$C$5:$C$1504,A13,Hareketler!$B$5:$B$1504,"Giriş")) | G13: =IF(A13="","",SUMIFS(Hareketler!$D$5:$D$1504,Hareketler!$C$5:$C$1504,A13,Hareketler!$B$5:$B$1504,"Çıkış")) | H13: =IF(A13="","",D13+F13-G13) | I13: =IF(A13="","",H13*C13) | J13: =IF(A13="","",IF(H13<=0,"Tükendi",IF(H13<=E13,"Kritik","Yeterli"))) | K13: =IF(A13="","",IF(SUMPRODUCT(MAX((Hareketler!$C$5:$C$1504=A13)*Hareketler!$A$5:$A$1504))=0,"",SUMPRODUCT(MAX((Hareketler!$C$5:$C$1504=A13)*Hareketler!$A$5:$A$1504)))) | L13: =IF(OR(A13="",K13=""),"",TODAY()-K13) | M13: =IF(OR(J13="Tükendi",J13="Kritik"),ROW(),"") | N13: =IF(A13="","",I13+ROW()/1000000)
F14: =IF(A14="","",SUMIFS(Hareketler!$D$5:$D$1504,Hareketler!$C$5:$C$1504,A14,Hareketler!$B$5:$B$1504,"Giriş")) | G14: =IF(A14="","",SUMIFS(Hareketler!$D$5:$D$1504,Hareketler!$C$5:$C$1504,A14,Hareketler!$B$5:$B$1504,"Çıkış")) | H14: =IF(A14="","",D14+F14-G14) | I14: =IF(A14="","",H14*C14) | J14: =IF(A14="","",IF(H14<=0,"Tükendi",IF(H14<=E14,"Kritik","Yeterli"))) | K14: =IF(A14="","",IF(SUMPRODUCT(MAX((Hareketler!$C$5:$C$1504=A14)*Hareketler!$A$5:$A$1504))=0,"",SUMPRODUCT(MAX((Hareketler!$C$5:$C$1504=A14)*Hareketler!$A$5:$A$1504)))) | L14: =IF(OR(A14="",K14=""),"",TODAY()-K14) | M14: =IF(OR(J14="Tükendi",J14="Kritik"),ROW(),"") | N14: =IF(A14="","",I14+ROW()/1000000)
F15: =IF(A15="","",SUMIFS(Hareketler!$D$5:$D$1504,Hareketler!$C$5:$C$1504,A15,Hareketler!$B$5:$B$1504,"Giriş")) | G15: =IF(A15="","",SUMIFS(Hareketler!$D$5:$D$1504,Hareketler!$C$5:$C$1504,A15,Hareketler!$B$5:$B$1504,"Çıkış")) | H15: =IF(A15="","",D15+F15-G15) | I15: =IF(A15="","",H15*C15) | J15: =IF(A15="","",IF(H15<=0,"Tükendi",IF(H15<=E15,"Kritik","Yeterli"))) | K15: =IF(A15="","",IF(SUMPRODUCT(MAX((Hareketler!$C$5:$C$1504=A15)*Hareketler!$A$5:$A$1504))=0,"",SUMPRODUCT(MAX((Hareketler!$C$5:$C$1504=A15)*Hareketler!$A$5:$A$1504)))) | L15: =IF(OR(A15="",K15=""),"",TODAY()-K15) | M15: =IF(OR(J15="Tükendi",J15="Kritik"),ROW(),"") | N15: =IF(A15="","",I15+ROW()/1000000)
F16: =IF(A16="","",SUMIFS(Hareketler!$D$5:$D$1504,Hareketler!$C$5:$C$1504,A16,Hareketler!$B$5:$B$1504,"Giriş")) | G16: =IF(A16="","",SUMIFS(Hareketler!$D$5:$D$1504,Hareketler!$C$5:$C$1504,A16,Hareketler!$B$5:$B$1504,"Çıkış")) | H16: =IF(A16="","",D16+F16-G16) | I16: =IF(A16="","",H16*C16) | J16: =IF(A16="","",IF(H16<=0,"Tükendi",IF(H16<=E16,"Kritik","Yeterli"))) | K16: =IF(A16="","",IF(SUMPRODUCT(MAX((Hareketler!$C$5:$C$1504=A16)*Hareketler!$A$5:$A$1504))=0,"",SUMPRODUCT(MAX((Hareketler!$C$5:$C$1504=A16)*Hareketler!$A$5:$A$1504)))) | L16: =IF(OR(A16="",K16=""),"",TODAY()-K16) | M16: =IF(OR(J16="Tükendi",J16="Kritik"),ROW(),"") | N16: =IF(A16="","",I16+ROW()/1000000)
F17: =IF(A17="","",SUMIFS(Hareketler!$D$5:$D$1504,Hareketler!$C$5:$C$1504,A17,Hareketler!$B$5:$B$1504,"Giriş")) | G17: =IF(A17="","",SUMIFS(Hareketler!$D$5:$D$1504,Hareketler!$C$5:$C$1504,A17,Hareketler!$B$5:$B$1504,"Çıkış")) | H17: =IF(A17="","",D17+F17-G17) | I17: =IF(A17="","",H17*C17) | J17: =IF(A17="","",IF(H17<=0,"Tükendi",IF(H17<=E17,"Kritik","Yeterli"))) | K17: =IF(A17="","",IF(SUMPRODUCT(MAX((Hareketler!$C$5:$C$1504=A17)*Hareketler!$A$5:$A$1504))=0,"",SUMPRODUCT(MAX((Hareketler!$C$5:$C$1504=A17)*Hareketler!$A$5:$A$1504)))) | L17: =IF(OR(A17="",K17=""),"",TODAY()-K17) | M17: =IF(OR(J17="Tükendi",J17="Kritik"),ROW(),"") | N17: =IF(A17="","",I17+ROW()/1000000)
F18: =IF(A18="","",SUMIFS(Hareketler!$D$5:$D$1504,Hareketler!$C$5:$C$1504,A18,Hareketler!$B$5:$B$1504,"Giriş")) | G18: =IF(A18="","",SUMIFS(Hareketler!$D$5:$D$1504,Hareketler!$C$5:$C$1504,A18,Hareketler!$B$5:$B$1504,"Çıkış")) | H18: =IF(A18="","",D18+F18-G18) | I18: =IF(A18="","",H18*C18) | J18: =IF(A18="","",IF(H18<=0,"Tükendi",IF(H18<=E18,"Kritik","Yeterli"))) | K18: =IF(A18="","",IF(SUMPRODUCT(MAX((Hareketler!$C$5:$C$1504=A18)*Hareketler!$A$5:$A$1504))=0,"",SUMPRODUCT(MAX((Hareketler!$C$5:$C$1504=A18)*Hareketler!$A$5:$A$1504)))) | L18: =IF(OR(A18="",K18=""),"",TODAY()-K18) | M18: =IF(OR(J18="Tükendi",J18="Kritik"),ROW(),"") | N18: =IF(A18="","",I18+ROW()/1000000)
F19: =IF(A19="","",SUMIFS(Hareketler!$D$5:$D$1504,Hareketler!$C$5:$C$1504,A19,Hareketler!$B$5:$B$1504,"Giriş")) | G19: =IF(A19="","",SUMIFS(Hareketler!$D$5:$D$1504,Hareketler!$C$5:$C$1504,A19,Hareketler!$B$5:$B$1504,"Çıkış")) | H19: =IF(A19="","",D19+F19-G19) | I19: =IF(A19="","",H19*C19) | J19: =IF(A19="","",IF(H19<=0,"Tükendi",IF(H19<=E19,"Kritik","Yeterli"))) | K19: =IF(A19="","",IF(SUMPRODUCT(MAX((Hareketler!$C$5:$C$1504=A19)*Hareketler!$A$5:$A$1504))=0,"",SUMPRODUCT(MAX((Hareketler!$C$5:$C$1504=A19)*Hareketler!$A$5:$A$1504)))) | L19: =IF(OR(A19="",K19=""),"",TODAY()-K19) | M19: =IF(OR(J19="Tükendi",J19="Kritik"),ROW(),"") | N19: =IF(A19="","",I19+ROW()/1000000)
F20: =IF(A20="","",SUMIFS(Hareketler!$D$5:$D$1504,Hareketler!$C$5:$C$1504,A20,Hareketler!$B$5:$B$1504,"Giriş")) | G20: =IF(A20="","",SUMIFS(Hareketler!$D$5:$D$1504,Hareketler!$C$5:$C$1504,A20,Hareketler!$B$5:$B$1504,"Çıkış")) | H20: =IF(A20="","",D20+F20-G20) | I20: =IF(A20="","",H20*C20) | J20: =IF(A20="","",IF(H20<=0,"Tükendi",IF(H20<=E20,"Kritik","Yeterli"))) | K20: =IF(A20="","",IF(SUMPRODUCT(MAX((Hareketler!$C$5:$C$1504=A20)*Hareketler!$A$5:$A$1504))=0,"",SUMPRODUCT(MAX((Hareketler!$C$5:$C$1504=A20)*Hareketler!$A$5:$A$1504)))) | L20: =IF(OR(A20="",K20=""),"",TODAY()-K20) | M20: =IF(OR(J20="Tükendi",J20="Kritik"),ROW(),"") | N20: =IF(A20="","",I20+ROW()/1000000)
F21: =IF(A21="","",SUMIFS(Hareketler!$D$5:$D$1504,Hareketler!$C$5:$C$1504,A21,Hareketler!$B$5:$B$1504,"Giriş")) | G21: =IF(A21="","",SUMIFS(Hareketler!$D$5:$D$1504,Hareketler!$C$5:$C$1504,A21,Hareketler!$B$5:$B$1504,"Çıkış")) | H21: =IF(A21="","",D21+F21-G21) | I21: =IF(A21="","",H21*C21) | J21: =IF(A21="","",IF(H21<=0,"Tükendi",IF(H21<=E21,"Kritik","Yeterli"))) | K21: =IF(A21="","",IF(SUMPRODUCT(MAX((Hareketler!$C$5:$C$1504=A21)*Hareketler!$A$5:$A$1504))=0,"",SUMPRODUCT(MAX((Hareketler!$C$5:$C$1504=A21)*Hareketler!$A$5:$A$1504)))) | L21: =IF(OR(A21="",K21=""),"",TODAY()-K21) | M21: =IF(OR(J21="Tükendi",J21="Kritik"),ROW(),"") | N21: =IF(A21="","",I21+ROW()/1000000)
F22: =IF(A22="","",SUMIFS(Hareketler!$D$5:$D$1504,Hareketler!$C$5:$C$1504,A22,Hareketler!$B$5:$B$1504,"Giriş")) | G22: =IF(A22="","",SUMIFS(Hareketler!$D$5:$D$1504,Hareketler!$C$5:$C$1504,A22,Hareketler!$B$5:$B$1504,"Çıkış")) | H22: =IF(A22="","",D22+F22-G22) | I22: =IF(A22="","",H22*C22) | J22: =IF(A22="","",IF(H22<=0,"Tükendi",IF(H22<=E22,"Kritik","Yeterli"))) | K22: =IF(A22="","",IF(SUMPRODUCT(MAX((Hareketler!$C$5:$C$1504=A22)*Hareketler!$A$5:$A$1504))=0,"",SUMPRODUCT(MAX((Hareketler!$C$5:$C$1504=A22)*Hareketler!$A$5:$A$1504)))) | L22: =IF(OR(A22="",K22=""),"",TODAY()-K22) | M22: =IF(OR(J22="Tükendi",J22="Kritik"),ROW(),"") | N22: =IF(A22="","",I22+ROW()/1000000)
... F304: =IF(A304="","",SUMIFS(Hareketler!$D$5:$D$1504,Hareketler!$C$5:$C$1504,A304,Hareketler!$B$5:$B$1504,"Giriş")) | G304: =IF(A304="","",SUMIFS(Hareketler!$D$5:$D$1504,Hareketler!$C$5:$C$1504,A304,Hareketler!$B$5:$B$1504,"Çıkış")) | H304: =IF(A304="","",D304+F304-G304) | I304: =IF(A304="","",H304*C304) | J304: =IF(A304="","",IF(H304<=0,"Tükendi",IF(H304<=E304,"Kritik","Yeterli"))) | K304: =IF(A304="","",IF(SUMPRODUCT(MAX((Hareketler!$C$5:$C$1504=A304)*Hareketler!$A$5:$A$1504))=0,"",SUMPRODUCT(MAX((Hareketler!$C$5:$C$1504=A304)*Hareketler!$A$5:$A$1504)))) | L304: =IF(OR(A304="",K304=""),"",TODAY()-K304) | M304: =IF(OR(J304="Tükendi",J304="Kritik"),ROW(),"") | N304: =IF(A304="","",I304+ROW()/1000000)

Sheet AI Komutları
B1: Yapay Zeka Komutları
B2: İlgili sayfada başlık satırıyla birlikte kayıtlarını seç, kopyala, kullandığın yapay zeka asistanına yapıştır ve altına komutu ekle.
B3: Dikkat: Tedarikçi ve müşteri adlarını takma adla değiştir. Yapay zekanın verdiği rakamları dosyadaki özet sayfasıyla karşılaştır.
B5: Ne için | C5: Komut (kopyala, yapıştır)
B6: Sipariş listesi | C6: [Ürünler sayfası] Durumu Kritik ya da Tükendi olan ürünler için sipariş listesi hazırla. Her üründen kritik seviyenin üç katına çıkacak kadar adet öner.
B7: Ölü stok | C7: [Ürünler sayfası] Hareketsiz gün sayısı en yüksek ürünleri ve bunlara bağlı parayı listele. Eritmek için birer öneri ver.
B8: Hızlı dönenler | C8: [Hareketler sayfası] Son 30 günde en çok çıkan 5 ürünü bul. Bu hızla her birinin mevcut stoku kaç gün yeter, hesapla.
B9: Kritik seviye önerisi | C9: [Ürünler ve Hareketler sayfaları] Her ürünün haftalık ortalama çıkışına bakarak iki haftalık satışı karşılayacak kritik seviye öner.
B10: Sayım planı | C10: [Ürünler sayfası] Stok değeri en yüksek ürünlerden başlayarak haftalık bir sayım planı çıkar.
B11: Hareket kontrolü | C11: [Hareketler sayfası] Olağan dışı yüksek adetli, tarihi eksik ya da iki kez girilmiş gibi duran satırları göster.
