Workbook

Sheet Başla
B2: EXCEL KLİNİĞİ
B3: SAAT | Serbest çalışan saat takibi
B4: Hangi müşteriye kaç saat çalıştın, ne kadar faturalandı, faturalanmayı bekleyen ne kadar.
B6: NASIL KULLANILIR
B7: 1. Müşteriler | C7: Müşterilerini ve saat ücretini yaz.
B8: 2. Kayıtlar | C8: Her çalışmayı tarih, müşteri, iş ve saat olarak gir. Dakikayı ondalık yaz: 30 dakika 0,5 saattir.
B9: 3. Özet | C9: Aylık saat ve tutar, faturalanmayı bekleyen tutar.
B11: BİLMEN GEREKENLER
B12: Ücret değişirse | C12: Saat ücretini değiştirirsen eski kayıtların tutarı da yeni ücretle hesaplanır.
B13: Fatura | C13: Dosya fatura kesmez; yalnızca neyin faturalanmadığını gösterir.
B14: Kapasite | C14: Müşteriler: 50 satır; Kayıtlar: 2000 satır.
B16: RENKLER
B17: Sarı hücre | C17: Senin dolduracağın hücre. İçindeki örnekleri silip kendi bilgini yaz.
B18: Beyaz hücre, açık başlık | C18: Formül. Değiştirme, kendiliğinden hesaplanır.

Sheet Kayıtlar
A1: Saat Kayıtları
A2: Her çalışma bir satır. Faturasını kesince Faturalandı sütununu Evet yap.
A4: Tarih | B4: Müşteri | C4: Proje | D4: Yapılan iş | E4: Saat | F4: Faturalandı | G4: Tutar (₺)
A5: 46275 | B5: Müşteri Alfa | C5: Web sitesi | D5: Tasarım | E5: 4 | F5: Evet | G5: =IF(OR(B5="",E5=""),"",E5*IFERROR(INDEX(Müşteriler!$B$5:$B$54,MATCH(B5,Müşteriler!$A$5:$A$54,0)),0)) -> 6000
A6: 46289 | B6: Müşteri Alfa | C6: Web sitesi | D6: Geliştirme | E6: 6.5 | F6: Evet | G6: =IF(OR(B6="",E6=""),"",E6*IFERROR(INDEX(Müşteriler!$B$5:$B$54,MATCH(B6,Müşteriler!$A$5:$A$54,0)),0)) -> 9750
A7: 46296 | B7: Müşteri Beta | C7: Rapor | D7: Veri temizliği | E7: 3 | F7: Hayır | G7: =IF(OR(B7="",E7=""),"",E7*IFERROR(INDEX(Müşteriler!$B$5:$B$54,MATCH(B7,Müşteriler!$A$5:$A$54,0)),0)) -> 3600
A8: 46298 | B8: Müşteri Alfa | C8: Web sitesi | D8: Düzeltmeler | E8: 2 | F8: Hayır | G8: =IF(OR(B8="",E8=""),"",E8*IFERROR(INDEX(Müşteriler!$B$5:$B$54,MATCH(B8,Müşteriler!$A$5:$A$54,0)),0)) -> 3000
G9: =IF(OR(B9="",E9=""),"",E9*IFERROR(INDEX(Müşteriler!$B$5:$B$54,MATCH(B9,Müşteriler!$A$5:$A$54,0)),0))
G10: =IF(OR(B10="",E10=""),"",E10*IFERROR(INDEX(Müşteriler!$B$5:$B$54,MATCH(B10,Müşteriler!$A$5:$A$54,0)),0))
G11: =IF(OR(B11="",E11=""),"",E11*IFERROR(INDEX(Müşteriler!$B$5:$B$54,MATCH(B11,Müşteriler!$A$5:$A$54,0)),0))
G12: =IF(OR(B12="",E12=""),"",E12*IFERROR(INDEX(Müşteriler!$B$5:$B$54,MATCH(B12,Müşteriler!$A$5:$A$54,0)),0))
G13: =IF(OR(B13="",E13=""),"",E13*IFERROR(INDEX(Müşteriler!$B$5:$B$54,MATCH(B13,Müşteriler!$A$5:$A$54,0)),0))
G14: =IF(OR(B14="",E14=""),"",E14*IFERROR(INDEX(Müşteriler!$B$5:$B$54,MATCH(B14,Müşteriler!$A$5:$A$54,0)),0))
G15: =IF(OR(B15="",E15=""),"",E15*IFERROR(INDEX(Müşteriler!$B$5:$B$54,MATCH(B15,Müşteriler!$A$5:$A$54,0)),0))
G16: =IF(OR(B16="",E16=""),"",E16*IFERROR(INDEX(Müşteriler!$B$5:$B$54,MATCH(B16,Müşteriler!$A$5:$A$54,0)),0))
G17: =IF(OR(B17="",E17=""),"",E17*IFERROR(INDEX(Müşteriler!$B$5:$B$54,MATCH(B17,Müşteriler!$A$5:$A$54,0)),0))
G18: =IF(OR(B18="",E18=""),"",E18*IFERROR(INDEX(Müşteriler!$B$5:$B$54,MATCH(B18,Müşteriler!$A$5:$A$54,0)),0))
G19: =IF(OR(B19="",E19=""),"",E19*IFERROR(INDEX(Müşteriler!$B$5:$B$54,MATCH(B19,Müşteriler!$A$5:$A$54,0)),0))
G20: =IF(OR(B20="",E20=""),"",E20*IFERROR(INDEX(Müşteriler!$B$5:$B$54,MATCH(B20,Müşteriler!$A$5:$A$54,0)),0))
... G2004: =IF(OR(B2004="",E2004=""),"",E2004*IFERROR(INDEX(Müşteriler!$B$5:$B$54,MATCH(B2004,Müşteriler!$A$5:$A$54,0)),0))

Sheet Müşteriler
A1: Müşteriler
A2: Müşterilerini ve saat ücretini yaz.
A4: Müşteri | B4: Saat ücreti (₺) | C4: Saat | D4: Tutar (₺) | E4: Faturalanmamış (₺)
A5: Müşteri Alfa | B5: 1500 | C5: =IF(A5="","",SUMIFS(Kayıtlar!$E$5:$E$2004,Kayıtlar!$B$5:$B$2004,A5)) -> 12.5 | D5: =IF(A5="","",SUMIFS(Kayıtlar!$G$5:$G$2004,Kayıtlar!$B$5:$B$2004,A5)) -> 18750 | E5: =IF(A5="","",SUMIFS(Kayıtlar!$G$5:$G$2004,Kayıtlar!$B$5:$B$2004,A5,Kayıtlar!$F$5:$F$2004,"Hayır")) -> 3000
A6: Müşteri Beta | B6: 1200 | C6: =IF(A6="","",SUMIFS(Kayıtlar!$E$5:$E$2004,Kayıtlar!$B$5:$B$2004,A6)) -> 3 | D6: =IF(A6="","",SUMIFS(Kayıtlar!$G$5:$G$2004,Kayıtlar!$B$5:$B$2004,A6)) -> 3600 | E6: =IF(A6="","",SUMIFS(Kayıtlar!$G$5:$G$2004,Kayıtlar!$B$5:$B$2004,A6,Kayıtlar!$F$5:$F$2004,"Hayır")) -> 3600
C7: =IF(A7="","",SUMIFS(Kayıtlar!$E$5:$E$2004,Kayıtlar!$B$5:$B$2004,A7)) | D7: =IF(A7="","",SUMIFS(Kayıtlar!$G$5:$G$2004,Kayıtlar!$B$5:$B$2004,A7)) | E7: =IF(A7="","",SUMIFS(Kayıtlar!$G$5:$G$2004,Kayıtlar!$B$5:$B$2004,A7,Kayıtlar!$F$5:$F$2004,"Hayır"))
C8: =IF(A8="","",SUMIFS(Kayıtlar!$E$5:$E$2004,Kayıtlar!$B$5:$B$2004,A8)) | D8: =IF(A8="","",SUMIFS(Kayıtlar!$G$5:$G$2004,Kayıtlar!$B$5:$B$2004,A8)) | E8: =IF(A8="","",SUMIFS(Kayıtlar!$G$5:$G$2004,Kayıtlar!$B$5:$B$2004,A8,Kayıtlar!$F$5:$F$2004,"Hayır"))
C9: =IF(A9="","",SUMIFS(Kayıtlar!$E$5:$E$2004,Kayıtlar!$B$5:$B$2004,A9)) | D9: =IF(A9="","",SUMIFS(Kayıtlar!$G$5:$G$2004,Kayıtlar!$B$5:$B$2004,A9)) | E9: =IF(A9="","",SUMIFS(Kayıtlar!$G$5:$G$2004,Kayıtlar!$B$5:$B$2004,A9,Kayıtlar!$F$5:$F$2004,"Hayır"))
C10: =IF(A10="","",SUMIFS(Kayıtlar!$E$5:$E$2004,Kayıtlar!$B$5:$B$2004,A10)) | D10: =IF(A10="","",SUMIFS(Kayıtlar!$G$5:$G$2004,Kayıtlar!$B$5:$B$2004,A10)) | E10: =IF(A10="","",SUMIFS(Kayıtlar!$G$5:$G$2004,Kayıtlar!$B$5:$B$2004,A10,Kayıtlar!$F$5:$F$2004,"Hayır"))
C11: =IF(A11="","",SUMIFS(Kayıtlar!$E$5:$E$2004,Kayıtlar!$B$5:$B$2004,A11)) | D11: =IF(A11="","",SUMIFS(Kayıtlar!$G$5:$G$2004,Kayıtlar!$B$5:$B$2004,A11)) | E11: =IF(A11="","",SUMIFS(Kayıtlar!$G$5:$G$2004,Kayıtlar!$B$5:$B$2004,A11,Kayıtlar!$F$5:$F$2004,"Hayır"))
C12: =IF(A12="","",SUMIFS(Kayıtlar!$E$5:$E$2004,Kayıtlar!$B$5:$B$2004,A12)) | D12: =IF(A12="","",SUMIFS(Kayıtlar!$G$5:$G$2004,Kayıtlar!$B$5:$B$2004,A12)) | E12: =IF(A12="","",SUMIFS(Kayıtlar!$G$5:$G$2004,Kayıtlar!$B$5:$B$2004,A12,Kayıtlar!$F$5:$F$2004,"Hayır"))
C13: =IF(A13="","",SUMIFS(Kayıtlar!$E$5:$E$2004,Kayıtlar!$B$5:$B$2004,A13)) | D13: =IF(A13="","",SUMIFS(Kayıtlar!$G$5:$G$2004,Kayıtlar!$B$5:$B$2004,A13)) | E13: =IF(A13="","",SUMIFS(Kayıtlar!$G$5:$G$2004,Kayıtlar!$B$5:$B$2004,A13,Kayıtlar!$F$5:$F$2004,"Hayır"))
C14: =IF(A14="","",SUMIFS(Kayıtlar!$E$5:$E$2004,Kayıtlar!$B$5:$B$2004,A14)) | D14: =IF(A14="","",SUMIFS(Kayıtlar!$G$5:$G$2004,Kayıtlar!$B$5:$B$2004,A14)) | E14: =IF(A14="","",SUMIFS(Kayıtlar!$G$5:$G$2004,Kayıtlar!$B$5:$B$2004,A14,Kayıtlar!$F$5:$F$2004,"Hayır"))
C15: =IF(A15="","",SUMIFS(Kayıtlar!$E$5:$E$2004,Kayıtlar!$B$5:$B$2004,A15)) | D15: =IF(A15="","",SUMIFS(Kayıtlar!$G$5:$G$2004,Kayıtlar!$B$5:$B$2004,A15)) | E15: =IF(A15="","",SUMIFS(Kayıtlar!$G$5:$G$2004,Kayıtlar!$B$5:$B$2004,A15,Kayıtlar!$F$5:$F$2004,"Hayır"))
C16: =IF(A16="","",SUMIFS(Kayıtlar!$E$5:$E$2004,Kayıtlar!$B$5:$B$2004,A16)) | D16: =IF(A16="","",SUMIFS(Kayıtlar!$G$5:$G$2004,Kayıtlar!$B$5:$B$2004,A16)) | E16: =IF(A16="","",SUMIFS(Kayıtlar!$G$5:$G$2004,Kayıtlar!$B$5:$B$2004,A16,Kayıtlar!$F$5:$F$2004,"Hayır"))
C17: =IF(A17="","",SUMIFS(Kayıtlar!$E$5:$E$2004,Kayıtlar!$B$5:$B$2004,A17)) | D17: =IF(A17="","",SUMIFS(Kayıtlar!$G$5:$G$2004,Kayıtlar!$B$5:$B$2004,A17)) | E17: =IF(A17="","",SUMIFS(Kayıtlar!$G$5:$G$2004,Kayıtlar!$B$5:$B$2004,A17,Kayıtlar!$F$5:$F$2004,"Hayır"))
C18: =IF(A18="","",SUMIFS(Kayıtlar!$E$5:$E$2004,Kayıtlar!$B$5:$B$2004,A18)) | D18: =IF(A18="","",SUMIFS(Kayıtlar!$G$5:$G$2004,Kayıtlar!$B$5:$B$2004,A18)) | E18: =IF(A18="","",SUMIFS(Kayıtlar!$G$5:$G$2004,Kayıtlar!$B$5:$B$2004,A18,Kayıtlar!$F$5:$F$2004,"Hayır"))
... C54: =IF(A54="","",SUMIFS(Kayıtlar!$E$5:$E$2004,Kayıtlar!$B$5:$B$2004,A54)) | D54: =IF(A54="","",SUMIFS(Kayıtlar!$G$5:$G$2004,Kayıtlar!$B$5:$B$2004,A54)) | E54: =IF(A54="","",SUMIFS(Kayıtlar!$G$5:$G$2004,Kayıtlar!$B$5:$B$2004,A54,Kayıtlar!$F$5:$F$2004,"Hayır"))

Sheet Özet
A1: Özet
A2: Bu sayfada yalnızca yılı değiştir.
B3: Yıl | C3: 2026
B5: Yıl saati | C5: Yıl tutarı | D5: Faturalanmamış | E5: Ortalama saat ücreti
B6: =C23 -> 15.5 | C6: =D23 -> 22350 | D6: =SUMIFS(Kayıtlar!$G$5:$G$2004,Kayıtlar!$F$5:$F$2004,"Hayır") -> 6600 | E6: =IF(C23=0,0,D23/C23) -> 1441.9355
B9: Aylık tablo
B10: Ay | C10: Saat | D10: Tutar (₺)
B11: Ocak | C11: =SUMIFS(Kayıtlar!$E$5:$E$2004,Kayıtlar!$A$5:$A$2004,">="&DATE($C$3,1,1),Kayıtlar!$A$5:$A$2004,"<"&DATE($C$3,2,1)) -> 0 | D11: =SUMIFS(Kayıtlar!$G$5:$G$2004,Kayıtlar!$A$5:$A$2004,">="&DATE($C$3,1,1),Kayıtlar!$A$5:$A$2004,"<"&DATE($C$3,2,1)) -> 0
B12: Şubat | C12: =SUMIFS(Kayıtlar!$E$5:$E$2004,Kayıtlar!$A$5:$A$2004,">="&DATE($C$3,2,1),Kayıtlar!$A$5:$A$2004,"<"&DATE($C$3,3,1)) -> 0 | D12: =SUMIFS(Kayıtlar!$G$5:$G$2004,Kayıtlar!$A$5:$A$2004,">="&DATE($C$3,2,1),Kayıtlar!$A$5:$A$2004,"<"&DATE($C$3,3,1)) -> 0
B13: Mart | C13: =SUMIFS(Kayıtlar!$E$5:$E$2004,Kayıtlar!$A$5:$A$2004,">="&DATE($C$3,3,1),Kayıtlar!$A$5:$A$2004,"<"&DATE($C$3,4,1)) -> 0 | D13: =SUMIFS(Kayıtlar!$G$5:$G$2004,Kayıtlar!$A$5:$A$2004,">="&DATE($C$3,3,1),Kayıtlar!$A$5:$A$2004,"<"&DATE($C$3,4,1)) -> 0
B14: Nisan | C14: =SUMIFS(Kayıtlar!$E$5:$E$2004,Kayıtlar!$A$5:$A$2004,">="&DATE($C$3,4,1),Kayıtlar!$A$5:$A$2004,"<"&DATE($C$3,5,1)) -> 0 | D14: =SUMIFS(Kayıtlar!$G$5:$G$2004,Kayıtlar!$A$5:$A$2004,">="&DATE($C$3,4,1),Kayıtlar!$A$5:$A$2004,"<"&DATE($C$3,5,1)) -> 0
B15: Mayıs | C15: =SUMIFS(Kayıtlar!$E$5:$E$2004,Kayıtlar!$A$5:$A$2004,">="&DATE($C$3,5,1),Kayıtlar!$A$5:$A$2004,"<"&DATE($C$3,6,1)) -> 0 | D15: =SUMIFS(Kayıtlar!$G$5:$G$2004,Kayıtlar!$A$5:$A$2004,">="&DATE($C$3,5,1),Kayıtlar!$A$5:$A$2004,"<"&DATE($C$3,6,1)) -> 0
B16: Haziran | C16: =SUMIFS(Kayıtlar!$E$5:$E$2004,Kayıtlar!$A$5:$A$2004,">="&DATE($C$3,6,1),Kayıtlar!$A$5:$A$2004,"<"&DATE($C$3,7,1)) -> 0 | D16: =SUMIFS(Kayıtlar!$G$5:$G$2004,Kayıtlar!$A$5:$A$2004,">="&DATE($C$3,6,1),Kayıtlar!$A$5:$A$2004,"<"&DATE($C$3,7,1)) -> 0
B17: Temmuz | C17: =SUMIFS(Kayıtlar!$E$5:$E$2004,Kayıtlar!$A$5:$A$2004,">="&DATE($C$3,7,1),Kayıtlar!$A$5:$A$2004,"<"&DATE($C$3,8,1)) -> 0 | D17: =SUMIFS(Kayıtlar!$G$5:$G$2004,Kayıtlar!$A$5:$A$2004,">="&DATE($C$3,7,1),Kayıtlar!$A$5:$A$2004,"<"&DATE($C$3,8,1)) -> 0
B18: Ağustos | C18: =SUMIFS(Kayıtlar!$E$5:$E$2004,Kayıtlar!$A$5:$A$2004,">="&DATE($C$3,8,1),Kayıtlar!$A$5:$A$2004,"<"&DATE($C$3,9,1)) -> 0 | D18: =SUMIFS(Kayıtlar!$G$5:$G$2004,Kayıtlar!$A$5:$A$2004,">="&DATE($C$3,8,1),Kayıtlar!$A$5:$A$2004,"<"&DATE($C$3,9,1)) -> 0
B19: Eylül | C19: =SUMIFS(Kayıtlar!$E$5:$E$2004,Kayıtlar!$A$5:$A$2004,">="&DATE($C$3,9,1),Kayıtlar!$A$5:$A$2004,"<"&DATE($C$3,10,1)) -> 10.5 | D19: =SUMIFS(Kayıtlar!$G$5:$G$2004,Kayıtlar!$A$5:$A$2004,">="&DATE($C$3,9,1),Kayıtlar!$A$5:$A$2004,"<"&DATE($C$3,10,1)) -> 15750
B20: Ekim | C20: =SUMIFS(Kayıtlar!$E$5:$E$2004,Kayıtlar!$A$5:$A$2004,">="&DATE($C$3,10,1),Kayıtlar!$A$5:$A$2004,"<"&DATE($C$3,11,1)) -> 5 | D20: =SUMIFS(Kayıtlar!$G$5:$G$2004,Kayıtlar!$A$5:$A$2004,">="&DATE($C$3,10,1),Kayıtlar!$A$5:$A$2004,"<"&DATE($C$3,11,1)) -> 6600
B21: Kasım | C21: =SUMIFS(Kayıtlar!$E$5:$E$2004,Kayıtlar!$A$5:$A$2004,">="&DATE($C$3,11,1),Kayıtlar!$A$5:$A$2004,"<"&DATE($C$3,12,1)) -> 0 | D21: =SUMIFS(Kayıtlar!$G$5:$G$2004,Kayıtlar!$A$5:$A$2004,">="&DATE($C$3,11,1),Kayıtlar!$A$5:$A$2004,"<"&DATE($C$3,12,1)) -> 0
B22: Aralık | C22: =SUMIFS(Kayıtlar!$E$5:$E$2004,Kayıtlar!$A$5:$A$2004,">="&DATE($C$3,12,1),Kayıtlar!$A$5:$A$2004,"<"&DATE($C$3,13,1)) -> 0 | D22: =SUMIFS(Kayıtlar!$G$5:$G$2004,Kayıtlar!$A$5:$A$2004,">="&DATE($C$3,12,1),Kayıtlar!$A$5:$A$2004,"<"&DATE($C$3,13,1)) -> 0
B23: TOPLAM | C23: =SUM(C11:C22) -> 15.5 | D23: =SUM(D11:D22) -> 22350

Sheet AI Komutları
B1: Yapay Zeka Komutları
B2: İlgili sayfada başlık satırıyla birlikte kayıtlarını seç, kopyala, kullandığın yapay zeka asistanına yapıştır ve altına komutu ekle.
B3: Dikkat: Müşteri ve proje adlarını takma adla değiştir. Yapay zekanın verdiği rakamları dosyadaki özet sayfasıyla karşılaştır.
B5: Ne için | C5: Komut (kopyala, yapıştır)
B6: Fatura metni | C6: [Kayıtlar sayfası] Faturalanmamış kayıtları müşteri bazında topla ve fatura açıklaması olarak kullanılacak kısa bir döküm yaz.
B7: Verimlilik | C7: [Kayıtlar sayfası] Saatlerimin müşterilere ve iş türlerine dağılımını çıkar.
B8: Ücret | C8: Saat ücretimi artırmak istiyorum; müşteriye bildirmek için kısa bir mesaj yaz.
B9: Kapasite | C9: Ayda [saat] çalışabiliyorum. Mevcut müşterilerle hedef gelire ulaşmak için ücret ne olmalı?
