Workbook

Sheet Başla
B2: EXCEL KLİNİĞİ
B3: AMELİYAT | Proje ve görev planı
B4: Görevleri, sorumluları ve tarihleri yaz; zaman çizelgesi, gecikenler ve genel ilerleme kendiliğinden çıksın.
B6: NASIL KULLANILIR
B7: 1. Ayarlar | C7: Proje adını, çizelgenin başlayacağı tarihi, ölçeği (gün ya da hafta) ve kişileri yaz.
B8: 2. Görevler | C8: Her görevi sorumlusu, başlangıç ve bitiş tarihiyle gir. İş ilerledikçe yüzdeyi güncelle; yüzde 100 olunca Tamamlandı yazar.
B9: 3. Çizelge | C9: Görevlerin zaman çizelgesi. Koyu yeşil tamamlanan, açık yeşil kalan kısım. Bugünün sütunu kırmızı çerçevelidir.
B10: 4. Özet | C10: Geciken görevler, 7 gün içinde bitecekler, genel ilerleme ve kişi başına yük.
B12: BİLMEN GEREKENLER
B13: Durum | C13: Bitiş tarihi geçmiş ve yüzde 100 olmamışsa Gecikti; başlangıcı gelmemişse Başlamadı; arada ise Sürüyor yazar. Bugünün tarihine göre her açışta güncellenir.
B14: Çizelge sınırı | C14: Çizelge 60 sütun gösterir: ölçek 7 ise yaklaşık 14 ay, ölçek 1 ise 2 ay. Daha uzun proje için ölçeği büyüt.
B15: Bağımlılık yok | C15: Dosya görevler arası bağımlılığı (biri bitmeden diğeri başlamaz) tutmaz. Bir görev kayarsa sonrakilerin tarihini elle güncellemen gerekir.
B16: Kapasite | C16: 100 görev, 15 kişi.
B18: RENKLER
B19: Sarı hücre | C19: Senin dolduracağın hücre. İçindeki örnekleri silip kendi bilgini yaz.
B20: Beyaz hücre, açık başlık | C20: Formül. Değiştirme, kendiliğinden hesaplanır.

Sheet Görevler
A1: Görevler
A2: Her görev bir satır. İlerlemeyi 0 ile 100 arasında yüzde olarak güncelle.
A4: Görev | B4: Sorumlu | C4: Başlangıç | D4: Bitiş | E4: İlerleme | F4: Süre (gün) | G4: Durum | H4: Kalan gün | I4: y
A5: Plan ve ölçü alma | B5: Kişi Alfa | C5: 46293 | D5: 46297 | E5: 1 | F5: =IF(OR(C5="",D5="",D5<C5),"",D5-C5+1) -> 5 | G5: =IF(A5="","",IF(F5="","Tarih eksik",IF(E5>=1,"Tamamlandı",IF(D5<TODAY(),"Gecikti",IF(C5>TODAY(),"Başlamadı","Sürüyor"))))) -> Tamamlandı | H5: =IF(OR(F5="",G5="Tamamlandı"),"",D5-TODAY()) | I5: =IF(G5="Gecikti",D5+ROW()/1000000,"")
A6: Malzeme siparişi | B6: Kişi Alfa | C6: 46295 | D6: 46298 | E6: 0.6 | F6: =IF(OR(C6="",D6="",D6<C6),"",D6-C6+1) -> 4 | G6: =IF(A6="","",IF(F6="","Tarih eksik",IF(E6>=1,"Tamamlandı",IF(D6<TODAY(),"Gecikti",IF(C6>TODAY(),"Başlamadı","Sürüyor"))))) -> Gecikti | H6: =IF(OR(F6="",G6="Tamamlandı"),"",D6-TODAY()) -> -1 | I6: =IF(G6="Gecikti",D6+ROW()/1000000,"") -> 46298
A7: Elektrik tesisatı | B7: Elektrikçi | C7: 46300 | D7: 46309 | E7: 0 | F7: =IF(OR(C7="",D7="",D7<C7),"",D7-C7+1) -> 10 | G7: =IF(A7="","",IF(F7="","Tarih eksik",IF(E7>=1,"Tamamlandı",IF(D7<TODAY(),"Gecikti",IF(C7>TODAY(),"Başlamadı","Sürüyor"))))) -> Başlamadı | H7: =IF(OR(F7="",G7="Tamamlandı"),"",D7-TODAY()) -> 10 | I7: =IF(G7="Gecikti",D7+ROW()/1000000,"")
A8: Boya ve zemin | B8: Usta | C8: 46307 | D8: 46320 | E8: 0 | F8: =IF(OR(C8="",D8="",D8<C8),"",D8-C8+1) -> 14 | G8: =IF(A8="","",IF(F8="","Tarih eksik",IF(E8>=1,"Tamamlandı",IF(D8<TODAY(),"Gecikti",IF(C8>TODAY(),"Başlamadı","Sürüyor"))))) -> Başlamadı | H8: =IF(OR(F8="",G8="Tamamlandı"),"",D8-TODAY()) -> 21 | I8: =IF(G8="Gecikti",D8+ROW()/1000000,"")
A9: Tabela tasarımı | B9: Tasarımcı | C9: 46296 | D9: 46315 | E9: 0.3 | F9: =IF(OR(C9="",D9="",D9<C9),"",D9-C9+1) -> 20 | G9: =IF(A9="","",IF(F9="","Tarih eksik",IF(E9>=1,"Tamamlandı",IF(D9<TODAY(),"Gecikti",IF(C9>TODAY(),"Başlamadı","Sürüyor"))))) -> Sürüyor | H9: =IF(OR(F9="",G9="Tamamlandı"),"",D9-TODAY()) -> 16 | I9: =IF(G9="Gecikti",D9+ROW()/1000000,"")
A10: Raf montajı | B10: Usta | C10: 46321 | D10: 46332 | E10: 0 | F10: =IF(OR(C10="",D10="",D10<C10),"",D10-C10+1) -> 12 | G10: =IF(A10="","",IF(F10="","Tarih eksik",IF(E10>=1,"Tamamlandı",IF(D10<TODAY(),"Gecikti",IF(C10>TODAY(),"Başlamadı","Sürüyor"))))) -> Başlamadı | H10: =IF(OR(F10="",G10="Tamamlandı"),"",D10-TODAY()) -> 33 | I10: =IF(G10="Gecikti",D10+ROW()/1000000,"")
A11: Açılış hazırlığı | B11: Kişi Alfa | C11: 46335 | D11: 46341 | E11: 0 | F11: =IF(OR(C11="",D11="",D11<C11),"",D11-C11+1) -> 7 | G11: =IF(A11="","",IF(F11="","Tarih eksik",IF(E11>=1,"Tamamlandı",IF(D11<TODAY(),"Gecikti",IF(C11>TODAY(),"Başlamadı","Sürüyor"))))) -> Başlamadı | H11: =IF(OR(F11="",G11="Tamamlandı"),"",D11-TODAY()) -> 42 | I11: =IF(G11="Gecikti",D11+ROW()/1000000,"")
F12: =IF(OR(C12="",D12="",D12<C12),"",D12-C12+1) | G12: =IF(A12="","",IF(F12="","Tarih eksik",IF(E12>=1,"Tamamlandı",IF(D12<TODAY(),"Gecikti",IF(C12>TODAY(),"Başlamadı","Sürüyor"))))) | H12: =IF(OR(F12="",G12="Tamamlandı"),"",D12-TODAY()) | I12: =IF(G12="Gecikti",D12+ROW()/1000000,"")
F13: =IF(OR(C13="",D13="",D13<C13),"",D13-C13+1) | G13: =IF(A13="","",IF(F13="","Tarih eksik",IF(E13>=1,"Tamamlandı",IF(D13<TODAY(),"Gecikti",IF(C13>TODAY(),"Başlamadı","Sürüyor"))))) | H13: =IF(OR(F13="",G13="Tamamlandı"),"",D13-TODAY()) | I13: =IF(G13="Gecikti",D13+ROW()/1000000,"")
F14: =IF(OR(C14="",D14="",D14<C14),"",D14-C14+1) | G14: =IF(A14="","",IF(F14="","Tarih eksik",IF(E14>=1,"Tamamlandı",IF(D14<TODAY(),"Gecikti",IF(C14>TODAY(),"Başlamadı","Sürüyor"))))) | H14: =IF(OR(F14="",G14="Tamamlandı"),"",D14-TODAY()) | I14: =IF(G14="Gecikti",D14+ROW()/1000000,"")
F15: =IF(OR(C15="",D15="",D15<C15),"",D15-C15+1) | G15: =IF(A15="","",IF(F15="","Tarih eksik",IF(E15>=1,"Tamamlandı",IF(D15<TODAY(),"Gecikti",IF(C15>TODAY(),"Başlamadı","Sürüyor"))))) | H15: =IF(OR(F15="",G15="Tamamlandı"),"",D15-TODAY()) | I15: =IF(G15="Gecikti",D15+ROW()/1000000,"")
F16: =IF(OR(C16="",D16="",D16<C16),"",D16-C16+1) | G16: =IF(A16="","",IF(F16="","Tarih eksik",IF(E16>=1,"Tamamlandı",IF(D16<TODAY(),"Gecikti",IF(C16>TODAY(),"Başlamadı","Sürüyor"))))) | H16: =IF(OR(F16="",G16="Tamamlandı"),"",D16-TODAY()) | I16: =IF(G16="Gecikti",D16+ROW()/1000000,"")
F17: =IF(OR(C17="",D17="",D17<C17),"",D17-C17+1) | G17: =IF(A17="","",IF(F17="","Tarih eksik",IF(E17>=1,"Tamamlandı",IF(D17<TODAY(),"Gecikti",IF(C17>TODAY(),"Başlamadı","Sürüyor"))))) | H17: =IF(OR(F17="",G17="Tamamlandı"),"",D17-TODAY()) | I17: =IF(G17="Gecikti",D17+ROW()/1000000,"")
F18: =IF(OR(C18="",D18="",D18<C18),"",D18-C18+1) | G18: =IF(A18="","",IF(F18="","Tarih eksik",IF(E18>=1,"Tamamlandı",IF(D18<TODAY(),"Gecikti",IF(C18>TODAY(),"Başlamadı","Sürüyor"))))) | H18: =IF(OR(F18="",G18="Tamamlandı"),"",D18-TODAY()) | I18: =IF(G18="Gecikti",D18+ROW()/1000000,"")
F19: =IF(OR(C19="",D19="",D19<C19),"",D19-C19+1) | G19: =IF(A19="","",IF(F19="","Tarih eksik",IF(E19>=1,"Tamamlandı",IF(D19<TODAY(),"Gecikti",IF(C19>TODAY(),"Başlamadı","Sürüyor"))))) | H19: =IF(OR(F19="",G19="Tamamlandı"),"",D19-TODAY()) | I19: =IF(G19="Gecikti",D19+ROW()/1000000,"")
F20: =IF(OR(C20="",D20="",D20<C20),"",D20-C20+1) | G20: =IF(A20="","",IF(F20="","Tarih eksik",IF(E20>=1,"Tamamlandı",IF(D20<TODAY(),"Gecikti",IF(C20>TODAY(),"Başlamadı","Sürüyor"))))) | H20: =IF(OR(F20="",G20="Tamamlandı"),"",D20-TODAY()) | I20: =IF(G20="Gecikti",D20+ROW()/1000000,"")
F21: =IF(OR(C21="",D21="",D21<C21),"",D21-C21+1) | G21: =IF(A21="","",IF(F21="","Tarih eksik",IF(E21>=1,"Tamamlandı",IF(D21<TODAY(),"Gecikti",IF(C21>TODAY(),"Başlamadı","Sürüyor"))))) | H21: =IF(OR(F21="",G21="Tamamlandı"),"",D21-TODAY()) | I21: =IF(G21="Gecikti",D21+ROW()/1000000,"")
F22: =IF(OR(C22="",D22="",D22<C22),"",D22-C22+1) | G22: =IF(A22="","",IF(F22="","Tarih eksik",IF(E22>=1,"Tamamlandı",IF(D22<TODAY(),"Gecikti",IF(C22>TODAY(),"Başlamadı","Sürüyor"))))) | H22: =IF(OR(F22="",G22="Tamamlandı"),"",D22-TODAY()) | I22: =IF(G22="Gecikti",D22+ROW()/1000000,"")
F23: =IF(OR(C23="",D23="",D23<C23),"",D23-C23+1) | G23: =IF(A23="","",IF(F23="","Tarih eksik",IF(E23>=1,"Tamamlandı",IF(D23<TODAY(),"Gecikti",IF(C23>TODAY(),"Başlamadı","Sürüyor"))))) | H23: =IF(OR(F23="",G23="Tamamlandı"),"",D23-TODAY()) | I23: =IF(G23="Gecikti",D23+ROW()/1000000,"")
... F104: =IF(OR(C104="",D104="",D104<C104),"",D104-C104+1) | G104: =IF(A104="","",IF(F104="","Tarih eksik",IF(E104>=1,"Tamamlandı",IF(D104<TODAY(),"Gecikti",IF(C104>TODAY(),"Başlamadı","Sürüyor"))))) | H104: =IF(OR(F104="",G104="Tamamlandı"),"",D104-TODAY()) | I104: =IF(G104="Gecikti",D104+ROW()/1000000,"")

Sheet Çizelge
A1: Zaman Çizelgesi
A2: Bu sayfaya yazma. Koyu yeşil tamamlanan kısım, açık yeşil kalan kısım, kırmızı çerçeveli sütun bugün.
A3: =Ayarlar!C4 -> Dükkân yenileme
A4: Görev | B4: Sorumlu | C4: =Ayarlar!$C$5+0*Ayarlar!$C$6 -> 46293 | D4: =Ayarlar!$C$5+1*Ayarlar!$C$6 -> 46300 | E4: =Ayarlar!$C$5+2*Ayarlar!$C$6 -> 46307 | F4: =Ayarlar!$C$5+3*Ayarlar!$C$6 -> 46314 | G4: =Ayarlar!$C$5+4*Ayarlar!$C$6 -> 46321 | H4: =Ayarlar!$C$5+5*Ayarlar!$C$6 -> 46328 | I4: =Ayarlar!$C$5+6*Ayarlar!$C$6 -> 46335 | J4: =Ayarlar!$C$5+7*Ayarlar!$C$6 -> 46342 | K4: =Ayarlar!$C$5+8*Ayarlar!$C$6 -> 46349 | L4: =Ayarlar!$C$5+9*Ayarlar!$C$6 -> 46356 | M4: =Ayarlar!$C$5+10*Ayarlar!$C$6 -> 46363 | N4: =Ayarlar!$C$5+11*Ayarlar!$C$6 -> 46370 | O4: =Ayarlar!$C$5+12*Ayarlar!$C$6 -> 46377 | P4: =Ayarlar!$C$5+13*Ayarlar!$C$6 -> 46384 | Q4: =Ayarlar!$C$5+14*Ayarlar!$C$6 -> 46391 | R4: =Ayarlar!$C$5+15*Ayarlar!$C$6 -> 46398 | S4: =Ayarlar!$C$5+16*Ayarlar!$C$6 -> 46405 | T4: =Ayarlar!$C$5+17*Ayarlar!$C$6 -> 46412 | U4: =Ayarlar!$C$5+18*Ayarlar!$C$6 -> 46419 | V4: =Ayarlar!$C$5+19*Ayarlar!$C$6 -> 46426 | W4: =Ayarlar!$C$5+20*Ayarlar!$C$6 -> 46433 | X4: =Ayarlar!$C$5+21*Ayarlar!$C$6 -> 46440 | Y4: =Ayarlar!$C$5+22*Ayarlar!$C$6 -> 46447 | Z4: =Ayarlar!$C$5+23*Ayarlar!$C$6 -> 46454 | AA4: =Ayarlar!$C$5+24*Ayarlar!$C$6 -> 46461 | AB4: =Ayarlar!$C$5+25*Ayarlar!$C$6 -> 46468 | AC4: =Ayarlar!$C$5+26*Ayarlar!$C$6 -> 46475 | AD4: =Ayarlar!$C$5+27*Ayarlar!$C$6 -> 46482 | AE4: =Ayarlar!$C$5+28*Ayarlar!$C$6 -> 46489 | AF4: =Ayarlar!$C$5+29*Ayarlar!$C$6 -> 46496 | AG4: =Ayarlar!$C$5+30*Ayarlar!$C$6 -> 46503 | AH4: =Ayarlar!$C$5+31*Ayarlar!$C$6 -> 46510 | AI4: =Ayarlar!$C$5+32*Ayarlar!$C$6 -> 46517 | AJ4: =Ayarlar!$C$5+33*Ayarlar!$C$6 -> 46524 | AK4: =Ayarlar!$C$5+34*Ayarlar!$C$6 -> 46531 | AL4: =Ayarlar!$C$5+35*Ayarlar!$C$6 -> 46538 | AM4: =Ayarlar!$C$5+36*Ayarlar!$C$6 -> 46545 | AN4: =Ayarlar!$C$5+37*Ayarlar!$C$6 -> 46552 | AO4: =Ayarlar!$C$5+38*Ayarlar!$C$6 -> 46559 | AP4: =Ayarlar!$C$5+39*Ayarlar!$C$6 -> 46566 | AQ4: =Ayarlar!$C$5+40*Ayarlar!$C$6 -> 46573 | AR4: =Ayarlar!$C$5+41*Ayarlar!$C$6 -> 46580 | AS4: =Ayarlar!$C$5+42*Ayarlar!$C$6 -> 46587 | AT4: =Ayarlar!$C$5+43*Ayarlar!$C$6 -> 46594 | AU4: =Ayarlar!$C$5+44*Ayarlar!$C$6 -> 46601 | AV4: =Ayarlar!$C$5+45*Ayarlar!$C$6 -> 46608 | AW4: =Ayarlar!$C$5+46*Ayarlar!$C$6 -> 46615 | AX4: =Ayarlar!$C$5+47*Ayarlar!$C$6 -> 46622 | AY4: =Ayarlar!$C$5+48*Ayarlar!$C$6 -> 46629 | AZ4: =Ayarlar!$C$5+49*Ayarlar!$C$6 -> 46636 | BA4: =Ayarlar!$C$5+50*Ayarlar!$C$6 -> 46643 | BB4: =Ayarlar!$C$5+51*Ayarlar!$C$6 -> 46650 | BC4: =Ayarlar!$C$5+52*Ayarlar!$C$6 -> 46657 | BD4: =Ayarlar!$C$5+53*Ayarlar!$C$6 -> 46664 | BE4: =Ayarlar!$C$5+54*Ayarlar!$C$6 -> 46671 | BF4: =Ayarlar!$C$5+55*Ayarlar!$C$6 -> 46678 | BG4: =Ayarlar!$C$5+56*Ayarlar!$C$6 -> 46685 | BH4: =Ayarlar!$C$5+57*Ayarlar!$C$6 -> 46692 | BI4: =Ayarlar!$C$5+58*Ayarlar!$C$6 -> 46699 | BJ4: =Ayarlar!$C$5+59*Ayarlar!$C$6 -> 46706
A5: =IF(Görevler!A5="","",Görevler!A5) -> Plan ve ölçü alma | B5: =IF(Görevler!A5="","",Görevler!B5&"") -> Kişi Alfa | C5: =IF(Görevler!$F5="","",IF(AND(Görevler!$C5<=(C$4+Ayarlar!$C$6-1),Görevler!$D5>=C$4),IF(C$4<=Görevler!$C5+ROUND(Görevler!$F5*Görevler!$E5,0)-1,2,1),"")) -> 2 | D5: =IF(Görevler!$F5="","",IF(AND(Görevler!$C5<=(D$4+Ayarlar!$C$6-1),Görevler!$D5>=D$4),IF(D$4<=Görevler!$C5+ROUND(Görevler!$F5*Görevler!$E5,0)-1,2,1),"")) | E5: =IF(Görevler!$F5="","",IF(AND(Görevler!$C5<=(E$4+Ayarlar!$C$6-1),Görevler!$D5>=E$4),IF(E$4<=Görevler!$C5+ROUND(Görevler!$F5*Görevler!$E5,0)-1,2,1),"")) | F5: =IF(Görevler!$F5="","",IF(AND(Görevler!$C5<=(F$4+Ayarlar!$C$6-1),Görevler!$D5>=F$4),IF(F$4<=Görevler!$C5+ROUND(Görevler!$F5*Görevler!$E5,0)-1,2,1),"")) | G5: =IF(Görevler!$F5="","",IF(AND(Görevler!$C5<=(G$4+Ayarlar!$C$6-1),Görevler!$D5>=G$4),IF(G$4<=Görevler!$C5+ROUND(Görevler!$F5*Görevler!$E5,0)-1,2,1),"")) | H5: =IF(Görevler!$F5="","",IF(AND(Görevler!$C5<=(H$4+Ayarlar!$C$6-1),Görevler!$D5>=H$4),IF(H$4<=Görevler!$C5+ROUND(Görevler!$F5*Görevler!$E5,0)-1,2,1),"")) | I5: =IF(Görevler!$F5="","",IF(AND(Görevler!$C5<=(I$4+Ayarlar!$C$6-1),Görevler!$D5>=I$4),IF(I$4<=Görevler!$C5+ROUND(Görevler!$F5*Görevler!$E5,0)-1,2,1),"")) | J5: =IF(Görevler!$F5="","",IF(AND(Görevler!$C5<=(J$4+Ayarlar!$C$6-1),Görevler!$D5>=J$4),IF(J$4<=Görevler!$C5+ROUND(Görevler!$F5*Görevler!$E5,0)-1,2,1),"")) | ... BJ5: =IF(Görevler!$F5="","",IF(AND(Görevler!$C5<=(BJ$4+Ayarlar!$C$6-1),Görevler!$D5>=BJ$4),IF(BJ$4<=Görevler!$C5+ROUND(Görevler!$F5*Görevler!$E5,0)-1,2,1),""))
A6: =IF(Görevler!A6="","",Görevler!A6) -> Malzeme siparişi | B6: =IF(Görevler!A6="","",Görevler!B6&"") -> Kişi Alfa | C6: =IF(Görevler!$F6="","",IF(AND(Görevler!$C6<=(C$4+Ayarlar!$C$6-1),Görevler!$D6>=C$4),IF(C$4<=Görevler!$C6+ROUND(Görevler!$F6*Görevler!$E6,0)-1,2,1),"")) -> 2 | D6: =IF(Görevler!$F6="","",IF(AND(Görevler!$C6<=(D$4+Ayarlar!$C$6-1),Görevler!$D6>=D$4),IF(D$4<=Görevler!$C6+ROUND(Görevler!$F6*Görevler!$E6,0)-1,2,1),"")) | E6: =IF(Görevler!$F6="","",IF(AND(Görevler!$C6<=(E$4+Ayarlar!$C$6-1),Görevler!$D6>=E$4),IF(E$4<=Görevler!$C6+ROUND(Görevler!$F6*Görevler!$E6,0)-1,2,1),"")) | F6: =IF(Görevler!$F6="","",IF(AND(Görevler!$C6<=(F$4+Ayarlar!$C$6-1),Görevler!$D6>=F$4),IF(F$4<=Görevler!$C6+ROUND(Görevler!$F6*Görevler!$E6,0)-1,2,1),"")) | G6: =IF(Görevler!$F6="","",IF(AND(Görevler!$C6<=(G$4+Ayarlar!$C$6-1),Görevler!$D6>=G$4),IF(G$4<=Görevler!$C6+ROUND(Görevler!$F6*Görevler!$E6,0)-1,2,1),"")) | H6: =IF(Görevler!$F6="","",IF(AND(Görevler!$C6<=(H$4+Ayarlar!$C$6-1),Görevler!$D6>=H$4),IF(H$4<=Görevler!$C6+ROUND(Görevler!$F6*Görevler!$E6,0)-1,2,1),"")) | I6: =IF(Görevler!$F6="","",IF(AND(Görevler!$C6<=(I$4+Ayarlar!$C$6-1),Görevler!$D6>=I$4),IF(I$4<=Görevler!$C6+ROUND(Görevler!$F6*Görevler!$E6,0)-1,2,1),"")) | J6: =IF(Görevler!$F6="","",IF(AND(Görevler!$C6<=(J$4+Ayarlar!$C$6-1),Görevler!$D6>=J$4),IF(J$4<=Görevler!$C6+ROUND(Görevler!$F6*Görevler!$E6,0)-1,2,1),"")) | ... BJ6: =IF(Görevler!$F6="","",IF(AND(Görevler!$C6<=(BJ$4+Ayarlar!$C$6-1),Görevler!$D6>=BJ$4),IF(BJ$4<=Görevler!$C6+ROUND(Görevler!$F6*Görevler!$E6,0)-1,2,1),""))
A7: =IF(Görevler!A7="","",Görevler!A7) -> Elektrik tesisatı | B7: =IF(Görevler!A7="","",Görevler!B7&"") -> Elektrikçi | C7: =IF(Görevler!$F7="","",IF(AND(Görevler!$C7<=(C$4+Ayarlar!$C$6-1),Görevler!$D7>=C$4),IF(C$4<=Görevler!$C7+ROUND(Görevler!$F7*Görevler!$E7,0)-1,2,1),"")) | D7: =IF(Görevler!$F7="","",IF(AND(Görevler!$C7<=(D$4+Ayarlar!$C$6-1),Görevler!$D7>=D$4),IF(D$4<=Görevler!$C7+ROUND(Görevler!$F7*Görevler!$E7,0)-1,2,1),"")) -> 1 | E7: =IF(Görevler!$F7="","",IF(AND(Görevler!$C7<=(E$4+Ayarlar!$C$6-1),Görevler!$D7>=E$4),IF(E$4<=Görevler!$C7+ROUND(Görevler!$F7*Görevler!$E7,0)-1,2,1),"")) -> 1 | F7: =IF(Görevler!$F7="","",IF(AND(Görevler!$C7<=(F$4+Ayarlar!$C$6-1),Görevler!$D7>=F$4),IF(F$4<=Görevler!$C7+ROUND(Görevler!$F7*Görevler!$E7,0)-1,2,1),"")) | G7: =IF(Görevler!$F7="","",IF(AND(Görevler!$C7<=(G$4+Ayarlar!$C$6-1),Görevler!$D7>=G$4),IF(G$4<=Görevler!$C7+ROUND(Görevler!$F7*Görevler!$E7,0)-1,2,1),"")) | H7: =IF(Görevler!$F7="","",IF(AND(Görevler!$C7<=(H$4+Ayarlar!$C$6-1),Görevler!$D7>=H$4),IF(H$4<=Görevler!$C7+ROUND(Görevler!$F7*Görevler!$E7,0)-1,2,1),"")) | I7: =IF(Görevler!$F7="","",IF(AND(Görevler!$C7<=(I$4+Ayarlar!$C$6-1),Görevler!$D7>=I$4),IF(I$4<=Görevler!$C7+ROUND(Görevler!$F7*Görevler!$E7,0)-1,2,1),"")) | J7: =IF(Görevler!$F7="","",IF(AND(Görevler!$C7<=(J$4+Ayarlar!$C$6-1),Görevler!$D7>=J$4),IF(J$4<=Görevler!$C7+ROUND(Görevler!$F7*Görevler!$E7,0)-1,2,1),"")) | ... BJ7: =IF(Görevler!$F7="","",IF(AND(Görevler!$C7<=(BJ$4+Ayarlar!$C$6-1),Görevler!$D7>=BJ$4),IF(BJ$4<=Görevler!$C7+ROUND(Görevler!$F7*Görevler!$E7,0)-1,2,1),""))
A8: =IF(Görevler!A8="","",Görevler!A8) -> Boya ve zemin | B8: =IF(Görevler!A8="","",Görevler!B8&"") -> Usta | C8: =IF(Görevler!$F8="","",IF(AND(Görevler!$C8<=(C$4+Ayarlar!$C$6-1),Görevler!$D8>=C$4),IF(C$4<=Görevler!$C8+ROUND(Görevler!$F8*Görevler!$E8,0)-1,2,1),"")) | D8: =IF(Görevler!$F8="","",IF(AND(Görevler!$C8<=(D$4+Ayarlar!$C$6-1),Görevler!$D8>=D$4),IF(D$4<=Görevler!$C8+ROUND(Görevler!$F8*Görevler!$E8,0)-1,2,1),"")) | E8: =IF(Görevler!$F8="","",IF(AND(Görevler!$C8<=(E$4+Ayarlar!$C$6-1),Görevler!$D8>=E$4),IF(E$4<=Görevler!$C8+ROUND(Görevler!$F8*Görevler!$E8,0)-1,2,1),"")) -> 1 | F8: =IF(Görevler!$F8="","",IF(AND(Görevler!$C8<=(F$4+Ayarlar!$C$6-1),Görevler!$D8>=F$4),IF(F$4<=Görevler!$C8+ROUND(Görevler!$F8*Görevler!$E8,0)-1,2,1),"")) -> 1 | G8: =IF(Görevler!$F8="","",IF(AND(Görevler!$C8<=(G$4+Ayarlar!$C$6-1),Görevler!$D8>=G$4),IF(G$4<=Görevler!$C8+ROUND(Görevler!$F8*Görevler!$E8,0)-1,2,1),"")) | H8: =IF(Görevler!$F8="","",IF(AND(Görevler!$C8<=(H$4+Ayarlar!$C$6-1),Görevler!$D8>=H$4),IF(H$4<=Görevler!$C8+ROUND(Görevler!$F8*Görevler!$E8,0)-1,2,1),"")) | I8: =IF(Görevler!$F8="","",IF(AND(Görevler!$C8<=(I$4+Ayarlar!$C$6-1),Görevler!$D8>=I$4),IF(I$4<=Görevler!$C8+ROUND(Görevler!$F8*Görevler!$E8,0)-1,2,1),"")) | J8: =IF(Görevler!$F8="","",IF(AND(Görevler!$C8<=(J$4+Ayarlar!$C$6-1),Görevler!$D8>=J$4),IF(J$4<=Görevler!$C8+ROUND(Görevler!$F8*Görevler!$E8,0)-1,2,1),"")) | ... BJ8: =IF(Görevler!$F8="","",IF(AND(Görevler!$C8<=(BJ$4+Ayarlar!$C$6-1),Görevler!$D8>=BJ$4),IF(BJ$4<=Görevler!$C8+ROUND(Görevler!$F8*Görevler!$E8,0)-1,2,1),""))
A9: =IF(Görevler!A9="","",Görevler!A9) -> Tabela tasarımı | B9: =IF(Görevler!A9="","",Görevler!B9&"") -> Tasarımcı | C9: =IF(Görevler!$F9="","",IF(AND(Görevler!$C9<=(C$4+Ayarlar!$C$6-1),Görevler!$D9>=C$4),IF(C$4<=Görevler!$C9+ROUND(Görevler!$F9*Görevler!$E9,0)-1,2,1),"")) -> 2 | D9: =IF(Görevler!$F9="","",IF(AND(Görevler!$C9<=(D$4+Ayarlar!$C$6-1),Görevler!$D9>=D$4),IF(D$4<=Görevler!$C9+ROUND(Görevler!$F9*Görevler!$E9,0)-1,2,1),"")) -> 2 | E9: =IF(Görevler!$F9="","",IF(AND(Görevler!$C9<=(E$4+Ayarlar!$C$6-1),Görevler!$D9>=E$4),IF(E$4<=Görevler!$C9+ROUND(Görevler!$F9*Görevler!$E9,0)-1,2,1),"")) -> 1 | F9: =IF(Görevler!$F9="","",IF(AND(Görevler!$C9<=(F$4+Ayarlar!$C$6-1),Görevler!$D9>=F$4),IF(F$4<=Görevler!$C9+ROUND(Görevler!$F9*Görevler!$E9,0)-1,2,1),"")) -> 1 | G9: =IF(Görevler!$F9="","",IF(AND(Görevler!$C9<=(G$4+Ayarlar!$C$6-1),Görevler!$D9>=G$4),IF(G$4<=Görevler!$C9+ROUND(Görevler!$F9*Görevler!$E9,0)-1,2,1),"")) | H9: =IF(Görevler!$F9="","",IF(AND(Görevler!$C9<=(H$4+Ayarlar!$C$6-1),Görevler!$D9>=H$4),IF(H$4<=Görevler!$C9+ROUND(Görevler!$F9*Görevler!$E9,0)-1,2,1),"")) | I9: =IF(Görevler!$F9="","",IF(AND(Görevler!$C9<=(I$4+Ayarlar!$C$6-1),Görevler!$D9>=I$4),IF(I$4<=Görevler!$C9+ROUND(Görevler!$F9*Görevler!$E9,0)-1,2,1),"")) | J9: =IF(Görevler!$F9="","",IF(AND(Görevler!$C9<=(J$4+Ayarlar!$C$6-1),Görevler!$D9>=J$4),IF(J$4<=Görevler!$C9+ROUND(Görevler!$F9*Görevler!$E9,0)-1,2,1),"")) | ... BJ9: =IF(Görevler!$F9="","",IF(AND(Görevler!$C9<=(BJ$4+Ayarlar!$C$6-1),Görevler!$D9>=BJ$4),IF(BJ$4<=Görevler!$C9+ROUND(Görevler!$F9*Görevler!$E9,0)-1,2,1),""))
A10: =IF(Görevler!A10="","",Görevler!A10) -> Raf montajı | B10: =IF(Görevler!A10="","",Görevler!B10&"") -> Usta | C10: =IF(Görevler!$F10="","",IF(AND(Görevler!$C10<=(C$4+Ayarlar!$C$6-1),Görevler!$D10>=C$4),IF(C$4<=Görevler!$C10+ROUND(Görevler!$F10*Görevler!$E10,0)-1,2,1),"")) | D10: =IF(Görevler!$F10="","",IF(AND(Görevler!$C10<=(D$4+Ayarlar!$C$6-1),Görevler!$D10>=D$4),IF(D$4<=Görevler!$C10+ROUND(Görevler!$F10*Görevler!$E10,0)-1,2,1),"")) | E10: =IF(Görevler!$F10="","",IF(AND(Görevler!$C10<=(E$4+Ayarlar!$C$6-1),Görevler!$D10>=E$4),IF(E$4<=Görevler!$C10+ROUND(Görevler!$F10*Görevler!$E10,0)-1,2,1),"")) | F10: =IF(Görevler!$F10="","",IF(AND(Görevler!$C10<=(F$4+Ayarlar!$C$6-1),Görevler!$D10>=F$4),IF(F$4<=Görevler!$C10+ROUND(Görevler!$F10*Görevler!$E10,0)-1,2,1),"")) | G10: =IF(Görevler!$F10="","",IF(AND(Görevler!$C10<=(G$4+Ayarlar!$C$6-1),Görevler!$D10>=G$4),IF(G$4<=Görevler!$C10+ROUND(Görevler!$F10*Görevler!$E10,0)-1,2,1),"")) -> 1 | H10: =IF(Görevler!$F10="","",IF(AND(Görevler!$C10<=(H$4+Ayarlar!$C$6-1),Görevler!$D10>=H$4),IF(H$4<=Görevler!$C10+ROUND(Görevler!$F10*Görevler!$E10,0)-1,2,1),"")) -> 1 | I10: =IF(Görevler!$F10="","",IF(AND(Görevler!$C10<=(I$4+Ayarlar!$C$6-1),Görevler!$D10>=I$4),IF(I$4<=Görevler!$C10+ROUND(Görevler!$F10*Görevler!$E10,0)-1,2,1),"")) | J10: =IF(Görevler!$F10="","",IF(AND(Görevler!$C10<=(J$4+Ayarlar!$C$6-1),Görevler!$D10>=J$4),IF(J$4<=Görevler!$C10+ROUND(Görevler!$F10*Görevler!$E10,0)-1,2,1),"")) | ... BJ10: =IF(Görevler!$F10="","",IF(AND(Görevler!$C10<=(BJ$4+Ayarlar!$C$6-1),Görevler!$D10>=BJ$4),IF(BJ$4<=Görevler!$C10+ROUND(Görevler!$F10*Görevler!$E10,0)-1,2,1),""))
A11: =IF(Görevler!A11="","",Görevler!A11) -> Açılış hazırlığı | B11: =IF(Görevler!A11="","",Görevler!B11&"") -> Kişi Alfa | C11: =IF(Görevler!$F11="","",IF(AND(Görevler!$C11<=(C$4+Ayarlar!$C$6-1),Görevler!$D11>=C$4),IF(C$4<=Görevler!$C11+ROUND(Görevler!$F11*Görevler!$E11,0)-1,2,1),"")) | D11: =IF(Görevler!$F11="","",IF(AND(Görevler!$C11<=(D$4+Ayarlar!$C$6-1),Görevler!$D11>=D$4),IF(D$4<=Görevler!$C11+ROUND(Görevler!$F11*Görevler!$E11,0)-1,2,1),"")) | E11: =IF(Görevler!$F11="","",IF(AND(Görevler!$C11<=(E$4+Ayarlar!$C$6-1),Görevler!$D11>=E$4),IF(E$4<=Görevler!$C11+ROUND(Görevler!$F11*Görevler!$E11,0)-1,2,1),"")) | F11: =IF(Görevler!$F11="","",IF(AND(Görevler!$C11<=(F$4+Ayarlar!$C$6-1),Görevler!$D11>=F$4),IF(F$4<=Görevler!$C11+ROUND(Görevler!$F11*Görevler!$E11,0)-1,2,1),"")) | G11: =IF(Görevler!$F11="","",IF(AND(Görevler!$C11<=(G$4+Ayarlar!$C$6-1),Görevler!$D11>=G$4),IF(G$4<=Görevler!$C11+ROUND(Görevler!$F11*Görevler!$E11,0)-1,2,1),"")) | H11: =IF(Görevler!$F11="","",IF(AND(Görevler!$C11<=(H$4+Ayarlar!$C$6-1),Görevler!$D11>=H$4),IF(H$4<=Görevler!$C11+ROUND(Görevler!$F11*Görevler!$E11,0)-1,2,1),"")) | I11: =IF(Görevler!$F11="","",IF(AND(Görevler!$C11<=(I$4+Ayarlar!$C$6-1),Görevler!$D11>=I$4),IF(I$4<=Görevler!$C11+ROUND(Görevler!$F11*Görevler!$E11,0)-1,2,1),"")) -> 1 | J11: =IF(Görevler!$F11="","",IF(AND(Görevler!$C11<=(J$4+Ayarlar!$C$6-1),Görevler!$D11>=J$4),IF(J$4<=Görevler!$C11+ROUND(Görevler!$F11*Görevler!$E11,0)-1,2,1),"")) | ... BJ11: =IF(Görevler!$F11="","",IF(AND(Görevler!$C11<=(BJ$4+Ayarlar!$C$6-1),Görevler!$D11>=BJ$4),IF(BJ$4<=Görevler!$C11+ROUND(Görevler!$F11*Görevler!$E11,0)-1,2,1),""))
A12: =IF(Görevler!A12="","",Görevler!A12) | B12: =IF(Görevler!A12="","",Görevler!B12&"") | C12: =IF(Görevler!$F12="","",IF(AND(Görevler!$C12<=(C$4+Ayarlar!$C$6-1),Görevler!$D12>=C$4),IF(C$4<=Görevler!$C12+ROUND(Görevler!$F12*Görevler!$E12,0)-1,2,1),"")) | D12: =IF(Görevler!$F12="","",IF(AND(Görevler!$C12<=(D$4+Ayarlar!$C$6-1),Görevler!$D12>=D$4),IF(D$4<=Görevler!$C12+ROUND(Görevler!$F12*Görevler!$E12,0)-1,2,1),"")) | E12: =IF(Görevler!$F12="","",IF(AND(Görevler!$C12<=(E$4+Ayarlar!$C$6-1),Görevler!$D12>=E$4),IF(E$4<=Görevler!$C12+ROUND(Görevler!$F12*Görevler!$E12,0)-1,2,1),"")) | F12: =IF(Görevler!$F12="","",IF(AND(Görevler!$C12<=(F$4+Ayarlar!$C$6-1),Görevler!$D12>=F$4),IF(F$4<=Görevler!$C12+ROUND(Görevler!$F12*Görevler!$E12,0)-1,2,1),"")) | G12: =IF(Görevler!$F12="","",IF(AND(Görevler!$C12<=(G$4+Ayarlar!$C$6-1),Görevler!$D12>=G$4),IF(G$4<=Görevler!$C12+ROUND(Görevler!$F12*Görevler!$E12,0)-1,2,1),"")) | H12: =IF(Görevler!$F12="","",IF(AND(Görevler!$C12<=(H$4+Ayarlar!$C$6-1),Görevler!$D12>=H$4),IF(H$4<=Görevler!$C12+ROUND(Görevler!$F12*Görevler!$E12,0)-1,2,1),"")) | I12: =IF(Görevler!$F12="","",IF(AND(Görevler!$C12<=(I$4+Ayarlar!$C$6-1),Görevler!$D12>=I$4),IF(I$4<=Görevler!$C12+ROUND(Görevler!$F12*Görevler!$E12,0)-1,2,1),"")) | J12: =IF(Görevler!$F12="","",IF(AND(Görevler!$C12<=(J$4+Ayarlar!$C$6-1),Görevler!$D12>=J$4),IF(J$4<=Görevler!$C12+ROUND(Görevler!$F12*Görevler!$E12,0)-1,2,1),"")) | ... BJ12: =IF(Görevler!$F12="","",IF(AND(Görevler!$C12<=(BJ$4+Ayarlar!$C$6-1),Görevler!$D12>=BJ$4),IF(BJ$4<=Görevler!$C12+ROUND(Görevler!$F12*Görevler!$E12,0)-1,2,1),""))
A13: =IF(Görevler!A13="","",Görevler!A13) | B13: =IF(Görevler!A13="","",Görevler!B13&"") | C13: =IF(Görevler!$F13="","",IF(AND(Görevler!$C13<=(C$4+Ayarlar!$C$6-1),Görevler!$D13>=C$4),IF(C$4<=Görevler!$C13+ROUND(Görevler!$F13*Görevler!$E13,0)-1,2,1),"")) | D13: =IF(Görevler!$F13="","",IF(AND(Görevler!$C13<=(D$4+Ayarlar!$C$6-1),Görevler!$D13>=D$4),IF(D$4<=Görevler!$C13+ROUND(Görevler!$F13*Görevler!$E13,0)-1,2,1),"")) | E13: =IF(Görevler!$F13="","",IF(AND(Görevler!$C13<=(E$4+Ayarlar!$C$6-1),Görevler!$D13>=E$4),IF(E$4<=Görevler!$C13+ROUND(Görevler!$F13*Görevler!$E13,0)-1,2,1),"")) | F13: =IF(Görevler!$F13="","",IF(AND(Görevler!$C13<=(F$4+Ayarlar!$C$6-1),Görevler!$D13>=F$4),IF(F$4<=Görevler!$C13+ROUND(Görevler!$F13*Görevler!$E13,0)-1,2,1),"")) | G13: =IF(Görevler!$F13="","",IF(AND(Görevler!$C13<=(G$4+Ayarlar!$C$6-1),Görevler!$D13>=G$4),IF(G$4<=Görevler!$C13+ROUND(Görevler!$F13*Görevler!$E13,0)-1,2,1),"")) | H13: =IF(Görevler!$F13="","",IF(AND(Görevler!$C13<=(H$4+Ayarlar!$C$6-1),Görevler!$D13>=H$4),IF(H$4<=Görevler!$C13+ROUND(Görevler!$F13*Görevler!$E13,0)-1,2,1),"")) | I13: =IF(Görevler!$F13="","",IF(AND(Görevler!$C13<=(I$4+Ayarlar!$C$6-1),Görevler!$D13>=I$4),IF(I$4<=Görevler!$C13+ROUND(Görevler!$F13*Görevler!$E13,0)-1,2,1),"")) | J13: =IF(Görevler!$F13="","",IF(AND(Görevler!$C13<=(J$4+Ayarlar!$C$6-1),Görevler!$D13>=J$4),IF(J$4<=Görevler!$C13+ROUND(Görevler!$F13*Görevler!$E13,0)-1,2,1),"")) | ... BJ13: =IF(Görevler!$F13="","",IF(AND(Görevler!$C13<=(BJ$4+Ayarlar!$C$6-1),Görevler!$D13>=BJ$4),IF(BJ$4<=Görevler!$C13+ROUND(Görevler!$F13*Görevler!$E13,0)-1,2,1),""))
A14: =IF(Görevler!A14="","",Görevler!A14) | B14: =IF(Görevler!A14="","",Görevler!B14&"") | C14: =IF(Görevler!$F14="","",IF(AND(Görevler!$C14<=(C$4+Ayarlar!$C$6-1),Görevler!$D14>=C$4),IF(C$4<=Görevler!$C14+ROUND(Görevler!$F14*Görevler!$E14,0)-1,2,1),"")) | D14: =IF(Görevler!$F14="","",IF(AND(Görevler!$C14<=(D$4+Ayarlar!$C$6-1),Görevler!$D14>=D$4),IF(D$4<=Görevler!$C14+ROUND(Görevler!$F14*Görevler!$E14,0)-1,2,1),"")) | E14: =IF(Görevler!$F14="","",IF(AND(Görevler!$C14<=(E$4+Ayarlar!$C$6-1),Görevler!$D14>=E$4),IF(E$4<=Görevler!$C14+ROUND(Görevler!$F14*Görevler!$E14,0)-1,2,1),"")) | F14: =IF(Görevler!$F14="","",IF(AND(Görevler!$C14<=(F$4+Ayarlar!$C$6-1),Görevler!$D14>=F$4),IF(F$4<=Görevler!$C14+ROUND(Görevler!$F14*Görevler!$E14,0)-1,2,1),"")) | G14: =IF(Görevler!$F14="","",IF(AND(Görevler!$C14<=(G$4+Ayarlar!$C$6-1),Görevler!$D14>=G$4),IF(G$4<=Görevler!$C14+ROUND(Görevler!$F14*Görevler!$E14,0)-1,2,1),"")) | H14: =IF(Görevler!$F14="","",IF(AND(Görevler!$C14<=(H$4+Ayarlar!$C$6-1),Görevler!$D14>=H$4),IF(H$4<=Görevler!$C14+ROUND(Görevler!$F14*Görevler!$E14,0)-1,2,1),"")) | I14: =IF(Görevler!$F14="","",IF(AND(Görevler!$C14<=(I$4+Ayarlar!$C$6-1),Görevler!$D14>=I$4),IF(I$4<=Görevler!$C14+ROUND(Görevler!$F14*Görevler!$E14,0)-1,2,1),"")) | J14: =IF(Görevler!$F14="","",IF(AND(Görevler!$C14<=(J$4+Ayarlar!$C$6-1),Görevler!$D14>=J$4),IF(J$4<=Görevler!$C14+ROUND(Görevler!$F14*Görevler!$E14,0)-1,2,1),"")) | ... BJ14: =IF(Görevler!$F14="","",IF(AND(Görevler!$C14<=(BJ$4+Ayarlar!$C$6-1),Görevler!$D14>=BJ$4),IF(BJ$4<=Görevler!$C14+ROUND(Görevler!$F14*Görevler!$E14,0)-1,2,1),""))
A15: =IF(Görevler!A15="","",Görevler!A15) | B15: =IF(Görevler!A15="","",Görevler!B15&"") | C15: =IF(Görevler!$F15="","",IF(AND(Görevler!$C15<=(C$4+Ayarlar!$C$6-1),Görevler!$D15>=C$4),IF(C$4<=Görevler!$C15+ROUND(Görevler!$F15*Görevler!$E15,0)-1,2,1),"")) | D15: =IF(Görevler!$F15="","",IF(AND(Görevler!$C15<=(D$4+Ayarlar!$C$6-1),Görevler!$D15>=D$4),IF(D$4<=Görevler!$C15+ROUND(Görevler!$F15*Görevler!$E15,0)-1,2,1),"")) | E15: =IF(Görevler!$F15="","",IF(AND(Görevler!$C15<=(E$4+Ayarlar!$C$6-1),Görevler!$D15>=E$4),IF(E$4<=Görevler!$C15+ROUND(Görevler!$F15*Görevler!$E15,0)-1,2,1),"")) | F15: =IF(Görevler!$F15="","",IF(AND(Görevler!$C15<=(F$4+Ayarlar!$C$6-1),Görevler!$D15>=F$4),IF(F$4<=Görevler!$C15+ROUND(Görevler!$F15*Görevler!$E15,0)-1,2,1),"")) | G15: =IF(Görevler!$F15="","",IF(AND(Görevler!$C15<=(G$4+Ayarlar!$C$6-1),Görevler!$D15>=G$4),IF(G$4<=Görevler!$C15+ROUND(Görevler!$F15*Görevler!$E15,0)-1,2,1),"")) | H15: =IF(Görevler!$F15="","",IF(AND(Görevler!$C15<=(H$4+Ayarlar!$C$6-1),Görevler!$D15>=H$4),IF(H$4<=Görevler!$C15+ROUND(Görevler!$F15*Görevler!$E15,0)-1,2,1),"")) | I15: =IF(Görevler!$F15="","",IF(AND(Görevler!$C15<=(I$4+Ayarlar!$C$6-1),Görevler!$D15>=I$4),IF(I$4<=Görevler!$C15+ROUND(Görevler!$F15*Görevler!$E15,0)-1,2,1),"")) | J15: =IF(Görevler!$F15="","",IF(AND(Görevler!$C15<=(J$4+Ayarlar!$C$6-1),Görevler!$D15>=J$4),IF(J$4<=Görevler!$C15+ROUND(Görevler!$F15*Görevler!$E15,0)-1,2,1),"")) | ... BJ15: =IF(Görevler!$F15="","",IF(AND(Görevler!$C15<=(BJ$4+Ayarlar!$C$6-1),Görevler!$D15>=BJ$4),IF(BJ$4<=Görevler!$C15+ROUND(Görevler!$F15*Görevler!$E15,0)-1,2,1),""))
A16: =IF(Görevler!A16="","",Görevler!A16) | B16: =IF(Görevler!A16="","",Görevler!B16&"") | C16: =IF(Görevler!$F16="","",IF(AND(Görevler!$C16<=(C$4+Ayarlar!$C$6-1),Görevler!$D16>=C$4),IF(C$4<=Görevler!$C16+ROUND(Görevler!$F16*Görevler!$E16,0)-1,2,1),"")) | D16: =IF(Görevler!$F16="","",IF(AND(Görevler!$C16<=(D$4+Ayarlar!$C$6-1),Görevler!$D16>=D$4),IF(D$4<=Görevler!$C16+ROUND(Görevler!$F16*Görevler!$E16,0)-1,2,1),"")) | E16: =IF(Görevler!$F16="","",IF(AND(Görevler!$C16<=(E$4+Ayarlar!$C$6-1),Görevler!$D16>=E$4),IF(E$4<=Görevler!$C16+ROUND(Görevler!$F16*Görevler!$E16,0)-1,2,1),"")) | F16: =IF(Görevler!$F16="","",IF(AND(Görevler!$C16<=(F$4+Ayarlar!$C$6-1),Görevler!$D16>=F$4),IF(F$4<=Görevler!$C16+ROUND(Görevler!$F16*Görevler!$E16,0)-1,2,1),"")) | G16: =IF(Görevler!$F16="","",IF(AND(Görevler!$C16<=(G$4+Ayarlar!$C$6-1),Görevler!$D16>=G$4),IF(G$4<=Görevler!$C16+ROUND(Görevler!$F16*Görevler!$E16,0)-1,2,1),"")) | H16: =IF(Görevler!$F16="","",IF(AND(Görevler!$C16<=(H$4+Ayarlar!$C$6-1),Görevler!$D16>=H$4),IF(H$4<=Görevler!$C16+ROUND(Görevler!$F16*Görevler!$E16,0)-1,2,1),"")) | I16: =IF(Görevler!$F16="","",IF(AND(Görevler!$C16<=(I$4+Ayarlar!$C$6-1),Görevler!$D16>=I$4),IF(I$4<=Görevler!$C16+ROUND(Görevler!$F16*Görevler!$E16,0)-1,2,1),"")) | J16: =IF(Görevler!$F16="","",IF(AND(Görevler!$C16<=(J$4+Ayarlar!$C$6-1),Görevler!$D16>=J$4),IF(J$4<=Görevler!$C16+ROUND(Görevler!$F16*Görevler!$E16,0)-1,2,1),"")) | ... BJ16: =IF(Görevler!$F16="","",IF(AND(Görevler!$C16<=(BJ$4+Ayarlar!$C$6-1),Görevler!$D16>=BJ$4),IF(BJ$4<=Görevler!$C16+ROUND(Görevler!$F16*Görevler!$E16,0)-1,2,1),""))
... A104: =IF(Görevler!A104="","",Görevler!A104) | B104: =IF(Görevler!A104="","",Görevler!B104&"") | C104: =IF(Görevler!$F104="","",IF(AND(Görevler!$C104<=(C$4+Ayarlar!$C$6-1),Görevler!$D104>=C$4),IF(C$4<=Görevler!$C104+ROUND(Görevler!$F104*Görevler!$E104,0)-1,2,1),"")) | D104: =IF(Görevler!$F104="","",IF(AND(Görevler!$C104<=(D$4+Ayarlar!$C$6-1),Görevler!$D104>=D$4),IF(D$4<=Görevler!$C104+ROUND(Görevler!$F104*Görevler!$E104,0)-1,2,1),"")) | E104: =IF(Görevler!$F104="","",IF(AND(Görevler!$C104<=(E$4+Ayarlar!$C$6-1),Görevler!$D104>=E$4),IF(E$4<=Görevler!$C104+ROUND(Görevler!$F104*Görevler!$E104,0)-1,2,1),"")) | F104: =IF(Görevler!$F104="","",IF(AND(Görevler!$C104<=(F$4+Ayarlar!$C$6-1),Görevler!$D104>=F$4),IF(F$4<=Görevler!$C104+ROUND(Görevler!$F104*Görevler!$E104,0)-1,2,1),"")) | G104: =IF(Görevler!$F104="","",IF(AND(Görevler!$C104<=(G$4+Ayarlar!$C$6-1),Görevler!$D104>=G$4),IF(G$4<=Görevler!$C104+ROUND(Görevler!$F104*Görevler!$E104,0)-1,2,1),"")) | H104: =IF(Görevler!$F104="","",IF(AND(Görevler!$C104<=(H$4+Ayarlar!$C$6-1),Görevler!$D104>=H$4),IF(H$4<=Görevler!$C104+ROUND(Görevler!$F104*Görevler!$E104,0)-1,2,1),"")) | I104: =IF(Görevler!$F104="","",IF(AND(Görevler!$C104<=(I$4+Ayarlar!$C$6-1),Görevler!$D104>=I$4),IF(I$4<=Görevler!$C104+ROUND(Görevler!$F104*Görevler!$E104,0)-1,2,1),"")) | J104: =IF(Görevler!$F104="","",IF(AND(Görevler!$C104<=(J$4+Ayarlar!$C$6-1),Görevler!$D104>=J$4),IF(J$4<=Görevler!$C104+ROUND(Görevler!$F104*Görevler!$E104,0)-1,2,1),"")) | ... BJ104: =IF(Görevler!$F104="","",IF(AND(Görevler!$C104<=(BJ$4+Ayarlar!$C$6-1),Görevler!$D104>=BJ$4),IF(BJ$4<=Görevler!$C104+ROUND(Görevler!$F104*Görevler!$E104,0)-1,2,1),""))

Sheet Özet
A1: Özet
A2: Bu sayfaya yazma.
B3: =Ayarlar!C4 -> Dükkân yenileme
B5: Görev | C5: Tamamlanan | D5: Geciken | E5: 7 gün içinde bitecek | F5: Genel ilerleme
B6: =COUNTA(Görevler!$A$5:$A$104) -> 7 | C6: =COUNTIF(Görevler!$G$5:$G$104,"Tamamlandı") -> 1 | D6: =COUNTIF(Görevler!$G$5:$G$104,"Gecikti") -> 1 | E6: =COUNTIFS(Görevler!$D$5:$D$104,">="&TODAY(),Görevler!$D$5:$D$104,"<="&TODAY()+7,Görevler!$G$5:$G$104,"<>Tamamlandı",Görevler!$G$5:$G$104,"<>") -> 0 | F6: =IF(SUM(Görevler!$F$5:$F$104)=0,0,SUMPRODUCT(Görevler!$F$5:$F$104,Görevler!$E$5:$E$104)/SUM(Görevler!$F$5:$F$104)) -> 0.18611111
B8: Genel ilerleme, görevlerin süresine göre ağırlıklı ortalamadır.
B10: Sorumluya göre | H10: Geciken görevler (en eski 10)
B11: Sorumlu | C11: Görev | D11: Tamamlanan | E11: Geciken | F11: Açık iş (gün) | H11: Görev | I11: Bitiş | J11: Gecikme (gün)
B12: =IF(Ayarlar!E5="","",Ayarlar!E5) -> Kişi Alfa | C12: =IF(B12="","",COUNTIF(Görevler!$B$5:$B$104,B12)) -> 3 | D12: =IF(B12="","",COUNTIFS(Görevler!$B$5:$B$104,B12,Görevler!$G$5:$G$104,"Tamamlandı")) -> 1 | E12: =IF(B12="","",COUNTIFS(Görevler!$B$5:$B$104,B12,Görevler!$G$5:$G$104,"Gecikti")) -> 1 | F12: =IF(B12="","",SUMPRODUCT((Görevler!$B$5:$B$104=B12)*1,Görevler!$F$5:$F$104,1-Görevler!$E$5:$E$104)) -> 8.6 | H12: =IFERROR(INDEX(Görevler!$A$5:$A$104,MATCH(SMALL(Görevler!$I$5:$I$104,1),Görevler!$I$5:$I$104,0)),"") -> Malzeme siparişi | I12: =IF(H12="","",INDEX(Görevler!$D$5:$D$104,MATCH(SMALL(Görevler!$I$5:$I$104,1),Görevler!$I$5:$I$104,0))) -> 46298 | J12: =IF(H12="","",TODAY()-I12) -> 1
B13: =IF(Ayarlar!E6="","",Ayarlar!E6) -> Usta | C13: =IF(B13="","",COUNTIF(Görevler!$B$5:$B$104,B13)) -> 2 | D13: =IF(B13="","",COUNTIFS(Görevler!$B$5:$B$104,B13,Görevler!$G$5:$G$104,"Tamamlandı")) -> 0 | E13: =IF(B13="","",COUNTIFS(Görevler!$B$5:$B$104,B13,Görevler!$G$5:$G$104,"Gecikti")) -> 0 | F13: =IF(B13="","",SUMPRODUCT((Görevler!$B$5:$B$104=B13)*1,Görevler!$F$5:$F$104,1-Görevler!$E$5:$E$104)) -> 26 | H13: =IFERROR(INDEX(Görevler!$A$5:$A$104,MATCH(SMALL(Görevler!$I$5:$I$104,2),Görevler!$I$5:$I$104,0)),"") | I13: =IF(H13="","",INDEX(Görevler!$D$5:$D$104,MATCH(SMALL(Görevler!$I$5:$I$104,2),Görevler!$I$5:$I$104,0))) | J13: =IF(H13="","",TODAY()-I13)
B14: =IF(Ayarlar!E7="","",Ayarlar!E7) -> Elektrikçi | C14: =IF(B14="","",COUNTIF(Görevler!$B$5:$B$104,B14)) -> 1 | D14: =IF(B14="","",COUNTIFS(Görevler!$B$5:$B$104,B14,Görevler!$G$5:$G$104,"Tamamlandı")) -> 0 | E14: =IF(B14="","",COUNTIFS(Görevler!$B$5:$B$104,B14,Görevler!$G$5:$G$104,"Gecikti")) -> 0 | F14: =IF(B14="","",SUMPRODUCT((Görevler!$B$5:$B$104=B14)*1,Görevler!$F$5:$F$104,1-Görevler!$E$5:$E$104)) -> 10 | H14: =IFERROR(INDEX(Görevler!$A$5:$A$104,MATCH(SMALL(Görevler!$I$5:$I$104,3),Görevler!$I$5:$I$104,0)),"") | I14: =IF(H14="","",INDEX(Görevler!$D$5:$D$104,MATCH(SMALL(Görevler!$I$5:$I$104,3),Görevler!$I$5:$I$104,0))) | J14: =IF(H14="","",TODAY()-I14)
B15: =IF(Ayarlar!E8="","",Ayarlar!E8) -> Tasarımcı | C15: =IF(B15="","",COUNTIF(Görevler!$B$5:$B$104,B15)) -> 1 | D15: =IF(B15="","",COUNTIFS(Görevler!$B$5:$B$104,B15,Görevler!$G$5:$G$104,"Tamamlandı")) -> 0 | E15: =IF(B15="","",COUNTIFS(Görevler!$B$5:$B$104,B15,Görevler!$G$5:$G$104,"Gecikti")) -> 0 | F15: =IF(B15="","",SUMPRODUCT((Görevler!$B$5:$B$104=B15)*1,Görevler!$F$5:$F$104,1-Görevler!$E$5:$E$104)) -> 14 | H15: =IFERROR(INDEX(Görevler!$A$5:$A$104,MATCH(SMALL(Görevler!$I$5:$I$104,4),Görevler!$I$5:$I$104,0)),"") | I15: =IF(H15="","",INDEX(Görevler!$D$5:$D$104,MATCH(SMALL(Görevler!$I$5:$I$104,4),Görevler!$I$5:$I$104,0))) | J15: =IF(H15="","",TODAY()-I15)
B16: =IF(Ayarlar!E9="","",Ayarlar!E9) | C16: =IF(B16="","",COUNTIF(Görevler!$B$5:$B$104,B16)) | D16: =IF(B16="","",COUNTIFS(Görevler!$B$5:$B$104,B16,Görevler!$G$5:$G$104,"Tamamlandı")) | E16: =IF(B16="","",COUNTIFS(Görevler!$B$5:$B$104,B16,Görevler!$G$5:$G$104,"Gecikti")) | F16: =IF(B16="","",SUMPRODUCT((Görevler!$B$5:$B$104=B16)*1,Görevler!$F$5:$F$104,1-Görevler!$E$5:$E$104)) | H16: =IFERROR(INDEX(Görevler!$A$5:$A$104,MATCH(SMALL(Görevler!$I$5:$I$104,5),Görevler!$I$5:$I$104,0)),"") | I16: =IF(H16="","",INDEX(Görevler!$D$5:$D$104,MATCH(SMALL(Görevler!$I$5:$I$104,5),Görevler!$I$5:$I$104,0))) | J16: =IF(H16="","",TODAY()-I16)
B17: =IF(Ayarlar!E10="","",Ayarlar!E10) | C17: =IF(B17="","",COUNTIF(Görevler!$B$5:$B$104,B17)) | D17: =IF(B17="","",COUNTIFS(Görevler!$B$5:$B$104,B17,Görevler!$G$5:$G$104,"Tamamlandı")) | E17: =IF(B17="","",COUNTIFS(Görevler!$B$5:$B$104,B17,Görevler!$G$5:$G$104,"Gecikti")) | F17: =IF(B17="","",SUMPRODUCT((Görevler!$B$5:$B$104=B17)*1,Görevler!$F$5:$F$104,1-Görevler!$E$5:$E$104)) | H17: =IFERROR(INDEX(Görevler!$A$5:$A$104,MATCH(SMALL(Görevler!$I$5:$I$104,6),Görevler!$I$5:$I$104,0)),"") | I17: =IF(H17="","",INDEX(Görevler!$D$5:$D$104,MATCH(SMALL(Görevler!$I$5:$I$104,6),Görevler!$I$5:$I$104,0))) | J17: =IF(H17="","",TODAY()-I17)
B18: =IF(Ayarlar!E11="","",Ayarlar!E11) | C18: =IF(B18="","",COUNTIF(Görevler!$B$5:$B$104,B18)) | D18: =IF(B18="","",COUNTIFS(Görevler!$B$5:$B$104,B18,Görevler!$G$5:$G$104,"Tamamlandı")) | E18: =IF(B18="","",COUNTIFS(Görevler!$B$5:$B$104,B18,Görevler!$G$5:$G$104,"Gecikti")) | F18: =IF(B18="","",SUMPRODUCT((Görevler!$B$5:$B$104=B18)*1,Görevler!$F$5:$F$104,1-Görevler!$E$5:$E$104)) | H18: =IFERROR(INDEX(Görevler!$A$5:$A$104,MATCH(SMALL(Görevler!$I$5:$I$104,7),Görevler!$I$5:$I$104,0)),"") | I18: =IF(H18="","",INDEX(Görevler!$D$5:$D$104,MATCH(SMALL(Görevler!$I$5:$I$104,7),Görevler!$I$5:$I$104,0))) | J18: =IF(H18="","",TODAY()-I18)
B19: =IF(Ayarlar!E12="","",Ayarlar!E12) | C19: =IF(B19="","",COUNTIF(Görevler!$B$5:$B$104,B19)) | D19: =IF(B19="","",COUNTIFS(Görevler!$B$5:$B$104,B19,Görevler!$G$5:$G$104,"Tamamlandı")) | E19: =IF(B19="","",COUNTIFS(Görevler!$B$5:$B$104,B19,Görevler!$G$5:$G$104,"Gecikti")) | F19: =IF(B19="","",SUMPRODUCT((Görevler!$B$5:$B$104=B19)*1,Görevler!$F$5:$F$104,1-Görevler!$E$5:$E$104)) | H19: =IFERROR(INDEX(Görevler!$A$5:$A$104,MATCH(SMALL(Görevler!$I$5:$I$104,8),Görevler!$I$5:$I$104,0)),"") | I19: =IF(H19="","",INDEX(Görevler!$D$5:$D$104,MATCH(SMALL(Görevler!$I$5:$I$104,8),Görevler!$I$5:$I$104,0))) | J19: =IF(H19="","",TODAY()-I19)
B20: =IF(Ayarlar!E13="","",Ayarlar!E13) | C20: =IF(B20="","",COUNTIF(Görevler!$B$5:$B$104,B20)) | D20: =IF(B20="","",COUNTIFS(Görevler!$B$5:$B$104,B20,Görevler!$G$5:$G$104,"Tamamlandı")) | E20: =IF(B20="","",COUNTIFS(Görevler!$B$5:$B$104,B20,Görevler!$G$5:$G$104,"Gecikti")) | F20: =IF(B20="","",SUMPRODUCT((Görevler!$B$5:$B$104=B20)*1,Görevler!$F$5:$F$104,1-Görevler!$E$5:$E$104)) | H20: =IFERROR(INDEX(Görevler!$A$5:$A$104,MATCH(SMALL(Görevler!$I$5:$I$104,9),Görevler!$I$5:$I$104,0)),"") | I20: =IF(H20="","",INDEX(Görevler!$D$5:$D$104,MATCH(SMALL(Görevler!$I$5:$I$104,9),Görevler!$I$5:$I$104,0))) | J20: =IF(H20="","",TODAY()-I20)
B21: =IF(Ayarlar!E14="","",Ayarlar!E14) | C21: =IF(B21="","",COUNTIF(Görevler!$B$5:$B$104,B21)) | D21: =IF(B21="","",COUNTIFS(Görevler!$B$5:$B$104,B21,Görevler!$G$5:$G$104,"Tamamlandı")) | E21: =IF(B21="","",COUNTIFS(Görevler!$B$5:$B$104,B21,Görevler!$G$5:$G$104,"Gecikti")) | F21: =IF(B21="","",SUMPRODUCT((Görevler!$B$5:$B$104=B21)*1,Görevler!$F$5:$F$104,1-Görevler!$E$5:$E$104)) | H21: =IFERROR(INDEX(Görevler!$A$5:$A$104,MATCH(SMALL(Görevler!$I$5:$I$104,10),Görevler!$I$5:$I$104,0)),"") | I21: =IF(H21="","",INDEX(Görevler!$D$5:$D$104,MATCH(SMALL(Görevler!$I$5:$I$104,10),Görevler!$I$5:$I$104,0))) | J21: =IF(H21="","",TODAY()-I21)
B22: =IF(Ayarlar!E15="","",Ayarlar!E15) | C22: =IF(B22="","",COUNTIF(Görevler!$B$5:$B$104,B22)) | D22: =IF(B22="","",COUNTIFS(Görevler!$B$5:$B$104,B22,Görevler!$G$5:$G$104,"Tamamlandı")) | E22: =IF(B22="","",COUNTIFS(Görevler!$B$5:$B$104,B22,Görevler!$G$5:$G$104,"Gecikti")) | F22: =IF(B22="","",SUMPRODUCT((Görevler!$B$5:$B$104=B22)*1,Görevler!$F$5:$F$104,1-Görevler!$E$5:$E$104))
B23: =IF(Ayarlar!E16="","",Ayarlar!E16) | C23: =IF(B23="","",COUNTIF(Görevler!$B$5:$B$104,B23)) | D23: =IF(B23="","",COUNTIFS(Görevler!$B$5:$B$104,B23,Görevler!$G$5:$G$104,"Tamamlandı")) | E23: =IF(B23="","",COUNTIFS(Görevler!$B$5:$B$104,B23,Görevler!$G$5:$G$104,"Gecikti")) | F23: =IF(B23="","",SUMPRODUCT((Görevler!$B$5:$B$104=B23)*1,Görevler!$F$5:$F$104,1-Görevler!$E$5:$E$104))
B24: =IF(Ayarlar!E17="","",Ayarlar!E17) | C24: =IF(B24="","",COUNTIF(Görevler!$B$5:$B$104,B24)) | D24: =IF(B24="","",COUNTIFS(Görevler!$B$5:$B$104,B24,Görevler!$G$5:$G$104,"Tamamlandı")) | E24: =IF(B24="","",COUNTIFS(Görevler!$B$5:$B$104,B24,Görevler!$G$5:$G$104,"Gecikti")) | F24: =IF(B24="","",SUMPRODUCT((Görevler!$B$5:$B$104=B24)*1,Görevler!$F$5:$F$104,1-Görevler!$E$5:$E$104))
B25: =IF(Ayarlar!E18="","",Ayarlar!E18) | C25: =IF(B25="","",COUNTIF(Görevler!$B$5:$B$104,B25)) | D25: =IF(B25="","",COUNTIFS(Görevler!$B$5:$B$104,B25,Görevler!$G$5:$G$104,"Tamamlandı")) | E25: =IF(B25="","",COUNTIFS(Görevler!$B$5:$B$104,B25,Görevler!$G$5:$G$104,"Gecikti")) | F25: =IF(B25="","",SUMPRODUCT((Görevler!$B$5:$B$104=B25)*1,Görevler!$F$5:$F$104,1-Görevler!$E$5:$E$104))
B26: =IF(Ayarlar!E19="","",Ayarlar!E19) | C26: =IF(B26="","",COUNTIF(Görevler!$B$5:$B$104,B26)) | D26: =IF(B26="","",COUNTIFS(Görevler!$B$5:$B$104,B26,Görevler!$G$5:$G$104,"Tamamlandı")) | E26: =IF(B26="","",COUNTIFS(Görevler!$B$5:$B$104,B26,Görevler!$G$5:$G$104,"Gecikti")) | F26: =IF(B26="","",SUMPRODUCT((Görevler!$B$5:$B$104=B26)*1,Görevler!$F$5:$F$104,1-Görevler!$E$5:$E$104))

Sheet Ayarlar
A1: Ayarlar
A2: Proje adını, çizelgenin başlangıcını ve ölçeğini belirle.
B4: Proje adı | C4: Dükkân yenileme | E4: Kişiler
B5: Çizelgenin başladığı tarih | C5: 46293 | E5: Kişi Alfa
B6: Ölçek: bir sütun kaç gün? (1 = gün, 7 = hafta) | C6: 7 | E6: Usta
E7: Elektrikçi
E8: Tasarımcı

Sheet AI Komutları
B1: Yapay Zeka Komutları
B2: İlgili sayfada başlık satırıyla birlikte kayıtlarını seç, kopyala, kullandığın yapay zeka asistanına yapıştır ve altına komutu ekle.
B3: Dikkat: Kişi adlarını takma adla değiştir; müşteriye özel bilgileri sil. Yapay zekanın verdiği rakamları dosyadaki özet sayfasıyla karşılaştır.
B5: Ne için | C5: Komut (kopyala, yapıştır)
B6: Risk taraması | C6: [Görevler sayfası] Geciken ve yavaş ilerleyen görevlere bak. Projenin bitiş tarihini en çok hangileri tehdit ediyor?
B7: Haftalık plan | C7: [Görevler sayfası] Önümüzdeki 7 gün için kişi kişi yapılacaklar listesi çıkar.
B8: Durum raporu | C8: [Özet ve Görevler sayfaları] Müşteriye ya da yöneticiye gönderilecek beş cümlelik bir durum raporu yaz: nerede olduğumuz, ne gecikti, sıradaki adım.
B9: Yük dengesi | C9: [Özet sayfasındaki sorumlu tablosu] İş yükü kimde birikmiş? Hangi görevleri kime kaydırabilirim?
B10: Görev kırılımı | C10: [Görev adı] görevini bir ile üç günlük alt görevlere böl ve sırala.
B11: Gecikme telafisi | C11: [Geciken görevler] Bu gecikmeleri kapatmak için hangi görevler paralel yürütülebilir? Varsayımlarını yaz.
