Workbook

Sheet Başla
B2: EXCEL KLİNİĞİ
B3: YOKLAMA | Sınıf yoklama ve devam takibi
B4: Her derste kim geldi, kim gelmedi; devamsızlık sınırına yaklaşan öğrenciyi geç olmadan gör.
B6: NASIL KULLANILIR
B7: 1. Yoklama | C7: Öğrencileri alt alta, ders tarihlerini üst satıra yaz.
B8: 2. İşaretle | C8: Her ders için X (geldi), D (devamsız), G (geç), İ (izinli) yaz ya da listeden seç.
B9: 3. Özet | C9: Ortalama devam, sınırı aşanlar ve en çok devamsızlığı olanlar.
B11: BİLMEN GEREKENLER
B12: Devam oranı | C12: Geldi ve geç sayılan derslerin, o öğrenci için işaretlenmiş bütün derslere oranıdır.
B13: Sınır | C13: Devamsız ders oranı sınırı aşarsa Sınırı aştı, sınırın yüzde 70'ini geçerse Sınıra yakın yazar. İzinli dersler devamsız sayılmaz.
B14: Tek sınıf | C14: Bir dosya bir sınıfı ya da grubu tutar.
B15: Kapasite | C15: 40 öğrenci, 60 ders.
B17: RENKLER
B18: Sarı hücre | C18: Senin dolduracağın hücre. İçindeki örnekleri silip kendi bilgini yaz.
B19: Beyaz hücre, açık başlık | C19: Formül. Değiştirme, kendiliğinden hesaplanır.

Sheet Yoklama
A1: Yoklama
A2: Üst satıra ders tarihlerini yaz. Her öğrenci için X geldi, D devamsız, G geç, İ izinli.
B3: Devamsızlık sınırı | C3: 0.3
B5: Öğrenci | C5: Devamsız | D5: Geç | E5: İzinli | F5: Devam | G5: Uyarı | H5: 46279 | I5: 46286 | J5: 46293 | K5: 46300
A6: =IF(B6="","",C6+ROW()/1000000) -> 6e-06 | B6: Öğrenci Alfa | C6: =IF(B6="","",COUNTIF(H6:BO6,"D")) -> 0 | D6: =IF(B6="","",COUNTIF(H6:BO6,"G")) -> 0 | E6: =IF(B6="","",COUNTIF(H6:BO6,"İ")) -> 0 | F6: =IF(OR(B6="",COUNTA(H6:BO6)=0),"",(COUNTIF(H6:BO6,"X")+COUNTIF(H6:BO6,"G"))/COUNTA(H6:BO6)) -> 1 | G6: =IF(OR(B6="",COUNTA(H6:BO6)=0),"",IF(C6/COUNTA(H6:BO6)>$C$3,"Sınırı aştı",IF(C6/COUNTA(H6:BO6)>$C$3*0.7,"Sınıra yakın",""))) | H6: X | I6: X | J6: X | K6: X
A7: =IF(B7="","",C7+ROW()/1000000) -> 2.000007 | B7: Öğrenci Beta | C7: =IF(B7="","",COUNTIF(H7:BO7,"D")) -> 2 | D7: =IF(B7="","",COUNTIF(H7:BO7,"G")) -> 0 | E7: =IF(B7="","",COUNTIF(H7:BO7,"İ")) -> 0 | F7: =IF(OR(B7="",COUNTA(H7:BO7)=0),"",(COUNTIF(H7:BO7,"X")+COUNTIF(H7:BO7,"G"))/COUNTA(H7:BO7)) -> 0.5 | G7: =IF(OR(B7="",COUNTA(H7:BO7)=0),"",IF(C7/COUNTA(H7:BO7)>$C$3,"Sınırı aştı",IF(C7/COUNTA(H7:BO7)>$C$3*0.7,"Sınıra yakın",""))) -> Sınırı aştı | H7: X | I7: D | J7: D | K7: X
A8: =IF(B8="","",C8+ROW()/1000000) -> 1.000008 | B8: Öğrenci Gama | C8: =IF(B8="","",COUNTIF(H8:BO8,"D")) -> 1 | D8: =IF(B8="","",COUNTIF(H8:BO8,"G")) -> 1 | E8: =IF(B8="","",COUNTIF(H8:BO8,"İ")) -> 1 | F8: =IF(OR(B8="",COUNTA(H8:BO8)=0),"",(COUNTIF(H8:BO8,"X")+COUNTIF(H8:BO8,"G"))/COUNTA(H8:BO8)) -> 0.5 | G8: =IF(OR(B8="",COUNTA(H8:BO8)=0),"",IF(C8/COUNTA(H8:BO8)>$C$3,"Sınırı aştı",IF(C8/COUNTA(H8:BO8)>$C$3*0.7,"Sınıra yakın",""))) -> Sınıra yakın | H8: G | I8: X | J8: İ | K8: D
A9: =IF(B9="","",C9+ROW()/1000000) -> 3.000009 | B9: Öğrenci Delta | C9: =IF(B9="","",COUNTIF(H9:BO9,"D")) -> 3 | D9: =IF(B9="","",COUNTIF(H9:BO9,"G")) -> 0 | E9: =IF(B9="","",COUNTIF(H9:BO9,"İ")) -> 0 | F9: =IF(OR(B9="",COUNTA(H9:BO9)=0),"",(COUNTIF(H9:BO9,"X")+COUNTIF(H9:BO9,"G"))/COUNTA(H9:BO9)) -> 0.25 | G9: =IF(OR(B9="",COUNTA(H9:BO9)=0),"",IF(C9/COUNTA(H9:BO9)>$C$3,"Sınırı aştı",IF(C9/COUNTA(H9:BO9)>$C$3*0.7,"Sınıra yakın",""))) -> Sınırı aştı | H9: D | I9: D | J9: X | K9: D
A10: =IF(B10="","",C10+ROW()/1000000) | C10: =IF(B10="","",COUNTIF(H10:BO10,"D")) | D10: =IF(B10="","",COUNTIF(H10:BO10,"G")) | E10: =IF(B10="","",COUNTIF(H10:BO10,"İ")) | F10: =IF(OR(B10="",COUNTA(H10:BO10)=0),"",(COUNTIF(H10:BO10,"X")+COUNTIF(H10:BO10,"G"))/COUNTA(H10:BO10)) | G10: =IF(OR(B10="",COUNTA(H10:BO10)=0),"",IF(C10/COUNTA(H10:BO10)>$C$3,"Sınırı aştı",IF(C10/COUNTA(H10:BO10)>$C$3*0.7,"Sınıra yakın","")))
A11: =IF(B11="","",C11+ROW()/1000000) | C11: =IF(B11="","",COUNTIF(H11:BO11,"D")) | D11: =IF(B11="","",COUNTIF(H11:BO11,"G")) | E11: =IF(B11="","",COUNTIF(H11:BO11,"İ")) | F11: =IF(OR(B11="",COUNTA(H11:BO11)=0),"",(COUNTIF(H11:BO11,"X")+COUNTIF(H11:BO11,"G"))/COUNTA(H11:BO11)) | G11: =IF(OR(B11="",COUNTA(H11:BO11)=0),"",IF(C11/COUNTA(H11:BO11)>$C$3,"Sınırı aştı",IF(C11/COUNTA(H11:BO11)>$C$3*0.7,"Sınıra yakın","")))
A12: =IF(B12="","",C12+ROW()/1000000) | C12: =IF(B12="","",COUNTIF(H12:BO12,"D")) | D12: =IF(B12="","",COUNTIF(H12:BO12,"G")) | E12: =IF(B12="","",COUNTIF(H12:BO12,"İ")) | F12: =IF(OR(B12="",COUNTA(H12:BO12)=0),"",(COUNTIF(H12:BO12,"X")+COUNTIF(H12:BO12,"G"))/COUNTA(H12:BO12)) | G12: =IF(OR(B12="",COUNTA(H12:BO12)=0),"",IF(C12/COUNTA(H12:BO12)>$C$3,"Sınırı aştı",IF(C12/COUNTA(H12:BO12)>$C$3*0.7,"Sınıra yakın","")))
A13: =IF(B13="","",C13+ROW()/1000000) | C13: =IF(B13="","",COUNTIF(H13:BO13,"D")) | D13: =IF(B13="","",COUNTIF(H13:BO13,"G")) | E13: =IF(B13="","",COUNTIF(H13:BO13,"İ")) | F13: =IF(OR(B13="",COUNTA(H13:BO13)=0),"",(COUNTIF(H13:BO13,"X")+COUNTIF(H13:BO13,"G"))/COUNTA(H13:BO13)) | G13: =IF(OR(B13="",COUNTA(H13:BO13)=0),"",IF(C13/COUNTA(H13:BO13)>$C$3,"Sınırı aştı",IF(C13/COUNTA(H13:BO13)>$C$3*0.7,"Sınıra yakın","")))
A14: =IF(B14="","",C14+ROW()/1000000) | C14: =IF(B14="","",COUNTIF(H14:BO14,"D")) | D14: =IF(B14="","",COUNTIF(H14:BO14,"G")) | E14: =IF(B14="","",COUNTIF(H14:BO14,"İ")) | F14: =IF(OR(B14="",COUNTA(H14:BO14)=0),"",(COUNTIF(H14:BO14,"X")+COUNTIF(H14:BO14,"G"))/COUNTA(H14:BO14)) | G14: =IF(OR(B14="",COUNTA(H14:BO14)=0),"",IF(C14/COUNTA(H14:BO14)>$C$3,"Sınırı aştı",IF(C14/COUNTA(H14:BO14)>$C$3*0.7,"Sınıra yakın","")))
A15: =IF(B15="","",C15+ROW()/1000000) | C15: =IF(B15="","",COUNTIF(H15:BO15,"D")) | D15: =IF(B15="","",COUNTIF(H15:BO15,"G")) | E15: =IF(B15="","",COUNTIF(H15:BO15,"İ")) | F15: =IF(OR(B15="",COUNTA(H15:BO15)=0),"",(COUNTIF(H15:BO15,"X")+COUNTIF(H15:BO15,"G"))/COUNTA(H15:BO15)) | G15: =IF(OR(B15="",COUNTA(H15:BO15)=0),"",IF(C15/COUNTA(H15:BO15)>$C$3,"Sınırı aştı",IF(C15/COUNTA(H15:BO15)>$C$3*0.7,"Sınıra yakın","")))
A16: =IF(B16="","",C16+ROW()/1000000) | C16: =IF(B16="","",COUNTIF(H16:BO16,"D")) | D16: =IF(B16="","",COUNTIF(H16:BO16,"G")) | E16: =IF(B16="","",COUNTIF(H16:BO16,"İ")) | F16: =IF(OR(B16="",COUNTA(H16:BO16)=0),"",(COUNTIF(H16:BO16,"X")+COUNTIF(H16:BO16,"G"))/COUNTA(H16:BO16)) | G16: =IF(OR(B16="",COUNTA(H16:BO16)=0),"",IF(C16/COUNTA(H16:BO16)>$C$3,"Sınırı aştı",IF(C16/COUNTA(H16:BO16)>$C$3*0.7,"Sınıra yakın","")))
A17: =IF(B17="","",C17+ROW()/1000000) | C17: =IF(B17="","",COUNTIF(H17:BO17,"D")) | D17: =IF(B17="","",COUNTIF(H17:BO17,"G")) | E17: =IF(B17="","",COUNTIF(H17:BO17,"İ")) | F17: =IF(OR(B17="",COUNTA(H17:BO17)=0),"",(COUNTIF(H17:BO17,"X")+COUNTIF(H17:BO17,"G"))/COUNTA(H17:BO17)) | G17: =IF(OR(B17="",COUNTA(H17:BO17)=0),"",IF(C17/COUNTA(H17:BO17)>$C$3,"Sınırı aştı",IF(C17/COUNTA(H17:BO17)>$C$3*0.7,"Sınıra yakın","")))
A18: =IF(B18="","",C18+ROW()/1000000) | C18: =IF(B18="","",COUNTIF(H18:BO18,"D")) | D18: =IF(B18="","",COUNTIF(H18:BO18,"G")) | E18: =IF(B18="","",COUNTIF(H18:BO18,"İ")) | F18: =IF(OR(B18="",COUNTA(H18:BO18)=0),"",(COUNTIF(H18:BO18,"X")+COUNTIF(H18:BO18,"G"))/COUNTA(H18:BO18)) | G18: =IF(OR(B18="",COUNTA(H18:BO18)=0),"",IF(C18/COUNTA(H18:BO18)>$C$3,"Sınırı aştı",IF(C18/COUNTA(H18:BO18)>$C$3*0.7,"Sınıra yakın","")))
A19: =IF(B19="","",C19+ROW()/1000000) | C19: =IF(B19="","",COUNTIF(H19:BO19,"D")) | D19: =IF(B19="","",COUNTIF(H19:BO19,"G")) | E19: =IF(B19="","",COUNTIF(H19:BO19,"İ")) | F19: =IF(OR(B19="",COUNTA(H19:BO19)=0),"",(COUNTIF(H19:BO19,"X")+COUNTIF(H19:BO19,"G"))/COUNTA(H19:BO19)) | G19: =IF(OR(B19="",COUNTA(H19:BO19)=0),"",IF(C19/COUNTA(H19:BO19)>$C$3,"Sınırı aştı",IF(C19/COUNTA(H19:BO19)>$C$3*0.7,"Sınıra yakın","")))
A20: =IF(B20="","",C20+ROW()/1000000) | C20: =IF(B20="","",COUNTIF(H20:BO20,"D")) | D20: =IF(B20="","",COUNTIF(H20:BO20,"G")) | E20: =IF(B20="","",COUNTIF(H20:BO20,"İ")) | F20: =IF(OR(B20="",COUNTA(H20:BO20)=0),"",(COUNTIF(H20:BO20,"X")+COUNTIF(H20:BO20,"G"))/COUNTA(H20:BO20)) | G20: =IF(OR(B20="",COUNTA(H20:BO20)=0),"",IF(C20/COUNTA(H20:BO20)>$C$3,"Sınırı aştı",IF(C20/COUNTA(H20:BO20)>$C$3*0.7,"Sınıra yakın","")))
A21: =IF(B21="","",C21+ROW()/1000000) | C21: =IF(B21="","",COUNTIF(H21:BO21,"D")) | D21: =IF(B21="","",COUNTIF(H21:BO21,"G")) | E21: =IF(B21="","",COUNTIF(H21:BO21,"İ")) | F21: =IF(OR(B21="",COUNTA(H21:BO21)=0),"",(COUNTIF(H21:BO21,"X")+COUNTIF(H21:BO21,"G"))/COUNTA(H21:BO21)) | G21: =IF(OR(B21="",COUNTA(H21:BO21)=0),"",IF(C21/COUNTA(H21:BO21)>$C$3,"Sınırı aştı",IF(C21/COUNTA(H21:BO21)>$C$3*0.7,"Sınıra yakın","")))
... A45: =IF(B45="","",C45+ROW()/1000000) | C45: =IF(B45="","",COUNTIF(H45:BO45,"D")) | D45: =IF(B45="","",COUNTIF(H45:BO45,"G")) | E45: =IF(B45="","",COUNTIF(H45:BO45,"İ")) | F45: =IF(OR(B45="",COUNTA(H45:BO45)=0),"",(COUNTIF(H45:BO45,"X")+COUNTIF(H45:BO45,"G"))/COUNTA(H45:BO45)) | G45: =IF(OR(B45="",COUNTA(H45:BO45)=0),"",IF(C45/COUNTA(H45:BO45)>$C$3,"Sınırı aştı",IF(C45/COUNTA(H45:BO45)>$C$3*0.7,"Sınıra yakın","")))
B46: GELEN | H46: =IF(H5="","",COUNTIF(H6:H45,"X")+COUNTIF(H6:H45,"G")) -> 3 | I46: =IF(I5="","",COUNTIF(I6:I45,"X")+COUNTIF(I6:I45,"G")) -> 2 | J46: =IF(J5="","",COUNTIF(J6:J45,"X")+COUNTIF(J6:J45,"G")) -> 2 | K46: =IF(K5="","",COUNTIF(K6:K45,"X")+COUNTIF(K6:K45,"G")) -> 2 | L46: =IF(L5="","",COUNTIF(L6:L45,"X")+COUNTIF(L6:L45,"G")) | M46: =IF(M5="","",COUNTIF(M6:M45,"X")+COUNTIF(M6:M45,"G")) | N46: =IF(N5="","",COUNTIF(N6:N45,"X")+COUNTIF(N6:N45,"G")) | O46: =IF(O5="","",COUNTIF(O6:O45,"X")+COUNTIF(O6:O45,"G")) | ... BO46: =IF(BO5="","",COUNTIF(BO6:BO45,"X")+COUNTIF(BO6:BO45,"G"))

Sheet Özet
A1: Özet
A2: Bu sayfaya yazma.
B5: Öğrenci | C5: İşlenen ders | D5: Ortalama devam | E5: Sınırı aşan | F5: Sınıra yakın
B6: =COUNTA(Yoklama!B6:B45) -> 4 | C6: =COUNT(Yoklama!H5:BO5) -> 4 | D6: =IFERROR(AVERAGE(Yoklama!F6:F45),0) -> 0.5625 | E6: =COUNTIF(Yoklama!G6:G45,"Sınırı aştı") -> 2 | F6: =COUNTIF(Yoklama!G6:G45,"Sınıra yakın") -> 1
B8: En çok devamsızlığı olan 5 öğrenci
B9: Öğrenci | C9: Devamsız | D9: Devam
B10: =IFERROR(INDEX(Yoklama!$B$6:$B$45,MATCH(LARGE(Yoklama!$A$6:$A$45,1),Yoklama!$A$6:$A$45,0))&"","") -> Öğrenci Delta | C10: =IF(B10="","",INDEX(Yoklama!$C$6:$C$45,MATCH(LARGE(Yoklama!$A$6:$A$45,1),Yoklama!$A$6:$A$45,0))) -> 3 | D10: =IF(B10="","",INDEX(Yoklama!$F$6:$F$45,MATCH(LARGE(Yoklama!$A$6:$A$45,1),Yoklama!$A$6:$A$45,0))) -> 0.25
B11: =IFERROR(INDEX(Yoklama!$B$6:$B$45,MATCH(LARGE(Yoklama!$A$6:$A$45,2),Yoklama!$A$6:$A$45,0))&"","") -> Öğrenci Beta | C11: =IF(B11="","",INDEX(Yoklama!$C$6:$C$45,MATCH(LARGE(Yoklama!$A$6:$A$45,2),Yoklama!$A$6:$A$45,0))) -> 2 | D11: =IF(B11="","",INDEX(Yoklama!$F$6:$F$45,MATCH(LARGE(Yoklama!$A$6:$A$45,2),Yoklama!$A$6:$A$45,0))) -> 0.5
B12: =IFERROR(INDEX(Yoklama!$B$6:$B$45,MATCH(LARGE(Yoklama!$A$6:$A$45,3),Yoklama!$A$6:$A$45,0))&"","") -> Öğrenci Gama | C12: =IF(B12="","",INDEX(Yoklama!$C$6:$C$45,MATCH(LARGE(Yoklama!$A$6:$A$45,3),Yoklama!$A$6:$A$45,0))) -> 1 | D12: =IF(B12="","",INDEX(Yoklama!$F$6:$F$45,MATCH(LARGE(Yoklama!$A$6:$A$45,3),Yoklama!$A$6:$A$45,0))) -> 0.5
B13: =IFERROR(INDEX(Yoklama!$B$6:$B$45,MATCH(LARGE(Yoklama!$A$6:$A$45,4),Yoklama!$A$6:$A$45,0))&"","") -> Öğrenci Alfa | C13: =IF(B13="","",INDEX(Yoklama!$C$6:$C$45,MATCH(LARGE(Yoklama!$A$6:$A$45,4),Yoklama!$A$6:$A$45,0))) -> 0 | D13: =IF(B13="","",INDEX(Yoklama!$F$6:$F$45,MATCH(LARGE(Yoklama!$A$6:$A$45,4),Yoklama!$A$6:$A$45,0))) -> 1
B14: =IFERROR(INDEX(Yoklama!$B$6:$B$45,MATCH(LARGE(Yoklama!$A$6:$A$45,5),Yoklama!$A$6:$A$45,0))&"","") | C14: =IF(B14="","",INDEX(Yoklama!$C$6:$C$45,MATCH(LARGE(Yoklama!$A$6:$A$45,5),Yoklama!$A$6:$A$45,0))) | D14: =IF(B14="","",INDEX(Yoklama!$F$6:$F$45,MATCH(LARGE(Yoklama!$A$6:$A$45,5),Yoklama!$A$6:$A$45,0)))

Sheet AI Komutları
B1: Yapay Zeka Komutları
B2: İlgili sayfada başlık satırıyla birlikte kayıtlarını seç, kopyala, kullandığın yapay zeka asistanına yapıştır ve altına komutu ekle.
B3: Dikkat: Öğrenci adlarını takma adla ya da numarayla değiştir. Yapay zekanın verdiği rakamları dosyadaki özet sayfasıyla karşılaştır.
B5: Ne için | C5: Komut (kopyala, yapıştır)
B6: Veli mesajı | C6: Devamsızlığı sınıra yaklaşan öğrencinin velisine gönderilecek kısa ve yapıcı bir bilgilendirme yaz.
B7: Örüntü | C7: [Yoklama sayfası] Devamsızlığın yoğunlaştığı dersleri ya da haftaları bul.
B8: Özet rapor | C8: [Özet sayfası] Sınıfın devam durumunu yöneticiye sunmak için üç cümlelik özet yaz.
B9: Katılım | C9: Derse katılımı artırmak için uygulanabilir beş öneri ver.
