Workbook

Sheet Başla
B2: EXCEL KLİNİĞİ
B3: KİLER | Erzak ve son kullanma tarihi takibi
B4: Evde ne var, ne azaldı, hangisinin tarihi geçmek üzere; alışveriş listesi kendiliğinden çıksın.
B6: NASIL KULLANILIR
B7: 1. Kiler | C7: Ürünleri, miktarı, en az miktarı ve son kullanma tarihini yaz. Kullandıkça miktarı güncelle.
B8: 2. Özet | C8: Tarihi yaklaşan ürünler ve alışveriş listesi kendiliğinden çıkar.
B10: BİLMEN GEREKENLER
B11: Azaldı | C11: Miktar, en az miktara eşit ya da altındaysa ürün alışveriş listesine girer.
B12: Tek tarih | C12: Aynı üründen farklı tarihli paketler varsa en yakın tarihi yaz ya da ayrı satır aç.
B13: Kapasite | C13: Kiler: 300 satır.
B15: RENKLER
B16: Sarı hücre | C16: Senin dolduracağın hücre. İçindeki örnekleri silip kendi bilgini yaz.
B17: Beyaz hücre, açık başlık | C17: Formül. Değiştirme, kendiliğinden hesaplanır.

Sheet Kiler
A1: Kiler
A2: Ürünleri, elindeki miktarı, altına düşünce almak istediğin miktarı ve son kullanma tarihini yaz.
A4: Ürün | B4: Kategori | C4: Miktar | D4: Birim | E4: En az | F4: Son kullanma | G4: Kalan gün | H4: Durum | I4: y1 | J4: y2
A5: Kırmızı mercimek | B5: Bakliyat | C5: 2 | D5: kg | E5: 1 | F5: 46499 | G5: =IF(OR(A5="",F5=""),"",F5-TODAY()) -> 200 | H5: =IF(A5="","",IF(AND(F5<>"",F5<TODAY()),"Tarihi geçti",IF(AND(F5<>"",F5<=TODAY()+7),"Bu hafta bitiyor",IF(C5<=E5,"Azaldı","Tamam")))) -> Tamam | I5: =IF(AND(A5<>"",F5<>""),F5+ROW()/1000000,"") -> 46499 | J5: =IF(AND(A5<>"",C5<=E5),ROW(),"")
A6: Yoğurt | B6: Süt ürünleri | C6: 1 | D6: kg | E6: 1 | F6: 46303 | G6: =IF(OR(A6="",F6=""),"",F6-TODAY()) -> 4 | H6: =IF(A6="","",IF(AND(F6<>"",F6<TODAY()),"Tarihi geçti",IF(AND(F6<>"",F6<=TODAY()+7),"Bu hafta bitiyor",IF(C6<=E6,"Azaldı","Tamam")))) -> Bu hafta bitiyor | I6: =IF(AND(A6<>"",F6<>""),F6+ROW()/1000000,"") -> 46303 | J6: =IF(AND(A6<>"",C6<=E6),ROW(),"") -> 6
A7: Ton balığı | B7: Konserve | C7: 6 | D7: adet | E7: 2 | F7: 46699 | G7: =IF(OR(A7="",F7=""),"",F7-TODAY()) -> 400 | H7: =IF(A7="","",IF(AND(F7<>"",F7<TODAY()),"Tarihi geçti",IF(AND(F7<>"",F7<=TODAY()+7),"Bu hafta bitiyor",IF(C7<=E7,"Azaldı","Tamam")))) -> Tamam | I7: =IF(AND(A7<>"",F7<>""),F7+ROW()/1000000,"") -> 46699 | J7: =IF(AND(A7<>"",C7<=E7),ROW(),"")
A8: Süt | B8: Süt ürünleri | C8: 3 | D8: L | E8: 2 | F8: 46297 | G8: =IF(OR(A8="",F8=""),"",F8-TODAY()) -> -2 | H8: =IF(A8="","",IF(AND(F8<>"",F8<TODAY()),"Tarihi geçti",IF(AND(F8<>"",F8<=TODAY()+7),"Bu hafta bitiyor",IF(C8<=E8,"Azaldı","Tamam")))) -> Tarihi geçti | I8: =IF(AND(A8<>"",F8<>""),F8+ROW()/1000000,"") -> 46297 | J8: =IF(AND(A8<>"",C8<=E8),ROW(),"")
A9: Bulaşık deterjanı | B9: Temizlik | C9: 0 | D9: adet | E9: 1 | G9: =IF(OR(A9="",F9=""),"",F9-TODAY()) | H9: =IF(A9="","",IF(AND(F9<>"",F9<TODAY()),"Tarihi geçti",IF(AND(F9<>"",F9<=TODAY()+7),"Bu hafta bitiyor",IF(C9<=E9,"Azaldı","Tamam")))) -> Azaldı | I9: =IF(AND(A9<>"",F9<>""),F9+ROW()/1000000,"") | J9: =IF(AND(A9<>"",C9<=E9),ROW(),"") -> 9
A10: Pirinç | B10: Bakliyat | C10: 5 | D10: kg | E10: 2 | F10: 46389 | G10: =IF(OR(A10="",F10=""),"",F10-TODAY()) -> 90 | H10: =IF(A10="","",IF(AND(F10<>"",F10<TODAY()),"Tarihi geçti",IF(AND(F10<>"",F10<=TODAY()+7),"Bu hafta bitiyor",IF(C10<=E10,"Azaldı","Tamam")))) -> Tamam | I10: =IF(AND(A10<>"",F10<>""),F10+ROW()/1000000,"") -> 46389 | J10: =IF(AND(A10<>"",C10<=E10),ROW(),"")
G11: =IF(OR(A11="",F11=""),"",F11-TODAY()) | H11: =IF(A11="","",IF(AND(F11<>"",F11<TODAY()),"Tarihi geçti",IF(AND(F11<>"",F11<=TODAY()+7),"Bu hafta bitiyor",IF(C11<=E11,"Azaldı","Tamam")))) | I11: =IF(AND(A11<>"",F11<>""),F11+ROW()/1000000,"") | J11: =IF(AND(A11<>"",C11<=E11),ROW(),"")
G12: =IF(OR(A12="",F12=""),"",F12-TODAY()) | H12: =IF(A12="","",IF(AND(F12<>"",F12<TODAY()),"Tarihi geçti",IF(AND(F12<>"",F12<=TODAY()+7),"Bu hafta bitiyor",IF(C12<=E12,"Azaldı","Tamam")))) | I12: =IF(AND(A12<>"",F12<>""),F12+ROW()/1000000,"") | J12: =IF(AND(A12<>"",C12<=E12),ROW(),"")
G13: =IF(OR(A13="",F13=""),"",F13-TODAY()) | H13: =IF(A13="","",IF(AND(F13<>"",F13<TODAY()),"Tarihi geçti",IF(AND(F13<>"",F13<=TODAY()+7),"Bu hafta bitiyor",IF(C13<=E13,"Azaldı","Tamam")))) | I13: =IF(AND(A13<>"",F13<>""),F13+ROW()/1000000,"") | J13: =IF(AND(A13<>"",C13<=E13),ROW(),"")
G14: =IF(OR(A14="",F14=""),"",F14-TODAY()) | H14: =IF(A14="","",IF(AND(F14<>"",F14<TODAY()),"Tarihi geçti",IF(AND(F14<>"",F14<=TODAY()+7),"Bu hafta bitiyor",IF(C14<=E14,"Azaldı","Tamam")))) | I14: =IF(AND(A14<>"",F14<>""),F14+ROW()/1000000,"") | J14: =IF(AND(A14<>"",C14<=E14),ROW(),"")
G15: =IF(OR(A15="",F15=""),"",F15-TODAY()) | H15: =IF(A15="","",IF(AND(F15<>"",F15<TODAY()),"Tarihi geçti",IF(AND(F15<>"",F15<=TODAY()+7),"Bu hafta bitiyor",IF(C15<=E15,"Azaldı","Tamam")))) | I15: =IF(AND(A15<>"",F15<>""),F15+ROW()/1000000,"") | J15: =IF(AND(A15<>"",C15<=E15),ROW(),"")
G16: =IF(OR(A16="",F16=""),"",F16-TODAY()) | H16: =IF(A16="","",IF(AND(F16<>"",F16<TODAY()),"Tarihi geçti",IF(AND(F16<>"",F16<=TODAY()+7),"Bu hafta bitiyor",IF(C16<=E16,"Azaldı","Tamam")))) | I16: =IF(AND(A16<>"",F16<>""),F16+ROW()/1000000,"") | J16: =IF(AND(A16<>"",C16<=E16),ROW(),"")
G17: =IF(OR(A17="",F17=""),"",F17-TODAY()) | H17: =IF(A17="","",IF(AND(F17<>"",F17<TODAY()),"Tarihi geçti",IF(AND(F17<>"",F17<=TODAY()+7),"Bu hafta bitiyor",IF(C17<=E17,"Azaldı","Tamam")))) | I17: =IF(AND(A17<>"",F17<>""),F17+ROW()/1000000,"") | J17: =IF(AND(A17<>"",C17<=E17),ROW(),"")
G18: =IF(OR(A18="",F18=""),"",F18-TODAY()) | H18: =IF(A18="","",IF(AND(F18<>"",F18<TODAY()),"Tarihi geçti",IF(AND(F18<>"",F18<=TODAY()+7),"Bu hafta bitiyor",IF(C18<=E18,"Azaldı","Tamam")))) | I18: =IF(AND(A18<>"",F18<>""),F18+ROW()/1000000,"") | J18: =IF(AND(A18<>"",C18<=E18),ROW(),"")
G19: =IF(OR(A19="",F19=""),"",F19-TODAY()) | H19: =IF(A19="","",IF(AND(F19<>"",F19<TODAY()),"Tarihi geçti",IF(AND(F19<>"",F19<=TODAY()+7),"Bu hafta bitiyor",IF(C19<=E19,"Azaldı","Tamam")))) | I19: =IF(AND(A19<>"",F19<>""),F19+ROW()/1000000,"") | J19: =IF(AND(A19<>"",C19<=E19),ROW(),"")
G20: =IF(OR(A20="",F20=""),"",F20-TODAY()) | H20: =IF(A20="","",IF(AND(F20<>"",F20<TODAY()),"Tarihi geçti",IF(AND(F20<>"",F20<=TODAY()+7),"Bu hafta bitiyor",IF(C20<=E20,"Azaldı","Tamam")))) | I20: =IF(AND(A20<>"",F20<>""),F20+ROW()/1000000,"") | J20: =IF(AND(A20<>"",C20<=E20),ROW(),"")
G21: =IF(OR(A21="",F21=""),"",F21-TODAY()) | H21: =IF(A21="","",IF(AND(F21<>"",F21<TODAY()),"Tarihi geçti",IF(AND(F21<>"",F21<=TODAY()+7),"Bu hafta bitiyor",IF(C21<=E21,"Azaldı","Tamam")))) | I21: =IF(AND(A21<>"",F21<>""),F21+ROW()/1000000,"") | J21: =IF(AND(A21<>"",C21<=E21),ROW(),"")
G22: =IF(OR(A22="",F22=""),"",F22-TODAY()) | H22: =IF(A22="","",IF(AND(F22<>"",F22<TODAY()),"Tarihi geçti",IF(AND(F22<>"",F22<=TODAY()+7),"Bu hafta bitiyor",IF(C22<=E22,"Azaldı","Tamam")))) | I22: =IF(AND(A22<>"",F22<>""),F22+ROW()/1000000,"") | J22: =IF(AND(A22<>"",C22<=E22),ROW(),"")
... G304: =IF(OR(A304="",F304=""),"",F304-TODAY()) | H304: =IF(A304="","",IF(AND(F304<>"",F304<TODAY()),"Tarihi geçti",IF(AND(F304<>"",F304<=TODAY()+7),"Bu hafta bitiyor",IF(C304<=E304,"Azaldı","Tamam")))) | I304: =IF(AND(A304<>"",F304<>""),F304+ROW()/1000000,"") | J304: =IF(AND(A304<>"",C304<=E304),ROW(),"")

Sheet Özet
A1: Özet
A2: Bu sayfaya yazma.
B5: Ürün | C5: Tarihi geçen | D5: Bu hafta biten | E5: Azalan
B6: =COUNTA(Kiler!$A$5:$A$304) -> 6 | C6: =COUNTIF(Kiler!$H$5:$H$304,"Tarihi geçti") -> 1 | D6: =COUNTIF(Kiler!$H$5:$H$304,"Bu hafta bitiyor") -> 1 | E6: =COUNT(Kiler!$J$5:$J$304) -> 2
B9: Son kullanma tarihi en yakın 10 ürün | I9: Alışveriş listesi (azalanlar)
B10: Ürün | C10: Son kullanma | D10: Kalan gün | I10: Ürün | J10: Elde | K10: En az
B11: =IFERROR(INDEX(Kiler!$A$5:$A$304,MATCH(SMALL(Kiler!$I$5:$I$304,1),Kiler!$I$5:$I$304,0))&"","") -> Süt | C11: =IF(B11="","",INDEX(Kiler!$F$5:$F$304,MATCH(SMALL(Kiler!$I$5:$I$304,1),Kiler!$I$5:$I$304,0))) -> 46297 | D11: =IF(B11="","",INDEX(Kiler!$G$5:$G$304,MATCH(SMALL(Kiler!$I$5:$I$304,1),Kiler!$I$5:$I$304,0))) -> -2 | I11: =IFERROR(INDEX(Kiler!$A$1:$A$304,SMALL(Kiler!$J$5:$J$304,1))&"","") -> Yoğurt | J11: =IF(I11="","",INDEX(Kiler!$C$5:$C$304,MATCH(I11,Kiler!$A$5:$A$304,0))) -> 1 | K11: =IF(I11="","",INDEX(Kiler!$E$5:$E$304,MATCH(I11,Kiler!$A$5:$A$304,0))) -> 1
B12: =IFERROR(INDEX(Kiler!$A$5:$A$304,MATCH(SMALL(Kiler!$I$5:$I$304,2),Kiler!$I$5:$I$304,0))&"","") -> Yoğurt | C12: =IF(B12="","",INDEX(Kiler!$F$5:$F$304,MATCH(SMALL(Kiler!$I$5:$I$304,2),Kiler!$I$5:$I$304,0))) -> 46303 | D12: =IF(B12="","",INDEX(Kiler!$G$5:$G$304,MATCH(SMALL(Kiler!$I$5:$I$304,2),Kiler!$I$5:$I$304,0))) -> 4 | I12: =IFERROR(INDEX(Kiler!$A$1:$A$304,SMALL(Kiler!$J$5:$J$304,2))&"","") -> Bulaşık deterjanı | J12: =IF(I12="","",INDEX(Kiler!$C$5:$C$304,MATCH(I12,Kiler!$A$5:$A$304,0))) -> 0 | K12: =IF(I12="","",INDEX(Kiler!$E$5:$E$304,MATCH(I12,Kiler!$A$5:$A$304,0))) -> 1
B13: =IFERROR(INDEX(Kiler!$A$5:$A$304,MATCH(SMALL(Kiler!$I$5:$I$304,3),Kiler!$I$5:$I$304,0))&"","") -> Pirinç | C13: =IF(B13="","",INDEX(Kiler!$F$5:$F$304,MATCH(SMALL(Kiler!$I$5:$I$304,3),Kiler!$I$5:$I$304,0))) -> 46389 | D13: =IF(B13="","",INDEX(Kiler!$G$5:$G$304,MATCH(SMALL(Kiler!$I$5:$I$304,3),Kiler!$I$5:$I$304,0))) -> 90 | I13: =IFERROR(INDEX(Kiler!$A$1:$A$304,SMALL(Kiler!$J$5:$J$304,3))&"","") | J13: =IF(I13="","",INDEX(Kiler!$C$5:$C$304,MATCH(I13,Kiler!$A$5:$A$304,0))) | K13: =IF(I13="","",INDEX(Kiler!$E$5:$E$304,MATCH(I13,Kiler!$A$5:$A$304,0)))
B14: =IFERROR(INDEX(Kiler!$A$5:$A$304,MATCH(SMALL(Kiler!$I$5:$I$304,4),Kiler!$I$5:$I$304,0))&"","") -> Kırmızı mercimek | C14: =IF(B14="","",INDEX(Kiler!$F$5:$F$304,MATCH(SMALL(Kiler!$I$5:$I$304,4),Kiler!$I$5:$I$304,0))) -> 46499 | D14: =IF(B14="","",INDEX(Kiler!$G$5:$G$304,MATCH(SMALL(Kiler!$I$5:$I$304,4),Kiler!$I$5:$I$304,0))) -> 200 | I14: =IFERROR(INDEX(Kiler!$A$1:$A$304,SMALL(Kiler!$J$5:$J$304,4))&"","") | J14: =IF(I14="","",INDEX(Kiler!$C$5:$C$304,MATCH(I14,Kiler!$A$5:$A$304,0))) | K14: =IF(I14="","",INDEX(Kiler!$E$5:$E$304,MATCH(I14,Kiler!$A$5:$A$304,0)))
B15: =IFERROR(INDEX(Kiler!$A$5:$A$304,MATCH(SMALL(Kiler!$I$5:$I$304,5),Kiler!$I$5:$I$304,0))&"","") -> Ton balığı | C15: =IF(B15="","",INDEX(Kiler!$F$5:$F$304,MATCH(SMALL(Kiler!$I$5:$I$304,5),Kiler!$I$5:$I$304,0))) -> 46699 | D15: =IF(B15="","",INDEX(Kiler!$G$5:$G$304,MATCH(SMALL(Kiler!$I$5:$I$304,5),Kiler!$I$5:$I$304,0))) -> 400 | I15: =IFERROR(INDEX(Kiler!$A$1:$A$304,SMALL(Kiler!$J$5:$J$304,5))&"","") | J15: =IF(I15="","",INDEX(Kiler!$C$5:$C$304,MATCH(I15,Kiler!$A$5:$A$304,0))) | K15: =IF(I15="","",INDEX(Kiler!$E$5:$E$304,MATCH(I15,Kiler!$A$5:$A$304,0)))
B16: =IFERROR(INDEX(Kiler!$A$5:$A$304,MATCH(SMALL(Kiler!$I$5:$I$304,6),Kiler!$I$5:$I$304,0))&"","") | C16: =IF(B16="","",INDEX(Kiler!$F$5:$F$304,MATCH(SMALL(Kiler!$I$5:$I$304,6),Kiler!$I$5:$I$304,0))) | D16: =IF(B16="","",INDEX(Kiler!$G$5:$G$304,MATCH(SMALL(Kiler!$I$5:$I$304,6),Kiler!$I$5:$I$304,0))) | I16: =IFERROR(INDEX(Kiler!$A$1:$A$304,SMALL(Kiler!$J$5:$J$304,6))&"","") | J16: =IF(I16="","",INDEX(Kiler!$C$5:$C$304,MATCH(I16,Kiler!$A$5:$A$304,0))) | K16: =IF(I16="","",INDEX(Kiler!$E$5:$E$304,MATCH(I16,Kiler!$A$5:$A$304,0)))
B17: =IFERROR(INDEX(Kiler!$A$5:$A$304,MATCH(SMALL(Kiler!$I$5:$I$304,7),Kiler!$I$5:$I$304,0))&"","") | C17: =IF(B17="","",INDEX(Kiler!$F$5:$F$304,MATCH(SMALL(Kiler!$I$5:$I$304,7),Kiler!$I$5:$I$304,0))) | D17: =IF(B17="","",INDEX(Kiler!$G$5:$G$304,MATCH(SMALL(Kiler!$I$5:$I$304,7),Kiler!$I$5:$I$304,0))) | I17: =IFERROR(INDEX(Kiler!$A$1:$A$304,SMALL(Kiler!$J$5:$J$304,7))&"","") | J17: =IF(I17="","",INDEX(Kiler!$C$5:$C$304,MATCH(I17,Kiler!$A$5:$A$304,0))) | K17: =IF(I17="","",INDEX(Kiler!$E$5:$E$304,MATCH(I17,Kiler!$A$5:$A$304,0)))
B18: =IFERROR(INDEX(Kiler!$A$5:$A$304,MATCH(SMALL(Kiler!$I$5:$I$304,8),Kiler!$I$5:$I$304,0))&"","") | C18: =IF(B18="","",INDEX(Kiler!$F$5:$F$304,MATCH(SMALL(Kiler!$I$5:$I$304,8),Kiler!$I$5:$I$304,0))) | D18: =IF(B18="","",INDEX(Kiler!$G$5:$G$304,MATCH(SMALL(Kiler!$I$5:$I$304,8),Kiler!$I$5:$I$304,0))) | I18: =IFERROR(INDEX(Kiler!$A$1:$A$304,SMALL(Kiler!$J$5:$J$304,8))&"","") | J18: =IF(I18="","",INDEX(Kiler!$C$5:$C$304,MATCH(I18,Kiler!$A$5:$A$304,0))) | K18: =IF(I18="","",INDEX(Kiler!$E$5:$E$304,MATCH(I18,Kiler!$A$5:$A$304,0)))
B19: =IFERROR(INDEX(Kiler!$A$5:$A$304,MATCH(SMALL(Kiler!$I$5:$I$304,9),Kiler!$I$5:$I$304,0))&"","") | C19: =IF(B19="","",INDEX(Kiler!$F$5:$F$304,MATCH(SMALL(Kiler!$I$5:$I$304,9),Kiler!$I$5:$I$304,0))) | D19: =IF(B19="","",INDEX(Kiler!$G$5:$G$304,MATCH(SMALL(Kiler!$I$5:$I$304,9),Kiler!$I$5:$I$304,0))) | I19: =IFERROR(INDEX(Kiler!$A$1:$A$304,SMALL(Kiler!$J$5:$J$304,9))&"","") | J19: =IF(I19="","",INDEX(Kiler!$C$5:$C$304,MATCH(I19,Kiler!$A$5:$A$304,0))) | K19: =IF(I19="","",INDEX(Kiler!$E$5:$E$304,MATCH(I19,Kiler!$A$5:$A$304,0)))
B20: =IFERROR(INDEX(Kiler!$A$5:$A$304,MATCH(SMALL(Kiler!$I$5:$I$304,10),Kiler!$I$5:$I$304,0))&"","") | C20: =IF(B20="","",INDEX(Kiler!$F$5:$F$304,MATCH(SMALL(Kiler!$I$5:$I$304,10),Kiler!$I$5:$I$304,0))) | D20: =IF(B20="","",INDEX(Kiler!$G$5:$G$304,MATCH(SMALL(Kiler!$I$5:$I$304,10),Kiler!$I$5:$I$304,0))) | I20: =IFERROR(INDEX(Kiler!$A$1:$A$304,SMALL(Kiler!$J$5:$J$304,10))&"","") | J20: =IF(I20="","",INDEX(Kiler!$C$5:$C$304,MATCH(I20,Kiler!$A$5:$A$304,0))) | K20: =IF(I20="","",INDEX(Kiler!$E$5:$E$304,MATCH(I20,Kiler!$A$5:$A$304,0)))
I21: =IFERROR(INDEX(Kiler!$A$1:$A$304,SMALL(Kiler!$J$5:$J$304,11))&"","") | J21: =IF(I21="","",INDEX(Kiler!$C$5:$C$304,MATCH(I21,Kiler!$A$5:$A$304,0))) | K21: =IF(I21="","",INDEX(Kiler!$E$5:$E$304,MATCH(I21,Kiler!$A$5:$A$304,0)))
I22: =IFERROR(INDEX(Kiler!$A$1:$A$304,SMALL(Kiler!$J$5:$J$304,12))&"","") | J22: =IF(I22="","",INDEX(Kiler!$C$5:$C$304,MATCH(I22,Kiler!$A$5:$A$304,0))) | K22: =IF(I22="","",INDEX(Kiler!$E$5:$E$304,MATCH(I22,Kiler!$A$5:$A$304,0)))
I23: =IFERROR(INDEX(Kiler!$A$1:$A$304,SMALL(Kiler!$J$5:$J$304,13))&"","") | J23: =IF(I23="","",INDEX(Kiler!$C$5:$C$304,MATCH(I23,Kiler!$A$5:$A$304,0))) | K23: =IF(I23="","",INDEX(Kiler!$E$5:$E$304,MATCH(I23,Kiler!$A$5:$A$304,0)))
I24: =IFERROR(INDEX(Kiler!$A$1:$A$304,SMALL(Kiler!$J$5:$J$304,14))&"","") | J24: =IF(I24="","",INDEX(Kiler!$C$5:$C$304,MATCH(I24,Kiler!$A$5:$A$304,0))) | K24: =IF(I24="","",INDEX(Kiler!$E$5:$E$304,MATCH(I24,Kiler!$A$5:$A$304,0)))
I25: =IFERROR(INDEX(Kiler!$A$1:$A$304,SMALL(Kiler!$J$5:$J$304,15))&"","") | J25: =IF(I25="","",INDEX(Kiler!$C$5:$C$304,MATCH(I25,Kiler!$A$5:$A$304,0))) | K25: =IF(I25="","",INDEX(Kiler!$E$5:$E$304,MATCH(I25,Kiler!$A$5:$A$304,0)))

Sheet Listeler
A1: Listeler
A2: Açılır listelerde çıkan seçenekler. Sarı hücrelere kendi seçeneklerini yaz.
A4: Kategori
A5: Bakliyat
A6: Konserve
A7: Süt ürünleri
A8: Dondurulmuş
A9: Temizlik
A10: İçecek
A11: Baharat
A12: Diğer

Sheet AI Komutları
B1: Yapay Zeka Komutları
B2: İlgili sayfada başlık satırıyla birlikte kayıtlarını seç, kopyala, kullandığın yapay zeka asistanına yapıştır ve altına komutu ekle.
B3: Dikkat: Paylaşılacak kişisel bilgi yok; yine de adres yazma. Yapay zekanın verdiği rakamları dosyadaki özet sayfasıyla karşılaştır.
B5: Ne için | C5: Komut (kopyala, yapıştır)
B6: Yemek fikri | C6: [Özet sayfasındaki tarihi yaklaşanlar] Bu ürünleri kullanarak yapılabilecek üç yemek öner.
B7: Alışveriş listesi | C7: [Alışveriş listesi] Bu listeyi market reyonlarına göre grupla.
B8: İsraf analizi | C8: Tarihi geçen ürünlerime bakarak israfı azaltmak için üç alışkanlık öner.
B9: Stok önerisi | C9: Dört kişilik bir ev için bu ürünlerin en az miktarlarını gözden geçir.
