Workbook

Sheet Başla
B2: EXCEL KLİNİĞİ
B3: KASA | Gün sonu kasa defteri
B4: Günü kapatırken kasada olması gereken parayla saydığın para tutuyor mu; açık ya da fazla varsa hemen gör.
B6: NASIL KULLANILIR
B7: 1. Günler | C7: Her gün açılış nakdini, nakit ve kart satışı, kasadan yapılan ödemeleri ve bankaya yatırılanı yaz.
B8: 2. Gün sonu sayımı | C8: Kasayı say ve Sayılan nakit sütununa yaz; fark ve durum hesaplanır.
B9: 3. Özet | C9: Aylık nakit ve kart satış, ciro ve kasa farkı.
B11: BİLMEN GEREKENLER
B12: Olması gereken | C12: Açılış nakdi + nakit satış + diğer nakit giriş − kasadan ödenen − bankaya yatırılan. Kart satış kasadaki nakdi etkilemez.
B13: Ertesi gün | C13: Bugünün sayılan nakdi, yarının açılış nakdidir; kendin aktarırsın.
B14: Kapasite | C14: Günler: 800 satır.
B16: RENKLER
B17: Sarı hücre | C17: Senin dolduracağın hücre. İçindeki örnekleri silip kendi bilgini yaz.
B18: Beyaz hücre, açık başlık | C18: Formül. Değiştirme, kendiliğinden hesaplanır.

Sheet Günler
A1: Gün Sonu
A2: Her gün için bir satır. Günü kapatırken kasayı say ve Sayılan nakit sütununa yaz.
A4: Tarih | B4: Açılış nakdi (₺) | C4: Nakit satış (₺) | D4: Kart satış (₺) | E4: Diğer nakit giriş (₺) | F4: Kasadan ödenen (₺) | G4: Bankaya yatırılan (₺) | H4: Sayılan nakit (₺) | I4: Olması gereken (₺) | J4: Fark (₺) | K4: Durum | L4: Günlük ciro (₺)
A5: 46296 | B5: 1000 | C5: 8400 | D5: 12600 | E5: 0 | F5: 650 | G5: 7000 | H5: 1750 | I5: =IF(A5="","",B5+C5+E5-F5-G5) -> 1750 | J5: =IF(OR(A5="",H5=""),"",ROUND(H5-I5,2)) -> 0 | K5: =IF(J5="","",IF(J5=0,"Tam",IF(J5<0,"Açık","Fazla"))) -> Tam | L5: =IF(A5="","",C5+D5) -> 21000
A6: 46297 | B6: 1750 | C6: 7900 | D6: 11200 | E6: 500 | F6: 300 | G6: 8000 | H6: 1800 | I6: =IF(A6="","",B6+C6+E6-F6-G6) -> 1850 | J6: =IF(OR(A6="",H6=""),"",ROUND(H6-I6,2)) -> -50 | K6: =IF(J6="","",IF(J6=0,"Tam",IF(J6<0,"Açık","Fazla"))) -> Açık | L6: =IF(A6="","",C6+D6) -> 19100
A7: 46298 | B7: 1800 | C7: 9300 | D7: 14100 | E7: 0 | F7: 1200 | G7: 8000 | H7: 1900 | I7: =IF(A7="","",B7+C7+E7-F7-G7) -> 1900 | J7: =IF(OR(A7="",H7=""),"",ROUND(H7-I7,2)) -> 0 | K7: =IF(J7="","",IF(J7=0,"Tam",IF(J7<0,"Açık","Fazla"))) -> Tam | L7: =IF(A7="","",C7+D7) -> 23400
A8: 46295 | B8: 1000 | C8: 6000 | D8: 9000 | E8: 0 | F8: 0 | G8: 6000 | H8: 1000 | I8: =IF(A8="","",B8+C8+E8-F8-G8) -> 1000 | J8: =IF(OR(A8="",H8=""),"",ROUND(H8-I8,2)) -> 0 | K8: =IF(J8="","",IF(J8=0,"Tam",IF(J8<0,"Açık","Fazla"))) -> Tam | L8: =IF(A8="","",C8+D8) -> 15000
I9: =IF(A9="","",B9+C9+E9-F9-G9) | J9: =IF(OR(A9="",H9=""),"",ROUND(H9-I9,2)) | K9: =IF(J9="","",IF(J9=0,"Tam",IF(J9<0,"Açık","Fazla"))) | L9: =IF(A9="","",C9+D9)
I10: =IF(A10="","",B10+C10+E10-F10-G10) | J10: =IF(OR(A10="",H10=""),"",ROUND(H10-I10,2)) | K10: =IF(J10="","",IF(J10=0,"Tam",IF(J10<0,"Açık","Fazla"))) | L10: =IF(A10="","",C10+D10)
I11: =IF(A11="","",B11+C11+E11-F11-G11) | J11: =IF(OR(A11="",H11=""),"",ROUND(H11-I11,2)) | K11: =IF(J11="","",IF(J11=0,"Tam",IF(J11<0,"Açık","Fazla"))) | L11: =IF(A11="","",C11+D11)
I12: =IF(A12="","",B12+C12+E12-F12-G12) | J12: =IF(OR(A12="",H12=""),"",ROUND(H12-I12,2)) | K12: =IF(J12="","",IF(J12=0,"Tam",IF(J12<0,"Açık","Fazla"))) | L12: =IF(A12="","",C12+D12)
I13: =IF(A13="","",B13+C13+E13-F13-G13) | J13: =IF(OR(A13="",H13=""),"",ROUND(H13-I13,2)) | K13: =IF(J13="","",IF(J13=0,"Tam",IF(J13<0,"Açık","Fazla"))) | L13: =IF(A13="","",C13+D13)
I14: =IF(A14="","",B14+C14+E14-F14-G14) | J14: =IF(OR(A14="",H14=""),"",ROUND(H14-I14,2)) | K14: =IF(J14="","",IF(J14=0,"Tam",IF(J14<0,"Açık","Fazla"))) | L14: =IF(A14="","",C14+D14)
I15: =IF(A15="","",B15+C15+E15-F15-G15) | J15: =IF(OR(A15="",H15=""),"",ROUND(H15-I15,2)) | K15: =IF(J15="","",IF(J15=0,"Tam",IF(J15<0,"Açık","Fazla"))) | L15: =IF(A15="","",C15+D15)
I16: =IF(A16="","",B16+C16+E16-F16-G16) | J16: =IF(OR(A16="",H16=""),"",ROUND(H16-I16,2)) | K16: =IF(J16="","",IF(J16=0,"Tam",IF(J16<0,"Açık","Fazla"))) | L16: =IF(A16="","",C16+D16)
I17: =IF(A17="","",B17+C17+E17-F17-G17) | J17: =IF(OR(A17="",H17=""),"",ROUND(H17-I17,2)) | K17: =IF(J17="","",IF(J17=0,"Tam",IF(J17<0,"Açık","Fazla"))) | L17: =IF(A17="","",C17+D17)
I18: =IF(A18="","",B18+C18+E18-F18-G18) | J18: =IF(OR(A18="",H18=""),"",ROUND(H18-I18,2)) | K18: =IF(J18="","",IF(J18=0,"Tam",IF(J18<0,"Açık","Fazla"))) | L18: =IF(A18="","",C18+D18)
I19: =IF(A19="","",B19+C19+E19-F19-G19) | J19: =IF(OR(A19="",H19=""),"",ROUND(H19-I19,2)) | K19: =IF(J19="","",IF(J19=0,"Tam",IF(J19<0,"Açık","Fazla"))) | L19: =IF(A19="","",C19+D19)
I20: =IF(A20="","",B20+C20+E20-F20-G20) | J20: =IF(OR(A20="",H20=""),"",ROUND(H20-I20,2)) | K20: =IF(J20="","",IF(J20=0,"Tam",IF(J20<0,"Açık","Fazla"))) | L20: =IF(A20="","",C20+D20)
... I804: =IF(A804="","",B804+C804+E804-F804-G804) | J804: =IF(OR(A804="",H804=""),"",ROUND(H804-I804,2)) | K804: =IF(J804="","",IF(J804=0,"Tam",IF(J804<0,"Açık","Fazla"))) | L804: =IF(A804="","",C804+D804)

Sheet Özet
A1: Özet
A2: Bu sayfada yalnızca yılı değiştir.
B3: Yıl | C3: 2026
B5: Yıl cirosu | C5: Kart payı | D5: Toplam kasa farkı | E5: Açık veren gün | F5: Günlük ortalama ciro
B6: =E23 -> 78500 | C6: =IF(E23=0,0,D23/E23) -> 0.59745223 | D6: =F23 -> -50 | E6: =COUNTIF(Günler!$K$5:$K$804,"Açık") -> 1 | F6: =IF(COUNT(Günler!$A$5:$A$804)=0,0,SUM(Günler!$L$5:$L$804)/COUNT(Günler!$A$5:$A$804)) -> 19625
B9: Aylık tablo
B10: Ay | C10: Nakit satış (₺) | D10: Kart satış (₺) | E10: Ciro (₺) | F10: Kasa farkı (₺)
B11: Ocak | C11: =SUMIFS(Günler!$C$5:$C$804,Günler!$A$5:$A$804,">="&DATE($C$3,1,1),Günler!$A$5:$A$804,"<"&DATE($C$3,2,1)) -> 0 | D11: =SUMIFS(Günler!$D$5:$D$804,Günler!$A$5:$A$804,">="&DATE($C$3,1,1),Günler!$A$5:$A$804,"<"&DATE($C$3,2,1)) -> 0 | E11: =C11+D11 -> 0 | F11: =SUMIFS(Günler!$J$5:$J$804,Günler!$A$5:$A$804,">="&DATE($C$3,1,1),Günler!$A$5:$A$804,"<"&DATE($C$3,2,1)) -> 0
B12: Şubat | C12: =SUMIFS(Günler!$C$5:$C$804,Günler!$A$5:$A$804,">="&DATE($C$3,2,1),Günler!$A$5:$A$804,"<"&DATE($C$3,3,1)) -> 0 | D12: =SUMIFS(Günler!$D$5:$D$804,Günler!$A$5:$A$804,">="&DATE($C$3,2,1),Günler!$A$5:$A$804,"<"&DATE($C$3,3,1)) -> 0 | E12: =C12+D12 -> 0 | F12: =SUMIFS(Günler!$J$5:$J$804,Günler!$A$5:$A$804,">="&DATE($C$3,2,1),Günler!$A$5:$A$804,"<"&DATE($C$3,3,1)) -> 0
B13: Mart | C13: =SUMIFS(Günler!$C$5:$C$804,Günler!$A$5:$A$804,">="&DATE($C$3,3,1),Günler!$A$5:$A$804,"<"&DATE($C$3,4,1)) -> 0 | D13: =SUMIFS(Günler!$D$5:$D$804,Günler!$A$5:$A$804,">="&DATE($C$3,3,1),Günler!$A$5:$A$804,"<"&DATE($C$3,4,1)) -> 0 | E13: =C13+D13 -> 0 | F13: =SUMIFS(Günler!$J$5:$J$804,Günler!$A$5:$A$804,">="&DATE($C$3,3,1),Günler!$A$5:$A$804,"<"&DATE($C$3,4,1)) -> 0
B14: Nisan | C14: =SUMIFS(Günler!$C$5:$C$804,Günler!$A$5:$A$804,">="&DATE($C$3,4,1),Günler!$A$5:$A$804,"<"&DATE($C$3,5,1)) -> 0 | D14: =SUMIFS(Günler!$D$5:$D$804,Günler!$A$5:$A$804,">="&DATE($C$3,4,1),Günler!$A$5:$A$804,"<"&DATE($C$3,5,1)) -> 0 | E14: =C14+D14 -> 0 | F14: =SUMIFS(Günler!$J$5:$J$804,Günler!$A$5:$A$804,">="&DATE($C$3,4,1),Günler!$A$5:$A$804,"<"&DATE($C$3,5,1)) -> 0
B15: Mayıs | C15: =SUMIFS(Günler!$C$5:$C$804,Günler!$A$5:$A$804,">="&DATE($C$3,5,1),Günler!$A$5:$A$804,"<"&DATE($C$3,6,1)) -> 0 | D15: =SUMIFS(Günler!$D$5:$D$804,Günler!$A$5:$A$804,">="&DATE($C$3,5,1),Günler!$A$5:$A$804,"<"&DATE($C$3,6,1)) -> 0 | E15: =C15+D15 -> 0 | F15: =SUMIFS(Günler!$J$5:$J$804,Günler!$A$5:$A$804,">="&DATE($C$3,5,1),Günler!$A$5:$A$804,"<"&DATE($C$3,6,1)) -> 0
B16: Haziran | C16: =SUMIFS(Günler!$C$5:$C$804,Günler!$A$5:$A$804,">="&DATE($C$3,6,1),Günler!$A$5:$A$804,"<"&DATE($C$3,7,1)) -> 0 | D16: =SUMIFS(Günler!$D$5:$D$804,Günler!$A$5:$A$804,">="&DATE($C$3,6,1),Günler!$A$5:$A$804,"<"&DATE($C$3,7,1)) -> 0 | E16: =C16+D16 -> 0 | F16: =SUMIFS(Günler!$J$5:$J$804,Günler!$A$5:$A$804,">="&DATE($C$3,6,1),Günler!$A$5:$A$804,"<"&DATE($C$3,7,1)) -> 0
B17: Temmuz | C17: =SUMIFS(Günler!$C$5:$C$804,Günler!$A$5:$A$804,">="&DATE($C$3,7,1),Günler!$A$5:$A$804,"<"&DATE($C$3,8,1)) -> 0 | D17: =SUMIFS(Günler!$D$5:$D$804,Günler!$A$5:$A$804,">="&DATE($C$3,7,1),Günler!$A$5:$A$804,"<"&DATE($C$3,8,1)) -> 0 | E17: =C17+D17 -> 0 | F17: =SUMIFS(Günler!$J$5:$J$804,Günler!$A$5:$A$804,">="&DATE($C$3,7,1),Günler!$A$5:$A$804,"<"&DATE($C$3,8,1)) -> 0
B18: Ağustos | C18: =SUMIFS(Günler!$C$5:$C$804,Günler!$A$5:$A$804,">="&DATE($C$3,8,1),Günler!$A$5:$A$804,"<"&DATE($C$3,9,1)) -> 0 | D18: =SUMIFS(Günler!$D$5:$D$804,Günler!$A$5:$A$804,">="&DATE($C$3,8,1),Günler!$A$5:$A$804,"<"&DATE($C$3,9,1)) -> 0 | E18: =C18+D18 -> 0 | F18: =SUMIFS(Günler!$J$5:$J$804,Günler!$A$5:$A$804,">="&DATE($C$3,8,1),Günler!$A$5:$A$804,"<"&DATE($C$3,9,1)) -> 0
B19: Eylül | C19: =SUMIFS(Günler!$C$5:$C$804,Günler!$A$5:$A$804,">="&DATE($C$3,9,1),Günler!$A$5:$A$804,"<"&DATE($C$3,10,1)) -> 6000 | D19: =SUMIFS(Günler!$D$5:$D$804,Günler!$A$5:$A$804,">="&DATE($C$3,9,1),Günler!$A$5:$A$804,"<"&DATE($C$3,10,1)) -> 9000 | E19: =C19+D19 -> 15000 | F19: =SUMIFS(Günler!$J$5:$J$804,Günler!$A$5:$A$804,">="&DATE($C$3,9,1),Günler!$A$5:$A$804,"<"&DATE($C$3,10,1)) -> 0
B20: Ekim | C20: =SUMIFS(Günler!$C$5:$C$804,Günler!$A$5:$A$804,">="&DATE($C$3,10,1),Günler!$A$5:$A$804,"<"&DATE($C$3,11,1)) -> 25600 | D20: =SUMIFS(Günler!$D$5:$D$804,Günler!$A$5:$A$804,">="&DATE($C$3,10,1),Günler!$A$5:$A$804,"<"&DATE($C$3,11,1)) -> 37900 | E20: =C20+D20 -> 63500 | F20: =SUMIFS(Günler!$J$5:$J$804,Günler!$A$5:$A$804,">="&DATE($C$3,10,1),Günler!$A$5:$A$804,"<"&DATE($C$3,11,1)) -> -50
B21: Kasım | C21: =SUMIFS(Günler!$C$5:$C$804,Günler!$A$5:$A$804,">="&DATE($C$3,11,1),Günler!$A$5:$A$804,"<"&DATE($C$3,12,1)) -> 0 | D21: =SUMIFS(Günler!$D$5:$D$804,Günler!$A$5:$A$804,">="&DATE($C$3,11,1),Günler!$A$5:$A$804,"<"&DATE($C$3,12,1)) -> 0 | E21: =C21+D21 -> 0 | F21: =SUMIFS(Günler!$J$5:$J$804,Günler!$A$5:$A$804,">="&DATE($C$3,11,1),Günler!$A$5:$A$804,"<"&DATE($C$3,12,1)) -> 0
B22: Aralık | C22: =SUMIFS(Günler!$C$5:$C$804,Günler!$A$5:$A$804,">="&DATE($C$3,12,1),Günler!$A$5:$A$804,"<"&DATE($C$3,13,1)) -> 0 | D22: =SUMIFS(Günler!$D$5:$D$804,Günler!$A$5:$A$804,">="&DATE($C$3,12,1),Günler!$A$5:$A$804,"<"&DATE($C$3,13,1)) -> 0 | E22: =C22+D22 -> 0 | F22: =SUMIFS(Günler!$J$5:$J$804,Günler!$A$5:$A$804,">="&DATE($C$3,12,1),Günler!$A$5:$A$804,"<"&DATE($C$3,13,1)) -> 0
B23: TOPLAM | C23: =SUM(C11:C22) -> 31600 | D23: =SUM(D11:D22) -> 46900 | E23: =SUM(E11:E22) -> 78500 | F23: =SUM(F11:F22) -> -50

Sheet AI Komutları
B1: Yapay Zeka Komutları
B2: İlgili sayfada başlık satırıyla birlikte kayıtlarını seç, kopyala, kullandığın yapay zeka asistanına yapıştır ve altına komutu ekle.
B3: Dikkat: Paylaşılacak kişisel bilgi yok; çalışan adı yazma. Yapay zekanın verdiği rakamları dosyadaki özet sayfasıyla karşılaştır.
B5: Ne için | C5: Komut (kopyala, yapıştır)
B6: Açık analizi | C6: [Günler sayfası] Kasa açığı veren günleri listele; haftanın belirli günlerinde mi toplanıyor?
B7: Ciro gidişi | C7: [Özet sayfası] Aylık ciro ve kart payını yorumla.
B8: Kasa kuralı | C8: Kasa açığını azaltmak için küçük bir dükkânda uygulanabilecek beş kural yaz.
B9: Kontrol | C9: [Günler sayfası] Açılış nakdi bir önceki günün sayılan nakdiyle uyuşmayan günleri göster.
