Workbook

Sheet Başla
B2: EXCEL KLİNİĞİ
B3: İÇERİK | Sosyal medya içerik performansı
B4: Hangi içerik türü, hangi gün, hangi konu daha çok erişim ve etkileşim getiriyor.
B6: NASIL KULLANILIR
B7: 1. Listeler | C7: Kullandığın platformları ve içerik türlerini yaz.
B8: 2. İçerikler | C8: Her paylaşımı tarih, tür, konu ve istatistikleriyle gir.
B9: 3. Özet | C9: Aylık gidiş, türe ve güne göre ortalamalar, en iyi içerikler.
B11: BİLMEN GEREKENLER
B12: Etkileşim oranı | C12: Beğeni, yorum, kaydetme ve paylaşım toplamının erişime bölümüdür.
B13: Elle giriş | C13: Dosya platformlardan veri çekmez; rakamları sen yazarsın.
B14: Karşılaştırma | C14: Farklı platformların erişim tanımı aynı değildir; platformları kendi içinde karşılaştırmak daha sağlıklıdır.
B15: Kapasite | C15: İçerikler: 2000 satır.
B17: RENKLER
B18: Sarı hücre | C18: Senin dolduracağın hücre. İçindeki örnekleri silip kendi bilgini yaz.
B19: Beyaz hücre, açık başlık | C19: Formül. Değiştirme, kendiliğinden hesaplanır.

Sheet İçerikler
A1: İçerikler
A2: Her paylaşım bir satır. Rakamları paylaşımdan birkaç gün sonra, platformun istatistik ekranından yaz.
A4: Tarih | B4: Platform | C4: Tür | D4: Konu | E4: Erişim | F4: Beğeni | G4: Yorum | H4: Kaydetme | I4: Paylaşım | J4: Yeni takipçi | K4: Etkileşim | L4: Etkileşim oranı | M4: y
A5: 46293 | B5: Instagram | C5: Reels | D5: Dağınık Excel önce ve sonra | E5: 12400 | F5: 640 | G5: 38 | H5: 410 | I5: 95 | J5: 62 | K5: =IF(A5="","",F5+G5+H5+I5) -> 1183 | L5: =IF(OR(K5="",E5=0,E5=""),"",K5/E5) -> 0.095403226 | M5: =IF(OR(A5="",E5=""),"",E5+ROW()/1000000) -> 12400
A6: 46295 | B6: Instagram | C6: Gönderi | D6: 5 Excel kısayolu | E6: 3100 | F6: 210 | G6: 12 | H6: 180 | I6: 22 | J6: 9 | K6: =IF(A6="","",F6+G6+H6+I6) -> 424 | L6: =IF(OR(K6="",E6=0,E6=""),"",K6/E6) -> 0.13677419 | M6: =IF(OR(A6="",E6=""),"",E6+ROW()/1000000) -> 3100
A7: 46296 | B7: YouTube | C7: Shorts | D7: Elle toplamı formüle çevir | E7: 8800 | F7: 350 | G7: 20 | H7: 0 | I7: 40 | J7: 31 | K7: =IF(A7="","",F7+G7+H7+I7) -> 410 | L7: =IF(OR(K7="",E7=0,E7=""),"",K7/E7) -> 0.046590909 | M7: =IF(OR(A7="",E7=""),"",E7+ROW()/1000000) -> 8800
A8: 46297 | B8: Instagram | C8: Reels | D8: Birleştirilmiş hücre hatası | E8: 20500 | F8: 1100 | G8: 74 | H8: 820 | I8: 210 | J8: 140 | K8: =IF(A8="","",F8+G8+H8+I8) -> 2204 | L8: =IF(OR(K8="",E8=0,E8=""),"",K8/E8) -> 0.1075122 | M8: =IF(OR(A8="",E8=""),"",E8+ROW()/1000000) -> 20500
A9: 46298 | B9: Instagram | C9: Hikâye | D9: Soru cevap | E9: 900 | F9: 40 | G9: 6 | H9: 0 | I9: 2 | J9: 1 | K9: =IF(A9="","",F9+G9+H9+I9) -> 48 | L9: =IF(OR(K9="",E9=0,E9=""),"",K9/E9) -> 0.053333333 | M9: =IF(OR(A9="",E9=""),"",E9+ROW()/1000000) -> 900.00001
K10: =IF(A10="","",F10+G10+H10+I10) | L10: =IF(OR(K10="",E10=0,E10=""),"",K10/E10) | M10: =IF(OR(A10="",E10=""),"",E10+ROW()/1000000)
K11: =IF(A11="","",F11+G11+H11+I11) | L11: =IF(OR(K11="",E11=0,E11=""),"",K11/E11) | M11: =IF(OR(A11="",E11=""),"",E11+ROW()/1000000)
K12: =IF(A12="","",F12+G12+H12+I12) | L12: =IF(OR(K12="",E12=0,E12=""),"",K12/E12) | M12: =IF(OR(A12="",E12=""),"",E12+ROW()/1000000)
K13: =IF(A13="","",F13+G13+H13+I13) | L13: =IF(OR(K13="",E13=0,E13=""),"",K13/E13) | M13: =IF(OR(A13="",E13=""),"",E13+ROW()/1000000)
K14: =IF(A14="","",F14+G14+H14+I14) | L14: =IF(OR(K14="",E14=0,E14=""),"",K14/E14) | M14: =IF(OR(A14="",E14=""),"",E14+ROW()/1000000)
K15: =IF(A15="","",F15+G15+H15+I15) | L15: =IF(OR(K15="",E15=0,E15=""),"",K15/E15) | M15: =IF(OR(A15="",E15=""),"",E15+ROW()/1000000)
K16: =IF(A16="","",F16+G16+H16+I16) | L16: =IF(OR(K16="",E16=0,E16=""),"",K16/E16) | M16: =IF(OR(A16="",E16=""),"",E16+ROW()/1000000)
K17: =IF(A17="","",F17+G17+H17+I17) | L17: =IF(OR(K17="",E17=0,E17=""),"",K17/E17) | M17: =IF(OR(A17="",E17=""),"",E17+ROW()/1000000)
K18: =IF(A18="","",F18+G18+H18+I18) | L18: =IF(OR(K18="",E18=0,E18=""),"",K18/E18) | M18: =IF(OR(A18="",E18=""),"",E18+ROW()/1000000)
K19: =IF(A19="","",F19+G19+H19+I19) | L19: =IF(OR(K19="",E19=0,E19=""),"",K19/E19) | M19: =IF(OR(A19="",E19=""),"",E19+ROW()/1000000)
K20: =IF(A20="","",F20+G20+H20+I20) | L20: =IF(OR(K20="",E20=0,E20=""),"",K20/E20) | M20: =IF(OR(A20="",E20=""),"",E20+ROW()/1000000)
K21: =IF(A21="","",F21+G21+H21+I21) | L21: =IF(OR(K21="",E21=0,E21=""),"",K21/E21) | M21: =IF(OR(A21="",E21=""),"",E21+ROW()/1000000)
... K2004: =IF(A2004="","",F2004+G2004+H2004+I2004) | L2004: =IF(OR(K2004="",E2004=0,E2004=""),"",K2004/E2004) | M2004: =IF(OR(A2004="",E2004=""),"",E2004+ROW()/1000000)

Sheet Özet
A1: Özet
A2: Bu sayfada yalnızca yılı değiştir.
B3: Yıl | C3: 2026
B5: İçerik (yıl) | C5: Toplam erişim | D5: Etkileşim oranı | E5: Yeni takipçi | F5: İçerik başına erişim
B6: =C23 -> 5 | C6: =D23 -> 45700 | D6: =IF(D23=0,0,E23/D23) -> 0.093413567 | E6: =F23 -> 243 | F6: =IF(C23=0,0,D23/C23) -> 9140
B9: Aylık tablo | I9: Türe göre (tüm kayıtlar)
B10: Ay | C10: İçerik | D10: Erişim | E10: Etkileşim | F10: Yeni takipçi | I10: Tür | J10: İçerik | K10: Ortalama erişim | L10: Etkileşim oranı
B11: Ocak | C11: =COUNTIFS(İçerikler!$A$5:$A$2004,">="&DATE($C$3,1,1),İçerikler!$A$5:$A$2004,"<"&DATE($C$3,2,1)) -> 0 | D11: =SUMIFS(İçerikler!$E$5:$E$2004,İçerikler!$A$5:$A$2004,">="&DATE($C$3,1,1),İçerikler!$A$5:$A$2004,"<"&DATE($C$3,2,1)) -> 0 | E11: =SUMIFS(İçerikler!$K$5:$K$2004,İçerikler!$A$5:$A$2004,">="&DATE($C$3,1,1),İçerikler!$A$5:$A$2004,"<"&DATE($C$3,2,1)) -> 0 | F11: =SUMIFS(İçerikler!$J$5:$J$2004,İçerikler!$A$5:$A$2004,">="&DATE($C$3,1,1),İçerikler!$A$5:$A$2004,"<"&DATE($C$3,2,1)) -> 0 | I11: =IF(Listeler!B5="","",Listeler!B5) -> Reels | J11: =IF(I11="","",COUNTIF(İçerikler!$C$5:$C$2004,I11)) -> 2 | K11: =IF(I11="","",IF(COUNTIF(İçerikler!$C$5:$C$2004,I11)=0,0,SUMIFS(İçerikler!$E$5:$E$2004,İçerikler!$C$5:$C$2004,I11)/COUNTIF(İçerikler!$C$5:$C$2004,I11))) -> 16450 | L11: =IF(I11="","",IF(SUMIFS(İçerikler!$E$5:$E$2004,İçerikler!$C$5:$C$2004,I11)=0,0,SUMIFS(İçerikler!$K$5:$K$2004,İçerikler!$C$5:$C$2004,I11)/SUMIFS(İçerikler!$E$5:$E$2004,İçerikler!$C$5:$C$2004,I11))) -> 0.10294833
B12: Şubat | C12: =COUNTIFS(İçerikler!$A$5:$A$2004,">="&DATE($C$3,2,1),İçerikler!$A$5:$A$2004,"<"&DATE($C$3,3,1)) -> 0 | D12: =SUMIFS(İçerikler!$E$5:$E$2004,İçerikler!$A$5:$A$2004,">="&DATE($C$3,2,1),İçerikler!$A$5:$A$2004,"<"&DATE($C$3,3,1)) -> 0 | E12: =SUMIFS(İçerikler!$K$5:$K$2004,İçerikler!$A$5:$A$2004,">="&DATE($C$3,2,1),İçerikler!$A$5:$A$2004,"<"&DATE($C$3,3,1)) -> 0 | F12: =SUMIFS(İçerikler!$J$5:$J$2004,İçerikler!$A$5:$A$2004,">="&DATE($C$3,2,1),İçerikler!$A$5:$A$2004,"<"&DATE($C$3,3,1)) -> 0 | I12: =IF(Listeler!B6="","",Listeler!B6) -> Gönderi | J12: =IF(I12="","",COUNTIF(İçerikler!$C$5:$C$2004,I12)) -> 1 | K12: =IF(I12="","",IF(COUNTIF(İçerikler!$C$5:$C$2004,I12)=0,0,SUMIFS(İçerikler!$E$5:$E$2004,İçerikler!$C$5:$C$2004,I12)/COUNTIF(İçerikler!$C$5:$C$2004,I12))) -> 3100 | L12: =IF(I12="","",IF(SUMIFS(İçerikler!$E$5:$E$2004,İçerikler!$C$5:$C$2004,I12)=0,0,SUMIFS(İçerikler!$K$5:$K$2004,İçerikler!$C$5:$C$2004,I12)/SUMIFS(İçerikler!$E$5:$E$2004,İçerikler!$C$5:$C$2004,I12))) -> 0.13677419
B13: Mart | C13: =COUNTIFS(İçerikler!$A$5:$A$2004,">="&DATE($C$3,3,1),İçerikler!$A$5:$A$2004,"<"&DATE($C$3,4,1)) -> 0 | D13: =SUMIFS(İçerikler!$E$5:$E$2004,İçerikler!$A$5:$A$2004,">="&DATE($C$3,3,1),İçerikler!$A$5:$A$2004,"<"&DATE($C$3,4,1)) -> 0 | E13: =SUMIFS(İçerikler!$K$5:$K$2004,İçerikler!$A$5:$A$2004,">="&DATE($C$3,3,1),İçerikler!$A$5:$A$2004,"<"&DATE($C$3,4,1)) -> 0 | F13: =SUMIFS(İçerikler!$J$5:$J$2004,İçerikler!$A$5:$A$2004,">="&DATE($C$3,3,1),İçerikler!$A$5:$A$2004,"<"&DATE($C$3,4,1)) -> 0 | I13: =IF(Listeler!B7="","",Listeler!B7) -> Hikâye | J13: =IF(I13="","",COUNTIF(İçerikler!$C$5:$C$2004,I13)) -> 1 | K13: =IF(I13="","",IF(COUNTIF(İçerikler!$C$5:$C$2004,I13)=0,0,SUMIFS(İçerikler!$E$5:$E$2004,İçerikler!$C$5:$C$2004,I13)/COUNTIF(İçerikler!$C$5:$C$2004,I13))) -> 900 | L13: =IF(I13="","",IF(SUMIFS(İçerikler!$E$5:$E$2004,İçerikler!$C$5:$C$2004,I13)=0,0,SUMIFS(İçerikler!$K$5:$K$2004,İçerikler!$C$5:$C$2004,I13)/SUMIFS(İçerikler!$E$5:$E$2004,İçerikler!$C$5:$C$2004,I13))) -> 0.053333333
B14: Nisan | C14: =COUNTIFS(İçerikler!$A$5:$A$2004,">="&DATE($C$3,4,1),İçerikler!$A$5:$A$2004,"<"&DATE($C$3,5,1)) -> 0 | D14: =SUMIFS(İçerikler!$E$5:$E$2004,İçerikler!$A$5:$A$2004,">="&DATE($C$3,4,1),İçerikler!$A$5:$A$2004,"<"&DATE($C$3,5,1)) -> 0 | E14: =SUMIFS(İçerikler!$K$5:$K$2004,İçerikler!$A$5:$A$2004,">="&DATE($C$3,4,1),İçerikler!$A$5:$A$2004,"<"&DATE($C$3,5,1)) -> 0 | F14: =SUMIFS(İçerikler!$J$5:$J$2004,İçerikler!$A$5:$A$2004,">="&DATE($C$3,4,1),İçerikler!$A$5:$A$2004,"<"&DATE($C$3,5,1)) -> 0 | I14: =IF(Listeler!B8="","",Listeler!B8) -> Video | J14: =IF(I14="","",COUNTIF(İçerikler!$C$5:$C$2004,I14)) -> 0 | K14: =IF(I14="","",IF(COUNTIF(İçerikler!$C$5:$C$2004,I14)=0,0,SUMIFS(İçerikler!$E$5:$E$2004,İçerikler!$C$5:$C$2004,I14)/COUNTIF(İçerikler!$C$5:$C$2004,I14))) -> 0 | L14: =IF(I14="","",IF(SUMIFS(İçerikler!$E$5:$E$2004,İçerikler!$C$5:$C$2004,I14)=0,0,SUMIFS(İçerikler!$K$5:$K$2004,İçerikler!$C$5:$C$2004,I14)/SUMIFS(İçerikler!$E$5:$E$2004,İçerikler!$C$5:$C$2004,I14))) -> 0
B15: Mayıs | C15: =COUNTIFS(İçerikler!$A$5:$A$2004,">="&DATE($C$3,5,1),İçerikler!$A$5:$A$2004,"<"&DATE($C$3,6,1)) -> 0 | D15: =SUMIFS(İçerikler!$E$5:$E$2004,İçerikler!$A$5:$A$2004,">="&DATE($C$3,5,1),İçerikler!$A$5:$A$2004,"<"&DATE($C$3,6,1)) -> 0 | E15: =SUMIFS(İçerikler!$K$5:$K$2004,İçerikler!$A$5:$A$2004,">="&DATE($C$3,5,1),İçerikler!$A$5:$A$2004,"<"&DATE($C$3,6,1)) -> 0 | F15: =SUMIFS(İçerikler!$J$5:$J$2004,İçerikler!$A$5:$A$2004,">="&DATE($C$3,5,1),İçerikler!$A$5:$A$2004,"<"&DATE($C$3,6,1)) -> 0 | I15: =IF(Listeler!B9="","",Listeler!B9) -> Shorts | J15: =IF(I15="","",COUNTIF(İçerikler!$C$5:$C$2004,I15)) -> 1 | K15: =IF(I15="","",IF(COUNTIF(İçerikler!$C$5:$C$2004,I15)=0,0,SUMIFS(İçerikler!$E$5:$E$2004,İçerikler!$C$5:$C$2004,I15)/COUNTIF(İçerikler!$C$5:$C$2004,I15))) -> 8800 | L15: =IF(I15="","",IF(SUMIFS(İçerikler!$E$5:$E$2004,İçerikler!$C$5:$C$2004,I15)=0,0,SUMIFS(İçerikler!$K$5:$K$2004,İçerikler!$C$5:$C$2004,I15)/SUMIFS(İçerikler!$E$5:$E$2004,İçerikler!$C$5:$C$2004,I15))) -> 0.046590909
B16: Haziran | C16: =COUNTIFS(İçerikler!$A$5:$A$2004,">="&DATE($C$3,6,1),İçerikler!$A$5:$A$2004,"<"&DATE($C$3,7,1)) -> 0 | D16: =SUMIFS(İçerikler!$E$5:$E$2004,İçerikler!$A$5:$A$2004,">="&DATE($C$3,6,1),İçerikler!$A$5:$A$2004,"<"&DATE($C$3,7,1)) -> 0 | E16: =SUMIFS(İçerikler!$K$5:$K$2004,İçerikler!$A$5:$A$2004,">="&DATE($C$3,6,1),İçerikler!$A$5:$A$2004,"<"&DATE($C$3,7,1)) -> 0 | F16: =SUMIFS(İçerikler!$J$5:$J$2004,İçerikler!$A$5:$A$2004,">="&DATE($C$3,6,1),İçerikler!$A$5:$A$2004,"<"&DATE($C$3,7,1)) -> 0 | I16: =IF(Listeler!B10="","",Listeler!B10) -> Kaydırmalı gönderi | J16: =IF(I16="","",COUNTIF(İçerikler!$C$5:$C$2004,I16)) -> 0 | K16: =IF(I16="","",IF(COUNTIF(İçerikler!$C$5:$C$2004,I16)=0,0,SUMIFS(İçerikler!$E$5:$E$2004,İçerikler!$C$5:$C$2004,I16)/COUNTIF(İçerikler!$C$5:$C$2004,I16))) -> 0 | L16: =IF(I16="","",IF(SUMIFS(İçerikler!$E$5:$E$2004,İçerikler!$C$5:$C$2004,I16)=0,0,SUMIFS(İçerikler!$K$5:$K$2004,İçerikler!$C$5:$C$2004,I16)/SUMIFS(İçerikler!$E$5:$E$2004,İçerikler!$C$5:$C$2004,I16))) -> 0
B17: Temmuz | C17: =COUNTIFS(İçerikler!$A$5:$A$2004,">="&DATE($C$3,7,1),İçerikler!$A$5:$A$2004,"<"&DATE($C$3,8,1)) -> 0 | D17: =SUMIFS(İçerikler!$E$5:$E$2004,İçerikler!$A$5:$A$2004,">="&DATE($C$3,7,1),İçerikler!$A$5:$A$2004,"<"&DATE($C$3,8,1)) -> 0 | E17: =SUMIFS(İçerikler!$K$5:$K$2004,İçerikler!$A$5:$A$2004,">="&DATE($C$3,7,1),İçerikler!$A$5:$A$2004,"<"&DATE($C$3,8,1)) -> 0 | F17: =SUMIFS(İçerikler!$J$5:$J$2004,İçerikler!$A$5:$A$2004,">="&DATE($C$3,7,1),İçerikler!$A$5:$A$2004,"<"&DATE($C$3,8,1)) -> 0 | I17: =IF(Listeler!B11="","",Listeler!B11) | J17: =IF(I17="","",COUNTIF(İçerikler!$C$5:$C$2004,I17)) | K17: =IF(I17="","",IF(COUNTIF(İçerikler!$C$5:$C$2004,I17)=0,0,SUMIFS(İçerikler!$E$5:$E$2004,İçerikler!$C$5:$C$2004,I17)/COUNTIF(İçerikler!$C$5:$C$2004,I17))) | L17: =IF(I17="","",IF(SUMIFS(İçerikler!$E$5:$E$2004,İçerikler!$C$5:$C$2004,I17)=0,0,SUMIFS(İçerikler!$K$5:$K$2004,İçerikler!$C$5:$C$2004,I17)/SUMIFS(İçerikler!$E$5:$E$2004,İçerikler!$C$5:$C$2004,I17)))
B18: Ağustos | C18: =COUNTIFS(İçerikler!$A$5:$A$2004,">="&DATE($C$3,8,1),İçerikler!$A$5:$A$2004,"<"&DATE($C$3,9,1)) -> 0 | D18: =SUMIFS(İçerikler!$E$5:$E$2004,İçerikler!$A$5:$A$2004,">="&DATE($C$3,8,1),İçerikler!$A$5:$A$2004,"<"&DATE($C$3,9,1)) -> 0 | E18: =SUMIFS(İçerikler!$K$5:$K$2004,İçerikler!$A$5:$A$2004,">="&DATE($C$3,8,1),İçerikler!$A$5:$A$2004,"<"&DATE($C$3,9,1)) -> 0 | F18: =SUMIFS(İçerikler!$J$5:$J$2004,İçerikler!$A$5:$A$2004,">="&DATE($C$3,8,1),İçerikler!$A$5:$A$2004,"<"&DATE($C$3,9,1)) -> 0 | I18: =IF(Listeler!B12="","",Listeler!B12) | J18: =IF(I18="","",COUNTIF(İçerikler!$C$5:$C$2004,I18)) | K18: =IF(I18="","",IF(COUNTIF(İçerikler!$C$5:$C$2004,I18)=0,0,SUMIFS(İçerikler!$E$5:$E$2004,İçerikler!$C$5:$C$2004,I18)/COUNTIF(İçerikler!$C$5:$C$2004,I18))) | L18: =IF(I18="","",IF(SUMIFS(İçerikler!$E$5:$E$2004,İçerikler!$C$5:$C$2004,I18)=0,0,SUMIFS(İçerikler!$K$5:$K$2004,İçerikler!$C$5:$C$2004,I18)/SUMIFS(İçerikler!$E$5:$E$2004,İçerikler!$C$5:$C$2004,I18)))
B19: Eylül | C19: =COUNTIFS(İçerikler!$A$5:$A$2004,">="&DATE($C$3,9,1),İçerikler!$A$5:$A$2004,"<"&DATE($C$3,10,1)) -> 2 | D19: =SUMIFS(İçerikler!$E$5:$E$2004,İçerikler!$A$5:$A$2004,">="&DATE($C$3,9,1),İçerikler!$A$5:$A$2004,"<"&DATE($C$3,10,1)) -> 15500 | E19: =SUMIFS(İçerikler!$K$5:$K$2004,İçerikler!$A$5:$A$2004,">="&DATE($C$3,9,1),İçerikler!$A$5:$A$2004,"<"&DATE($C$3,10,1)) -> 1607 | F19: =SUMIFS(İçerikler!$J$5:$J$2004,İçerikler!$A$5:$A$2004,">="&DATE($C$3,9,1),İçerikler!$A$5:$A$2004,"<"&DATE($C$3,10,1)) -> 71 | I19: =IF(Listeler!B13="","",Listeler!B13) | J19: =IF(I19="","",COUNTIF(İçerikler!$C$5:$C$2004,I19)) | K19: =IF(I19="","",IF(COUNTIF(İçerikler!$C$5:$C$2004,I19)=0,0,SUMIFS(İçerikler!$E$5:$E$2004,İçerikler!$C$5:$C$2004,I19)/COUNTIF(İçerikler!$C$5:$C$2004,I19))) | L19: =IF(I19="","",IF(SUMIFS(İçerikler!$E$5:$E$2004,İçerikler!$C$5:$C$2004,I19)=0,0,SUMIFS(İçerikler!$K$5:$K$2004,İçerikler!$C$5:$C$2004,I19)/SUMIFS(İçerikler!$E$5:$E$2004,İçerikler!$C$5:$C$2004,I19)))
B20: Ekim | C20: =COUNTIFS(İçerikler!$A$5:$A$2004,">="&DATE($C$3,10,1),İçerikler!$A$5:$A$2004,"<"&DATE($C$3,11,1)) -> 3 | D20: =SUMIFS(İçerikler!$E$5:$E$2004,İçerikler!$A$5:$A$2004,">="&DATE($C$3,10,1),İçerikler!$A$5:$A$2004,"<"&DATE($C$3,11,1)) -> 30200 | E20: =SUMIFS(İçerikler!$K$5:$K$2004,İçerikler!$A$5:$A$2004,">="&DATE($C$3,10,1),İçerikler!$A$5:$A$2004,"<"&DATE($C$3,11,1)) -> 2662 | F20: =SUMIFS(İçerikler!$J$5:$J$2004,İçerikler!$A$5:$A$2004,">="&DATE($C$3,10,1),İçerikler!$A$5:$A$2004,"<"&DATE($C$3,11,1)) -> 172 | I20: =IF(Listeler!B14="","",Listeler!B14) | J20: =IF(I20="","",COUNTIF(İçerikler!$C$5:$C$2004,I20)) | K20: =IF(I20="","",IF(COUNTIF(İçerikler!$C$5:$C$2004,I20)=0,0,SUMIFS(İçerikler!$E$5:$E$2004,İçerikler!$C$5:$C$2004,I20)/COUNTIF(İçerikler!$C$5:$C$2004,I20))) | L20: =IF(I20="","",IF(SUMIFS(İçerikler!$E$5:$E$2004,İçerikler!$C$5:$C$2004,I20)=0,0,SUMIFS(İçerikler!$K$5:$K$2004,İçerikler!$C$5:$C$2004,I20)/SUMIFS(İçerikler!$E$5:$E$2004,İçerikler!$C$5:$C$2004,I20)))
B21: Kasım | C21: =COUNTIFS(İçerikler!$A$5:$A$2004,">="&DATE($C$3,11,1),İçerikler!$A$5:$A$2004,"<"&DATE($C$3,12,1)) -> 0 | D21: =SUMIFS(İçerikler!$E$5:$E$2004,İçerikler!$A$5:$A$2004,">="&DATE($C$3,11,1),İçerikler!$A$5:$A$2004,"<"&DATE($C$3,12,1)) -> 0 | E21: =SUMIFS(İçerikler!$K$5:$K$2004,İçerikler!$A$5:$A$2004,">="&DATE($C$3,11,1),İçerikler!$A$5:$A$2004,"<"&DATE($C$3,12,1)) -> 0 | F21: =SUMIFS(İçerikler!$J$5:$J$2004,İçerikler!$A$5:$A$2004,">="&DATE($C$3,11,1),İçerikler!$A$5:$A$2004,"<"&DATE($C$3,12,1)) -> 0
B22: Aralık | C22: =COUNTIFS(İçerikler!$A$5:$A$2004,">="&DATE($C$3,12,1),İçerikler!$A$5:$A$2004,"<"&DATE($C$3,13,1)) -> 0 | D22: =SUMIFS(İçerikler!$E$5:$E$2004,İçerikler!$A$5:$A$2004,">="&DATE($C$3,12,1),İçerikler!$A$5:$A$2004,"<"&DATE($C$3,13,1)) -> 0 | E22: =SUMIFS(İçerikler!$K$5:$K$2004,İçerikler!$A$5:$A$2004,">="&DATE($C$3,12,1),İçerikler!$A$5:$A$2004,"<"&DATE($C$3,13,1)) -> 0 | F22: =SUMIFS(İçerikler!$J$5:$J$2004,İçerikler!$A$5:$A$2004,">="&DATE($C$3,12,1),İçerikler!$A$5:$A$2004,"<"&DATE($C$3,13,1)) -> 0 | I22: En çok erişim alan 5 içerik
B23: TOPLAM | C23: =SUM(C11:C22) -> 5 | D23: =SUM(D11:D22) -> 45700 | E23: =SUM(E11:E22) -> 4269 | F23: =SUM(F11:F22) -> 243 | I23: Konu | J23: Erişim | K23: Etkileşim oranı
I24: =IFERROR(INDEX(İçerikler!$D$5:$D$2004,MATCH(LARGE(İçerikler!$M$5:$M$2004,1),İçerikler!$M$5:$M$2004,0))&"","") -> Birleştirilmiş hücre hatası | J24: =IF(I24="","",INDEX(İçerikler!$E$5:$E$2004,MATCH(LARGE(İçerikler!$M$5:$M$2004,1),İçerikler!$M$5:$M$2004,0))) -> 20500 | K24: =IF(I24="","",INDEX(İçerikler!$L$5:$L$2004,MATCH(LARGE(İçerikler!$M$5:$M$2004,1),İçerikler!$M$5:$M$2004,0))) -> 0.1075122
B25: Haftanın günlerine göre ortalama erişim | I25: =IFERROR(INDEX(İçerikler!$D$5:$D$2004,MATCH(LARGE(İçerikler!$M$5:$M$2004,2),İçerikler!$M$5:$M$2004,0))&"","") -> Dağınık Excel önce ve sonra | J25: =IF(I25="","",INDEX(İçerikler!$E$5:$E$2004,MATCH(LARGE(İçerikler!$M$5:$M$2004,2),İçerikler!$M$5:$M$2004,0))) -> 12400 | K25: =IF(I25="","",INDEX(İçerikler!$L$5:$L$2004,MATCH(LARGE(İçerikler!$M$5:$M$2004,2),İçerikler!$M$5:$M$2004,0))) -> 0.095403226
B26: Gün | C26: İçerik | D26: Ortalama erişim | I26: =IFERROR(INDEX(İçerikler!$D$5:$D$2004,MATCH(LARGE(İçerikler!$M$5:$M$2004,3),İçerikler!$M$5:$M$2004,0))&"","") -> Elle toplamı formüle çevir | J26: =IF(I26="","",INDEX(İçerikler!$E$5:$E$2004,MATCH(LARGE(İçerikler!$M$5:$M$2004,3),İçerikler!$M$5:$M$2004,0))) -> 8800 | K26: =IF(I26="","",INDEX(İçerikler!$L$5:$L$2004,MATCH(LARGE(İçerikler!$M$5:$M$2004,3),İçerikler!$M$5:$M$2004,0))) -> 0.046590909
B27: Pazartesi | C27: =SUMPRODUCT((WEEKDAY(İçerikler!$A$5:$A$2004,2)=1)*(İçerikler!$A$5:$A$2004>0)) -> 1 | D27: =IF(C27=0,0,SUMPRODUCT((WEEKDAY(İçerikler!$A$5:$A$2004,2)=1)*(İçerikler!$A$5:$A$2004>0)*İçerikler!$E$5:$E$2004)/C27) -> 12400 | I27: =IFERROR(INDEX(İçerikler!$D$5:$D$2004,MATCH(LARGE(İçerikler!$M$5:$M$2004,4),İçerikler!$M$5:$M$2004,0))&"","") -> 5 Excel kısayolu | J27: =IF(I27="","",INDEX(İçerikler!$E$5:$E$2004,MATCH(LARGE(İçerikler!$M$5:$M$2004,4),İçerikler!$M$5:$M$2004,0))) -> 3100 | K27: =IF(I27="","",INDEX(İçerikler!$L$5:$L$2004,MATCH(LARGE(İçerikler!$M$5:$M$2004,4),İçerikler!$M$5:$M$2004,0))) -> 0.13677419
B28: Salı | C28: =SUMPRODUCT((WEEKDAY(İçerikler!$A$5:$A$2004,2)=2)*(İçerikler!$A$5:$A$2004>0)) -> 0 | D28: =IF(C28=0,0,SUMPRODUCT((WEEKDAY(İçerikler!$A$5:$A$2004,2)=2)*(İçerikler!$A$5:$A$2004>0)*İçerikler!$E$5:$E$2004)/C28) -> 0 | I28: =IFERROR(INDEX(İçerikler!$D$5:$D$2004,MATCH(LARGE(İçerikler!$M$5:$M$2004,5),İçerikler!$M$5:$M$2004,0))&"","") -> Soru cevap | J28: =IF(I28="","",INDEX(İçerikler!$E$5:$E$2004,MATCH(LARGE(İçerikler!$M$5:$M$2004,5),İçerikler!$M$5:$M$2004,0))) -> 900 | K28: =IF(I28="","",INDEX(İçerikler!$L$5:$L$2004,MATCH(LARGE(İçerikler!$M$5:$M$2004,5),İçerikler!$M$5:$M$2004,0))) -> 0.053333333
B29: Çarşamba | C29: =SUMPRODUCT((WEEKDAY(İçerikler!$A$5:$A$2004,2)=3)*(İçerikler!$A$5:$A$2004>0)) -> 1 | D29: =IF(C29=0,0,SUMPRODUCT((WEEKDAY(İçerikler!$A$5:$A$2004,2)=3)*(İçerikler!$A$5:$A$2004>0)*İçerikler!$E$5:$E$2004)/C29) -> 3100
B30: Perşembe | C30: =SUMPRODUCT((WEEKDAY(İçerikler!$A$5:$A$2004,2)=4)*(İçerikler!$A$5:$A$2004>0)) -> 1 | D30: =IF(C30=0,0,SUMPRODUCT((WEEKDAY(İçerikler!$A$5:$A$2004,2)=4)*(İçerikler!$A$5:$A$2004>0)*İçerikler!$E$5:$E$2004)/C30) -> 8800
B31: Cuma | C31: =SUMPRODUCT((WEEKDAY(İçerikler!$A$5:$A$2004,2)=5)*(İçerikler!$A$5:$A$2004>0)) -> 1 | D31: =IF(C31=0,0,SUMPRODUCT((WEEKDAY(İçerikler!$A$5:$A$2004,2)=5)*(İçerikler!$A$5:$A$2004>0)*İçerikler!$E$5:$E$2004)/C31) -> 20500
B32: Cumartesi | C32: =SUMPRODUCT((WEEKDAY(İçerikler!$A$5:$A$2004,2)=6)*(İçerikler!$A$5:$A$2004>0)) -> 1 | D32: =IF(C32=0,0,SUMPRODUCT((WEEKDAY(İçerikler!$A$5:$A$2004,2)=6)*(İçerikler!$A$5:$A$2004>0)*İçerikler!$E$5:$E$2004)/C32) -> 900
B33: Pazar | C33: =SUMPRODUCT((WEEKDAY(İçerikler!$A$5:$A$2004,2)=7)*(İçerikler!$A$5:$A$2004>0)) -> 0 | D33: =IF(C33=0,0,SUMPRODUCT((WEEKDAY(İçerikler!$A$5:$A$2004,2)=7)*(İçerikler!$A$5:$A$2004>0)*İçerikler!$E$5:$E$2004)/C33) -> 0

Sheet Listeler
A1: Listeler
A2: Açılır listelerde çıkan seçenekler. Sarı hücrelere kendi seçeneklerini yaz.
A4: Platform | B4: Tür
A5: Instagram | B5: Reels
A6: YouTube | B6: Gönderi
A7: TikTok | B7: Hikâye
A8: LinkedIn | B8: Video
B9: Shorts
B10: Kaydırmalı gönderi

Sheet AI Komutları
B1: Yapay Zeka Komutları
B2: İlgili sayfada başlık satırıyla birlikte kayıtlarını seç, kopyala, kullandığın yapay zeka asistanına yapıştır ve altına komutu ekle.
B3: Dikkat: Hesap adını paylaşmak zorunda değilsin. Yapay zekanın verdiği rakamları dosyadaki özet sayfasıyla karşılaştır.
B5: Ne için | C5: Komut (kopyala, yapıştır)
B6: Ne işe yarıyor | C6: [İçerikler sayfası] En çok erişim ve en yüksek etkileşim oranı alan içeriklerin ortak özelliklerini bul.
B7: Takvim | C7: [Özet sayfası] Tür ve gün ortalamalarına bakarak gelecek hafta için beş içerik fikri ve paylaşım günü öner.
B8: Başlık | C8: [konu] için dikkat çekici beş açılış cümlesi yaz.
B9: Zayıf içerik | C9: En düşük erişim alan içeriklerin neden tutmamış olabileceğini yorumla; kesin bilemeyeceğini belirt.
