Workbook

Sheet Başla
B2: EXCEL KLİNİĞİ
B3: YEVMİYE | Gündelik işçi puantaj ve hakediş
B4: Kim kaç gün çalıştı, ne kadar hak etti, ne kadar avans aldı, kime ne kadar borcun kaldı.
B6: NASIL KULLANILIR
B7: 1. Kişiler | C7: Çalışanları, günlük ücreti ve mesai saat ücretini yaz.
B8: 2. Puantaj | C8: Her çalışılan günü kişi ve iş ile gir.
B9: 3. Ödemeler | C9: Verdiğin avans ve ödemeleri yaz.
B10: 4. Özet | C10: Dönemi seç; hakediş, ödenen ve kalan borç ile iş bazında işçilik maliyeti hesaplanır.
B12: BİLMEN GEREKENLER
B13: Dönem | C13: Hakediş ve ödenen, yalnızca seçtiğin iki tarih arasındaki kayıtlardan hesaplanır. Önceki dönemden devreden borç eklenmez.
B14: Resmî belge değil | C14: Bordro, SGK bildirimi ya da resmî puantaj yerine geçmez.
B15: Kapasite | C15: Kişiler: 40 satır; Puantaj: 3000 satır; Ödemeler: 600 satır.
B17: RENKLER
B18: Sarı hücre | C18: Senin dolduracağın hücre. İçindeki örnekleri silip kendi bilgini yaz.
B19: Beyaz hücre, açık başlık | C19: Formül. Değiştirme, kendiliğinden hesaplanır.

Sheet Puantaj
A1: Puantaj
A2: Her çalışılan gün bir satır. Yarım gün için 0,5 yaz.
A4: Tarih | B4: Kişi | C4: Gün | D4: Mesai (saat) | E4: İş | F4: Not | G4: Maliyet (₺)
A5: 46296 | B5: İşçi Alfa | C5: 1 | D5: 2 | E5: Şantiye Alfa | G5: =IF(OR(B5="",A5=""),"",C5*IFERROR(INDEX(Kişiler!$B$5:$B$44,MATCH(B5,Kişiler!$A$5:$A$44,0)),0)+D5*IFERROR(INDEX(Kişiler!$C$5:$C$44,MATCH(B5,Kişiler!$A$5:$A$44,0)),0)) -> 2600
A6: 46296 | B6: İşçi Beta | C6: 1 | E6: Şantiye Alfa | G6: =IF(OR(B6="",A6=""),"",C6*IFERROR(INDEX(Kişiler!$B$5:$B$44,MATCH(B6,Kişiler!$A$5:$A$44,0)),0)+D6*IFERROR(INDEX(Kişiler!$C$5:$C$44,MATCH(B6,Kişiler!$A$5:$A$44,0)),0)) -> 1800
A7: 46297 | B7: İşçi Alfa | C7: 1 | E7: Şantiye Beta | G7: =IF(OR(B7="",A7=""),"",C7*IFERROR(INDEX(Kişiler!$B$5:$B$44,MATCH(B7,Kişiler!$A$5:$A$44,0)),0)+D7*IFERROR(INDEX(Kişiler!$C$5:$C$44,MATCH(B7,Kişiler!$A$5:$A$44,0)),0)) -> 2000
A8: 46297 | B8: İşçi Gama | C8: 0.5 | E8: Şantiye Beta | G8: =IF(OR(B8="",A8=""),"",C8*IFERROR(INDEX(Kişiler!$B$5:$B$44,MATCH(B8,Kişiler!$A$5:$A$44,0)),0)+D8*IFERROR(INDEX(Kişiler!$C$5:$C$44,MATCH(B8,Kişiler!$A$5:$A$44,0)),0)) -> 1250
A9: 46298 | B9: İşçi Alfa | C9: 1 | E9: Şantiye Alfa | G9: =IF(OR(B9="",A9=""),"",C9*IFERROR(INDEX(Kişiler!$B$5:$B$44,MATCH(B9,Kişiler!$A$5:$A$44,0)),0)+D9*IFERROR(INDEX(Kişiler!$C$5:$C$44,MATCH(B9,Kişiler!$A$5:$A$44,0)),0)) -> 2000
A10: 46293 | B10: İşçi Beta | C10: 1 | E10: Atölye | G10: =IF(OR(B10="",A10=""),"",C10*IFERROR(INDEX(Kişiler!$B$5:$B$44,MATCH(B10,Kişiler!$A$5:$A$44,0)),0)+D10*IFERROR(INDEX(Kişiler!$C$5:$C$44,MATCH(B10,Kişiler!$A$5:$A$44,0)),0)) -> 1800
G11: =IF(OR(B11="",A11=""),"",C11*IFERROR(INDEX(Kişiler!$B$5:$B$44,MATCH(B11,Kişiler!$A$5:$A$44,0)),0)+D11*IFERROR(INDEX(Kişiler!$C$5:$C$44,MATCH(B11,Kişiler!$A$5:$A$44,0)),0))
G12: =IF(OR(B12="",A12=""),"",C12*IFERROR(INDEX(Kişiler!$B$5:$B$44,MATCH(B12,Kişiler!$A$5:$A$44,0)),0)+D12*IFERROR(INDEX(Kişiler!$C$5:$C$44,MATCH(B12,Kişiler!$A$5:$A$44,0)),0))
G13: =IF(OR(B13="",A13=""),"",C13*IFERROR(INDEX(Kişiler!$B$5:$B$44,MATCH(B13,Kişiler!$A$5:$A$44,0)),0)+D13*IFERROR(INDEX(Kişiler!$C$5:$C$44,MATCH(B13,Kişiler!$A$5:$A$44,0)),0))
G14: =IF(OR(B14="",A14=""),"",C14*IFERROR(INDEX(Kişiler!$B$5:$B$44,MATCH(B14,Kişiler!$A$5:$A$44,0)),0)+D14*IFERROR(INDEX(Kişiler!$C$5:$C$44,MATCH(B14,Kişiler!$A$5:$A$44,0)),0))
G15: =IF(OR(B15="",A15=""),"",C15*IFERROR(INDEX(Kişiler!$B$5:$B$44,MATCH(B15,Kişiler!$A$5:$A$44,0)),0)+D15*IFERROR(INDEX(Kişiler!$C$5:$C$44,MATCH(B15,Kişiler!$A$5:$A$44,0)),0))
G16: =IF(OR(B16="",A16=""),"",C16*IFERROR(INDEX(Kişiler!$B$5:$B$44,MATCH(B16,Kişiler!$A$5:$A$44,0)),0)+D16*IFERROR(INDEX(Kişiler!$C$5:$C$44,MATCH(B16,Kişiler!$A$5:$A$44,0)),0))
G17: =IF(OR(B17="",A17=""),"",C17*IFERROR(INDEX(Kişiler!$B$5:$B$44,MATCH(B17,Kişiler!$A$5:$A$44,0)),0)+D17*IFERROR(INDEX(Kişiler!$C$5:$C$44,MATCH(B17,Kişiler!$A$5:$A$44,0)),0))
G18: =IF(OR(B18="",A18=""),"",C18*IFERROR(INDEX(Kişiler!$B$5:$B$44,MATCH(B18,Kişiler!$A$5:$A$44,0)),0)+D18*IFERROR(INDEX(Kişiler!$C$5:$C$44,MATCH(B18,Kişiler!$A$5:$A$44,0)),0))
G19: =IF(OR(B19="",A19=""),"",C19*IFERROR(INDEX(Kişiler!$B$5:$B$44,MATCH(B19,Kişiler!$A$5:$A$44,0)),0)+D19*IFERROR(INDEX(Kişiler!$C$5:$C$44,MATCH(B19,Kişiler!$A$5:$A$44,0)),0))
G20: =IF(OR(B20="",A20=""),"",C20*IFERROR(INDEX(Kişiler!$B$5:$B$44,MATCH(B20,Kişiler!$A$5:$A$44,0)),0)+D20*IFERROR(INDEX(Kişiler!$C$5:$C$44,MATCH(B20,Kişiler!$A$5:$A$44,0)),0))
G21: =IF(OR(B21="",A21=""),"",C21*IFERROR(INDEX(Kişiler!$B$5:$B$44,MATCH(B21,Kişiler!$A$5:$A$44,0)),0)+D21*IFERROR(INDEX(Kişiler!$C$5:$C$44,MATCH(B21,Kişiler!$A$5:$A$44,0)),0))
G22: =IF(OR(B22="",A22=""),"",C22*IFERROR(INDEX(Kişiler!$B$5:$B$44,MATCH(B22,Kişiler!$A$5:$A$44,0)),0)+D22*IFERROR(INDEX(Kişiler!$C$5:$C$44,MATCH(B22,Kişiler!$A$5:$A$44,0)),0))
... G3004: =IF(OR(B3004="",A3004=""),"",C3004*IFERROR(INDEX(Kişiler!$B$5:$B$44,MATCH(B3004,Kişiler!$A$5:$A$44,0)),0)+D3004*IFERROR(INDEX(Kişiler!$C$5:$C$44,MATCH(B3004,Kişiler!$A$5:$A$44,0)),0))

Sheet Ödemeler
A1: Ödemeler
A2: Verdiğin her avansı ve ödemeyi yaz.
A4: Tarih | B4: Kişi | C4: Tür | D4: Tutar (₺) | E4: Not
A5: 46297 | B5: İşçi Alfa | C5: Avans | D5: 2000
A6: 46298 | B6: İşçi Beta | C6: Ödeme | D6: 1800

Sheet Kişiler
A1: Kişiler
A2: Çalışanları ve ücretlerini yaz. Gün, hakediş ve kalan, Özet sayfasındaki döneme göre hesaplanır.
A4: Ad | B4: Günlük ücret (₺) | C4: Mesai saat ücreti (₺) | D4: Gün | E4: Mesai (saat) | F4: Hakediş (₺) | G4: Ödenen (₺) | H4: Kalan (₺)
A5: İşçi Alfa | B5: 2000 | C5: 300 | D5: =IF(A5="","",SUMIFS(Puantaj!$C$5:$C$3004,Puantaj!$B$5:$B$3004,A5,Puantaj!$A$5:$A$3004,">="&Özet!$C$3,Puantaj!$A$5:$A$3004,"<="&Özet!$C$4)) -> 3 | E5: =IF(A5="","",SUMIFS(Puantaj!$D$5:$D$3004,Puantaj!$B$5:$B$3004,A5,Puantaj!$A$5:$A$3004,">="&Özet!$C$3,Puantaj!$A$5:$A$3004,"<="&Özet!$C$4)) -> 2 | F5: =IF(A5="","",D5*B5+E5*C5) -> 6600 | G5: =IF(A5="","",SUMIFS(Ödemeler!$D$5:$D$604,Ödemeler!$B$5:$B$604,A5,Ödemeler!$A$5:$A$604,">="&Özet!$C$3,Ödemeler!$A$5:$A$604,"<="&Özet!$C$4)) -> 2000 | H5: =IF(A5="","",F5-G5) -> 4600
A6: İşçi Beta | B6: 1800 | C6: 270 | D6: =IF(A6="","",SUMIFS(Puantaj!$C$5:$C$3004,Puantaj!$B$5:$B$3004,A6,Puantaj!$A$5:$A$3004,">="&Özet!$C$3,Puantaj!$A$5:$A$3004,"<="&Özet!$C$4)) -> 1 | E6: =IF(A6="","",SUMIFS(Puantaj!$D$5:$D$3004,Puantaj!$B$5:$B$3004,A6,Puantaj!$A$5:$A$3004,">="&Özet!$C$3,Puantaj!$A$5:$A$3004,"<="&Özet!$C$4)) -> 0 | F6: =IF(A6="","",D6*B6+E6*C6) -> 1800 | G6: =IF(A6="","",SUMIFS(Ödemeler!$D$5:$D$604,Ödemeler!$B$5:$B$604,A6,Ödemeler!$A$5:$A$604,">="&Özet!$C$3,Ödemeler!$A$5:$A$604,"<="&Özet!$C$4)) -> 1800 | H6: =IF(A6="","",F6-G6) -> 0
A7: İşçi Gama | B7: 2500 | C7: 375 | D7: =IF(A7="","",SUMIFS(Puantaj!$C$5:$C$3004,Puantaj!$B$5:$B$3004,A7,Puantaj!$A$5:$A$3004,">="&Özet!$C$3,Puantaj!$A$5:$A$3004,"<="&Özet!$C$4)) -> 0.5 | E7: =IF(A7="","",SUMIFS(Puantaj!$D$5:$D$3004,Puantaj!$B$5:$B$3004,A7,Puantaj!$A$5:$A$3004,">="&Özet!$C$3,Puantaj!$A$5:$A$3004,"<="&Özet!$C$4)) -> 0 | F7: =IF(A7="","",D7*B7+E7*C7) -> 1250 | G7: =IF(A7="","",SUMIFS(Ödemeler!$D$5:$D$604,Ödemeler!$B$5:$B$604,A7,Ödemeler!$A$5:$A$604,">="&Özet!$C$3,Ödemeler!$A$5:$A$604,"<="&Özet!$C$4)) -> 0 | H7: =IF(A7="","",F7-G7) -> 1250
D8: =IF(A8="","",SUMIFS(Puantaj!$C$5:$C$3004,Puantaj!$B$5:$B$3004,A8,Puantaj!$A$5:$A$3004,">="&Özet!$C$3,Puantaj!$A$5:$A$3004,"<="&Özet!$C$4)) | E8: =IF(A8="","",SUMIFS(Puantaj!$D$5:$D$3004,Puantaj!$B$5:$B$3004,A8,Puantaj!$A$5:$A$3004,">="&Özet!$C$3,Puantaj!$A$5:$A$3004,"<="&Özet!$C$4)) | F8: =IF(A8="","",D8*B8+E8*C8) | G8: =IF(A8="","",SUMIFS(Ödemeler!$D$5:$D$604,Ödemeler!$B$5:$B$604,A8,Ödemeler!$A$5:$A$604,">="&Özet!$C$3,Ödemeler!$A$5:$A$604,"<="&Özet!$C$4)) | H8: =IF(A8="","",F8-G8)
D9: =IF(A9="","",SUMIFS(Puantaj!$C$5:$C$3004,Puantaj!$B$5:$B$3004,A9,Puantaj!$A$5:$A$3004,">="&Özet!$C$3,Puantaj!$A$5:$A$3004,"<="&Özet!$C$4)) | E9: =IF(A9="","",SUMIFS(Puantaj!$D$5:$D$3004,Puantaj!$B$5:$B$3004,A9,Puantaj!$A$5:$A$3004,">="&Özet!$C$3,Puantaj!$A$5:$A$3004,"<="&Özet!$C$4)) | F9: =IF(A9="","",D9*B9+E9*C9) | G9: =IF(A9="","",SUMIFS(Ödemeler!$D$5:$D$604,Ödemeler!$B$5:$B$604,A9,Ödemeler!$A$5:$A$604,">="&Özet!$C$3,Ödemeler!$A$5:$A$604,"<="&Özet!$C$4)) | H9: =IF(A9="","",F9-G9)
D10: =IF(A10="","",SUMIFS(Puantaj!$C$5:$C$3004,Puantaj!$B$5:$B$3004,A10,Puantaj!$A$5:$A$3004,">="&Özet!$C$3,Puantaj!$A$5:$A$3004,"<="&Özet!$C$4)) | E10: =IF(A10="","",SUMIFS(Puantaj!$D$5:$D$3004,Puantaj!$B$5:$B$3004,A10,Puantaj!$A$5:$A$3004,">="&Özet!$C$3,Puantaj!$A$5:$A$3004,"<="&Özet!$C$4)) | F10: =IF(A10="","",D10*B10+E10*C10) | G10: =IF(A10="","",SUMIFS(Ödemeler!$D$5:$D$604,Ödemeler!$B$5:$B$604,A10,Ödemeler!$A$5:$A$604,">="&Özet!$C$3,Ödemeler!$A$5:$A$604,"<="&Özet!$C$4)) | H10: =IF(A10="","",F10-G10)
D11: =IF(A11="","",SUMIFS(Puantaj!$C$5:$C$3004,Puantaj!$B$5:$B$3004,A11,Puantaj!$A$5:$A$3004,">="&Özet!$C$3,Puantaj!$A$5:$A$3004,"<="&Özet!$C$4)) | E11: =IF(A11="","",SUMIFS(Puantaj!$D$5:$D$3004,Puantaj!$B$5:$B$3004,A11,Puantaj!$A$5:$A$3004,">="&Özet!$C$3,Puantaj!$A$5:$A$3004,"<="&Özet!$C$4)) | F11: =IF(A11="","",D11*B11+E11*C11) | G11: =IF(A11="","",SUMIFS(Ödemeler!$D$5:$D$604,Ödemeler!$B$5:$B$604,A11,Ödemeler!$A$5:$A$604,">="&Özet!$C$3,Ödemeler!$A$5:$A$604,"<="&Özet!$C$4)) | H11: =IF(A11="","",F11-G11)
D12: =IF(A12="","",SUMIFS(Puantaj!$C$5:$C$3004,Puantaj!$B$5:$B$3004,A12,Puantaj!$A$5:$A$3004,">="&Özet!$C$3,Puantaj!$A$5:$A$3004,"<="&Özet!$C$4)) | E12: =IF(A12="","",SUMIFS(Puantaj!$D$5:$D$3004,Puantaj!$B$5:$B$3004,A12,Puantaj!$A$5:$A$3004,">="&Özet!$C$3,Puantaj!$A$5:$A$3004,"<="&Özet!$C$4)) | F12: =IF(A12="","",D12*B12+E12*C12) | G12: =IF(A12="","",SUMIFS(Ödemeler!$D$5:$D$604,Ödemeler!$B$5:$B$604,A12,Ödemeler!$A$5:$A$604,">="&Özet!$C$3,Ödemeler!$A$5:$A$604,"<="&Özet!$C$4)) | H12: =IF(A12="","",F12-G12)
D13: =IF(A13="","",SUMIFS(Puantaj!$C$5:$C$3004,Puantaj!$B$5:$B$3004,A13,Puantaj!$A$5:$A$3004,">="&Özet!$C$3,Puantaj!$A$5:$A$3004,"<="&Özet!$C$4)) | E13: =IF(A13="","",SUMIFS(Puantaj!$D$5:$D$3004,Puantaj!$B$5:$B$3004,A13,Puantaj!$A$5:$A$3004,">="&Özet!$C$3,Puantaj!$A$5:$A$3004,"<="&Özet!$C$4)) | F13: =IF(A13="","",D13*B13+E13*C13) | G13: =IF(A13="","",SUMIFS(Ödemeler!$D$5:$D$604,Ödemeler!$B$5:$B$604,A13,Ödemeler!$A$5:$A$604,">="&Özet!$C$3,Ödemeler!$A$5:$A$604,"<="&Özet!$C$4)) | H13: =IF(A13="","",F13-G13)
D14: =IF(A14="","",SUMIFS(Puantaj!$C$5:$C$3004,Puantaj!$B$5:$B$3004,A14,Puantaj!$A$5:$A$3004,">="&Özet!$C$3,Puantaj!$A$5:$A$3004,"<="&Özet!$C$4)) | E14: =IF(A14="","",SUMIFS(Puantaj!$D$5:$D$3004,Puantaj!$B$5:$B$3004,A14,Puantaj!$A$5:$A$3004,">="&Özet!$C$3,Puantaj!$A$5:$A$3004,"<="&Özet!$C$4)) | F14: =IF(A14="","",D14*B14+E14*C14) | G14: =IF(A14="","",SUMIFS(Ödemeler!$D$5:$D$604,Ödemeler!$B$5:$B$604,A14,Ödemeler!$A$5:$A$604,">="&Özet!$C$3,Ödemeler!$A$5:$A$604,"<="&Özet!$C$4)) | H14: =IF(A14="","",F14-G14)
D15: =IF(A15="","",SUMIFS(Puantaj!$C$5:$C$3004,Puantaj!$B$5:$B$3004,A15,Puantaj!$A$5:$A$3004,">="&Özet!$C$3,Puantaj!$A$5:$A$3004,"<="&Özet!$C$4)) | E15: =IF(A15="","",SUMIFS(Puantaj!$D$5:$D$3004,Puantaj!$B$5:$B$3004,A15,Puantaj!$A$5:$A$3004,">="&Özet!$C$3,Puantaj!$A$5:$A$3004,"<="&Özet!$C$4)) | F15: =IF(A15="","",D15*B15+E15*C15) | G15: =IF(A15="","",SUMIFS(Ödemeler!$D$5:$D$604,Ödemeler!$B$5:$B$604,A15,Ödemeler!$A$5:$A$604,">="&Özet!$C$3,Ödemeler!$A$5:$A$604,"<="&Özet!$C$4)) | H15: =IF(A15="","",F15-G15)
D16: =IF(A16="","",SUMIFS(Puantaj!$C$5:$C$3004,Puantaj!$B$5:$B$3004,A16,Puantaj!$A$5:$A$3004,">="&Özet!$C$3,Puantaj!$A$5:$A$3004,"<="&Özet!$C$4)) | E16: =IF(A16="","",SUMIFS(Puantaj!$D$5:$D$3004,Puantaj!$B$5:$B$3004,A16,Puantaj!$A$5:$A$3004,">="&Özet!$C$3,Puantaj!$A$5:$A$3004,"<="&Özet!$C$4)) | F16: =IF(A16="","",D16*B16+E16*C16) | G16: =IF(A16="","",SUMIFS(Ödemeler!$D$5:$D$604,Ödemeler!$B$5:$B$604,A16,Ödemeler!$A$5:$A$604,">="&Özet!$C$3,Ödemeler!$A$5:$A$604,"<="&Özet!$C$4)) | H16: =IF(A16="","",F16-G16)
D17: =IF(A17="","",SUMIFS(Puantaj!$C$5:$C$3004,Puantaj!$B$5:$B$3004,A17,Puantaj!$A$5:$A$3004,">="&Özet!$C$3,Puantaj!$A$5:$A$3004,"<="&Özet!$C$4)) | E17: =IF(A17="","",SUMIFS(Puantaj!$D$5:$D$3004,Puantaj!$B$5:$B$3004,A17,Puantaj!$A$5:$A$3004,">="&Özet!$C$3,Puantaj!$A$5:$A$3004,"<="&Özet!$C$4)) | F17: =IF(A17="","",D17*B17+E17*C17) | G17: =IF(A17="","",SUMIFS(Ödemeler!$D$5:$D$604,Ödemeler!$B$5:$B$604,A17,Ödemeler!$A$5:$A$604,">="&Özet!$C$3,Ödemeler!$A$5:$A$604,"<="&Özet!$C$4)) | H17: =IF(A17="","",F17-G17)
D18: =IF(A18="","",SUMIFS(Puantaj!$C$5:$C$3004,Puantaj!$B$5:$B$3004,A18,Puantaj!$A$5:$A$3004,">="&Özet!$C$3,Puantaj!$A$5:$A$3004,"<="&Özet!$C$4)) | E18: =IF(A18="","",SUMIFS(Puantaj!$D$5:$D$3004,Puantaj!$B$5:$B$3004,A18,Puantaj!$A$5:$A$3004,">="&Özet!$C$3,Puantaj!$A$5:$A$3004,"<="&Özet!$C$4)) | F18: =IF(A18="","",D18*B18+E18*C18) | G18: =IF(A18="","",SUMIFS(Ödemeler!$D$5:$D$604,Ödemeler!$B$5:$B$604,A18,Ödemeler!$A$5:$A$604,">="&Özet!$C$3,Ödemeler!$A$5:$A$604,"<="&Özet!$C$4)) | H18: =IF(A18="","",F18-G18)
D19: =IF(A19="","",SUMIFS(Puantaj!$C$5:$C$3004,Puantaj!$B$5:$B$3004,A19,Puantaj!$A$5:$A$3004,">="&Özet!$C$3,Puantaj!$A$5:$A$3004,"<="&Özet!$C$4)) | E19: =IF(A19="","",SUMIFS(Puantaj!$D$5:$D$3004,Puantaj!$B$5:$B$3004,A19,Puantaj!$A$5:$A$3004,">="&Özet!$C$3,Puantaj!$A$5:$A$3004,"<="&Özet!$C$4)) | F19: =IF(A19="","",D19*B19+E19*C19) | G19: =IF(A19="","",SUMIFS(Ödemeler!$D$5:$D$604,Ödemeler!$B$5:$B$604,A19,Ödemeler!$A$5:$A$604,">="&Özet!$C$3,Ödemeler!$A$5:$A$604,"<="&Özet!$C$4)) | H19: =IF(A19="","",F19-G19)
... D44: =IF(A44="","",SUMIFS(Puantaj!$C$5:$C$3004,Puantaj!$B$5:$B$3004,A44,Puantaj!$A$5:$A$3004,">="&Özet!$C$3,Puantaj!$A$5:$A$3004,"<="&Özet!$C$4)) | E44: =IF(A44="","",SUMIFS(Puantaj!$D$5:$D$3004,Puantaj!$B$5:$B$3004,A44,Puantaj!$A$5:$A$3004,">="&Özet!$C$3,Puantaj!$A$5:$A$3004,"<="&Özet!$C$4)) | F44: =IF(A44="","",D44*B44+E44*C44) | G44: =IF(A44="","",SUMIFS(Ödemeler!$D$5:$D$604,Ödemeler!$B$5:$B$604,A44,Ödemeler!$A$5:$A$604,">="&Özet!$C$3,Ödemeler!$A$5:$A$604,"<="&Özet!$C$4)) | H44: =IF(A44="","",F44-G44)

Sheet Özet
A1: Özet
A2: Dönemin başlangıç ve bitiş tarihini yaz; bütün hesaplar bu döneme göre yapılır.
B3: Dönem başlangıcı | C3: 46296
B4: Dönem bitişi | C4: 46302
B6: Çalışılan gün | C6: Mesai (saat) | D6: Hakediş | E6: Ödenen | F6: Kalan borç
B7: =SUM(Kişiler!$D$5:$D$44) -> 4.5 | C7: =SUM(Kişiler!$E$5:$E$44) -> 2 | D7: =SUM(Kişiler!$F$5:$F$44) -> 9650 | E7: =SUM(Kişiler!$G$5:$G$44) -> 3800 | F7: =SUM(Kişiler!$H$5:$H$44) -> 5850
B9: İşe göre (dönem)
B10: İş | C10: Gün | D10: İşçilik maliyeti (₺)
B11: =IF(Listeler!A5="","",Listeler!A5) -> Şantiye Alfa | C11: =IF(B11="","",SUMIFS(Puantaj!$C$5:$C$3004,Puantaj!$E$5:$E$3004,B11,Puantaj!$A$5:$A$3004,">="&Özet!$C$3,Puantaj!$A$5:$A$3004,"<="&Özet!$C$4)) -> 3 | D11: =IF(B11="","",SUMIFS(Puantaj!$G$5:$G$3004,Puantaj!$E$5:$E$3004,B11,Puantaj!$A$5:$A$3004,">="&Özet!$C$3,Puantaj!$A$5:$A$3004,"<="&Özet!$C$4)) -> 6400
B12: =IF(Listeler!A6="","",Listeler!A6) -> Şantiye Beta | C12: =IF(B12="","",SUMIFS(Puantaj!$C$5:$C$3004,Puantaj!$E$5:$E$3004,B12,Puantaj!$A$5:$A$3004,">="&Özet!$C$3,Puantaj!$A$5:$A$3004,"<="&Özet!$C$4)) -> 1.5 | D12: =IF(B12="","",SUMIFS(Puantaj!$G$5:$G$3004,Puantaj!$E$5:$E$3004,B12,Puantaj!$A$5:$A$3004,">="&Özet!$C$3,Puantaj!$A$5:$A$3004,"<="&Özet!$C$4)) -> 3250
B13: =IF(Listeler!A7="","",Listeler!A7) -> Atölye | C13: =IF(B13="","",SUMIFS(Puantaj!$C$5:$C$3004,Puantaj!$E$5:$E$3004,B13,Puantaj!$A$5:$A$3004,">="&Özet!$C$3,Puantaj!$A$5:$A$3004,"<="&Özet!$C$4)) -> 0 | D13: =IF(B13="","",SUMIFS(Puantaj!$G$5:$G$3004,Puantaj!$E$5:$E$3004,B13,Puantaj!$A$5:$A$3004,">="&Özet!$C$3,Puantaj!$A$5:$A$3004,"<="&Özet!$C$4)) -> 0
B14: =IF(Listeler!A8="","",Listeler!A8) | C14: =IF(B14="","",SUMIFS(Puantaj!$C$5:$C$3004,Puantaj!$E$5:$E$3004,B14,Puantaj!$A$5:$A$3004,">="&Özet!$C$3,Puantaj!$A$5:$A$3004,"<="&Özet!$C$4)) | D14: =IF(B14="","",SUMIFS(Puantaj!$G$5:$G$3004,Puantaj!$E$5:$E$3004,B14,Puantaj!$A$5:$A$3004,">="&Özet!$C$3,Puantaj!$A$5:$A$3004,"<="&Özet!$C$4))
B15: =IF(Listeler!A9="","",Listeler!A9) | C15: =IF(B15="","",SUMIFS(Puantaj!$C$5:$C$3004,Puantaj!$E$5:$E$3004,B15,Puantaj!$A$5:$A$3004,">="&Özet!$C$3,Puantaj!$A$5:$A$3004,"<="&Özet!$C$4)) | D15: =IF(B15="","",SUMIFS(Puantaj!$G$5:$G$3004,Puantaj!$E$5:$E$3004,B15,Puantaj!$A$5:$A$3004,">="&Özet!$C$3,Puantaj!$A$5:$A$3004,"<="&Özet!$C$4))
B16: =IF(Listeler!A10="","",Listeler!A10) | C16: =IF(B16="","",SUMIFS(Puantaj!$C$5:$C$3004,Puantaj!$E$5:$E$3004,B16,Puantaj!$A$5:$A$3004,">="&Özet!$C$3,Puantaj!$A$5:$A$3004,"<="&Özet!$C$4)) | D16: =IF(B16="","",SUMIFS(Puantaj!$G$5:$G$3004,Puantaj!$E$5:$E$3004,B16,Puantaj!$A$5:$A$3004,">="&Özet!$C$3,Puantaj!$A$5:$A$3004,"<="&Özet!$C$4))
B17: =IF(Listeler!A11="","",Listeler!A11) | C17: =IF(B17="","",SUMIFS(Puantaj!$C$5:$C$3004,Puantaj!$E$5:$E$3004,B17,Puantaj!$A$5:$A$3004,">="&Özet!$C$3,Puantaj!$A$5:$A$3004,"<="&Özet!$C$4)) | D17: =IF(B17="","",SUMIFS(Puantaj!$G$5:$G$3004,Puantaj!$E$5:$E$3004,B17,Puantaj!$A$5:$A$3004,">="&Özet!$C$3,Puantaj!$A$5:$A$3004,"<="&Özet!$C$4))
B18: =IF(Listeler!A12="","",Listeler!A12) | C18: =IF(B18="","",SUMIFS(Puantaj!$C$5:$C$3004,Puantaj!$E$5:$E$3004,B18,Puantaj!$A$5:$A$3004,">="&Özet!$C$3,Puantaj!$A$5:$A$3004,"<="&Özet!$C$4)) | D18: =IF(B18="","",SUMIFS(Puantaj!$G$5:$G$3004,Puantaj!$E$5:$E$3004,B18,Puantaj!$A$5:$A$3004,">="&Özet!$C$3,Puantaj!$A$5:$A$3004,"<="&Özet!$C$4))
B19: =IF(Listeler!A13="","",Listeler!A13) | C19: =IF(B19="","",SUMIFS(Puantaj!$C$5:$C$3004,Puantaj!$E$5:$E$3004,B19,Puantaj!$A$5:$A$3004,">="&Özet!$C$3,Puantaj!$A$5:$A$3004,"<="&Özet!$C$4)) | D19: =IF(B19="","",SUMIFS(Puantaj!$G$5:$G$3004,Puantaj!$E$5:$E$3004,B19,Puantaj!$A$5:$A$3004,">="&Özet!$C$3,Puantaj!$A$5:$A$3004,"<="&Özet!$C$4))
B20: =IF(Listeler!A14="","",Listeler!A14) | C20: =IF(B20="","",SUMIFS(Puantaj!$C$5:$C$3004,Puantaj!$E$5:$E$3004,B20,Puantaj!$A$5:$A$3004,">="&Özet!$C$3,Puantaj!$A$5:$A$3004,"<="&Özet!$C$4)) | D20: =IF(B20="","",SUMIFS(Puantaj!$G$5:$G$3004,Puantaj!$E$5:$E$3004,B20,Puantaj!$A$5:$A$3004,">="&Özet!$C$3,Puantaj!$A$5:$A$3004,"<="&Özet!$C$4))
B21: =IF(Listeler!A15="","",Listeler!A15) | C21: =IF(B21="","",SUMIFS(Puantaj!$C$5:$C$3004,Puantaj!$E$5:$E$3004,B21,Puantaj!$A$5:$A$3004,">="&Özet!$C$3,Puantaj!$A$5:$A$3004,"<="&Özet!$C$4)) | D21: =IF(B21="","",SUMIFS(Puantaj!$G$5:$G$3004,Puantaj!$E$5:$E$3004,B21,Puantaj!$A$5:$A$3004,">="&Özet!$C$3,Puantaj!$A$5:$A$3004,"<="&Özet!$C$4))
B22: =IF(Listeler!A16="","",Listeler!A16) | C22: =IF(B22="","",SUMIFS(Puantaj!$C$5:$C$3004,Puantaj!$E$5:$E$3004,B22,Puantaj!$A$5:$A$3004,">="&Özet!$C$3,Puantaj!$A$5:$A$3004,"<="&Özet!$C$4)) | D22: =IF(B22="","",SUMIFS(Puantaj!$G$5:$G$3004,Puantaj!$E$5:$E$3004,B22,Puantaj!$A$5:$A$3004,">="&Özet!$C$3,Puantaj!$A$5:$A$3004,"<="&Özet!$C$4))
... B25: =IF(Listeler!A19="","",Listeler!A19) | C25: =IF(B25="","",SUMIFS(Puantaj!$C$5:$C$3004,Puantaj!$E$5:$E$3004,B25,Puantaj!$A$5:$A$3004,">="&Özet!$C$3,Puantaj!$A$5:$A$3004,"<="&Özet!$C$4)) | D25: =IF(B25="","",SUMIFS(Puantaj!$G$5:$G$3004,Puantaj!$E$5:$E$3004,B25,Puantaj!$A$5:$A$3004,">="&Özet!$C$3,Puantaj!$A$5:$A$3004,"<="&Özet!$C$4))

Sheet Listeler
A1: Listeler
A2: Açılır listelerde çıkan seçenekler. Sarı hücrelere kendi seçeneklerini yaz.
A4: İş
A5: Şantiye Alfa
A6: Şantiye Beta
A7: Atölye

Sheet AI Komutları
B1: Yapay Zeka Komutları
B2: İlgili sayfada başlık satırıyla birlikte kayıtlarını seç, kopyala, kullandığın yapay zeka asistanına yapıştır ve altına komutu ekle.
B3: Dikkat: Çalışan adlarını takma adla değiştir. Yapay zekanın verdiği rakamları dosyadaki özet sayfasıyla karşılaştır.
B5: Ne için | C5: Komut (kopyala, yapıştır)
B6: Hakediş özeti | C6: [Kişiler sayfası] Bu dönem her kişiye ödenecek tutarı tek satırlık mesajlar halinde yaz.
B7: Maliyet | C7: [Özet sayfası] İşçilik maliyeti hangi işte yoğunlaşmış? Yorumla.
B8: Mesai | C8: [Puantaj sayfası] En çok mesai yapan kişileri ve günleri çıkar.
B9: Kontrol | C9: [Puantaj sayfası] Aynı kişiye aynı gün için birden fazla satır girilmiş mi?
