Workbook

Sheet Başla
B2: EXCEL KLİNİĞİ
B3: DEMİRBAŞ | Demirbaş ve zimmet takibi
B4: İş yerindeki makine, bilgisayar, mobilya: kimde, kaça alındı, bugün defterde kaç lira ediyor.
B6: NASIL KULLANILIR
B7: 1. Listeler | C7: Kategorileri ve zimmet verilebilecek kişileri yaz.
B8: 2. Demirbaşlar | C8: Her demirbaşı alış tarihi, bedeli, faydalı ömrü ve zimmetlisiyle gir.
B9: 3. Özet | C9: Toplam bedel, net değer, kategori ve kişi bazında dağılım.
B11: BİLMEN GEREKENLER
B12: Amortisman | C12: Bedel faydalı ömre eşit bölünür ve alış tarihinden bugüne geçen süreyle çarpılır. Bu basit bir yöntemdir.
B13: Vergi hesabı değildir | C13: Vergi mevzuatındaki oran ve yöntemler farklı olabilir; resmî amortisman için mali müşavirine danış.
B14: Kapasite | C14: Demirbaşlar: 500 satır.
B16: RENKLER
B17: Sarı hücre | C17: Senin dolduracağın hücre. İçindeki örnekleri silip kendi bilgini yaz.
B18: Beyaz hücre, açık başlık | C18: Formül. Değiştirme, kendiliğinden hesaplanır.

Sheet Demirbaşlar
A1: Demirbaşlar
A2: Her demirbaş bir satır. Faydalı ömrü yıl olarak yaz.
A4: Demirbaş | B4: Kategori | C4: Alış tarihi | D4: Bedel (₺) | E4: Faydalı ömür (yıl) | F4: Zimmetli | G4: Yer | H4: Yıllık amortisman (₺) | I4: Geçen yıl | J4: Birikmiş amortisman (₺) | K4: Net değer (₺) | L4: Durum
A5: Dizüstü bilgisayar | B5: Bilgisayar | C5: 45569 | D5: 60000 | E5: 4 | F5: Kişi Alfa | G5: Ofis | H5: =IF(OR(A5="",E5="",E5=0),"",D5/E5) -> 15000 | I5: =IF(OR(A5="",C5=""),"",MAX(0,(TODAY()-C5)/365.25)) -> 1.9986311 | J5: =IF(OR(H5="",I5=""),"",MIN(D5,H5*I5)) -> 29979.466 | K5: =IF(J5="","",D5-J5) -> 30020.534 | L5: =IF(K5="","",IF(K5<=0,"Ömrünü doldurdu","Kullanımda")) -> Kullanımda
A6: Kesim makinesi | B6: Makine | C6: 44838 | D6: 200000 | E6: 10 | F6: Ortak kullanım | G6: Atölye | H6: =IF(OR(A6="",E6="",E6=0),"",D6/E6) -> 20000 | I6: =IF(OR(A6="",C6=""),"",MAX(0,(TODAY()-C6)/365.25)) -> 4 | J6: =IF(OR(H6="",I6=""),"",MIN(D6,H6*I6)) -> 80000 | K6: =IF(J6="","",D6-J6) -> 120000 | L6: =IF(K6="","",IF(K6<=0,"Ömrünü doldurdu","Kullanımda")) -> Kullanımda
A7: Ofis masası | B7: Mobilya | C7: 42299 | D7: 8000 | E7: 5 | F7: Kişi Beta | G7: Ofis | H7: =IF(OR(A7="",E7="",E7=0),"",D7/E7) -> 1600 | I7: =IF(OR(A7="",C7=""),"",MAX(0,(TODAY()-C7)/365.25)) -> 10.951403 | J7: =IF(OR(H7="",I7=""),"",MIN(D7,H7*I7)) -> 8000 | K7: =IF(J7="","",D7-J7) -> 0 | L7: =IF(K7="","",IF(K7<=0,"Ömrünü doldurdu","Kullanımda")) -> Ömrünü doldurdu
H8: =IF(OR(A8="",E8="",E8=0),"",D8/E8) | I8: =IF(OR(A8="",C8=""),"",MAX(0,(TODAY()-C8)/365.25)) | J8: =IF(OR(H8="",I8=""),"",MIN(D8,H8*I8)) | K8: =IF(J8="","",D8-J8) | L8: =IF(K8="","",IF(K8<=0,"Ömrünü doldurdu","Kullanımda"))
H9: =IF(OR(A9="",E9="",E9=0),"",D9/E9) | I9: =IF(OR(A9="",C9=""),"",MAX(0,(TODAY()-C9)/365.25)) | J9: =IF(OR(H9="",I9=""),"",MIN(D9,H9*I9)) | K9: =IF(J9="","",D9-J9) | L9: =IF(K9="","",IF(K9<=0,"Ömrünü doldurdu","Kullanımda"))
H10: =IF(OR(A10="",E10="",E10=0),"",D10/E10) | I10: =IF(OR(A10="",C10=""),"",MAX(0,(TODAY()-C10)/365.25)) | J10: =IF(OR(H10="",I10=""),"",MIN(D10,H10*I10)) | K10: =IF(J10="","",D10-J10) | L10: =IF(K10="","",IF(K10<=0,"Ömrünü doldurdu","Kullanımda"))
H11: =IF(OR(A11="",E11="",E11=0),"",D11/E11) | I11: =IF(OR(A11="",C11=""),"",MAX(0,(TODAY()-C11)/365.25)) | J11: =IF(OR(H11="",I11=""),"",MIN(D11,H11*I11)) | K11: =IF(J11="","",D11-J11) | L11: =IF(K11="","",IF(K11<=0,"Ömrünü doldurdu","Kullanımda"))
H12: =IF(OR(A12="",E12="",E12=0),"",D12/E12) | I12: =IF(OR(A12="",C12=""),"",MAX(0,(TODAY()-C12)/365.25)) | J12: =IF(OR(H12="",I12=""),"",MIN(D12,H12*I12)) | K12: =IF(J12="","",D12-J12) | L12: =IF(K12="","",IF(K12<=0,"Ömrünü doldurdu","Kullanımda"))
H13: =IF(OR(A13="",E13="",E13=0),"",D13/E13) | I13: =IF(OR(A13="",C13=""),"",MAX(0,(TODAY()-C13)/365.25)) | J13: =IF(OR(H13="",I13=""),"",MIN(D13,H13*I13)) | K13: =IF(J13="","",D13-J13) | L13: =IF(K13="","",IF(K13<=0,"Ömrünü doldurdu","Kullanımda"))
H14: =IF(OR(A14="",E14="",E14=0),"",D14/E14) | I14: =IF(OR(A14="",C14=""),"",MAX(0,(TODAY()-C14)/365.25)) | J14: =IF(OR(H14="",I14=""),"",MIN(D14,H14*I14)) | K14: =IF(J14="","",D14-J14) | L14: =IF(K14="","",IF(K14<=0,"Ömrünü doldurdu","Kullanımda"))
H15: =IF(OR(A15="",E15="",E15=0),"",D15/E15) | I15: =IF(OR(A15="",C15=""),"",MAX(0,(TODAY()-C15)/365.25)) | J15: =IF(OR(H15="",I15=""),"",MIN(D15,H15*I15)) | K15: =IF(J15="","",D15-J15) | L15: =IF(K15="","",IF(K15<=0,"Ömrünü doldurdu","Kullanımda"))
H16: =IF(OR(A16="",E16="",E16=0),"",D16/E16) | I16: =IF(OR(A16="",C16=""),"",MAX(0,(TODAY()-C16)/365.25)) | J16: =IF(OR(H16="",I16=""),"",MIN(D16,H16*I16)) | K16: =IF(J16="","",D16-J16) | L16: =IF(K16="","",IF(K16<=0,"Ömrünü doldurdu","Kullanımda"))
H17: =IF(OR(A17="",E17="",E17=0),"",D17/E17) | I17: =IF(OR(A17="",C17=""),"",MAX(0,(TODAY()-C17)/365.25)) | J17: =IF(OR(H17="",I17=""),"",MIN(D17,H17*I17)) | K17: =IF(J17="","",D17-J17) | L17: =IF(K17="","",IF(K17<=0,"Ömrünü doldurdu","Kullanımda"))
H18: =IF(OR(A18="",E18="",E18=0),"",D18/E18) | I18: =IF(OR(A18="",C18=""),"",MAX(0,(TODAY()-C18)/365.25)) | J18: =IF(OR(H18="",I18=""),"",MIN(D18,H18*I18)) | K18: =IF(J18="","",D18-J18) | L18: =IF(K18="","",IF(K18<=0,"Ömrünü doldurdu","Kullanımda"))
H19: =IF(OR(A19="",E19="",E19=0),"",D19/E19) | I19: =IF(OR(A19="",C19=""),"",MAX(0,(TODAY()-C19)/365.25)) | J19: =IF(OR(H19="",I19=""),"",MIN(D19,H19*I19)) | K19: =IF(J19="","",D19-J19) | L19: =IF(K19="","",IF(K19<=0,"Ömrünü doldurdu","Kullanımda"))
... H504: =IF(OR(A504="",E504="",E504=0),"",D504/E504) | I504: =IF(OR(A504="",C504=""),"",MAX(0,(TODAY()-C504)/365.25)) | J504: =IF(OR(H504="",I504=""),"",MIN(D504,H504*I504)) | K504: =IF(J504="","",D504-J504) | L504: =IF(K504="","",IF(K504<=0,"Ömrünü doldurdu","Kullanımda"))

Sheet Özet
A1: Özet
A2: Bu sayfaya yazma.
B5: Demirbaş | C5: Toplam bedel | D5: Net değer | E5: Bu yılın amortismanı | F5: Ömrünü dolduran
B6: =COUNTA(Demirbaşlar!$A$5:$A$504) -> 3 | C6: =SUM(Demirbaşlar!$D$5:$D$504) -> 268000 | D6: =SUM(Demirbaşlar!$K$5:$K$504) -> 150020.53 | E6: =SUMIFS(Demirbaşlar!$H$5:$H$504,Demirbaşlar!$L$5:$L$504,"Kullanımda") -> 35000 | F6: =COUNTIF(Demirbaşlar!$L$5:$L$504,"Ömrünü doldurdu") -> 1
B8: Kategoriye göre
B9: Kategori | C9: Adet | D9: Bedel (₺) | E9: Net değer (₺)
B10: =IF(Listeler!A5="","",Listeler!A5) -> Bilgisayar | C10: =IF(B10="","",COUNTIF(Demirbaşlar!$B$5:$B$504,B10)) -> 1 | D10: =IF(B10="","",SUMIFS(Demirbaşlar!$D$5:$D$504,Demirbaşlar!$B$5:$B$504,B10)) -> 60000 | E10: =IF(B10="","",SUMIFS(Demirbaşlar!$K$5:$K$504,Demirbaşlar!$B$5:$B$504,B10)) -> 30020.534
B11: =IF(Listeler!A6="","",Listeler!A6) -> Makine | C11: =IF(B11="","",COUNTIF(Demirbaşlar!$B$5:$B$504,B11)) -> 1 | D11: =IF(B11="","",SUMIFS(Demirbaşlar!$D$5:$D$504,Demirbaşlar!$B$5:$B$504,B11)) -> 200000 | E11: =IF(B11="","",SUMIFS(Demirbaşlar!$K$5:$K$504,Demirbaşlar!$B$5:$B$504,B11)) -> 120000
B12: =IF(Listeler!A7="","",Listeler!A7) -> Mobilya | C12: =IF(B12="","",COUNTIF(Demirbaşlar!$B$5:$B$504,B12)) -> 1 | D12: =IF(B12="","",SUMIFS(Demirbaşlar!$D$5:$D$504,Demirbaşlar!$B$5:$B$504,B12)) -> 8000 | E12: =IF(B12="","",SUMIFS(Demirbaşlar!$K$5:$K$504,Demirbaşlar!$B$5:$B$504,B12)) -> 0
B13: =IF(Listeler!A8="","",Listeler!A8) -> Araç | C13: =IF(B13="","",COUNTIF(Demirbaşlar!$B$5:$B$504,B13)) -> 0 | D13: =IF(B13="","",SUMIFS(Demirbaşlar!$D$5:$D$504,Demirbaşlar!$B$5:$B$504,B13)) -> 0 | E13: =IF(B13="","",SUMIFS(Demirbaşlar!$K$5:$K$504,Demirbaşlar!$B$5:$B$504,B13)) -> 0
B14: =IF(Listeler!A9="","",Listeler!A9) -> Telefon | C14: =IF(B14="","",COUNTIF(Demirbaşlar!$B$5:$B$504,B14)) -> 0 | D14: =IF(B14="","",SUMIFS(Demirbaşlar!$D$5:$D$504,Demirbaşlar!$B$5:$B$504,B14)) -> 0 | E14: =IF(B14="","",SUMIFS(Demirbaşlar!$K$5:$K$504,Demirbaşlar!$B$5:$B$504,B14)) -> 0
B15: =IF(Listeler!A10="","",Listeler!A10) -> Diğer | C15: =IF(B15="","",COUNTIF(Demirbaşlar!$B$5:$B$504,B15)) -> 0 | D15: =IF(B15="","",SUMIFS(Demirbaşlar!$D$5:$D$504,Demirbaşlar!$B$5:$B$504,B15)) -> 0 | E15: =IF(B15="","",SUMIFS(Demirbaşlar!$K$5:$K$504,Demirbaşlar!$B$5:$B$504,B15)) -> 0
B16: =IF(Listeler!A11="","",Listeler!A11) | C16: =IF(B16="","",COUNTIF(Demirbaşlar!$B$5:$B$504,B16)) | D16: =IF(B16="","",SUMIFS(Demirbaşlar!$D$5:$D$504,Demirbaşlar!$B$5:$B$504,B16)) | E16: =IF(B16="","",SUMIFS(Demirbaşlar!$K$5:$K$504,Demirbaşlar!$B$5:$B$504,B16))
B17: =IF(Listeler!A12="","",Listeler!A12) | C17: =IF(B17="","",COUNTIF(Demirbaşlar!$B$5:$B$504,B17)) | D17: =IF(B17="","",SUMIFS(Demirbaşlar!$D$5:$D$504,Demirbaşlar!$B$5:$B$504,B17)) | E17: =IF(B17="","",SUMIFS(Demirbaşlar!$K$5:$K$504,Demirbaşlar!$B$5:$B$504,B17))
B18: =IF(Listeler!A13="","",Listeler!A13) | C18: =IF(B18="","",COUNTIF(Demirbaşlar!$B$5:$B$504,B18)) | D18: =IF(B18="","",SUMIFS(Demirbaşlar!$D$5:$D$504,Demirbaşlar!$B$5:$B$504,B18)) | E18: =IF(B18="","",SUMIFS(Demirbaşlar!$K$5:$K$504,Demirbaşlar!$B$5:$B$504,B18))
B19: =IF(Listeler!A14="","",Listeler!A14) | C19: =IF(B19="","",COUNTIF(Demirbaşlar!$B$5:$B$504,B19)) | D19: =IF(B19="","",SUMIFS(Demirbaşlar!$D$5:$D$504,Demirbaşlar!$B$5:$B$504,B19)) | E19: =IF(B19="","",SUMIFS(Demirbaşlar!$K$5:$K$504,Demirbaşlar!$B$5:$B$504,B19))
B21: Zimmetliye göre
B22: Zimmetli | C22: Adet | D22: Bedel (₺)
B23: =IF(Listeler!B5="","",Listeler!B5) -> Ortak kullanım | C23: =IF(B23="","",COUNTIF(Demirbaşlar!$F$5:$F$504,B23)) -> 1 | D23: =IF(B23="","",SUMIFS(Demirbaşlar!$D$5:$D$504,Demirbaşlar!$F$5:$F$504,B23)) -> 200000
B24: =IF(Listeler!B6="","",Listeler!B6) -> Kişi Alfa | C24: =IF(B24="","",COUNTIF(Demirbaşlar!$F$5:$F$504,B24)) -> 1 | D24: =IF(B24="","",SUMIFS(Demirbaşlar!$D$5:$D$504,Demirbaşlar!$F$5:$F$504,B24)) -> 60000
B25: =IF(Listeler!B7="","",Listeler!B7) -> Kişi Beta | C25: =IF(B25="","",COUNTIF(Demirbaşlar!$F$5:$F$504,B25)) -> 1 | D25: =IF(B25="","",SUMIFS(Demirbaşlar!$D$5:$D$504,Demirbaşlar!$F$5:$F$504,B25)) -> 8000
B26: =IF(Listeler!B8="","",Listeler!B8) | C26: =IF(B26="","",COUNTIF(Demirbaşlar!$F$5:$F$504,B26)) | D26: =IF(B26="","",SUMIFS(Demirbaşlar!$D$5:$D$504,Demirbaşlar!$F$5:$F$504,B26))
B27: =IF(Listeler!B9="","",Listeler!B9) | C27: =IF(B27="","",COUNTIF(Demirbaşlar!$F$5:$F$504,B27)) | D27: =IF(B27="","",SUMIFS(Demirbaşlar!$D$5:$D$504,Demirbaşlar!$F$5:$F$504,B27))
B28: =IF(Listeler!B10="","",Listeler!B10) | C28: =IF(B28="","",COUNTIF(Demirbaşlar!$F$5:$F$504,B28)) | D28: =IF(B28="","",SUMIFS(Demirbaşlar!$D$5:$D$504,Demirbaşlar!$F$5:$F$504,B28))
B29: =IF(Listeler!B11="","",Listeler!B11) | C29: =IF(B29="","",COUNTIF(Demirbaşlar!$F$5:$F$504,B29)) | D29: =IF(B29="","",SUMIFS(Demirbaşlar!$D$5:$D$504,Demirbaşlar!$F$5:$F$504,B29))
B30: =IF(Listeler!B12="","",Listeler!B12) | C30: =IF(B30="","",COUNTIF(Demirbaşlar!$F$5:$F$504,B30)) | D30: =IF(B30="","",SUMIFS(Demirbaşlar!$D$5:$D$504,Demirbaşlar!$F$5:$F$504,B30))
B31: =IF(Listeler!B13="","",Listeler!B13) | C31: =IF(B31="","",COUNTIF(Demirbaşlar!$F$5:$F$504,B31)) | D31: =IF(B31="","",SUMIFS(Demirbaşlar!$D$5:$D$504,Demirbaşlar!$F$5:$F$504,B31))
B32: =IF(Listeler!B14="","",Listeler!B14) | C32: =IF(B32="","",COUNTIF(Demirbaşlar!$F$5:$F$504,B32)) | D32: =IF(B32="","",SUMIFS(Demirbaşlar!$D$5:$D$504,Demirbaşlar!$F$5:$F$504,B32))
B33: =IF(Listeler!B15="","",Listeler!B15) | C33: =IF(B33="","",COUNTIF(Demirbaşlar!$F$5:$F$504,B33)) | D33: =IF(B33="","",SUMIFS(Demirbaşlar!$D$5:$D$504,Demirbaşlar!$F$5:$F$504,B33))
B34: =IF(Listeler!B16="","",Listeler!B16) | C34: =IF(B34="","",COUNTIF(Demirbaşlar!$F$5:$F$504,B34)) | D34: =IF(B34="","",SUMIFS(Demirbaşlar!$D$5:$D$504,Demirbaşlar!$F$5:$F$504,B34))
... B42: =IF(Listeler!B24="","",Listeler!B24) | C42: =IF(B42="","",COUNTIF(Demirbaşlar!$F$5:$F$504,B42)) | D42: =IF(B42="","",SUMIFS(Demirbaşlar!$D$5:$D$504,Demirbaşlar!$F$5:$F$504,B42))

Sheet Listeler
A1: Listeler
A2: Açılır listelerde çıkan seçenekler. Sarı hücrelere kendi seçeneklerini yaz.
A4: Kategori | B4: Zimmetli
A5: Bilgisayar | B5: Ortak kullanım
A6: Makine | B6: Kişi Alfa
A7: Mobilya | B7: Kişi Beta
A8: Araç
A9: Telefon
A10: Diğer

Sheet AI Komutları
B1: Yapay Zeka Komutları
B2: İlgili sayfada başlık satırıyla birlikte kayıtlarını seç, kopyala, kullandığın yapay zeka asistanına yapıştır ve altına komutu ekle.
B3: Dikkat: Kişi adlarını takma adla değiştir; seri numarası paylaşma. Yapay zekanın verdiği rakamları dosyadaki özet sayfasıyla karşılaştır.
B5: Ne için | C5: Komut (kopyala, yapıştır)
B6: Yenileme planı | C6: [Demirbaşlar sayfası] Ömrünü dolduran ya da bir yıl içinde dolduracak demirbaşları listele ve yenileme bütçesi için sıra öner.
B7: Zimmet tutanağı | C7: [kişi] için zimmet tutanağı taslağı hazırla; demirbaş listesini ben vereceğim.
B8: Sayım | C8: [Demirbaşlar sayfası] Yer bazında sayım kontrol listesi oluştur.
B9: Sigorta | C9: Kategori bazında toplam bedeli sigorta teklifinde kullanmak üzere özetle.
