Workbook

Sheet Başla
B2: EXCEL KLİNİĞİ
B3: KUMBARA | Birikim hedefleri
B4: Tatil, araba, acil durum fonu: her hedefte neredesin, yetişmek için ayda ne ayırman gerek.
B6: NASIL KULLANILIR
B7: 1. Hedefler | C7: Hedeflerini, tutarını, tarihini ve elindeki başlangıç tutarını yaz.
B8: 2. Hareketler | C8: Hedefe para koydukça ya da aldıkça bir satır gir.
B9: 3. Hedefler sayfasına dön | C9: İlerleme, kalan tutar ve yetişmek için ayda gereken tutar hesaplanır.
B11: BİLMEN GEREKENLER
B12: Aylık gereken | C12: Kalan tutarın, bugünden hedef tarihine kadar kalan ay sayısına bölümüdür. Faiz ya da getiri hesaba katılmaz.
B13: Hedef adı | C13: Bir hedefin adını değiştirirsen eski hareketlerdeki adı da değiştir.
B14: Kapasite | C14: Hedefler: 20 satır; Hareketler: 1000 satır.
B16: RENKLER
B17: Sarı hücre | C17: Senin dolduracağın hücre. İçindeki örnekleri silip kendi bilgini yaz.
B18: Beyaz hücre, açık başlık | C18: Formül. Değiştirme, kendiliğinden hesaplanır.

Sheet Hedefler
A1: Hedefler
A2: Her hedefin tutarını ve tarihini yaz. Başlangıçta elinde olan tutarı da ekle.
A4: Hedef | B4: Hedef tutar (₺) | C4: Hedef tarihi | D4: Başlangıç tutarı (₺) | E4: Biriken (₺) | F4: İlerleme | G4: Kalan (₺) | H4: Kalan ay | I4: Aylık gereken (₺) | J4: Durum
A5: Acil durum fonu | B5: 100000 | C5: 46568 | D5: 10000 | E5: =IF(A5="","",D5+SUMIFS(Hareketler!$F$5:$F$1004,Hareketler!$B$5:$B$1004,A5)) -> 32000 | F5: =IF(OR(A5="",B5=0),"",E5/B5) -> 0.32 | G5: =IF(A5="","",MAX(0,B5-E5)) -> 68000 | H5: =IF(OR(A5="",C5=""),"",MAX(0,(YEAR(C5)-YEAR(TODAY()))*12+MONTH(C5)-MONTH(TODAY()))) -> 8 | I5: =IF(OR(A5="",H5=""),"",IF(G5=0,0,IF(H5=0,G5,G5/H5))) -> 8500 | J5: =IF(A5="","",IF(G5=0,"Tamamlandı",IF(AND(C5<>"",C5<TODAY()),"Süre doldu","Sürüyor"))) -> Sürüyor
A6: Yaz tatili | B6: 60000 | C6: 46539 | D6: 0 | E6: =IF(A6="","",D6+SUMIFS(Hareketler!$F$5:$F$1004,Hareketler!$B$5:$B$1004,A6)) -> 12000 | F6: =IF(OR(A6="",B6=0),"",E6/B6) -> 0.2 | G6: =IF(A6="","",MAX(0,B6-E6)) -> 48000 | H6: =IF(OR(A6="",C6=""),"",MAX(0,(YEAR(C6)-YEAR(TODAY()))*12+MONTH(C6)-MONTH(TODAY()))) -> 8 | I6: =IF(OR(A6="",H6=""),"",IF(G6=0,0,IF(H6=0,G6,G6/H6))) -> 6000 | J6: =IF(A6="","",IF(G6=0,"Tamamlandı",IF(AND(C6<>"",C6<TODAY()),"Süre doldu","Sürüyor"))) -> Sürüyor
A7: Yeni bilgisayar | B7: 45000 | C7: 46266 | D7: 45000 | E7: =IF(A7="","",D7+SUMIFS(Hareketler!$F$5:$F$1004,Hareketler!$B$5:$B$1004,A7)) -> 45000 | F7: =IF(OR(A7="",B7=0),"",E7/B7) -> 1 | G7: =IF(A7="","",MAX(0,B7-E7)) -> 0 | H7: =IF(OR(A7="",C7=""),"",MAX(0,(YEAR(C7)-YEAR(TODAY()))*12+MONTH(C7)-MONTH(TODAY()))) -> 0 | I7: =IF(OR(A7="",H7=""),"",IF(G7=0,0,IF(H7=0,G7,G7/H7))) -> 0 | J7: =IF(A7="","",IF(G7=0,"Tamamlandı",IF(AND(C7<>"",C7<TODAY()),"Süre doldu","Sürüyor"))) -> Tamamlandı
E8: =IF(A8="","",D8+SUMIFS(Hareketler!$F$5:$F$1004,Hareketler!$B$5:$B$1004,A8)) | F8: =IF(OR(A8="",B8=0),"",E8/B8) | G8: =IF(A8="","",MAX(0,B8-E8)) | H8: =IF(OR(A8="",C8=""),"",MAX(0,(YEAR(C8)-YEAR(TODAY()))*12+MONTH(C8)-MONTH(TODAY()))) | I8: =IF(OR(A8="",H8=""),"",IF(G8=0,0,IF(H8=0,G8,G8/H8))) | J8: =IF(A8="","",IF(G8=0,"Tamamlandı",IF(AND(C8<>"",C8<TODAY()),"Süre doldu","Sürüyor")))
E9: =IF(A9="","",D9+SUMIFS(Hareketler!$F$5:$F$1004,Hareketler!$B$5:$B$1004,A9)) | F9: =IF(OR(A9="",B9=0),"",E9/B9) | G9: =IF(A9="","",MAX(0,B9-E9)) | H9: =IF(OR(A9="",C9=""),"",MAX(0,(YEAR(C9)-YEAR(TODAY()))*12+MONTH(C9)-MONTH(TODAY()))) | I9: =IF(OR(A9="",H9=""),"",IF(G9=0,0,IF(H9=0,G9,G9/H9))) | J9: =IF(A9="","",IF(G9=0,"Tamamlandı",IF(AND(C9<>"",C9<TODAY()),"Süre doldu","Sürüyor")))
E10: =IF(A10="","",D10+SUMIFS(Hareketler!$F$5:$F$1004,Hareketler!$B$5:$B$1004,A10)) | F10: =IF(OR(A10="",B10=0),"",E10/B10) | G10: =IF(A10="","",MAX(0,B10-E10)) | H10: =IF(OR(A10="",C10=""),"",MAX(0,(YEAR(C10)-YEAR(TODAY()))*12+MONTH(C10)-MONTH(TODAY()))) | I10: =IF(OR(A10="",H10=""),"",IF(G10=0,0,IF(H10=0,G10,G10/H10))) | J10: =IF(A10="","",IF(G10=0,"Tamamlandı",IF(AND(C10<>"",C10<TODAY()),"Süre doldu","Sürüyor")))
E11: =IF(A11="","",D11+SUMIFS(Hareketler!$F$5:$F$1004,Hareketler!$B$5:$B$1004,A11)) | F11: =IF(OR(A11="",B11=0),"",E11/B11) | G11: =IF(A11="","",MAX(0,B11-E11)) | H11: =IF(OR(A11="",C11=""),"",MAX(0,(YEAR(C11)-YEAR(TODAY()))*12+MONTH(C11)-MONTH(TODAY()))) | I11: =IF(OR(A11="",H11=""),"",IF(G11=0,0,IF(H11=0,G11,G11/H11))) | J11: =IF(A11="","",IF(G11=0,"Tamamlandı",IF(AND(C11<>"",C11<TODAY()),"Süre doldu","Sürüyor")))
E12: =IF(A12="","",D12+SUMIFS(Hareketler!$F$5:$F$1004,Hareketler!$B$5:$B$1004,A12)) | F12: =IF(OR(A12="",B12=0),"",E12/B12) | G12: =IF(A12="","",MAX(0,B12-E12)) | H12: =IF(OR(A12="",C12=""),"",MAX(0,(YEAR(C12)-YEAR(TODAY()))*12+MONTH(C12)-MONTH(TODAY()))) | I12: =IF(OR(A12="",H12=""),"",IF(G12=0,0,IF(H12=0,G12,G12/H12))) | J12: =IF(A12="","",IF(G12=0,"Tamamlandı",IF(AND(C12<>"",C12<TODAY()),"Süre doldu","Sürüyor")))
E13: =IF(A13="","",D13+SUMIFS(Hareketler!$F$5:$F$1004,Hareketler!$B$5:$B$1004,A13)) | F13: =IF(OR(A13="",B13=0),"",E13/B13) | G13: =IF(A13="","",MAX(0,B13-E13)) | H13: =IF(OR(A13="",C13=""),"",MAX(0,(YEAR(C13)-YEAR(TODAY()))*12+MONTH(C13)-MONTH(TODAY()))) | I13: =IF(OR(A13="",H13=""),"",IF(G13=0,0,IF(H13=0,G13,G13/H13))) | J13: =IF(A13="","",IF(G13=0,"Tamamlandı",IF(AND(C13<>"",C13<TODAY()),"Süre doldu","Sürüyor")))
E14: =IF(A14="","",D14+SUMIFS(Hareketler!$F$5:$F$1004,Hareketler!$B$5:$B$1004,A14)) | F14: =IF(OR(A14="",B14=0),"",E14/B14) | G14: =IF(A14="","",MAX(0,B14-E14)) | H14: =IF(OR(A14="",C14=""),"",MAX(0,(YEAR(C14)-YEAR(TODAY()))*12+MONTH(C14)-MONTH(TODAY()))) | I14: =IF(OR(A14="",H14=""),"",IF(G14=0,0,IF(H14=0,G14,G14/H14))) | J14: =IF(A14="","",IF(G14=0,"Tamamlandı",IF(AND(C14<>"",C14<TODAY()),"Süre doldu","Sürüyor")))
E15: =IF(A15="","",D15+SUMIFS(Hareketler!$F$5:$F$1004,Hareketler!$B$5:$B$1004,A15)) | F15: =IF(OR(A15="",B15=0),"",E15/B15) | G15: =IF(A15="","",MAX(0,B15-E15)) | H15: =IF(OR(A15="",C15=""),"",MAX(0,(YEAR(C15)-YEAR(TODAY()))*12+MONTH(C15)-MONTH(TODAY()))) | I15: =IF(OR(A15="",H15=""),"",IF(G15=0,0,IF(H15=0,G15,G15/H15))) | J15: =IF(A15="","",IF(G15=0,"Tamamlandı",IF(AND(C15<>"",C15<TODAY()),"Süre doldu","Sürüyor")))
E16: =IF(A16="","",D16+SUMIFS(Hareketler!$F$5:$F$1004,Hareketler!$B$5:$B$1004,A16)) | F16: =IF(OR(A16="",B16=0),"",E16/B16) | G16: =IF(A16="","",MAX(0,B16-E16)) | H16: =IF(OR(A16="",C16=""),"",MAX(0,(YEAR(C16)-YEAR(TODAY()))*12+MONTH(C16)-MONTH(TODAY()))) | I16: =IF(OR(A16="",H16=""),"",IF(G16=0,0,IF(H16=0,G16,G16/H16))) | J16: =IF(A16="","",IF(G16=0,"Tamamlandı",IF(AND(C16<>"",C16<TODAY()),"Süre doldu","Sürüyor")))
E17: =IF(A17="","",D17+SUMIFS(Hareketler!$F$5:$F$1004,Hareketler!$B$5:$B$1004,A17)) | F17: =IF(OR(A17="",B17=0),"",E17/B17) | G17: =IF(A17="","",MAX(0,B17-E17)) | H17: =IF(OR(A17="",C17=""),"",MAX(0,(YEAR(C17)-YEAR(TODAY()))*12+MONTH(C17)-MONTH(TODAY()))) | I17: =IF(OR(A17="",H17=""),"",IF(G17=0,0,IF(H17=0,G17,G17/H17))) | J17: =IF(A17="","",IF(G17=0,"Tamamlandı",IF(AND(C17<>"",C17<TODAY()),"Süre doldu","Sürüyor")))
E18: =IF(A18="","",D18+SUMIFS(Hareketler!$F$5:$F$1004,Hareketler!$B$5:$B$1004,A18)) | F18: =IF(OR(A18="",B18=0),"",E18/B18) | G18: =IF(A18="","",MAX(0,B18-E18)) | H18: =IF(OR(A18="",C18=""),"",MAX(0,(YEAR(C18)-YEAR(TODAY()))*12+MONTH(C18)-MONTH(TODAY()))) | I18: =IF(OR(A18="",H18=""),"",IF(G18=0,0,IF(H18=0,G18,G18/H18))) | J18: =IF(A18="","",IF(G18=0,"Tamamlandı",IF(AND(C18<>"",C18<TODAY()),"Süre doldu","Sürüyor")))
E19: =IF(A19="","",D19+SUMIFS(Hareketler!$F$5:$F$1004,Hareketler!$B$5:$B$1004,A19)) | F19: =IF(OR(A19="",B19=0),"",E19/B19) | G19: =IF(A19="","",MAX(0,B19-E19)) | H19: =IF(OR(A19="",C19=""),"",MAX(0,(YEAR(C19)-YEAR(TODAY()))*12+MONTH(C19)-MONTH(TODAY()))) | I19: =IF(OR(A19="",H19=""),"",IF(G19=0,0,IF(H19=0,G19,G19/H19))) | J19: =IF(A19="","",IF(G19=0,"Tamamlandı",IF(AND(C19<>"",C19<TODAY()),"Süre doldu","Sürüyor")))
... E24: =IF(A24="","",D24+SUMIFS(Hareketler!$F$5:$F$1004,Hareketler!$B$5:$B$1004,A24)) | F24: =IF(OR(A24="",B24=0),"",E24/B24) | G24: =IF(A24="","",MAX(0,B24-E24)) | H24: =IF(OR(A24="",C24=""),"",MAX(0,(YEAR(C24)-YEAR(TODAY()))*12+MONTH(C24)-MONTH(TODAY()))) | I24: =IF(OR(A24="",H24=""),"",IF(G24=0,0,IF(H24=0,G24,G24/H24))) | J24: =IF(A24="","",IF(G24=0,"Tamamlandı",IF(AND(C24<>"",C24<TODAY()),"Süre doldu","Sürüyor")))

Sheet Hareketler
A1: Hareketler
A2: Hedefe para koyduğunda Yatırma, aldığında Çekme yaz.
A4: Tarih | B4: Hedef | C4: Tür | D4: Tutar (₺) | E4: Not | F4: Net (₺)
A5: 46239 | B5: Acil durum fonu | C5: Yatırma | D5: 20000 | F5: =IF(D5="","",IF(C5="Çekme",-D5,D5)) -> 20000
A6: 46270 | B6: Acil durum fonu | C6: Yatırma | D6: 5000 | F6: =IF(D6="","",IF(C6="Çekme",-D6,D6)) -> 5000
A7: 46285 | B7: Acil durum fonu | C7: Çekme | D7: 3000 | F7: =IF(D7="","",IF(C7="Çekme",-D7,D7)) -> -3000
A8: 46270 | B8: Yaz tatili | C8: Yatırma | D8: 12000 | F8: =IF(D8="","",IF(C8="Çekme",-D8,D8)) -> 12000
F9: =IF(D9="","",IF(C9="Çekme",-D9,D9))
F10: =IF(D10="","",IF(C10="Çekme",-D10,D10))
F11: =IF(D11="","",IF(C11="Çekme",-D11,D11))
F12: =IF(D12="","",IF(C12="Çekme",-D12,D12))
F13: =IF(D13="","",IF(C13="Çekme",-D13,D13))
F14: =IF(D14="","",IF(C14="Çekme",-D14,D14))
F15: =IF(D15="","",IF(C15="Çekme",-D15,D15))
F16: =IF(D16="","",IF(C16="Çekme",-D16,D16))
F17: =IF(D17="","",IF(C17="Çekme",-D17,D17))
F18: =IF(D18="","",IF(C18="Çekme",-D18,D18))
F19: =IF(D19="","",IF(C19="Çekme",-D19,D19))
F20: =IF(D20="","",IF(C20="Çekme",-D20,D20))
... F1004: =IF(D1004="","",IF(C1004="Çekme",-D1004,D1004))

Sheet Özet
A1: Özet
A2: Bu sayfada yalnızca yılı değiştir.
B3: Yıl | C3: 2026
B5: Toplam hedef | C5: Biriken | D5: Genel ilerleme | E5: Bu yıl net yatırılan | F5: Aylık gereken toplam
B6: =SUM(Hedefler!$B$5:$B$24) -> 205000 | C6: =SUM(Hedefler!$E$5:$E$24) -> 89000 | D6: =IF(B6=0,0,C6/B6) -> 0.43414634 | E6: =C23 -> 34000 | F6: =SUM(Hedefler!$I$5:$I$24) -> 14500
B9: Aylık tablo
B10: Ay | C10: Net yatırılan (₺)
B11: Ocak | C11: =SUMIFS(Hareketler!$F$5:$F$1004,Hareketler!$A$5:$A$1004,">="&DATE($C$3,1,1),Hareketler!$A$5:$A$1004,"<"&DATE($C$3,2,1)) -> 0
B12: Şubat | C12: =SUMIFS(Hareketler!$F$5:$F$1004,Hareketler!$A$5:$A$1004,">="&DATE($C$3,2,1),Hareketler!$A$5:$A$1004,"<"&DATE($C$3,3,1)) -> 0
B13: Mart | C13: =SUMIFS(Hareketler!$F$5:$F$1004,Hareketler!$A$5:$A$1004,">="&DATE($C$3,3,1),Hareketler!$A$5:$A$1004,"<"&DATE($C$3,4,1)) -> 0
B14: Nisan | C14: =SUMIFS(Hareketler!$F$5:$F$1004,Hareketler!$A$5:$A$1004,">="&DATE($C$3,4,1),Hareketler!$A$5:$A$1004,"<"&DATE($C$3,5,1)) -> 0
B15: Mayıs | C15: =SUMIFS(Hareketler!$F$5:$F$1004,Hareketler!$A$5:$A$1004,">="&DATE($C$3,5,1),Hareketler!$A$5:$A$1004,"<"&DATE($C$3,6,1)) -> 0
B16: Haziran | C16: =SUMIFS(Hareketler!$F$5:$F$1004,Hareketler!$A$5:$A$1004,">="&DATE($C$3,6,1),Hareketler!$A$5:$A$1004,"<"&DATE($C$3,7,1)) -> 0
B17: Temmuz | C17: =SUMIFS(Hareketler!$F$5:$F$1004,Hareketler!$A$5:$A$1004,">="&DATE($C$3,7,1),Hareketler!$A$5:$A$1004,"<"&DATE($C$3,8,1)) -> 0
B18: Ağustos | C18: =SUMIFS(Hareketler!$F$5:$F$1004,Hareketler!$A$5:$A$1004,">="&DATE($C$3,8,1),Hareketler!$A$5:$A$1004,"<"&DATE($C$3,9,1)) -> 20000
B19: Eylül | C19: =SUMIFS(Hareketler!$F$5:$F$1004,Hareketler!$A$5:$A$1004,">="&DATE($C$3,9,1),Hareketler!$A$5:$A$1004,"<"&DATE($C$3,10,1)) -> 14000
B20: Ekim | C20: =SUMIFS(Hareketler!$F$5:$F$1004,Hareketler!$A$5:$A$1004,">="&DATE($C$3,10,1),Hareketler!$A$5:$A$1004,"<"&DATE($C$3,11,1)) -> 0
B21: Kasım | C21: =SUMIFS(Hareketler!$F$5:$F$1004,Hareketler!$A$5:$A$1004,">="&DATE($C$3,11,1),Hareketler!$A$5:$A$1004,"<"&DATE($C$3,12,1)) -> 0
B22: Aralık | C22: =SUMIFS(Hareketler!$F$5:$F$1004,Hareketler!$A$5:$A$1004,">="&DATE($C$3,12,1),Hareketler!$A$5:$A$1004,"<"&DATE($C$3,13,1)) -> 0
B23: TOPLAM | C23: =SUM(C11:C22) -> 34000

Sheet AI Komutları
B1: Yapay Zeka Komutları
B2: İlgili sayfada başlık satırıyla birlikte kayıtlarını seç, kopyala, kullandığın yapay zeka asistanına yapıştır ve altına komutu ekle.
B3: Dikkat: Hesap numarası ve banka bilgisi paylaşma. Yapay zekanın verdiği rakamları dosyadaki özet sayfasıyla karşılaştır.
B5: Ne için | C5: Komut (kopyala, yapıştır)
B6: Öncelik | C6: [Hedefler sayfası] Aylık [tutar] ayırabiliyorum. Bu parayı hedefler arasında nasıl dağıtmalıyım?
B7: Gerçekçilik | C7: [Hedefler sayfası] Hangi hedefin tarihi gerçekçi değil? Yeni tarih öner.
B8: Motivasyon | C8: Birikim alışkanlığını sürdürmek için otomatik düzen kurmanın üç yolunu anlat.
B9: Ara hedef | C9: En büyük hedefimi üç ara basamağa böl.
