Workbook

Sheet Başla
B2: EXCEL KLİNİĞİ
B3: KONTAK | Araç gider ve yakıt takibi
B4: Aracın sana kilometre başına kaça geliyor, 100 kilometrede kaç litre yakıyor, hangi bakımın zamanı geldi.
B6: NASIL KULLANILIR
B7: 1. Listeler | C7: Aracının plakasını yaz.
B8: 2. Giderler | C8: Her yakıt alımında tarihi, kilometreyi, litreyi ve tutarı gir. Diğer masraflarda kilometre ve litre boş kalabilir.
B9: 3. Bakımlar | C9: Düzenli bakımları ve aralıklarını yaz; zamanı gelen kırmızı olur.
B10: 4. Özet | C10: Aylık yakıt ve masraf, ortalama tüketim ve kilometre başına maliyet.
B12: BİLMEN GEREKENLER
B13: Tüketim hesabı | C13: İki yakıt alımı arasındaki kilometreye bölünür. Doğru sonuç için her seferinde depoyu aynı seviyeye kadar doldur ve hiçbir alımı atlama.
B14: Km başına maliyet | C14: Bütün giderlerin, kayıtlardaki en düşük ve en yüksek kilometre arasındaki farka bölümüdür.
B15: Kapasite | C15: Giderler: 1000 satır; Bakımlar: 40 satır.
B17: RENKLER
B18: Sarı hücre | C18: Senin dolduracağın hücre. İçindeki örnekleri silip kendi bilgini yaz.
B19: Beyaz hücre, açık başlık | C19: Formül. Değiştirme, kendiliğinden hesaplanır.

Sheet Giderler
A1: Giderler
A2: Her yakıt alımını ve masrafı bir satır yaz. Yakıtta kilometreyi ve litreyi de gir.
A4: Tarih | B4: Araç | C4: Tür | D4: Kilometre | E4: Litre | F4: Tutar (₺) | G4: Açıklama | H4: y | I4: Gidilen km | J4: Litre / 100 km | K4: Km başına yakıt (₺)
A5: 46266 | B5: 34 ABC 123 | C5: Yakıt | D5: 10000 | E5: 40 | F5: 2000 | H5: =IF(AND(C5="Yakıt",D5<>""),SUMPRODUCT(MAX(($B$5:$B$1004=B5)*($C$5:$C$1004="Yakıt")*($D$5:$D$1004<D5)*$D$5:$D$1004)),0) -> 0 | I5: =IF(H5>0,D5-H5,"") | J5: =IF(OR(I5="",E5=""),"",E5/I5*100) | K5: =IF(I5="","",F5/I5)
A6: 46277 | B6: 34 ABC 123 | C6: Yakıt | D6: 10600 | E6: 42 | F6: 2100 | H6: =IF(AND(C6="Yakıt",D6<>""),SUMPRODUCT(MAX(($B$5:$B$1004=B6)*($C$5:$C$1004="Yakıt")*($D$5:$D$1004<D6)*$D$5:$D$1004)),0) -> 10000 | I6: =IF(H6>0,D6-H6,"") -> 600 | J6: =IF(OR(I6="",E6=""),"",E6/I6*100) -> 7 | K6: =IF(I6="","",F6/I6) -> 3.5
A7: 46280 | B7: 34 ABC 123 | C7: Sigorta | F7: 9000 | H7: =IF(AND(C7="Yakıt",D7<>""),SUMPRODUCT(MAX(($B$5:$B$1004=B7)*($C$5:$C$1004="Yakıt")*($D$5:$D$1004<D7)*$D$5:$D$1004)),0) -> 0 | I7: =IF(H7>0,D7-H7,"") | J7: =IF(OR(I7="",E7=""),"",E7/I7*100) | K7: =IF(I7="","",F7/I7)
A8: 46297 | B8: 34 ABC 123 | C8: Yakıt | D8: 11250 | E8: 45.5 | F8: 2300 | H8: =IF(AND(C8="Yakıt",D8<>""),SUMPRODUCT(MAX(($B$5:$B$1004=B8)*($C$5:$C$1004="Yakıt")*($D$5:$D$1004<D8)*$D$5:$D$1004)),0) -> 10600 | I8: =IF(H8>0,D8-H8,"") -> 650 | J8: =IF(OR(I8="",E8=""),"",E8/I8*100) -> 7 | K8: =IF(I8="","",F8/I8) -> 3.5384615
A9: 46298 | B9: 34 ABC 123 | C9: Otopark ve geçiş | F9: 350 | H9: =IF(AND(C9="Yakıt",D9<>""),SUMPRODUCT(MAX(($B$5:$B$1004=B9)*($C$5:$C$1004="Yakıt")*($D$5:$D$1004<D9)*$D$5:$D$1004)),0) -> 0 | I9: =IF(H9>0,D9-H9,"") | J9: =IF(OR(I9="",E9=""),"",E9/I9*100) | K9: =IF(I9="","",F9/I9)
H10: =IF(AND(C10="Yakıt",D10<>""),SUMPRODUCT(MAX(($B$5:$B$1004=B10)*($C$5:$C$1004="Yakıt")*($D$5:$D$1004<D10)*$D$5:$D$1004)),0) -> 0 | I10: =IF(H10>0,D10-H10,"") | J10: =IF(OR(I10="",E10=""),"",E10/I10*100) | K10: =IF(I10="","",F10/I10)
H11: =IF(AND(C11="Yakıt",D11<>""),SUMPRODUCT(MAX(($B$5:$B$1004=B11)*($C$5:$C$1004="Yakıt")*($D$5:$D$1004<D11)*$D$5:$D$1004)),0) -> 0 | I11: =IF(H11>0,D11-H11,"") | J11: =IF(OR(I11="",E11=""),"",E11/I11*100) | K11: =IF(I11="","",F11/I11)
H12: =IF(AND(C12="Yakıt",D12<>""),SUMPRODUCT(MAX(($B$5:$B$1004=B12)*($C$5:$C$1004="Yakıt")*($D$5:$D$1004<D12)*$D$5:$D$1004)),0) -> 0 | I12: =IF(H12>0,D12-H12,"") | J12: =IF(OR(I12="",E12=""),"",E12/I12*100) | K12: =IF(I12="","",F12/I12)
H13: =IF(AND(C13="Yakıt",D13<>""),SUMPRODUCT(MAX(($B$5:$B$1004=B13)*($C$5:$C$1004="Yakıt")*($D$5:$D$1004<D13)*$D$5:$D$1004)),0) -> 0 | I13: =IF(H13>0,D13-H13,"") | J13: =IF(OR(I13="",E13=""),"",E13/I13*100) | K13: =IF(I13="","",F13/I13)
H14: =IF(AND(C14="Yakıt",D14<>""),SUMPRODUCT(MAX(($B$5:$B$1004=B14)*($C$5:$C$1004="Yakıt")*($D$5:$D$1004<D14)*$D$5:$D$1004)),0) -> 0 | I14: =IF(H14>0,D14-H14,"") | J14: =IF(OR(I14="",E14=""),"",E14/I14*100) | K14: =IF(I14="","",F14/I14)
H15: =IF(AND(C15="Yakıt",D15<>""),SUMPRODUCT(MAX(($B$5:$B$1004=B15)*($C$5:$C$1004="Yakıt")*($D$5:$D$1004<D15)*$D$5:$D$1004)),0) -> 0 | I15: =IF(H15>0,D15-H15,"") | J15: =IF(OR(I15="",E15=""),"",E15/I15*100) | K15: =IF(I15="","",F15/I15)
H16: =IF(AND(C16="Yakıt",D16<>""),SUMPRODUCT(MAX(($B$5:$B$1004=B16)*($C$5:$C$1004="Yakıt")*($D$5:$D$1004<D16)*$D$5:$D$1004)),0) -> 0 | I16: =IF(H16>0,D16-H16,"") | J16: =IF(OR(I16="",E16=""),"",E16/I16*100) | K16: =IF(I16="","",F16/I16)
H17: =IF(AND(C17="Yakıt",D17<>""),SUMPRODUCT(MAX(($B$5:$B$1004=B17)*($C$5:$C$1004="Yakıt")*($D$5:$D$1004<D17)*$D$5:$D$1004)),0) -> 0 | I17: =IF(H17>0,D17-H17,"") | J17: =IF(OR(I17="",E17=""),"",E17/I17*100) | K17: =IF(I17="","",F17/I17)
H18: =IF(AND(C18="Yakıt",D18<>""),SUMPRODUCT(MAX(($B$5:$B$1004=B18)*($C$5:$C$1004="Yakıt")*($D$5:$D$1004<D18)*$D$5:$D$1004)),0) -> 0 | I18: =IF(H18>0,D18-H18,"") | J18: =IF(OR(I18="",E18=""),"",E18/I18*100) | K18: =IF(I18="","",F18/I18)
H19: =IF(AND(C19="Yakıt",D19<>""),SUMPRODUCT(MAX(($B$5:$B$1004=B19)*($C$5:$C$1004="Yakıt")*($D$5:$D$1004<D19)*$D$5:$D$1004)),0) -> 0 | I19: =IF(H19>0,D19-H19,"") | J19: =IF(OR(I19="",E19=""),"",E19/I19*100) | K19: =IF(I19="","",F19/I19)
H20: =IF(AND(C20="Yakıt",D20<>""),SUMPRODUCT(MAX(($B$5:$B$1004=B20)*($C$5:$C$1004="Yakıt")*($D$5:$D$1004<D20)*$D$5:$D$1004)),0) -> 0 | I20: =IF(H20>0,D20-H20,"") | J20: =IF(OR(I20="",E20=""),"",E20/I20*100) | K20: =IF(I20="","",F20/I20)
H21: =IF(AND(C21="Yakıt",D21<>""),SUMPRODUCT(MAX(($B$5:$B$1004=B21)*($C$5:$C$1004="Yakıt")*($D$5:$D$1004<D21)*$D$5:$D$1004)),0) -> 0 | I21: =IF(H21>0,D21-H21,"") | J21: =IF(OR(I21="",E21=""),"",E21/I21*100) | K21: =IF(I21="","",F21/I21)
... H1004: =IF(AND(C1004="Yakıt",D1004<>""),SUMPRODUCT(MAX(($B$5:$B$1004=B1004)*($C$5:$C$1004="Yakıt")*($D$5:$D$1004<D1004)*$D$5:$D$1004)),0) -> 0 | I1004: =IF(H1004>0,D1004-H1004,"") | J1004: =IF(OR(I1004="",E1004=""),"",E1004/I1004*100) | K1004: =IF(I1004="","",F1004/I1004)

Sheet Bakımlar
A1: Bakım Hatırlatma
A2: Düzenli bakımları, en son ne zaman ve kaç kilometrede yapıldığını yaz.
A4: İş | B4: Son yapılan | C4: Son kilometre | D4: Aralık (ay) | E4: Aralık (km) | F4: Sonraki tarih | G4: Sonraki km | H4: Durum
A5: Yağ değişimi | B5: 46091 | C5: 4000 | D5: 12 | E5: 10000 | F5: =IF(OR(A5="",B5="",D5=""),"",EDATE(B5,D5)) -> 46456 | G5: =IF(OR(A5="",C5="",E5=""),"",C5+E5) -> 14000 | H5: =IF(A5="","",IF(OR(AND(F5<>"",F5<=TODAY()),AND(G5<>"",G5<=MAX(Giderler!$D$5:$D$1004))),"Zamanı geldi",IF(OR(AND(F5<>"",F5<=TODAY()+30),AND(G5<>"",G5<=MAX(Giderler!$D$5:$D$1004)+1000)),"Yaklaşıyor","Var"))) -> Var
A6: Muayene | B6: 45585 | D6: 24 | F6: =IF(OR(A6="",B6="",D6=""),"",EDATE(B6,D6)) -> 46315 | G6: =IF(OR(A6="",C6="",E6=""),"",C6+E6) | H6: =IF(A6="","",IF(OR(AND(F6<>"",F6<=TODAY()),AND(G6<>"",G6<=MAX(Giderler!$D$5:$D$1004))),"Zamanı geldi",IF(OR(AND(F6<>"",F6<=TODAY()+30),AND(G6<>"",G6<=MAX(Giderler!$D$5:$D$1004)+1000)),"Yaklaşıyor","Var"))) -> Yaklaşıyor
A7: Lastik değişimi (kışlık) | B7: 45976 | D7: 12 | F7: =IF(OR(A7="",B7="",D7=""),"",EDATE(B7,D7)) -> 46341 | G7: =IF(OR(A7="",C7="",E7=""),"",C7+E7) | H7: =IF(A7="","",IF(OR(AND(F7<>"",F7<=TODAY()),AND(G7<>"",G7<=MAX(Giderler!$D$5:$D$1004))),"Zamanı geldi",IF(OR(AND(F7<>"",F7<=TODAY()+30),AND(G7<>"",G7<=MAX(Giderler!$D$5:$D$1004)+1000)),"Yaklaşıyor","Var"))) -> Var
A8: Triger seti | B8: 45047 | C8: 1000 | D8: 60 | E8: 90000 | F8: =IF(OR(A8="",B8="",D8=""),"",EDATE(B8,D8)) -> 46874 | G8: =IF(OR(A8="",C8="",E8=""),"",C8+E8) -> 91000 | H8: =IF(A8="","",IF(OR(AND(F8<>"",F8<=TODAY()),AND(G8<>"",G8<=MAX(Giderler!$D$5:$D$1004))),"Zamanı geldi",IF(OR(AND(F8<>"",F8<=TODAY()+30),AND(G8<>"",G8<=MAX(Giderler!$D$5:$D$1004)+1000)),"Yaklaşıyor","Var"))) -> Var
F9: =IF(OR(A9="",B9="",D9=""),"",EDATE(B9,D9)) | G9: =IF(OR(A9="",C9="",E9=""),"",C9+E9) | H9: =IF(A9="","",IF(OR(AND(F9<>"",F9<=TODAY()),AND(G9<>"",G9<=MAX(Giderler!$D$5:$D$1004))),"Zamanı geldi",IF(OR(AND(F9<>"",F9<=TODAY()+30),AND(G9<>"",G9<=MAX(Giderler!$D$5:$D$1004)+1000)),"Yaklaşıyor","Var")))
F10: =IF(OR(A10="",B10="",D10=""),"",EDATE(B10,D10)) | G10: =IF(OR(A10="",C10="",E10=""),"",C10+E10) | H10: =IF(A10="","",IF(OR(AND(F10<>"",F10<=TODAY()),AND(G10<>"",G10<=MAX(Giderler!$D$5:$D$1004))),"Zamanı geldi",IF(OR(AND(F10<>"",F10<=TODAY()+30),AND(G10<>"",G10<=MAX(Giderler!$D$5:$D$1004)+1000)),"Yaklaşıyor","Var")))
F11: =IF(OR(A11="",B11="",D11=""),"",EDATE(B11,D11)) | G11: =IF(OR(A11="",C11="",E11=""),"",C11+E11) | H11: =IF(A11="","",IF(OR(AND(F11<>"",F11<=TODAY()),AND(G11<>"",G11<=MAX(Giderler!$D$5:$D$1004))),"Zamanı geldi",IF(OR(AND(F11<>"",F11<=TODAY()+30),AND(G11<>"",G11<=MAX(Giderler!$D$5:$D$1004)+1000)),"Yaklaşıyor","Var")))
F12: =IF(OR(A12="",B12="",D12=""),"",EDATE(B12,D12)) | G12: =IF(OR(A12="",C12="",E12=""),"",C12+E12) | H12: =IF(A12="","",IF(OR(AND(F12<>"",F12<=TODAY()),AND(G12<>"",G12<=MAX(Giderler!$D$5:$D$1004))),"Zamanı geldi",IF(OR(AND(F12<>"",F12<=TODAY()+30),AND(G12<>"",G12<=MAX(Giderler!$D$5:$D$1004)+1000)),"Yaklaşıyor","Var")))
F13: =IF(OR(A13="",B13="",D13=""),"",EDATE(B13,D13)) | G13: =IF(OR(A13="",C13="",E13=""),"",C13+E13) | H13: =IF(A13="","",IF(OR(AND(F13<>"",F13<=TODAY()),AND(G13<>"",G13<=MAX(Giderler!$D$5:$D$1004))),"Zamanı geldi",IF(OR(AND(F13<>"",F13<=TODAY()+30),AND(G13<>"",G13<=MAX(Giderler!$D$5:$D$1004)+1000)),"Yaklaşıyor","Var")))
F14: =IF(OR(A14="",B14="",D14=""),"",EDATE(B14,D14)) | G14: =IF(OR(A14="",C14="",E14=""),"",C14+E14) | H14: =IF(A14="","",IF(OR(AND(F14<>"",F14<=TODAY()),AND(G14<>"",G14<=MAX(Giderler!$D$5:$D$1004))),"Zamanı geldi",IF(OR(AND(F14<>"",F14<=TODAY()+30),AND(G14<>"",G14<=MAX(Giderler!$D$5:$D$1004)+1000)),"Yaklaşıyor","Var")))
F15: =IF(OR(A15="",B15="",D15=""),"",EDATE(B15,D15)) | G15: =IF(OR(A15="",C15="",E15=""),"",C15+E15) | H15: =IF(A15="","",IF(OR(AND(F15<>"",F15<=TODAY()),AND(G15<>"",G15<=MAX(Giderler!$D$5:$D$1004))),"Zamanı geldi",IF(OR(AND(F15<>"",F15<=TODAY()+30),AND(G15<>"",G15<=MAX(Giderler!$D$5:$D$1004)+1000)),"Yaklaşıyor","Var")))
F16: =IF(OR(A16="",B16="",D16=""),"",EDATE(B16,D16)) | G16: =IF(OR(A16="",C16="",E16=""),"",C16+E16) | H16: =IF(A16="","",IF(OR(AND(F16<>"",F16<=TODAY()),AND(G16<>"",G16<=MAX(Giderler!$D$5:$D$1004))),"Zamanı geldi",IF(OR(AND(F16<>"",F16<=TODAY()+30),AND(G16<>"",G16<=MAX(Giderler!$D$5:$D$1004)+1000)),"Yaklaşıyor","Var")))
F17: =IF(OR(A17="",B17="",D17=""),"",EDATE(B17,D17)) | G17: =IF(OR(A17="",C17="",E17=""),"",C17+E17) | H17: =IF(A17="","",IF(OR(AND(F17<>"",F17<=TODAY()),AND(G17<>"",G17<=MAX(Giderler!$D$5:$D$1004))),"Zamanı geldi",IF(OR(AND(F17<>"",F17<=TODAY()+30),AND(G17<>"",G17<=MAX(Giderler!$D$5:$D$1004)+1000)),"Yaklaşıyor","Var")))
F18: =IF(OR(A18="",B18="",D18=""),"",EDATE(B18,D18)) | G18: =IF(OR(A18="",C18="",E18=""),"",C18+E18) | H18: =IF(A18="","",IF(OR(AND(F18<>"",F18<=TODAY()),AND(G18<>"",G18<=MAX(Giderler!$D$5:$D$1004))),"Zamanı geldi",IF(OR(AND(F18<>"",F18<=TODAY()+30),AND(G18<>"",G18<=MAX(Giderler!$D$5:$D$1004)+1000)),"Yaklaşıyor","Var")))
F19: =IF(OR(A19="",B19="",D19=""),"",EDATE(B19,D19)) | G19: =IF(OR(A19="",C19="",E19=""),"",C19+E19) | H19: =IF(A19="","",IF(OR(AND(F19<>"",F19<=TODAY()),AND(G19<>"",G19<=MAX(Giderler!$D$5:$D$1004))),"Zamanı geldi",IF(OR(AND(F19<>"",F19<=TODAY()+30),AND(G19<>"",G19<=MAX(Giderler!$D$5:$D$1004)+1000)),"Yaklaşıyor","Var")))
F20: =IF(OR(A20="",B20="",D20=""),"",EDATE(B20,D20)) | G20: =IF(OR(A20="",C20="",E20=""),"",C20+E20) | H20: =IF(A20="","",IF(OR(AND(F20<>"",F20<=TODAY()),AND(G20<>"",G20<=MAX(Giderler!$D$5:$D$1004))),"Zamanı geldi",IF(OR(AND(F20<>"",F20<=TODAY()+30),AND(G20<>"",G20<=MAX(Giderler!$D$5:$D$1004)+1000)),"Yaklaşıyor","Var")))
... F44: =IF(OR(A44="",B44="",D44=""),"",EDATE(B44,D44)) | G44: =IF(OR(A44="",C44="",E44=""),"",C44+E44) | H44: =IF(A44="","",IF(OR(AND(F44<>"",F44<=TODAY()),AND(G44<>"",G44<=MAX(Giderler!$D$5:$D$1004))),"Zamanı geldi",IF(OR(AND(F44<>"",F44<=TODAY()+30),AND(G44<>"",G44<=MAX(Giderler!$D$5:$D$1004)+1000)),"Yaklaşıyor","Var")))

Sheet Özet
A1: Özet
A2: Bu sayfada yalnızca yılı değiştir.
B3: Yıl | C3: 2026
B5: Yıl gideri | C5: Yakıt | D5: Litre | E5: Ortalama litre / 100 km | F5: Km başına toplam maliyet (₺)
B6: =C23+D23 -> 15750 | C6: =C23 -> 6400 | D6: =E23 -> 127.5 | E6: =IF(SUM(Giderler!$I$5:$I$1004)=0,0,SUMIFS(Giderler!$E$5:$E$1004,Giderler!$I$5:$I$1004,">0")/SUM(Giderler!$I$5:$I$1004)*100) -> 7 | F6: =IF(MAX(Giderler!$D$5:$D$1004)-MIN(Giderler!$D$5:$D$1004)<=0,0,SUM(Giderler!$F$5:$F$1004)/(MAX(Giderler!$D$5:$D$1004)-MIN(Giderler!$D$5:$D$1004))) -> 12.6
B9: Aylık tablo | I9: Gider türüne göre (seçili yıl)
B10: Ay | C10: Yakıt (₺) | D10: Diğer giderler (₺) | E10: Litre | I10: Tür | J10: Tutar (₺)
B11: Ocak | C11: =SUMIFS(Giderler!$F$5:$F$1004,Giderler!$A$5:$A$1004,">="&DATE($C$3,1,1),Giderler!$A$5:$A$1004,"<"&DATE($C$3,2,1),Giderler!$C$5:$C$1004,"Yakıt") -> 0 | D11: =SUMIFS(Giderler!$F$5:$F$1004,Giderler!$A$5:$A$1004,">="&DATE($C$3,1,1),Giderler!$A$5:$A$1004,"<"&DATE($C$3,2,1))-C11 -> 0 | E11: =SUMIFS(Giderler!$E$5:$E$1004,Giderler!$A$5:$A$1004,">="&DATE($C$3,1,1),Giderler!$A$5:$A$1004,"<"&DATE($C$3,2,1)) -> 0 | I11: =IF(Listeler!B5="","",Listeler!B5) -> Yakıt | J11: =IF(I11="","",SUMIFS(Giderler!$F$5:$F$1004,Giderler!$C$5:$C$1004,I11,Giderler!$A$5:$A$1004,">="&DATE($C$3,1,1),Giderler!$A$5:$A$1004,"<"&DATE($C$3+1,1,1))) -> 6400
B12: Şubat | C12: =SUMIFS(Giderler!$F$5:$F$1004,Giderler!$A$5:$A$1004,">="&DATE($C$3,2,1),Giderler!$A$5:$A$1004,"<"&DATE($C$3,3,1),Giderler!$C$5:$C$1004,"Yakıt") -> 0 | D12: =SUMIFS(Giderler!$F$5:$F$1004,Giderler!$A$5:$A$1004,">="&DATE($C$3,2,1),Giderler!$A$5:$A$1004,"<"&DATE($C$3,3,1))-C12 -> 0 | E12: =SUMIFS(Giderler!$E$5:$E$1004,Giderler!$A$5:$A$1004,">="&DATE($C$3,2,1),Giderler!$A$5:$A$1004,"<"&DATE($C$3,3,1)) -> 0 | I12: =IF(Listeler!B6="","",Listeler!B6) -> Bakım | J12: =IF(I12="","",SUMIFS(Giderler!$F$5:$F$1004,Giderler!$C$5:$C$1004,I12,Giderler!$A$5:$A$1004,">="&DATE($C$3,1,1),Giderler!$A$5:$A$1004,"<"&DATE($C$3+1,1,1))) -> 0
B13: Mart | C13: =SUMIFS(Giderler!$F$5:$F$1004,Giderler!$A$5:$A$1004,">="&DATE($C$3,3,1),Giderler!$A$5:$A$1004,"<"&DATE($C$3,4,1),Giderler!$C$5:$C$1004,"Yakıt") -> 0 | D13: =SUMIFS(Giderler!$F$5:$F$1004,Giderler!$A$5:$A$1004,">="&DATE($C$3,3,1),Giderler!$A$5:$A$1004,"<"&DATE($C$3,4,1))-C13 -> 0 | E13: =SUMIFS(Giderler!$E$5:$E$1004,Giderler!$A$5:$A$1004,">="&DATE($C$3,3,1),Giderler!$A$5:$A$1004,"<"&DATE($C$3,4,1)) -> 0 | I13: =IF(Listeler!B7="","",Listeler!B7) -> Sigorta | J13: =IF(I13="","",SUMIFS(Giderler!$F$5:$F$1004,Giderler!$C$5:$C$1004,I13,Giderler!$A$5:$A$1004,">="&DATE($C$3,1,1),Giderler!$A$5:$A$1004,"<"&DATE($C$3+1,1,1))) -> 9000
B14: Nisan | C14: =SUMIFS(Giderler!$F$5:$F$1004,Giderler!$A$5:$A$1004,">="&DATE($C$3,4,1),Giderler!$A$5:$A$1004,"<"&DATE($C$3,5,1),Giderler!$C$5:$C$1004,"Yakıt") -> 0 | D14: =SUMIFS(Giderler!$F$5:$F$1004,Giderler!$A$5:$A$1004,">="&DATE($C$3,4,1),Giderler!$A$5:$A$1004,"<"&DATE($C$3,5,1))-C14 -> 0 | E14: =SUMIFS(Giderler!$E$5:$E$1004,Giderler!$A$5:$A$1004,">="&DATE($C$3,4,1),Giderler!$A$5:$A$1004,"<"&DATE($C$3,5,1)) -> 0 | I14: =IF(Listeler!B8="","",Listeler!B8) -> Vergi | J14: =IF(I14="","",SUMIFS(Giderler!$F$5:$F$1004,Giderler!$C$5:$C$1004,I14,Giderler!$A$5:$A$1004,">="&DATE($C$3,1,1),Giderler!$A$5:$A$1004,"<"&DATE($C$3+1,1,1))) -> 0
B15: Mayıs | C15: =SUMIFS(Giderler!$F$5:$F$1004,Giderler!$A$5:$A$1004,">="&DATE($C$3,5,1),Giderler!$A$5:$A$1004,"<"&DATE($C$3,6,1),Giderler!$C$5:$C$1004,"Yakıt") -> 0 | D15: =SUMIFS(Giderler!$F$5:$F$1004,Giderler!$A$5:$A$1004,">="&DATE($C$3,5,1),Giderler!$A$5:$A$1004,"<"&DATE($C$3,6,1))-C15 -> 0 | E15: =SUMIFS(Giderler!$E$5:$E$1004,Giderler!$A$5:$A$1004,">="&DATE($C$3,5,1),Giderler!$A$5:$A$1004,"<"&DATE($C$3,6,1)) -> 0 | I15: =IF(Listeler!B9="","",Listeler!B9) -> Muayene | J15: =IF(I15="","",SUMIFS(Giderler!$F$5:$F$1004,Giderler!$C$5:$C$1004,I15,Giderler!$A$5:$A$1004,">="&DATE($C$3,1,1),Giderler!$A$5:$A$1004,"<"&DATE($C$3+1,1,1))) -> 0
B16: Haziran | C16: =SUMIFS(Giderler!$F$5:$F$1004,Giderler!$A$5:$A$1004,">="&DATE($C$3,6,1),Giderler!$A$5:$A$1004,"<"&DATE($C$3,7,1),Giderler!$C$5:$C$1004,"Yakıt") -> 0 | D16: =SUMIFS(Giderler!$F$5:$F$1004,Giderler!$A$5:$A$1004,">="&DATE($C$3,6,1),Giderler!$A$5:$A$1004,"<"&DATE($C$3,7,1))-C16 -> 0 | E16: =SUMIFS(Giderler!$E$5:$E$1004,Giderler!$A$5:$A$1004,">="&DATE($C$3,6,1),Giderler!$A$5:$A$1004,"<"&DATE($C$3,7,1)) -> 0 | I16: =IF(Listeler!B10="","",Listeler!B10) -> Lastik | J16: =IF(I16="","",SUMIFS(Giderler!$F$5:$F$1004,Giderler!$C$5:$C$1004,I16,Giderler!$A$5:$A$1004,">="&DATE($C$3,1,1),Giderler!$A$5:$A$1004,"<"&DATE($C$3+1,1,1))) -> 0
B17: Temmuz | C17: =SUMIFS(Giderler!$F$5:$F$1004,Giderler!$A$5:$A$1004,">="&DATE($C$3,7,1),Giderler!$A$5:$A$1004,"<"&DATE($C$3,8,1),Giderler!$C$5:$C$1004,"Yakıt") -> 0 | D17: =SUMIFS(Giderler!$F$5:$F$1004,Giderler!$A$5:$A$1004,">="&DATE($C$3,7,1),Giderler!$A$5:$A$1004,"<"&DATE($C$3,8,1))-C17 -> 0 | E17: =SUMIFS(Giderler!$E$5:$E$1004,Giderler!$A$5:$A$1004,">="&DATE($C$3,7,1),Giderler!$A$5:$A$1004,"<"&DATE($C$3,8,1)) -> 0 | I17: =IF(Listeler!B11="","",Listeler!B11) -> Otopark ve geçiş | J17: =IF(I17="","",SUMIFS(Giderler!$F$5:$F$1004,Giderler!$C$5:$C$1004,I17,Giderler!$A$5:$A$1004,">="&DATE($C$3,1,1),Giderler!$A$5:$A$1004,"<"&DATE($C$3+1,1,1))) -> 350
B18: Ağustos | C18: =SUMIFS(Giderler!$F$5:$F$1004,Giderler!$A$5:$A$1004,">="&DATE($C$3,8,1),Giderler!$A$5:$A$1004,"<"&DATE($C$3,9,1),Giderler!$C$5:$C$1004,"Yakıt") -> 0 | D18: =SUMIFS(Giderler!$F$5:$F$1004,Giderler!$A$5:$A$1004,">="&DATE($C$3,8,1),Giderler!$A$5:$A$1004,"<"&DATE($C$3,9,1))-C18 -> 0 | E18: =SUMIFS(Giderler!$E$5:$E$1004,Giderler!$A$5:$A$1004,">="&DATE($C$3,8,1),Giderler!$A$5:$A$1004,"<"&DATE($C$3,9,1)) -> 0 | I18: =IF(Listeler!B12="","",Listeler!B12) -> Diğer | J18: =IF(I18="","",SUMIFS(Giderler!$F$5:$F$1004,Giderler!$C$5:$C$1004,I18,Giderler!$A$5:$A$1004,">="&DATE($C$3,1,1),Giderler!$A$5:$A$1004,"<"&DATE($C$3+1,1,1))) -> 0
B19: Eylül | C19: =SUMIFS(Giderler!$F$5:$F$1004,Giderler!$A$5:$A$1004,">="&DATE($C$3,9,1),Giderler!$A$5:$A$1004,"<"&DATE($C$3,10,1),Giderler!$C$5:$C$1004,"Yakıt") -> 4100 | D19: =SUMIFS(Giderler!$F$5:$F$1004,Giderler!$A$5:$A$1004,">="&DATE($C$3,9,1),Giderler!$A$5:$A$1004,"<"&DATE($C$3,10,1))-C19 -> 9000 | E19: =SUMIFS(Giderler!$E$5:$E$1004,Giderler!$A$5:$A$1004,">="&DATE($C$3,9,1),Giderler!$A$5:$A$1004,"<"&DATE($C$3,10,1)) -> 82 | I19: =IF(Listeler!B13="","",Listeler!B13) | J19: =IF(I19="","",SUMIFS(Giderler!$F$5:$F$1004,Giderler!$C$5:$C$1004,I19,Giderler!$A$5:$A$1004,">="&DATE($C$3,1,1),Giderler!$A$5:$A$1004,"<"&DATE($C$3+1,1,1)))
B20: Ekim | C20: =SUMIFS(Giderler!$F$5:$F$1004,Giderler!$A$5:$A$1004,">="&DATE($C$3,10,1),Giderler!$A$5:$A$1004,"<"&DATE($C$3,11,1),Giderler!$C$5:$C$1004,"Yakıt") -> 2300 | D20: =SUMIFS(Giderler!$F$5:$F$1004,Giderler!$A$5:$A$1004,">="&DATE($C$3,10,1),Giderler!$A$5:$A$1004,"<"&DATE($C$3,11,1))-C20 -> 350 | E20: =SUMIFS(Giderler!$E$5:$E$1004,Giderler!$A$5:$A$1004,">="&DATE($C$3,10,1),Giderler!$A$5:$A$1004,"<"&DATE($C$3,11,1)) -> 45.5 | I20: =IF(Listeler!B14="","",Listeler!B14) | J20: =IF(I20="","",SUMIFS(Giderler!$F$5:$F$1004,Giderler!$C$5:$C$1004,I20,Giderler!$A$5:$A$1004,">="&DATE($C$3,1,1),Giderler!$A$5:$A$1004,"<"&DATE($C$3+1,1,1)))
B21: Kasım | C21: =SUMIFS(Giderler!$F$5:$F$1004,Giderler!$A$5:$A$1004,">="&DATE($C$3,11,1),Giderler!$A$5:$A$1004,"<"&DATE($C$3,12,1),Giderler!$C$5:$C$1004,"Yakıt") -> 0 | D21: =SUMIFS(Giderler!$F$5:$F$1004,Giderler!$A$5:$A$1004,">="&DATE($C$3,11,1),Giderler!$A$5:$A$1004,"<"&DATE($C$3,12,1))-C21 -> 0 | E21: =SUMIFS(Giderler!$E$5:$E$1004,Giderler!$A$5:$A$1004,">="&DATE($C$3,11,1),Giderler!$A$5:$A$1004,"<"&DATE($C$3,12,1)) -> 0
B22: Aralık | C22: =SUMIFS(Giderler!$F$5:$F$1004,Giderler!$A$5:$A$1004,">="&DATE($C$3,12,1),Giderler!$A$5:$A$1004,"<"&DATE($C$3,13,1),Giderler!$C$5:$C$1004,"Yakıt") -> 0 | D22: =SUMIFS(Giderler!$F$5:$F$1004,Giderler!$A$5:$A$1004,">="&DATE($C$3,12,1),Giderler!$A$5:$A$1004,"<"&DATE($C$3,13,1))-C22 -> 0 | E22: =SUMIFS(Giderler!$E$5:$E$1004,Giderler!$A$5:$A$1004,">="&DATE($C$3,12,1),Giderler!$A$5:$A$1004,"<"&DATE($C$3,13,1)) -> 0
B23: TOPLAM | C23: =SUM(C11:C22) -> 6400 | D23: =SUM(D11:D22) -> 9350 | E23: =SUM(E11:E22) -> 127.5

Sheet Listeler
A1: Listeler
A2: Açılır listelerde çıkan seçenekler. Sarı hücrelere kendi seçeneklerini yaz.
A4: Araç | B4: Gider türü
A5: 34 ABC 123 | B5: Yakıt
B6: Bakım
B7: Sigorta
B8: Vergi
B9: Muayene
B10: Lastik
B11: Otopark ve geçiş
B12: Diğer

Sheet AI Komutları
B1: Yapay Zeka Komutları
B2: İlgili sayfada başlık satırıyla birlikte kayıtlarını seç, kopyala, kullandığın yapay zeka asistanına yapıştır ve altına komutu ekle.
B3: Dikkat: Plakayı paylaşmak zorunda değilsin. Yapay zekanın verdiği rakamları dosyadaki özet sayfasıyla karşılaştır.
B5: Ne için | C5: Komut (kopyala, yapıştır)
B6: Tüketim yorumu | C6: [Giderler sayfası] Litre / 100 km değerlerime bak. Hangi dönemde tüketim artmış, olası nedenleri neler?
B7: Yıllık maliyet | C7: [Özet sayfası] Aracın bana yıllık toplam maliyetini ve aylık ortalamasını çıkar.
B8: Bakım planı | C8: [Bakımlar sayfası] Önümüzdeki altı ayda yapılacak bakımları sırala ve her biri için kenara ayırmam gereken tutarı sor.
B9: Tasarruf | C9: Yakıt tüketimini düşürmek için sürüş ve bakım açısından uygulanabilir beş öneri ver.
