Workbook

Sheet Başla
B2: EXCEL KLİNİĞİ
B3: ADAY | Müşteri adayı ve fırsat takibi
B4: Kimle görüştün, hangi aşamada, ne kadarlık iş, bugün kimi araman gerek.
B6: NASIL KULLANILIR
B7: 1. Aşamalar ve Listeler | C7: Satış aşamalarını, olasılıklarını ve müşteri kaynaklarını kendine göre düzenle.
B8: 2. Fırsatlar | C8: Her adayı tutarı, aşaması ve sonraki temas tarihiyle yaz.
B9: 3. Özet | C9: Açık ve ağırlıklı tutar, kazanma oranı ve bugün araman gerekenler.
B11: BİLMEN GEREKENLER
B12: Ağırlıklı tutar | C12: Tutar × aşamanın olasılığı. Olasılıklar senin tahminindir; gerçek kazanma oranına göre zamanla düzelt.
B13: Temas | C13: Sonraki temas tarihi bugün ya da geçmişse aday listede görünür.
B14: Kapasite | C14: Fırsatlar: 1000 satır.
B16: RENKLER
B17: Sarı hücre | C17: Senin dolduracağın hücre. İçindeki örnekleri silip kendi bilgini yaz.
B18: Beyaz hücre, açık başlık | C18: Formül. Değiştirme, kendiliğinden hesaplanır.

Sheet Fırsatlar
A1: Fırsatlar
A2: Her müşteri adayı ya da iş fırsatı bir satır. Görüştükçe aşamayı ve sonraki temas tarihini güncelle.
A4: Aday | B4: Kaynak | C4: Aşama | D4: Tutar (₺) | E4: İlk temas | F4: Sonraki temas | G4: Not | H4: Olasılık | I4: Ağırlıklı tutar (₺) | J4: Temas | K4: y
A5: Firma Alfa | B5: Tavsiye | C5: Teklif verildi | D5: 80000 | E5: 46275 | F5: 46299 | H5: =IF(OR(A5="",C5=""),"",IFERROR(INDEX(Aşamalar!$B$5:$B$12,MATCH(C5,Aşamalar!$A$5:$A$12,0)),0)) -> 0.5 | I5: =IF(H5="","",D5*H5) -> 40000 | J5: =IF(AND(AND(C5<>"Kazanıldı",C5<>"Kaybedildi",C5<>""),F5<>""),IF(F5<TODAY(),"Gecikti",IF(F5=TODAY(),"Bugün","")),"") -> Bugün | K5: =IF(AND(AND(C5<>"Kazanıldı",C5<>"Kaybedildi",C5<>""),F5<>"",F5<=TODAY()),F5+ROW()/1000000,"") -> 46299
A6: Firma Beta | B6: Instagram | C6: Yeni | D6: 20000 | E6: 46296 | F6: 46296 | H6: =IF(OR(A6="",C6=""),"",IFERROR(INDEX(Aşamalar!$B$5:$B$12,MATCH(C6,Aşamalar!$A$5:$A$12,0)),0)) -> 0.1 | I6: =IF(H6="","",D6*H6) -> 2000 | J6: =IF(AND(AND(C6<>"Kazanıldı",C6<>"Kaybedildi",C6<>""),F6<>""),IF(F6<TODAY(),"Gecikti",IF(F6=TODAY(),"Bugün","")),"") -> Gecikti | K6: =IF(AND(AND(C6<>"Kazanıldı",C6<>"Kaybedildi",C6<>""),F6<>"",F6<=TODAY()),F6+ROW()/1000000,"") -> 46296
A7: Firma Gama | B7: Web sitesi | C7: Kazanıldı | D7: 50000 | E7: 46239 | H7: =IF(OR(A7="",C7=""),"",IFERROR(INDEX(Aşamalar!$B$5:$B$12,MATCH(C7,Aşamalar!$A$5:$A$12,0)),0)) -> 1 | I7: =IF(H7="","",D7*H7) -> 50000 | J7: =IF(AND(AND(C7<>"Kazanıldı",C7<>"Kaybedildi",C7<>""),F7<>""),IF(F7<TODAY(),"Gecikti",IF(F7=TODAY(),"Bugün","")),"") | K7: =IF(AND(AND(C7<>"Kazanıldı",C7<>"Kaybedildi",C7<>""),F7<>"",F7<=TODAY()),F7+ROW()/1000000,"")
A8: Firma Delta | B8: Tavsiye | C8: Kaybedildi | D8: 30000 | E8: 46254 | H8: =IF(OR(A8="",C8=""),"",IFERROR(INDEX(Aşamalar!$B$5:$B$12,MATCH(C8,Aşamalar!$A$5:$A$12,0)),0)) -> 0 | I8: =IF(H8="","",D8*H8) -> 0 | J8: =IF(AND(AND(C8<>"Kazanıldı",C8<>"Kaybedildi",C8<>""),F8<>""),IF(F8<TODAY(),"Gecikti",IF(F8=TODAY(),"Bugün","")),"") | K8: =IF(AND(AND(C8<>"Kazanıldı",C8<>"Kaybedildi",C8<>""),F8<>"",F8<=TODAY()),F8+ROW()/1000000,"")
A9: Firma Epsilon | B9: Fuar | C9: Pazarlık | D9: 120000 | E9: 46287 | F9: 46304 | H9: =IF(OR(A9="",C9=""),"",IFERROR(INDEX(Aşamalar!$B$5:$B$12,MATCH(C9,Aşamalar!$A$5:$A$12,0)),0)) -> 0.75 | I9: =IF(H9="","",D9*H9) -> 90000 | J9: =IF(AND(AND(C9<>"Kazanıldı",C9<>"Kaybedildi",C9<>""),F9<>""),IF(F9<TODAY(),"Gecikti",IF(F9=TODAY(),"Bugün","")),"") | K9: =IF(AND(AND(C9<>"Kazanıldı",C9<>"Kaybedildi",C9<>""),F9<>"",F9<=TODAY()),F9+ROW()/1000000,"")
H10: =IF(OR(A10="",C10=""),"",IFERROR(INDEX(Aşamalar!$B$5:$B$12,MATCH(C10,Aşamalar!$A$5:$A$12,0)),0)) | I10: =IF(H10="","",D10*H10) | J10: =IF(AND(AND(C10<>"Kazanıldı",C10<>"Kaybedildi",C10<>""),F10<>""),IF(F10<TODAY(),"Gecikti",IF(F10=TODAY(),"Bugün","")),"") | K10: =IF(AND(AND(C10<>"Kazanıldı",C10<>"Kaybedildi",C10<>""),F10<>"",F10<=TODAY()),F10+ROW()/1000000,"")
H11: =IF(OR(A11="",C11=""),"",IFERROR(INDEX(Aşamalar!$B$5:$B$12,MATCH(C11,Aşamalar!$A$5:$A$12,0)),0)) | I11: =IF(H11="","",D11*H11) | J11: =IF(AND(AND(C11<>"Kazanıldı",C11<>"Kaybedildi",C11<>""),F11<>""),IF(F11<TODAY(),"Gecikti",IF(F11=TODAY(),"Bugün","")),"") | K11: =IF(AND(AND(C11<>"Kazanıldı",C11<>"Kaybedildi",C11<>""),F11<>"",F11<=TODAY()),F11+ROW()/1000000,"")
H12: =IF(OR(A12="",C12=""),"",IFERROR(INDEX(Aşamalar!$B$5:$B$12,MATCH(C12,Aşamalar!$A$5:$A$12,0)),0)) | I12: =IF(H12="","",D12*H12) | J12: =IF(AND(AND(C12<>"Kazanıldı",C12<>"Kaybedildi",C12<>""),F12<>""),IF(F12<TODAY(),"Gecikti",IF(F12=TODAY(),"Bugün","")),"") | K12: =IF(AND(AND(C12<>"Kazanıldı",C12<>"Kaybedildi",C12<>""),F12<>"",F12<=TODAY()),F12+ROW()/1000000,"")
H13: =IF(OR(A13="",C13=""),"",IFERROR(INDEX(Aşamalar!$B$5:$B$12,MATCH(C13,Aşamalar!$A$5:$A$12,0)),0)) | I13: =IF(H13="","",D13*H13) | J13: =IF(AND(AND(C13<>"Kazanıldı",C13<>"Kaybedildi",C13<>""),F13<>""),IF(F13<TODAY(),"Gecikti",IF(F13=TODAY(),"Bugün","")),"") | K13: =IF(AND(AND(C13<>"Kazanıldı",C13<>"Kaybedildi",C13<>""),F13<>"",F13<=TODAY()),F13+ROW()/1000000,"")
H14: =IF(OR(A14="",C14=""),"",IFERROR(INDEX(Aşamalar!$B$5:$B$12,MATCH(C14,Aşamalar!$A$5:$A$12,0)),0)) | I14: =IF(H14="","",D14*H14) | J14: =IF(AND(AND(C14<>"Kazanıldı",C14<>"Kaybedildi",C14<>""),F14<>""),IF(F14<TODAY(),"Gecikti",IF(F14=TODAY(),"Bugün","")),"") | K14: =IF(AND(AND(C14<>"Kazanıldı",C14<>"Kaybedildi",C14<>""),F14<>"",F14<=TODAY()),F14+ROW()/1000000,"")
H15: =IF(OR(A15="",C15=""),"",IFERROR(INDEX(Aşamalar!$B$5:$B$12,MATCH(C15,Aşamalar!$A$5:$A$12,0)),0)) | I15: =IF(H15="","",D15*H15) | J15: =IF(AND(AND(C15<>"Kazanıldı",C15<>"Kaybedildi",C15<>""),F15<>""),IF(F15<TODAY(),"Gecikti",IF(F15=TODAY(),"Bugün","")),"") | K15: =IF(AND(AND(C15<>"Kazanıldı",C15<>"Kaybedildi",C15<>""),F15<>"",F15<=TODAY()),F15+ROW()/1000000,"")
H16: =IF(OR(A16="",C16=""),"",IFERROR(INDEX(Aşamalar!$B$5:$B$12,MATCH(C16,Aşamalar!$A$5:$A$12,0)),0)) | I16: =IF(H16="","",D16*H16) | J16: =IF(AND(AND(C16<>"Kazanıldı",C16<>"Kaybedildi",C16<>""),F16<>""),IF(F16<TODAY(),"Gecikti",IF(F16=TODAY(),"Bugün","")),"") | K16: =IF(AND(AND(C16<>"Kazanıldı",C16<>"Kaybedildi",C16<>""),F16<>"",F16<=TODAY()),F16+ROW()/1000000,"")
H17: =IF(OR(A17="",C17=""),"",IFERROR(INDEX(Aşamalar!$B$5:$B$12,MATCH(C17,Aşamalar!$A$5:$A$12,0)),0)) | I17: =IF(H17="","",D17*H17) | J17: =IF(AND(AND(C17<>"Kazanıldı",C17<>"Kaybedildi",C17<>""),F17<>""),IF(F17<TODAY(),"Gecikti",IF(F17=TODAY(),"Bugün","")),"") | K17: =IF(AND(AND(C17<>"Kazanıldı",C17<>"Kaybedildi",C17<>""),F17<>"",F17<=TODAY()),F17+ROW()/1000000,"")
H18: =IF(OR(A18="",C18=""),"",IFERROR(INDEX(Aşamalar!$B$5:$B$12,MATCH(C18,Aşamalar!$A$5:$A$12,0)),0)) | I18: =IF(H18="","",D18*H18) | J18: =IF(AND(AND(C18<>"Kazanıldı",C18<>"Kaybedildi",C18<>""),F18<>""),IF(F18<TODAY(),"Gecikti",IF(F18=TODAY(),"Bugün","")),"") | K18: =IF(AND(AND(C18<>"Kazanıldı",C18<>"Kaybedildi",C18<>""),F18<>"",F18<=TODAY()),F18+ROW()/1000000,"")
H19: =IF(OR(A19="",C19=""),"",IFERROR(INDEX(Aşamalar!$B$5:$B$12,MATCH(C19,Aşamalar!$A$5:$A$12,0)),0)) | I19: =IF(H19="","",D19*H19) | J19: =IF(AND(AND(C19<>"Kazanıldı",C19<>"Kaybedildi",C19<>""),F19<>""),IF(F19<TODAY(),"Gecikti",IF(F19=TODAY(),"Bugün","")),"") | K19: =IF(AND(AND(C19<>"Kazanıldı",C19<>"Kaybedildi",C19<>""),F19<>"",F19<=TODAY()),F19+ROW()/1000000,"")
H20: =IF(OR(A20="",C20=""),"",IFERROR(INDEX(Aşamalar!$B$5:$B$12,MATCH(C20,Aşamalar!$A$5:$A$12,0)),0)) | I20: =IF(H20="","",D20*H20) | J20: =IF(AND(AND(C20<>"Kazanıldı",C20<>"Kaybedildi",C20<>""),F20<>""),IF(F20<TODAY(),"Gecikti",IF(F20=TODAY(),"Bugün","")),"") | K20: =IF(AND(AND(C20<>"Kazanıldı",C20<>"Kaybedildi",C20<>""),F20<>"",F20<=TODAY()),F20+ROW()/1000000,"")
H21: =IF(OR(A21="",C21=""),"",IFERROR(INDEX(Aşamalar!$B$5:$B$12,MATCH(C21,Aşamalar!$A$5:$A$12,0)),0)) | I21: =IF(H21="","",D21*H21) | J21: =IF(AND(AND(C21<>"Kazanıldı",C21<>"Kaybedildi",C21<>""),F21<>""),IF(F21<TODAY(),"Gecikti",IF(F21=TODAY(),"Bugün","")),"") | K21: =IF(AND(AND(C21<>"Kazanıldı",C21<>"Kaybedildi",C21<>""),F21<>"",F21<=TODAY()),F21+ROW()/1000000,"")
... H1004: =IF(OR(A1004="",C1004=""),"",IFERROR(INDEX(Aşamalar!$B$5:$B$12,MATCH(C1004,Aşamalar!$A$5:$A$12,0)),0)) | I1004: =IF(H1004="","",D1004*H1004) | J1004: =IF(AND(AND(C1004<>"Kazanıldı",C1004<>"Kaybedildi",C1004<>""),F1004<>""),IF(F1004<TODAY(),"Gecikti",IF(F1004=TODAY(),"Bugün","")),"") | K1004: =IF(AND(AND(C1004<>"Kazanıldı",C1004<>"Kaybedildi",C1004<>""),F1004<>"",F1004<=TODAY()),F1004+ROW()/1000000,"")

Sheet Özet
A1: Özet
A2: Bu sayfaya yazma.
B5: Açık fırsat | C5: Açık tutar | D5: Ağırlıklı tutar | E5: Kazanılan tutar | F5: Kazanma oranı | G5: Temas zamanı gelen
B6: =COUNTIFS(Fırsatlar!$C$5:$C$1004,"<>Kazanıldı",Fırsatlar!$C$5:$C$1004,"<>Kaybedildi",Fırsatlar!$C$5:$C$1004,"<>") -> 3 | C6: =SUMIFS(Fırsatlar!$D$5:$D$1004,Fırsatlar!$C$5:$C$1004,"<>Kazanıldı",Fırsatlar!$C$5:$C$1004,"<>Kaybedildi",Fırsatlar!$C$5:$C$1004,"<>") -> 220000 | D6: =SUMIFS(Fırsatlar!$I$5:$I$1004,Fırsatlar!$C$5:$C$1004,"<>Kazanıldı",Fırsatlar!$C$5:$C$1004,"<>Kaybedildi",Fırsatlar!$C$5:$C$1004,"<>") -> 132000 | E6: =SUMIFS(Fırsatlar!$D$5:$D$1004,Fırsatlar!$C$5:$C$1004,"Kazanıldı") -> 50000 | F6: =IF(COUNTIF(Fırsatlar!$C$5:$C$1004,"Kazanıldı")+COUNTIF(Fırsatlar!$C$5:$C$1004,"Kaybedildi")=0,0,COUNTIF(Fırsatlar!$C$5:$C$1004,"Kazanıldı")/(COUNTIF(Fırsatlar!$C$5:$C$1004,"Kazanıldı")+COUNTIF(Fırsatlar!$C$5:$C$1004,"Kaybedildi"))) -> 0.5 | G6: =COUNT(Fırsatlar!$K$5:$K$1004) -> 2
B8: Aşamaya göre | I8: Temas zamanı gelenler (en eski 10)
B9: Aşama | C9: Adet | D9: Tutar (₺) | I9: Aday | J9: Sonraki temas | K9: Aşama
B10: =IF(Aşamalar!A5="","",Aşamalar!A5) -> Yeni | C10: =IF(B10="","",COUNTIF(Fırsatlar!$C$5:$C$1004,B10)) -> 1 | D10: =IF(B10="","",SUMIFS(Fırsatlar!$D$5:$D$1004,Fırsatlar!$C$5:$C$1004,B10)) -> 20000 | I10: =IFERROR(INDEX(Fırsatlar!$A$5:$A$1004,MATCH(SMALL(Fırsatlar!$K$5:$K$1004,1),Fırsatlar!$K$5:$K$1004,0))&"","") -> Firma Beta | J10: =IF(I10="","",INDEX(Fırsatlar!$F$5:$F$1004,MATCH(SMALL(Fırsatlar!$K$5:$K$1004,1),Fırsatlar!$K$5:$K$1004,0))) -> 46296 | K10: =IF(I10="","",INDEX(Fırsatlar!$C$5:$C$1004,MATCH(SMALL(Fırsatlar!$K$5:$K$1004,1),Fırsatlar!$K$5:$K$1004,0))) -> Yeni
B11: =IF(Aşamalar!A6="","",Aşamalar!A6) -> Görüşüldü | C11: =IF(B11="","",COUNTIF(Fırsatlar!$C$5:$C$1004,B11)) -> 0 | D11: =IF(B11="","",SUMIFS(Fırsatlar!$D$5:$D$1004,Fırsatlar!$C$5:$C$1004,B11)) -> 0 | I11: =IFERROR(INDEX(Fırsatlar!$A$5:$A$1004,MATCH(SMALL(Fırsatlar!$K$5:$K$1004,2),Fırsatlar!$K$5:$K$1004,0))&"","") -> Firma Alfa | J11: =IF(I11="","",INDEX(Fırsatlar!$F$5:$F$1004,MATCH(SMALL(Fırsatlar!$K$5:$K$1004,2),Fırsatlar!$K$5:$K$1004,0))) -> 46299 | K11: =IF(I11="","",INDEX(Fırsatlar!$C$5:$C$1004,MATCH(SMALL(Fırsatlar!$K$5:$K$1004,2),Fırsatlar!$K$5:$K$1004,0))) -> Teklif verildi
B12: =IF(Aşamalar!A7="","",Aşamalar!A7) -> Teklif verildi | C12: =IF(B12="","",COUNTIF(Fırsatlar!$C$5:$C$1004,B12)) -> 1 | D12: =IF(B12="","",SUMIFS(Fırsatlar!$D$5:$D$1004,Fırsatlar!$C$5:$C$1004,B12)) -> 80000 | I12: =IFERROR(INDEX(Fırsatlar!$A$5:$A$1004,MATCH(SMALL(Fırsatlar!$K$5:$K$1004,3),Fırsatlar!$K$5:$K$1004,0))&"","") | J12: =IF(I12="","",INDEX(Fırsatlar!$F$5:$F$1004,MATCH(SMALL(Fırsatlar!$K$5:$K$1004,3),Fırsatlar!$K$5:$K$1004,0))) | K12: =IF(I12="","",INDEX(Fırsatlar!$C$5:$C$1004,MATCH(SMALL(Fırsatlar!$K$5:$K$1004,3),Fırsatlar!$K$5:$K$1004,0)))
B13: =IF(Aşamalar!A8="","",Aşamalar!A8) -> Pazarlık | C13: =IF(B13="","",COUNTIF(Fırsatlar!$C$5:$C$1004,B13)) -> 1 | D13: =IF(B13="","",SUMIFS(Fırsatlar!$D$5:$D$1004,Fırsatlar!$C$5:$C$1004,B13)) -> 120000 | I13: =IFERROR(INDEX(Fırsatlar!$A$5:$A$1004,MATCH(SMALL(Fırsatlar!$K$5:$K$1004,4),Fırsatlar!$K$5:$K$1004,0))&"","") | J13: =IF(I13="","",INDEX(Fırsatlar!$F$5:$F$1004,MATCH(SMALL(Fırsatlar!$K$5:$K$1004,4),Fırsatlar!$K$5:$K$1004,0))) | K13: =IF(I13="","",INDEX(Fırsatlar!$C$5:$C$1004,MATCH(SMALL(Fırsatlar!$K$5:$K$1004,4),Fırsatlar!$K$5:$K$1004,0)))
B14: =IF(Aşamalar!A9="","",Aşamalar!A9) -> Kazanıldı | C14: =IF(B14="","",COUNTIF(Fırsatlar!$C$5:$C$1004,B14)) -> 1 | D14: =IF(B14="","",SUMIFS(Fırsatlar!$D$5:$D$1004,Fırsatlar!$C$5:$C$1004,B14)) -> 50000 | I14: =IFERROR(INDEX(Fırsatlar!$A$5:$A$1004,MATCH(SMALL(Fırsatlar!$K$5:$K$1004,5),Fırsatlar!$K$5:$K$1004,0))&"","") | J14: =IF(I14="","",INDEX(Fırsatlar!$F$5:$F$1004,MATCH(SMALL(Fırsatlar!$K$5:$K$1004,5),Fırsatlar!$K$5:$K$1004,0))) | K14: =IF(I14="","",INDEX(Fırsatlar!$C$5:$C$1004,MATCH(SMALL(Fırsatlar!$K$5:$K$1004,5),Fırsatlar!$K$5:$K$1004,0)))
B15: =IF(Aşamalar!A10="","",Aşamalar!A10) -> Kaybedildi | C15: =IF(B15="","",COUNTIF(Fırsatlar!$C$5:$C$1004,B15)) -> 1 | D15: =IF(B15="","",SUMIFS(Fırsatlar!$D$5:$D$1004,Fırsatlar!$C$5:$C$1004,B15)) -> 30000 | I15: =IFERROR(INDEX(Fırsatlar!$A$5:$A$1004,MATCH(SMALL(Fırsatlar!$K$5:$K$1004,6),Fırsatlar!$K$5:$K$1004,0))&"","") | J15: =IF(I15="","",INDEX(Fırsatlar!$F$5:$F$1004,MATCH(SMALL(Fırsatlar!$K$5:$K$1004,6),Fırsatlar!$K$5:$K$1004,0))) | K15: =IF(I15="","",INDEX(Fırsatlar!$C$5:$C$1004,MATCH(SMALL(Fırsatlar!$K$5:$K$1004,6),Fırsatlar!$K$5:$K$1004,0)))
B16: =IF(Aşamalar!A11="","",Aşamalar!A11) | C16: =IF(B16="","",COUNTIF(Fırsatlar!$C$5:$C$1004,B16)) | D16: =IF(B16="","",SUMIFS(Fırsatlar!$D$5:$D$1004,Fırsatlar!$C$5:$C$1004,B16)) | I16: =IFERROR(INDEX(Fırsatlar!$A$5:$A$1004,MATCH(SMALL(Fırsatlar!$K$5:$K$1004,7),Fırsatlar!$K$5:$K$1004,0))&"","") | J16: =IF(I16="","",INDEX(Fırsatlar!$F$5:$F$1004,MATCH(SMALL(Fırsatlar!$K$5:$K$1004,7),Fırsatlar!$K$5:$K$1004,0))) | K16: =IF(I16="","",INDEX(Fırsatlar!$C$5:$C$1004,MATCH(SMALL(Fırsatlar!$K$5:$K$1004,7),Fırsatlar!$K$5:$K$1004,0)))
B17: =IF(Aşamalar!A12="","",Aşamalar!A12) | C17: =IF(B17="","",COUNTIF(Fırsatlar!$C$5:$C$1004,B17)) | D17: =IF(B17="","",SUMIFS(Fırsatlar!$D$5:$D$1004,Fırsatlar!$C$5:$C$1004,B17)) | I17: =IFERROR(INDEX(Fırsatlar!$A$5:$A$1004,MATCH(SMALL(Fırsatlar!$K$5:$K$1004,8),Fırsatlar!$K$5:$K$1004,0))&"","") | J17: =IF(I17="","",INDEX(Fırsatlar!$F$5:$F$1004,MATCH(SMALL(Fırsatlar!$K$5:$K$1004,8),Fırsatlar!$K$5:$K$1004,0))) | K17: =IF(I17="","",INDEX(Fırsatlar!$C$5:$C$1004,MATCH(SMALL(Fırsatlar!$K$5:$K$1004,8),Fırsatlar!$K$5:$K$1004,0)))
I18: =IFERROR(INDEX(Fırsatlar!$A$5:$A$1004,MATCH(SMALL(Fırsatlar!$K$5:$K$1004,9),Fırsatlar!$K$5:$K$1004,0))&"","") | J18: =IF(I18="","",INDEX(Fırsatlar!$F$5:$F$1004,MATCH(SMALL(Fırsatlar!$K$5:$K$1004,9),Fırsatlar!$K$5:$K$1004,0))) | K18: =IF(I18="","",INDEX(Fırsatlar!$C$5:$C$1004,MATCH(SMALL(Fırsatlar!$K$5:$K$1004,9),Fırsatlar!$K$5:$K$1004,0)))
B19: Kaynağa göre | I19: =IFERROR(INDEX(Fırsatlar!$A$5:$A$1004,MATCH(SMALL(Fırsatlar!$K$5:$K$1004,10),Fırsatlar!$K$5:$K$1004,0))&"","") | J19: =IF(I19="","",INDEX(Fırsatlar!$F$5:$F$1004,MATCH(SMALL(Fırsatlar!$K$5:$K$1004,10),Fırsatlar!$K$5:$K$1004,0))) | K19: =IF(I19="","",INDEX(Fırsatlar!$C$5:$C$1004,MATCH(SMALL(Fırsatlar!$K$5:$K$1004,10),Fırsatlar!$K$5:$K$1004,0)))
B20: Kaynak | C20: Adet | D20: Kazanılan (₺)
B21: =IF(Listeler!A5="","",Listeler!A5) -> Tavsiye | C21: =IF(B21="","",COUNTIF(Fırsatlar!$B$5:$B$1004,B21)) -> 2 | D21: =IF(B21="","",SUMIFS(Fırsatlar!$D$5:$D$1004,Fırsatlar!$B$5:$B$1004,B21,Fırsatlar!$C$5:$C$1004,"Kazanıldı")) -> 0
B22: =IF(Listeler!A6="","",Listeler!A6) -> Instagram | C22: =IF(B22="","",COUNTIF(Fırsatlar!$B$5:$B$1004,B22)) -> 1 | D22: =IF(B22="","",SUMIFS(Fırsatlar!$D$5:$D$1004,Fırsatlar!$B$5:$B$1004,B22,Fırsatlar!$C$5:$C$1004,"Kazanıldı")) -> 0
B23: =IF(Listeler!A7="","",Listeler!A7) -> Web sitesi | C23: =IF(B23="","",COUNTIF(Fırsatlar!$B$5:$B$1004,B23)) -> 1 | D23: =IF(B23="","",SUMIFS(Fırsatlar!$D$5:$D$1004,Fırsatlar!$B$5:$B$1004,B23,Fırsatlar!$C$5:$C$1004,"Kazanıldı")) -> 50000
B24: =IF(Listeler!A8="","",Listeler!A8) -> Telefon | C24: =IF(B24="","",COUNTIF(Fırsatlar!$B$5:$B$1004,B24)) -> 0 | D24: =IF(B24="","",SUMIFS(Fırsatlar!$D$5:$D$1004,Fırsatlar!$B$5:$B$1004,B24,Fırsatlar!$C$5:$C$1004,"Kazanıldı")) -> 0
B25: =IF(Listeler!A9="","",Listeler!A9) -> Fuar | C25: =IF(B25="","",COUNTIF(Fırsatlar!$B$5:$B$1004,B25)) -> 1 | D25: =IF(B25="","",SUMIFS(Fırsatlar!$D$5:$D$1004,Fırsatlar!$B$5:$B$1004,B25,Fırsatlar!$C$5:$C$1004,"Kazanıldı")) -> 0
B26: =IF(Listeler!A10="","",Listeler!A10) -> Diğer | C26: =IF(B26="","",COUNTIF(Fırsatlar!$B$5:$B$1004,B26)) -> 0 | D26: =IF(B26="","",SUMIFS(Fırsatlar!$D$5:$D$1004,Fırsatlar!$B$5:$B$1004,B26,Fırsatlar!$C$5:$C$1004,"Kazanıldı")) -> 0
B27: =IF(Listeler!A11="","",Listeler!A11) | C27: =IF(B27="","",COUNTIF(Fırsatlar!$B$5:$B$1004,B27)) | D27: =IF(B27="","",SUMIFS(Fırsatlar!$D$5:$D$1004,Fırsatlar!$B$5:$B$1004,B27,Fırsatlar!$C$5:$C$1004,"Kazanıldı"))
B28: =IF(Listeler!A12="","",Listeler!A12) | C28: =IF(B28="","",COUNTIF(Fırsatlar!$B$5:$B$1004,B28)) | D28: =IF(B28="","",SUMIFS(Fırsatlar!$D$5:$D$1004,Fırsatlar!$B$5:$B$1004,B28,Fırsatlar!$C$5:$C$1004,"Kazanıldı"))

Sheet Aşamalar
A1: Aşamalar
A2: Satış aşamalarını ve o aşamadaki işin gerçekleşme olasılığını yaz. Kazanıldı ve Kaybedildi adlarını değiştirme.
A4: Aşama | B4: Olasılık
A5: Yeni | B5: 0.1
A6: Görüşüldü | B6: 0.25
A7: Teklif verildi | B7: 0.5
A8: Pazarlık | B8: 0.75
A9: Kazanıldı | B9: 1
A10: Kaybedildi | B10: 0

Sheet Listeler
A1: Listeler
A2: Açılır listelerde çıkan seçenekler. Sarı hücrelere kendi seçeneklerini yaz.
A4: Kaynak
A5: Tavsiye
A6: Instagram
A7: Web sitesi
A8: Telefon
A9: Fuar
A10: Diğer

Sheet AI Komutları
B1: Yapay Zeka Komutları
B2: İlgili sayfada başlık satırıyla birlikte kayıtlarını seç, kopyala, kullandığın yapay zeka asistanına yapıştır ve altına komutu ekle.
B3: Dikkat: Firma ve kişi adlarını takma adla değiştir. Yapay zekanın verdiği rakamları dosyadaki özet sayfasıyla karşılaştır.
B5: Ne için | C5: Komut (kopyala, yapıştır)
B6: Günlük liste | C6: [Özet sayfası] Temas zamanı gelenler için arama sırası ve her biri için tek cümlelik konuşma açılışı öner.
B7: Takip mesajı | C7: Teklif verdiğim ama yanıt alamadığım bir müşteriye kısa bir takip mesajı yaz.
B8: Kayıp analizi | C8: [Fırsatlar sayfası] Kaybedilen fırsatların kaynak ve tutarlarına bak; ortak nokta var mı?
B9: Tahmin | C9: [Özet sayfası] Ağırlıklı tutara göre önümüzdeki ay beklenen ciroyu yorumla ve varsayımlarını yaz.
