Workbook

Sheet Başla
B2: EXCEL KLİNİĞİ
B3: TAHLİL | Satış analizi
B4: Satış kayıtlarını yapıştır; en çok kazandıran ürünler, en değerli müşteriler, aylık gidiş ve haftanın günleri kendiliğinden çıksın.
B6: NASIL KULLANILIR
B7: 1. Veri | C7: Satışlarını tarih, müşteri, ürün, adet ve tutar olarak yaz ya da başka bir dosyadan kopyalayıp yapıştır. Yapıştırırken yalnızca değerleri yapıştır.
B8: 2. Ürünler | C8: Ürünler cirosuna göre sıralanır; pay, birikimli pay ve A, B, C sınıfı hesaplanır.
B9: 3. Müşteriler | C9: Müşteriler cirosuna göre sıralanır; satış sayısı, ortalama ve son alışveriş tarihi görünür.
B10: 4. Özet | C10: Toplamlar, aylık gidiş, önceki aya göre değişim ve haftanın günlerine göre ciro.
B12: BİLMEN GEREKENLER
B13: A, B, C sınıfı | C13: Ürünler cirosuna göre dizilir. Cironun ilk yüzde 80'ini getirenler A, sonraki yüzde 15'i getirenler B, kalanlar C sınıfıdır. A sınıfı az sayıda üründür ama kazancın çoğunu onlar getirir.
B14: Yazım farkı | C14: Aynı ürünü ya da müşteriyi iki farklı yazarsan iki ayrı satır olarak sayılır. Adları tek biçimde yaz.
B15: Kâr değil ciro | C15: Dosya maliyet bilgisi istemez; bu yüzden kâr değil ciro analizi yapar.
B16: Kapasite | C16: 2000 satış satırı; analizde 200 ürün ve 200 müşteri. Dosya dolu veriyle birkaç saniye geç hesaplayabilir.
B18: RENKLER
B19: Sarı hücre | C19: Senin dolduracağın hücre. İçindeki örnekleri silip kendi bilgini yaz.
B20: Beyaz hücre, açık başlık | C20: Formül. Değiştirme, kendiliğinden hesaplanır.

Sheet Veri
A1: Veri
A2: Satışlarını buraya yaz ya da başka dosyadan yapıştır. Her satır bir satış kalemi.
A4: Tarih | B4: Müşteri | C4: Ürün | D4: Adet | E4: Tutar (₺) | F4: y1 | G4: y2 | H4: y3 | I4: y4
A5: 46204 | B5: Müşteri Epsilon | C5: Defter A4 | D5: 5 | E5: 300 | F5: =IF(C5="",0,IF(COUNTIF(C$5:C5,C5)=1,1,0)) -> 1 | G5: =SUM(F$5:F5) -> 1 | H5: =IF(B5="",0,IF(COUNTIF(B$5:B5,B5)=1,1,0)) -> 1 | I5: =SUM(H$5:H5) -> 1
A6: 46204 | B6: Müşteri Gama | C6: Klasör | D6: 20 | E6: 1500 | F6: =IF(C6="",0,IF(COUNTIF(C$5:C6,C6)=1,1,0)) -> 1 | G6: =SUM(F$5:F6) -> 2 | H6: =IF(B6="",0,IF(COUNTIF(B$5:B6,B6)=1,1,0)) -> 1 | I6: =SUM(H$5:H6) -> 2
A7: 46206 | B7: Müşteri Beta | C7: Klasör | D7: 5 | E7: 375 | F7: =IF(C7="",0,IF(COUNTIF(C$5:C7,C7)=1,1,0)) -> 0 | G7: =SUM(F$5:F7) -> 2 | H7: =IF(B7="",0,IF(COUNTIF(B$5:B7,B7)=1,1,0)) -> 1 | I7: =SUM(H$5:H7) -> 3
A8: 46206 | B8: Müşteri Epsilon | C8: Hesap makinesi | D8: 1 | E8: 350 | F8: =IF(C8="",0,IF(COUNTIF(C$5:C8,C8)=1,1,0)) -> 1 | G8: =SUM(F$5:F8) -> 3 | H8: =IF(B8="",0,IF(COUNTIF(B$5:B8,B8)=1,1,0)) -> 0 | I8: =SUM(H$5:H8) -> 3
A9: 46206 | B9: Müşteri Gama | C9: Fotokopi kâğıdı | D9: 20 | E9: 3800 | F9: =IF(C9="",0,IF(COUNTIF(C$5:C9,C9)=1,1,0)) -> 1 | G9: =SUM(F$5:F9) -> 4 | H9: =IF(B9="",0,IF(COUNTIF(B$5:B9,B9)=1,1,0)) -> 0 | I9: =SUM(H$5:H9) -> 3
A10: 46207 | B10: Müşteri Delta | C10: Fotokopi kâğıdı | D10: 5 | E10: 950 | F10: =IF(C10="",0,IF(COUNTIF(C$5:C10,C10)=1,1,0)) -> 0 | G10: =SUM(F$5:F10) -> 4 | H10: =IF(B10="",0,IF(COUNTIF(B$5:B10,B10)=1,1,0)) -> 1 | I10: =SUM(H$5:H10) -> 4
A11: 46207 | B11: Perakende | C11: Defter A4 | D11: 10 | E11: 600 | F11: =IF(C11="",0,IF(COUNTIF(C$5:C11,C11)=1,1,0)) -> 0 | G11: =SUM(F$5:F11) -> 4 | H11: =IF(B11="",0,IF(COUNTIF(B$5:B11,B11)=1,1,0)) -> 1 | I11: =SUM(H$5:H11) -> 5
A12: 46208 | B12: Müşteri Epsilon | C12: Hesap makinesi | D12: 1 | E12: 350 | F12: =IF(C12="",0,IF(COUNTIF(C$5:C12,C12)=1,1,0)) -> 0 | G12: =SUM(F$5:F12) -> 4 | H12: =IF(B12="",0,IF(COUNTIF(B$5:B12,B12)=1,1,0)) -> 0 | I12: =SUM(H$5:H12) -> 5
A13: 46209 | B13: Müşteri Gama | C13: Fotokopi kâğıdı | D13: 10 | E13: 1900 | F13: =IF(C13="",0,IF(COUNTIF(C$5:C13,C13)=1,1,0)) -> 0 | G13: =SUM(F$5:F13) -> 4 | H13: =IF(B13="",0,IF(COUNTIF(B$5:B13,B13)=1,1,0)) -> 0 | I13: =SUM(H$5:H13) -> 5
A14: 46211 | B14: Müşteri Delta | C14: Fotokopi kâğıdı | D14: 3 | E14: 570 | F14: =IF(C14="",0,IF(COUNTIF(C$5:C14,C14)=1,1,0)) -> 0 | G14: =SUM(F$5:F14) -> 4 | H14: =IF(B14="",0,IF(COUNTIF(B$5:B14,B14)=1,1,0)) -> 0 | I14: =SUM(H$5:H14) -> 5
A15: 46212 | B15: Müşteri Alfa | C15: Defter A4 | D15: 5 | E15: 300 | F15: =IF(C15="",0,IF(COUNTIF(C$5:C15,C15)=1,1,0)) -> 0 | G15: =SUM(F$5:F15) -> 4 | H15: =IF(B15="",0,IF(COUNTIF(B$5:B15,B15)=1,1,0)) -> 1 | I15: =SUM(H$5:H15) -> 6
A16: 46212 | B16: Müşteri Alfa | C16: Fotokopi kâğıdı | D16: 2 | E16: 380 | F16: =IF(C16="",0,IF(COUNTIF(C$5:C16,C16)=1,1,0)) -> 0 | G16: =SUM(F$5:F16) -> 4 | H16: =IF(B16="",0,IF(COUNTIF(B$5:B16,B16)=1,1,0)) -> 0 | I16: =SUM(H$5:H16) -> 6
... A84: 46298 | B84: Müşteri Gama | C84: Tükenmez kalem | D84: 40 | E84: 600 | F84: =IF(C84="",0,IF(COUNTIF(C$5:C84,C84)=1,1,0)) -> 0 | G84: =SUM(F$5:F84) -> 8 | H84: =IF(B84="",0,IF(COUNTIF(B$5:B84,B84)=1,1,0)) -> 0 | I84: =SUM(H$5:H84) -> 6
F85: =IF(C85="",0,IF(COUNTIF(C$5:C85,C85)=1,1,0)) -> 0 | G85: =SUM(F$5:F85) -> 8 | H85: =IF(B85="",0,IF(COUNTIF(B$5:B85,B85)=1,1,0)) -> 0 | I85: =SUM(H$5:H85) -> 6
F86: =IF(C86="",0,IF(COUNTIF(C$5:C86,C86)=1,1,0)) -> 0 | G86: =SUM(F$5:F86) -> 8 | H86: =IF(B86="",0,IF(COUNTIF(B$5:B86,B86)=1,1,0)) -> 0 | I86: =SUM(H$5:H86) -> 6
F87: =IF(C87="",0,IF(COUNTIF(C$5:C87,C87)=1,1,0)) -> 0 | G87: =SUM(F$5:F87) -> 8 | H87: =IF(B87="",0,IF(COUNTIF(B$5:B87,B87)=1,1,0)) -> 0 | I87: =SUM(H$5:H87) -> 6
F88: =IF(C88="",0,IF(COUNTIF(C$5:C88,C88)=1,1,0)) -> 0 | G88: =SUM(F$5:F88) -> 8 | H88: =IF(B88="",0,IF(COUNTIF(B$5:B88,B88)=1,1,0)) -> 0 | I88: =SUM(H$5:H88) -> 6
F89: =IF(C89="",0,IF(COUNTIF(C$5:C89,C89)=1,1,0)) -> 0 | G89: =SUM(F$5:F89) -> 8 | H89: =IF(B89="",0,IF(COUNTIF(B$5:B89,B89)=1,1,0)) -> 0 | I89: =SUM(H$5:H89) -> 6
F90: =IF(C90="",0,IF(COUNTIF(C$5:C90,C90)=1,1,0)) -> 0 | G90: =SUM(F$5:F90) -> 8 | H90: =IF(B90="",0,IF(COUNTIF(B$5:B90,B90)=1,1,0)) -> 0 | I90: =SUM(H$5:H90) -> 6
F91: =IF(C91="",0,IF(COUNTIF(C$5:C91,C91)=1,1,0)) -> 0 | G91: =SUM(F$5:F91) -> 8 | H91: =IF(B91="",0,IF(COUNTIF(B$5:B91,B91)=1,1,0)) -> 0 | I91: =SUM(H$5:H91) -> 6
F92: =IF(C92="",0,IF(COUNTIF(C$5:C92,C92)=1,1,0)) -> 0 | G92: =SUM(F$5:F92) -> 8 | H92: =IF(B92="",0,IF(COUNTIF(B$5:B92,B92)=1,1,0)) -> 0 | I92: =SUM(H$5:H92) -> 6
F93: =IF(C93="",0,IF(COUNTIF(C$5:C93,C93)=1,1,0)) -> 0 | G93: =SUM(F$5:F93) -> 8 | H93: =IF(B93="",0,IF(COUNTIF(B$5:B93,B93)=1,1,0)) -> 0 | I93: =SUM(H$5:H93) -> 6
F94: =IF(C94="",0,IF(COUNTIF(C$5:C94,C94)=1,1,0)) -> 0 | G94: =SUM(F$5:F94) -> 8 | H94: =IF(B94="",0,IF(COUNTIF(B$5:B94,B94)=1,1,0)) -> 0 | I94: =SUM(H$5:H94) -> 6
F95: =IF(C95="",0,IF(COUNTIF(C$5:C95,C95)=1,1,0)) -> 0 | G95: =SUM(F$5:F95) -> 8 | H95: =IF(B95="",0,IF(COUNTIF(B$5:B95,B95)=1,1,0)) -> 0 | I95: =SUM(H$5:H95) -> 6
F96: =IF(C96="",0,IF(COUNTIF(C$5:C96,C96)=1,1,0)) -> 0 | G96: =SUM(F$5:F96) -> 8 | H96: =IF(B96="",0,IF(COUNTIF(B$5:B96,B96)=1,1,0)) -> 0 | I96: =SUM(H$5:H96) -> 6
... F2004: =IF(C2004="",0,IF(COUNTIF(C$5:C2004,C2004)=1,1,0)) -> 0 | G2004: =SUM(F$5:F2004) -> 8 | H2004: =IF(B2004="",0,IF(COUNTIF(B$5:B2004,B2004)=1,1,0)) -> 0 | I2004: =SUM(H$5:H2004) -> 6

Sheet Özet
A1: Özet
A2: Bu sayfada yalnızca yılı değiştir.
B3: Yıl | C3: 2026
B5: Toplam ciro | C5: Satış satırı | D5: Satır başına ortalama | E5: Ürün çeşidi | F5: Müşteri | G5: A sınıfı ürün
B6: =SUM(Veri!$E$5:$E$2004) -> 115710 | C6: =COUNT(Veri!$E$5:$E$2004) -> 80 | D6: =IF(COUNT(Veri!$E$5:$E$2004)=0,0,SUM(Veri!$E$5:$E$2004)/COUNT(Veri!$E$5:$E$2004)) -> 1446.375 | E6: =MAX(Veri!$G$5:$G$2004) -> 8 | F6: =MAX(Veri!$I$5:$I$2004) -> 6 | G6: =COUNTIF(Ürünler!$G$5:$G$204,"A") -> 4
B8: ="A sınıfı ürünlerin cirodaki payı: "&TEXT(IF(SUM(Veri!$E$5:$E$2004)=0,0,SUMIFS(Ürünler!$D$5:$D$204,Ürünler!$G$5:$G$204,"A")/SUM(Veri!$E$5:$E$2004)),"0%") -> A sınıfı ürünlerin cirodaki payı: 87%
B10: Aylık gidiş | I10: Haftanın günleri
B11: Ay | C11: Ciro (₺) | D11: Adet | E11: Satış satırı | F11: Önceki aya göre | I11: Gün | J11: Ciro (₺)
B12: Ocak | C12: =SUMIFS(Veri!$E$5:$E$2004,Veri!$A$5:$A$2004,">="&DATE($C$3,1,1),Veri!$A$5:$A$2004,"<"&DATE($C$3,2,1)) -> 0 | D12: =SUMIFS(Veri!$D$5:$D$2004,Veri!$A$5:$A$2004,">="&DATE($C$3,1,1),Veri!$A$5:$A$2004,"<"&DATE($C$3,2,1)) -> 0 | E12: =COUNTIFS(Veri!$A$5:$A$2004,">="&DATE($C$3,1,1),Veri!$A$5:$A$2004,"<"&DATE($C$3,2,1)) -> 0 | F12: ="" | I12: Pazartesi | J12: =SUMPRODUCT((WEEKDAY(Veri!$A$5:$A$2004,2)=1)*(Veri!$A$5:$A$2004>0)*Veri!$E$5:$E$2004) -> 10260
B13: Şubat | C13: =SUMIFS(Veri!$E$5:$E$2004,Veri!$A$5:$A$2004,">="&DATE($C$3,2,1),Veri!$A$5:$A$2004,"<"&DATE($C$3,3,1)) -> 0 | D13: =SUMIFS(Veri!$D$5:$D$2004,Veri!$A$5:$A$2004,">="&DATE($C$3,2,1),Veri!$A$5:$A$2004,"<"&DATE($C$3,3,1)) -> 0 | E13: =COUNTIFS(Veri!$A$5:$A$2004,">="&DATE($C$3,2,1),Veri!$A$5:$A$2004,"<"&DATE($C$3,3,1)) -> 0 | F13: =IF(C12=0,"",C13/C12-1) | I13: Salı | J13: =SUMPRODUCT((WEEKDAY(Veri!$A$5:$A$2004,2)=2)*(Veri!$A$5:$A$2004>0)*Veri!$E$5:$E$2004) -> 7750
B14: Mart | C14: =SUMIFS(Veri!$E$5:$E$2004,Veri!$A$5:$A$2004,">="&DATE($C$3,3,1),Veri!$A$5:$A$2004,"<"&DATE($C$3,4,1)) -> 0 | D14: =SUMIFS(Veri!$D$5:$D$2004,Veri!$A$5:$A$2004,">="&DATE($C$3,3,1),Veri!$A$5:$A$2004,"<"&DATE($C$3,4,1)) -> 0 | E14: =COUNTIFS(Veri!$A$5:$A$2004,">="&DATE($C$3,3,1),Veri!$A$5:$A$2004,"<"&DATE($C$3,4,1)) -> 0 | F14: =IF(C13=0,"",C14/C13-1) | I14: Çarşamba | J14: =SUMPRODUCT((WEEKDAY(Veri!$A$5:$A$2004,2)=3)*(Veri!$A$5:$A$2004>0)*Veri!$E$5:$E$2004) -> 13045
B15: Nisan | C15: =SUMIFS(Veri!$E$5:$E$2004,Veri!$A$5:$A$2004,">="&DATE($C$3,4,1),Veri!$A$5:$A$2004,"<"&DATE($C$3,5,1)) -> 0 | D15: =SUMIFS(Veri!$D$5:$D$2004,Veri!$A$5:$A$2004,">="&DATE($C$3,4,1),Veri!$A$5:$A$2004,"<"&DATE($C$3,5,1)) -> 0 | E15: =COUNTIFS(Veri!$A$5:$A$2004,">="&DATE($C$3,4,1),Veri!$A$5:$A$2004,"<"&DATE($C$3,5,1)) -> 0 | F15: =IF(C14=0,"",C15/C14-1) | I15: Perşembe | J15: =SUMPRODUCT((WEEKDAY(Veri!$A$5:$A$2004,2)=4)*(Veri!$A$5:$A$2004>0)*Veri!$E$5:$E$2004) -> 6915
B16: Mayıs | C16: =SUMIFS(Veri!$E$5:$E$2004,Veri!$A$5:$A$2004,">="&DATE($C$3,5,1),Veri!$A$5:$A$2004,"<"&DATE($C$3,6,1)) -> 0 | D16: =SUMIFS(Veri!$D$5:$D$2004,Veri!$A$5:$A$2004,">="&DATE($C$3,5,1),Veri!$A$5:$A$2004,"<"&DATE($C$3,6,1)) -> 0 | E16: =COUNTIFS(Veri!$A$5:$A$2004,">="&DATE($C$3,5,1),Veri!$A$5:$A$2004,"<"&DATE($C$3,6,1)) -> 0 | F16: =IF(C15=0,"",C16/C15-1) | I16: Cuma | J16: =SUMPRODUCT((WEEKDAY(Veri!$A$5:$A$2004,2)=5)*(Veri!$A$5:$A$2004>0)*Veri!$E$5:$E$2004) -> 38375
B17: Haziran | C17: =SUMIFS(Veri!$E$5:$E$2004,Veri!$A$5:$A$2004,">="&DATE($C$3,6,1),Veri!$A$5:$A$2004,"<"&DATE($C$3,7,1)) -> 0 | D17: =SUMIFS(Veri!$D$5:$D$2004,Veri!$A$5:$A$2004,">="&DATE($C$3,6,1),Veri!$A$5:$A$2004,"<"&DATE($C$3,7,1)) -> 0 | E17: =COUNTIFS(Veri!$A$5:$A$2004,">="&DATE($C$3,6,1),Veri!$A$5:$A$2004,"<"&DATE($C$3,7,1)) -> 0 | F17: =IF(C16=0,"",C17/C16-1) | I17: Cumartesi | J17: =SUMPRODUCT((WEEKDAY(Veri!$A$5:$A$2004,2)=6)*(Veri!$A$5:$A$2004>0)*Veri!$E$5:$E$2004) -> 19595
B18: Temmuz | C18: =SUMIFS(Veri!$E$5:$E$2004,Veri!$A$5:$A$2004,">="&DATE($C$3,7,1),Veri!$A$5:$A$2004,"<"&DATE($C$3,8,1)) -> 53340 | D18: =SUMIFS(Veri!$D$5:$D$2004,Veri!$A$5:$A$2004,">="&DATE($C$3,7,1),Veri!$A$5:$A$2004,"<"&DATE($C$3,8,1)) -> 337 | E18: =COUNTIFS(Veri!$A$5:$A$2004,">="&DATE($C$3,7,1),Veri!$A$5:$A$2004,"<"&DATE($C$3,8,1)) -> 34 | F18: =IF(C17=0,"",C18/C17-1) | I18: Pazar | J18: =SUMPRODUCT((WEEKDAY(Veri!$A$5:$A$2004,2)=7)*(Veri!$A$5:$A$2004>0)*Veri!$E$5:$E$2004) -> 19770
B19: Ağustos | C19: =SUMIFS(Veri!$E$5:$E$2004,Veri!$A$5:$A$2004,">="&DATE($C$3,8,1),Veri!$A$5:$A$2004,"<"&DATE($C$3,9,1)) -> 27740 | D19: =SUMIFS(Veri!$D$5:$D$2004,Veri!$A$5:$A$2004,">="&DATE($C$3,8,1),Veri!$A$5:$A$2004,"<"&DATE($C$3,9,1)) -> 335 | E19: =COUNTIFS(Veri!$A$5:$A$2004,">="&DATE($C$3,8,1),Veri!$A$5:$A$2004,"<"&DATE($C$3,9,1)) -> 25 | F19: =IF(C18=0,"",C19/C18-1) -> -0.47994001
B20: Eylül | C20: =SUMIFS(Veri!$E$5:$E$2004,Veri!$A$5:$A$2004,">="&DATE($C$3,9,1),Veri!$A$5:$A$2004,"<"&DATE($C$3,10,1)) -> 26080 | D20: =SUMIFS(Veri!$D$5:$D$2004,Veri!$A$5:$A$2004,">="&DATE($C$3,9,1),Veri!$A$5:$A$2004,"<"&DATE($C$3,10,1)) -> 190 | E20: =COUNTIFS(Veri!$A$5:$A$2004,">="&DATE($C$3,9,1),Veri!$A$5:$A$2004,"<"&DATE($C$3,10,1)) -> 18 | F20: =IF(C19=0,"",C20/C19-1) -> -0.059841384
B21: Ekim | C21: =SUMIFS(Veri!$E$5:$E$2004,Veri!$A$5:$A$2004,">="&DATE($C$3,10,1),Veri!$A$5:$A$2004,"<"&DATE($C$3,11,1)) -> 8550 | D21: =SUMIFS(Veri!$D$5:$D$2004,Veri!$A$5:$A$2004,">="&DATE($C$3,10,1),Veri!$A$5:$A$2004,"<"&DATE($C$3,11,1)) -> 65 | E21: =COUNTIFS(Veri!$A$5:$A$2004,">="&DATE($C$3,10,1),Veri!$A$5:$A$2004,"<"&DATE($C$3,11,1)) -> 3 | F21: =IF(C20=0,"",C21/C20-1) -> -0.67216258
B22: Kasım | C22: =SUMIFS(Veri!$E$5:$E$2004,Veri!$A$5:$A$2004,">="&DATE($C$3,11,1),Veri!$A$5:$A$2004,"<"&DATE($C$3,12,1)) -> 0 | D22: =SUMIFS(Veri!$D$5:$D$2004,Veri!$A$5:$A$2004,">="&DATE($C$3,11,1),Veri!$A$5:$A$2004,"<"&DATE($C$3,12,1)) -> 0 | E22: =COUNTIFS(Veri!$A$5:$A$2004,">="&DATE($C$3,11,1),Veri!$A$5:$A$2004,"<"&DATE($C$3,12,1)) -> 0 | F22: =IF(C21=0,"",C22/C21-1) -> -1
B23: Aralık | C23: =SUMIFS(Veri!$E$5:$E$2004,Veri!$A$5:$A$2004,">="&DATE($C$3,12,1),Veri!$A$5:$A$2004,"<"&DATE($C$3,13,1)) -> 0 | D23: =SUMIFS(Veri!$D$5:$D$2004,Veri!$A$5:$A$2004,">="&DATE($C$3,12,1),Veri!$A$5:$A$2004,"<"&DATE($C$3,13,1)) -> 0 | E23: =COUNTIFS(Veri!$A$5:$A$2004,">="&DATE($C$3,12,1),Veri!$A$5:$A$2004,"<"&DATE($C$3,13,1)) -> 0 | F23: =IF(C22=0,"",C23/C22-1)

Sheet Ürünler
A1: Ürün Analizi
A2: Cirosu en yüksek üründen başlayarak sıralanır. A sınıfı: cironun ilk yüzde 80'ini getiren ürünler.
A4: Sıra | B4: Ürün | C4: Adet | D4: Ciro (₺) | E4: Pay | F4: Birikimli pay | G4: Sınıf | H4: Ortalama birim fiyat (₺) | I4: Son satış | K4: y | L4: y | M4: y | N4: y
A5: =IF(B5="","",1) -> 1 | B5: =IFERROR(INDEX($K$5:$K$204,MATCH(LARGE($M$5:$M$204,1),$M$5:$M$204,0)),"") -> Fotokopi kâğıdı | C5: =IF(B5="","",SUMIFS(Veri!$D$5:$D$2004,Veri!$C$5:$C$2004,B5)) -> 240 | D5: =IF(B5="","",SUMIFS(Veri!$E$5:$E$2004,Veri!$C$5:$C$2004,B5)) -> 45600 | E5: =IF(B5="","",IF(SUM(Veri!$E$5:$E$2004)=0,0,D5/SUM(Veri!$E$5:$E$2004))) -> 0.39408867 | F5: =IF(B5="","",SUM(E$5:E5)) -> 0.39408867 | G5: =IF(B5="","","A") -> A | H5: =IF(OR(B5="",C5=0),"",D5/C5) -> 190 | I5: =IF(B5="","",SUMPRODUCT(MAX((Veri!$C$5:$C$2004=B5)*Veri!$A$5:$A$2004))) -> 46298 | K5: =IF(1>MAX(Veri!$G$5:$G$2004),"",INDEX(Veri!$C$5:$C$2004,MATCH(1,Veri!$G$5:$G$2004,0))) -> Defter A4 | L5: =IF(K5="","",SUMIFS(Veri!$E$5:$E$2004,Veri!$C$5:$C$2004,K5)) -> 9660 | M5: =IF(K5="","",L5+ROW()/1000000000) -> 9660
A6: =IF(B6="","",2) -> 2 | B6: =IFERROR(INDEX($K$5:$K$204,MATCH(LARGE($M$5:$M$204,2),$M$5:$M$204,0)),"") -> Boya kalemi seti | C6: =IF(B6="","",SUMIFS(Veri!$D$5:$D$2004,Veri!$C$5:$C$2004,B6)) -> 149 | D6: =IF(B6="","",SUMIFS(Veri!$E$5:$E$2004,Veri!$C$5:$C$2004,B6)) -> 22350 | E6: =IF(B6="","",IF(SUM(Veri!$E$5:$E$2004)=0,0,D6/SUM(Veri!$E$5:$E$2004))) -> 0.1931553 | F6: =IF(B6="","",SUM(E$5:E6)) -> 0.58724397 | G6: =IF(B6="","",IF(F5<0.8,"A",IF(F5<0.95,"B","C"))) -> A | H6: =IF(OR(B6="",C6=0),"",D6/C6) -> 150 | I6: =IF(B6="","",SUMPRODUCT(MAX((Veri!$C$5:$C$2004=B6)*Veri!$A$5:$A$2004))) -> 46295 | K6: =IF(2>MAX(Veri!$G$5:$G$2004),"",INDEX(Veri!$C$5:$C$2004,MATCH(2,Veri!$G$5:$G$2004,0))) -> Klasör | L6: =IF(K6="","",SUMIFS(Veri!$E$5:$E$2004,Veri!$C$5:$C$2004,K6)) -> 11325 | M6: =IF(K6="","",L6+ROW()/1000000000) -> 11325
A7: =IF(B7="","",3) -> 3 | B7: =IFERROR(INDEX($K$5:$K$204,MATCH(LARGE($M$5:$M$204,3),$M$5:$M$204,0)),"") -> Hesap makinesi | C7: =IF(B7="","",SUMIFS(Veri!$D$5:$D$2004,Veri!$C$5:$C$2004,B7)) -> 62 | D7: =IF(B7="","",SUMIFS(Veri!$E$5:$E$2004,Veri!$C$5:$C$2004,B7)) -> 21700 | E7: =IF(B7="","",IF(SUM(Veri!$E$5:$E$2004)=0,0,D7/SUM(Veri!$E$5:$E$2004))) -> 0.18753781 | F7: =IF(B7="","",SUM(E$5:E7)) -> 0.77478178 | G7: =IF(B7="","",IF(F6<0.8,"A",IF(F6<0.95,"B","C"))) -> A | H7: =IF(OR(B7="",C7=0),"",D7/C7) -> 350 | I7: =IF(B7="","",SUMPRODUCT(MAX((Veri!$C$5:$C$2004=B7)*Veri!$A$5:$A$2004))) -> 46297 | K7: =IF(3>MAX(Veri!$G$5:$G$2004),"",INDEX(Veri!$C$5:$C$2004,MATCH(3,Veri!$G$5:$G$2004,0))) -> Hesap makinesi | L7: =IF(K7="","",SUMIFS(Veri!$E$5:$E$2004,Veri!$C$5:$C$2004,K7)) -> 21700 | M7: =IF(K7="","",L7+ROW()/1000000000) -> 21700
A8: =IF(B8="","",4) -> 4 | B8: =IFERROR(INDEX($K$5:$K$204,MATCH(LARGE($M$5:$M$204,4),$M$5:$M$204,0)),"") -> Klasör | C8: =IF(B8="","",SUMIFS(Veri!$D$5:$D$2004,Veri!$C$5:$C$2004,B8)) -> 151 | D8: =IF(B8="","",SUMIFS(Veri!$E$5:$E$2004,Veri!$C$5:$C$2004,B8)) -> 11325 | E8: =IF(B8="","",IF(SUM(Veri!$E$5:$E$2004)=0,0,D8/SUM(Veri!$E$5:$E$2004))) -> 0.097873995 | F8: =IF(B8="","",SUM(E$5:E8)) -> 0.87265578 | G8: =IF(B8="","",IF(F7<0.8,"A",IF(F7<0.95,"B","C"))) -> A | H8: =IF(OR(B8="",C8=0),"",D8/C8) -> 75 | I8: =IF(B8="","",SUMPRODUCT(MAX((Veri!$C$5:$C$2004=B8)*Veri!$A$5:$A$2004))) -> 46282 | K8: =IF(4>MAX(Veri!$G$5:$G$2004),"",INDEX(Veri!$C$5:$C$2004,MATCH(4,Veri!$G$5:$G$2004,0))) -> Fotokopi kâğıdı | L8: =IF(K8="","",SUMIFS(Veri!$E$5:$E$2004,Veri!$C$5:$C$2004,K8)) -> 45600 | M8: =IF(K8="","",L8+ROW()/1000000000) -> 45600
A9: =IF(B9="","",5) -> 5 | B9: =IFERROR(INDEX($K$5:$K$204,MATCH(LARGE($M$5:$M$204,5),$M$5:$M$204,0)),"") -> Defter A4 | C9: =IF(B9="","",SUMIFS(Veri!$D$5:$D$2004,Veri!$C$5:$C$2004,B9)) -> 161 | D9: =IF(B9="","",SUMIFS(Veri!$E$5:$E$2004,Veri!$C$5:$C$2004,B9)) -> 9660 | E9: =IF(B9="","",IF(SUM(Veri!$E$5:$E$2004)=0,0,D9/SUM(Veri!$E$5:$E$2004))) -> 0.083484574 | F9: =IF(B9="","",SUM(E$5:E9)) -> 0.95614035 | G9: =IF(B9="","",IF(F8<0.8,"A",IF(F8<0.95,"B","C"))) -> B | H9: =IF(OR(B9="",C9=0),"",D9/C9) -> 60 | I9: =IF(B9="","",SUMPRODUCT(MAX((Veri!$C$5:$C$2004=B9)*Veri!$A$5:$A$2004))) -> 46294 | K9: =IF(5>MAX(Veri!$G$5:$G$2004),"",INDEX(Veri!$C$5:$C$2004,MATCH(5,Veri!$G$5:$G$2004,0))) -> Tükenmez kalem | L9: =IF(K9="","",SUMIFS(Veri!$E$5:$E$2004,Veri!$C$5:$C$2004,K9)) -> 2055 | M9: =IF(K9="","",L9+ROW()/1000000000) -> 2055
A10: =IF(B10="","",6) -> 6 | B10: =IFERROR(INDEX($K$5:$K$204,MATCH(LARGE($M$5:$M$204,6),$M$5:$M$204,0)),"") -> Zımba | C10: =IF(B10="","",SUMIFS(Veri!$D$5:$D$2004,Veri!$C$5:$C$2004,B10)) -> 25 | D10: =IF(B10="","",SUMIFS(Veri!$E$5:$E$2004,Veri!$C$5:$C$2004,B10)) -> 3000 | E10: =IF(B10="","",IF(SUM(Veri!$E$5:$E$2004)=0,0,D10/SUM(Veri!$E$5:$E$2004))) -> 0.025926886 | F10: =IF(B10="","",SUM(E$5:E10)) -> 0.98206724 | G10: =IF(B10="","",IF(F9<0.8,"A",IF(F9<0.95,"B","C"))) -> C | H10: =IF(OR(B10="",C10=0),"",D10/C10) -> 120 | I10: =IF(B10="","",SUMPRODUCT(MAX((Veri!$C$5:$C$2004=B10)*Veri!$A$5:$A$2004))) -> 46280 | K10: =IF(6>MAX(Veri!$G$5:$G$2004),"",INDEX(Veri!$C$5:$C$2004,MATCH(6,Veri!$G$5:$G$2004,0))) -> Boya kalemi seti | L10: =IF(K10="","",SUMIFS(Veri!$E$5:$E$2004,Veri!$C$5:$C$2004,K10)) -> 22350 | M10: =IF(K10="","",L10+ROW()/1000000000) -> 22350
A11: =IF(B11="","",7) -> 7 | B11: =IFERROR(INDEX($K$5:$K$204,MATCH(LARGE($M$5:$M$204,7),$M$5:$M$204,0)),"") -> Tükenmez kalem | C11: =IF(B11="","",SUMIFS(Veri!$D$5:$D$2004,Veri!$C$5:$C$2004,B11)) -> 137 | D11: =IF(B11="","",SUMIFS(Veri!$E$5:$E$2004,Veri!$C$5:$C$2004,B11)) -> 2055 | E11: =IF(B11="","",IF(SUM(Veri!$E$5:$E$2004)=0,0,D11/SUM(Veri!$E$5:$E$2004))) -> 0.017759917 | F11: =IF(B11="","",SUM(E$5:E11)) -> 0.99982715 | G11: =IF(B11="","",IF(F10<0.8,"A",IF(F10<0.95,"B","C"))) -> C | H11: =IF(OR(B11="",C11=0),"",D11/C11) -> 15 | I11: =IF(B11="","",SUMPRODUCT(MAX((Veri!$C$5:$C$2004=B11)*Veri!$A$5:$A$2004))) -> 46298 | K11: =IF(7>MAX(Veri!$G$5:$G$2004),"",INDEX(Veri!$C$5:$C$2004,MATCH(7,Veri!$G$5:$G$2004,0))) -> Silgi | L11: =IF(K11="","",SUMIFS(Veri!$E$5:$E$2004,Veri!$C$5:$C$2004,K11)) -> 20 | M11: =IF(K11="","",L11+ROW()/1000000000) -> 20
A12: =IF(B12="","",8) -> 8 | B12: =IFERROR(INDEX($K$5:$K$204,MATCH(LARGE($M$5:$M$204,8),$M$5:$M$204,0)),"") -> Silgi | C12: =IF(B12="","",SUMIFS(Veri!$D$5:$D$2004,Veri!$C$5:$C$2004,B12)) -> 2 | D12: =IF(B12="","",SUMIFS(Veri!$E$5:$E$2004,Veri!$C$5:$C$2004,B12)) -> 20 | E12: =IF(B12="","",IF(SUM(Veri!$E$5:$E$2004)=0,0,D12/SUM(Veri!$E$5:$E$2004))) -> 0.00017284591 | F12: =IF(B12="","",SUM(E$5:E12)) -> 1 | G12: =IF(B12="","",IF(F11<0.8,"A",IF(F11<0.95,"B","C"))) -> C | H12: =IF(OR(B12="",C12=0),"",D12/C12) -> 10 | I12: =IF(B12="","",SUMPRODUCT(MAX((Veri!$C$5:$C$2004=B12)*Veri!$A$5:$A$2004))) -> 46256 | K12: =IF(8>MAX(Veri!$G$5:$G$2004),"",INDEX(Veri!$C$5:$C$2004,MATCH(8,Veri!$G$5:$G$2004,0))) -> Zımba | L12: =IF(K12="","",SUMIFS(Veri!$E$5:$E$2004,Veri!$C$5:$C$2004,K12)) -> 3000 | M12: =IF(K12="","",L12+ROW()/1000000000) -> 3000
A13: =IF(B13="","",9) | B13: =IFERROR(INDEX($K$5:$K$204,MATCH(LARGE($M$5:$M$204,9),$M$5:$M$204,0)),"") | C13: =IF(B13="","",SUMIFS(Veri!$D$5:$D$2004,Veri!$C$5:$C$2004,B13)) | D13: =IF(B13="","",SUMIFS(Veri!$E$5:$E$2004,Veri!$C$5:$C$2004,B13)) | E13: =IF(B13="","",IF(SUM(Veri!$E$5:$E$2004)=0,0,D13/SUM(Veri!$E$5:$E$2004))) | F13: =IF(B13="","",SUM(E$5:E13)) | G13: =IF(B13="","",IF(F12<0.8,"A",IF(F12<0.95,"B","C"))) | H13: =IF(OR(B13="",C13=0),"",D13/C13) | I13: =IF(B13="","",SUMPRODUCT(MAX((Veri!$C$5:$C$2004=B13)*Veri!$A$5:$A$2004))) | K13: =IF(9>MAX(Veri!$G$5:$G$2004),"",INDEX(Veri!$C$5:$C$2004,MATCH(9,Veri!$G$5:$G$2004,0))) | L13: =IF(K13="","",SUMIFS(Veri!$E$5:$E$2004,Veri!$C$5:$C$2004,K13)) | M13: =IF(K13="","",L13+ROW()/1000000000)
A14: =IF(B14="","",10) | B14: =IFERROR(INDEX($K$5:$K$204,MATCH(LARGE($M$5:$M$204,10),$M$5:$M$204,0)),"") | C14: =IF(B14="","",SUMIFS(Veri!$D$5:$D$2004,Veri!$C$5:$C$2004,B14)) | D14: =IF(B14="","",SUMIFS(Veri!$E$5:$E$2004,Veri!$C$5:$C$2004,B14)) | E14: =IF(B14="","",IF(SUM(Veri!$E$5:$E$2004)=0,0,D14/SUM(Veri!$E$5:$E$2004))) | F14: =IF(B14="","",SUM(E$5:E14)) | G14: =IF(B14="","",IF(F13<0.8,"A",IF(F13<0.95,"B","C"))) | H14: =IF(OR(B14="",C14=0),"",D14/C14) | I14: =IF(B14="","",SUMPRODUCT(MAX((Veri!$C$5:$C$2004=B14)*Veri!$A$5:$A$2004))) | K14: =IF(10>MAX(Veri!$G$5:$G$2004),"",INDEX(Veri!$C$5:$C$2004,MATCH(10,Veri!$G$5:$G$2004,0))) | L14: =IF(K14="","",SUMIFS(Veri!$E$5:$E$2004,Veri!$C$5:$C$2004,K14)) | M14: =IF(K14="","",L14+ROW()/1000000000)
A15: =IF(B15="","",11) | B15: =IFERROR(INDEX($K$5:$K$204,MATCH(LARGE($M$5:$M$204,11),$M$5:$M$204,0)),"") | C15: =IF(B15="","",SUMIFS(Veri!$D$5:$D$2004,Veri!$C$5:$C$2004,B15)) | D15: =IF(B15="","",SUMIFS(Veri!$E$5:$E$2004,Veri!$C$5:$C$2004,B15)) | E15: =IF(B15="","",IF(SUM(Veri!$E$5:$E$2004)=0,0,D15/SUM(Veri!$E$5:$E$2004))) | F15: =IF(B15="","",SUM(E$5:E15)) | G15: =IF(B15="","",IF(F14<0.8,"A",IF(F14<0.95,"B","C"))) | H15: =IF(OR(B15="",C15=0),"",D15/C15) | I15: =IF(B15="","",SUMPRODUCT(MAX((Veri!$C$5:$C$2004=B15)*Veri!$A$5:$A$2004))) | K15: =IF(11>MAX(Veri!$G$5:$G$2004),"",INDEX(Veri!$C$5:$C$2004,MATCH(11,Veri!$G$5:$G$2004,0))) | L15: =IF(K15="","",SUMIFS(Veri!$E$5:$E$2004,Veri!$C$5:$C$2004,K15)) | M15: =IF(K15="","",L15+ROW()/1000000000)
A16: =IF(B16="","",12) | B16: =IFERROR(INDEX($K$5:$K$204,MATCH(LARGE($M$5:$M$204,12),$M$5:$M$204,0)),"") | C16: =IF(B16="","",SUMIFS(Veri!$D$5:$D$2004,Veri!$C$5:$C$2004,B16)) | D16: =IF(B16="","",SUMIFS(Veri!$E$5:$E$2004,Veri!$C$5:$C$2004,B16)) | E16: =IF(B16="","",IF(SUM(Veri!$E$5:$E$2004)=0,0,D16/SUM(Veri!$E$5:$E$2004))) | F16: =IF(B16="","",SUM(E$5:E16)) | G16: =IF(B16="","",IF(F15<0.8,"A",IF(F15<0.95,"B","C"))) | H16: =IF(OR(B16="",C16=0),"",D16/C16) | I16: =IF(B16="","",SUMPRODUCT(MAX((Veri!$C$5:$C$2004=B16)*Veri!$A$5:$A$2004))) | K16: =IF(12>MAX(Veri!$G$5:$G$2004),"",INDEX(Veri!$C$5:$C$2004,MATCH(12,Veri!$G$5:$G$2004,0))) | L16: =IF(K16="","",SUMIFS(Veri!$E$5:$E$2004,Veri!$C$5:$C$2004,K16)) | M16: =IF(K16="","",L16+ROW()/1000000000)
A17: =IF(B17="","",13) | B17: =IFERROR(INDEX($K$5:$K$204,MATCH(LARGE($M$5:$M$204,13),$M$5:$M$204,0)),"") | C17: =IF(B17="","",SUMIFS(Veri!$D$5:$D$2004,Veri!$C$5:$C$2004,B17)) | D17: =IF(B17="","",SUMIFS(Veri!$E$5:$E$2004,Veri!$C$5:$C$2004,B17)) | E17: =IF(B17="","",IF(SUM(Veri!$E$5:$E$2004)=0,0,D17/SUM(Veri!$E$5:$E$2004))) | F17: =IF(B17="","",SUM(E$5:E17)) | G17: =IF(B17="","",IF(F16<0.8,"A",IF(F16<0.95,"B","C"))) | H17: =IF(OR(B17="",C17=0),"",D17/C17) | I17: =IF(B17="","",SUMPRODUCT(MAX((Veri!$C$5:$C$2004=B17)*Veri!$A$5:$A$2004))) | K17: =IF(13>MAX(Veri!$G$5:$G$2004),"",INDEX(Veri!$C$5:$C$2004,MATCH(13,Veri!$G$5:$G$2004,0))) | L17: =IF(K17="","",SUMIFS(Veri!$E$5:$E$2004,Veri!$C$5:$C$2004,K17)) | M17: =IF(K17="","",L17+ROW()/1000000000)
A18: =IF(B18="","",14) | B18: =IFERROR(INDEX($K$5:$K$204,MATCH(LARGE($M$5:$M$204,14),$M$5:$M$204,0)),"") | C18: =IF(B18="","",SUMIFS(Veri!$D$5:$D$2004,Veri!$C$5:$C$2004,B18)) | D18: =IF(B18="","",SUMIFS(Veri!$E$5:$E$2004,Veri!$C$5:$C$2004,B18)) | E18: =IF(B18="","",IF(SUM(Veri!$E$5:$E$2004)=0,0,D18/SUM(Veri!$E$5:$E$2004))) | F18: =IF(B18="","",SUM(E$5:E18)) | G18: =IF(B18="","",IF(F17<0.8,"A",IF(F17<0.95,"B","C"))) | H18: =IF(OR(B18="",C18=0),"",D18/C18) | I18: =IF(B18="","",SUMPRODUCT(MAX((Veri!$C$5:$C$2004=B18)*Veri!$A$5:$A$2004))) | K18: =IF(14>MAX(Veri!$G$5:$G$2004),"",INDEX(Veri!$C$5:$C$2004,MATCH(14,Veri!$G$5:$G$2004,0))) | L18: =IF(K18="","",SUMIFS(Veri!$E$5:$E$2004,Veri!$C$5:$C$2004,K18)) | M18: =IF(K18="","",L18+ROW()/1000000000)
A19: =IF(B19="","",15) | B19: =IFERROR(INDEX($K$5:$K$204,MATCH(LARGE($M$5:$M$204,15),$M$5:$M$204,0)),"") | C19: =IF(B19="","",SUMIFS(Veri!$D$5:$D$2004,Veri!$C$5:$C$2004,B19)) | D19: =IF(B19="","",SUMIFS(Veri!$E$5:$E$2004,Veri!$C$5:$C$2004,B19)) | E19: =IF(B19="","",IF(SUM(Veri!$E$5:$E$2004)=0,0,D19/SUM(Veri!$E$5:$E$2004))) | F19: =IF(B19="","",SUM(E$5:E19)) | G19: =IF(B19="","",IF(F18<0.8,"A",IF(F18<0.95,"B","C"))) | H19: =IF(OR(B19="",C19=0),"",D19/C19) | I19: =IF(B19="","",SUMPRODUCT(MAX((Veri!$C$5:$C$2004=B19)*Veri!$A$5:$A$2004))) | K19: =IF(15>MAX(Veri!$G$5:$G$2004),"",INDEX(Veri!$C$5:$C$2004,MATCH(15,Veri!$G$5:$G$2004,0))) | L19: =IF(K19="","",SUMIFS(Veri!$E$5:$E$2004,Veri!$C$5:$C$2004,K19)) | M19: =IF(K19="","",L19+ROW()/1000000000)
A20: =IF(B20="","",16) | B20: =IFERROR(INDEX($K$5:$K$204,MATCH(LARGE($M$5:$M$204,16),$M$5:$M$204,0)),"") | C20: =IF(B20="","",SUMIFS(Veri!$D$5:$D$2004,Veri!$C$5:$C$2004,B20)) | D20: =IF(B20="","",SUMIFS(Veri!$E$5:$E$2004,Veri!$C$5:$C$2004,B20)) | E20: =IF(B20="","",IF(SUM(Veri!$E$5:$E$2004)=0,0,D20/SUM(Veri!$E$5:$E$2004))) | F20: =IF(B20="","",SUM(E$5:E20)) | G20: =IF(B20="","",IF(F19<0.8,"A",IF(F19<0.95,"B","C"))) | H20: =IF(OR(B20="",C20=0),"",D20/C20) | I20: =IF(B20="","",SUMPRODUCT(MAX((Veri!$C$5:$C$2004=B20)*Veri!$A$5:$A$2004))) | K20: =IF(16>MAX(Veri!$G$5:$G$2004),"",INDEX(Veri!$C$5:$C$2004,MATCH(16,Veri!$G$5:$G$2004,0))) | L20: =IF(K20="","",SUMIFS(Veri!$E$5:$E$2004,Veri!$C$5:$C$2004,K20)) | M20: =IF(K20="","",L20+ROW()/1000000000)
A21: =IF(B21="","",17) | B21: =IFERROR(INDEX($K$5:$K$204,MATCH(LARGE($M$5:$M$204,17),$M$5:$M$204,0)),"") | C21: =IF(B21="","",SUMIFS(Veri!$D$5:$D$2004,Veri!$C$5:$C$2004,B21)) | D21: =IF(B21="","",SUMIFS(Veri!$E$5:$E$2004,Veri!$C$5:$C$2004,B21)) | E21: =IF(B21="","",IF(SUM(Veri!$E$5:$E$2004)=0,0,D21/SUM(Veri!$E$5:$E$2004))) | F21: =IF(B21="","",SUM(E$5:E21)) | G21: =IF(B21="","",IF(F20<0.8,"A",IF(F20<0.95,"B","C"))) | H21: =IF(OR(B21="",C21=0),"",D21/C21) | I21: =IF(B21="","",SUMPRODUCT(MAX((Veri!$C$5:$C$2004=B21)*Veri!$A$5:$A$2004))) | K21: =IF(17>MAX(Veri!$G$5:$G$2004),"",INDEX(Veri!$C$5:$C$2004,MATCH(17,Veri!$G$5:$G$2004,0))) | L21: =IF(K21="","",SUMIFS(Veri!$E$5:$E$2004,Veri!$C$5:$C$2004,K21)) | M21: =IF(K21="","",L21+ROW()/1000000000)
A22: =IF(B22="","",18) | B22: =IFERROR(INDEX($K$5:$K$204,MATCH(LARGE($M$5:$M$204,18),$M$5:$M$204,0)),"") | C22: =IF(B22="","",SUMIFS(Veri!$D$5:$D$2004,Veri!$C$5:$C$2004,B22)) | D22: =IF(B22="","",SUMIFS(Veri!$E$5:$E$2004,Veri!$C$5:$C$2004,B22)) | E22: =IF(B22="","",IF(SUM(Veri!$E$5:$E$2004)=0,0,D22/SUM(Veri!$E$5:$E$2004))) | F22: =IF(B22="","",SUM(E$5:E22)) | G22: =IF(B22="","",IF(F21<0.8,"A",IF(F21<0.95,"B","C"))) | H22: =IF(OR(B22="",C22=0),"",D22/C22) | I22: =IF(B22="","",SUMPRODUCT(MAX((Veri!$C$5:$C$2004=B22)*Veri!$A$5:$A$2004))) | K22: =IF(18>MAX(Veri!$G$5:$G$2004),"",INDEX(Veri!$C$5:$C$2004,MATCH(18,Veri!$G$5:$G$2004,0))) | L22: =IF(K22="","",SUMIFS(Veri!$E$5:$E$2004,Veri!$C$5:$C$2004,K22)) | M22: =IF(K22="","",L22+ROW()/1000000000)
A23: =IF(B23="","",19) | B23: =IFERROR(INDEX($K$5:$K$204,MATCH(LARGE($M$5:$M$204,19),$M$5:$M$204,0)),"") | C23: =IF(B23="","",SUMIFS(Veri!$D$5:$D$2004,Veri!$C$5:$C$2004,B23)) | D23: =IF(B23="","",SUMIFS(Veri!$E$5:$E$2004,Veri!$C$5:$C$2004,B23)) | E23: =IF(B23="","",IF(SUM(Veri!$E$5:$E$2004)=0,0,D23/SUM(Veri!$E$5:$E$2004))) | F23: =IF(B23="","",SUM(E$5:E23)) | G23: =IF(B23="","",IF(F22<0.8,"A",IF(F22<0.95,"B","C"))) | H23: =IF(OR(B23="",C23=0),"",D23/C23) | I23: =IF(B23="","",SUMPRODUCT(MAX((Veri!$C$5:$C$2004=B23)*Veri!$A$5:$A$2004))) | K23: =IF(19>MAX(Veri!$G$5:$G$2004),"",INDEX(Veri!$C$5:$C$2004,MATCH(19,Veri!$G$5:$G$2004,0))) | L23: =IF(K23="","",SUMIFS(Veri!$E$5:$E$2004,Veri!$C$5:$C$2004,K23)) | M23: =IF(K23="","",L23+ROW()/1000000000)
A24: =IF(B24="","",20) | B24: =IFERROR(INDEX($K$5:$K$204,MATCH(LARGE($M$5:$M$204,20),$M$5:$M$204,0)),"") | C24: =IF(B24="","",SUMIFS(Veri!$D$5:$D$2004,Veri!$C$5:$C$2004,B24)) | D24: =IF(B24="","",SUMIFS(Veri!$E$5:$E$2004,Veri!$C$5:$C$2004,B24)) | E24: =IF(B24="","",IF(SUM(Veri!$E$5:$E$2004)=0,0,D24/SUM(Veri!$E$5:$E$2004))) | F24: =IF(B24="","",SUM(E$5:E24)) | G24: =IF(B24="","",IF(F23<0.8,"A",IF(F23<0.95,"B","C"))) | H24: =IF(OR(B24="",C24=0),"",D24/C24) | I24: =IF(B24="","",SUMPRODUCT(MAX((Veri!$C$5:$C$2004=B24)*Veri!$A$5:$A$2004))) | K24: =IF(20>MAX(Veri!$G$5:$G$2004),"",INDEX(Veri!$C$5:$C$2004,MATCH(20,Veri!$G$5:$G$2004,0))) | L24: =IF(K24="","",SUMIFS(Veri!$E$5:$E$2004,Veri!$C$5:$C$2004,K24)) | M24: =IF(K24="","",L24+ROW()/1000000000)
A25: =IF(B25="","",21) | B25: =IFERROR(INDEX($K$5:$K$204,MATCH(LARGE($M$5:$M$204,21),$M$5:$M$204,0)),"") | C25: =IF(B25="","",SUMIFS(Veri!$D$5:$D$2004,Veri!$C$5:$C$2004,B25)) | D25: =IF(B25="","",SUMIFS(Veri!$E$5:$E$2004,Veri!$C$5:$C$2004,B25)) | E25: =IF(B25="","",IF(SUM(Veri!$E$5:$E$2004)=0,0,D25/SUM(Veri!$E$5:$E$2004))) | F25: =IF(B25="","",SUM(E$5:E25)) | G25: =IF(B25="","",IF(F24<0.8,"A",IF(F24<0.95,"B","C"))) | H25: =IF(OR(B25="",C25=0),"",D25/C25) | I25: =IF(B25="","",SUMPRODUCT(MAX((Veri!$C$5:$C$2004=B25)*Veri!$A$5:$A$2004))) | K25: =IF(21>MAX(Veri!$G$5:$G$2004),"",INDEX(Veri!$C$5:$C$2004,MATCH(21,Veri!$G$5:$G$2004,0))) | L25: =IF(K25="","",SUMIFS(Veri!$E$5:$E$2004,Veri!$C$5:$C$2004,K25)) | M25: =IF(K25="","",L25+ROW()/1000000000)
A26: =IF(B26="","",22) | B26: =IFERROR(INDEX($K$5:$K$204,MATCH(LARGE($M$5:$M$204,22),$M$5:$M$204,0)),"") | C26: =IF(B26="","",SUMIFS(Veri!$D$5:$D$2004,Veri!$C$5:$C$2004,B26)) | D26: =IF(B26="","",SUMIFS(Veri!$E$5:$E$2004,Veri!$C$5:$C$2004,B26)) | E26: =IF(B26="","",IF(SUM(Veri!$E$5:$E$2004)=0,0,D26/SUM(Veri!$E$5:$E$2004))) | F26: =IF(B26="","",SUM(E$5:E26)) | G26: =IF(B26="","",IF(F25<0.8,"A",IF(F25<0.95,"B","C"))) | H26: =IF(OR(B26="",C26=0),"",D26/C26) | I26: =IF(B26="","",SUMPRODUCT(MAX((Veri!$C$5:$C$2004=B26)*Veri!$A$5:$A$2004))) | K26: =IF(22>MAX(Veri!$G$5:$G$2004),"",INDEX(Veri!$C$5:$C$2004,MATCH(22,Veri!$G$5:$G$2004,0))) | L26: =IF(K26="","",SUMIFS(Veri!$E$5:$E$2004,Veri!$C$5:$C$2004,K26)) | M26: =IF(K26="","",L26+ROW()/1000000000)
A27: =IF(B27="","",23) | B27: =IFERROR(INDEX($K$5:$K$204,MATCH(LARGE($M$5:$M$204,23),$M$5:$M$204,0)),"") | C27: =IF(B27="","",SUMIFS(Veri!$D$5:$D$2004,Veri!$C$5:$C$2004,B27)) | D27: =IF(B27="","",SUMIFS(Veri!$E$5:$E$2004,Veri!$C$5:$C$2004,B27)) | E27: =IF(B27="","",IF(SUM(Veri!$E$5:$E$2004)=0,0,D27/SUM(Veri!$E$5:$E$2004))) | F27: =IF(B27="","",SUM(E$5:E27)) | G27: =IF(B27="","",IF(F26<0.8,"A",IF(F26<0.95,"B","C"))) | H27: =IF(OR(B27="",C27=0),"",D27/C27) | I27: =IF(B27="","",SUMPRODUCT(MAX((Veri!$C$5:$C$2004=B27)*Veri!$A$5:$A$2004))) | K27: =IF(23>MAX(Veri!$G$5:$G$2004),"",INDEX(Veri!$C$5:$C$2004,MATCH(23,Veri!$G$5:$G$2004,0))) | L27: =IF(K27="","",SUMIFS(Veri!$E$5:$E$2004,Veri!$C$5:$C$2004,K27)) | M27: =IF(K27="","",L27+ROW()/1000000000)
A28: =IF(B28="","",24) | B28: =IFERROR(INDEX($K$5:$K$204,MATCH(LARGE($M$5:$M$204,24),$M$5:$M$204,0)),"") | C28: =IF(B28="","",SUMIFS(Veri!$D$5:$D$2004,Veri!$C$5:$C$2004,B28)) | D28: =IF(B28="","",SUMIFS(Veri!$E$5:$E$2004,Veri!$C$5:$C$2004,B28)) | E28: =IF(B28="","",IF(SUM(Veri!$E$5:$E$2004)=0,0,D28/SUM(Veri!$E$5:$E$2004))) | F28: =IF(B28="","",SUM(E$5:E28)) | G28: =IF(B28="","",IF(F27<0.8,"A",IF(F27<0.95,"B","C"))) | H28: =IF(OR(B28="",C28=0),"",D28/C28) | I28: =IF(B28="","",SUMPRODUCT(MAX((Veri!$C$5:$C$2004=B28)*Veri!$A$5:$A$2004))) | K28: =IF(24>MAX(Veri!$G$5:$G$2004),"",INDEX(Veri!$C$5:$C$2004,MATCH(24,Veri!$G$5:$G$2004,0))) | L28: =IF(K28="","",SUMIFS(Veri!$E$5:$E$2004,Veri!$C$5:$C$2004,K28)) | M28: =IF(K28="","",L28+ROW()/1000000000)
A29: =IF(B29="","",25) | B29: =IFERROR(INDEX($K$5:$K$204,MATCH(LARGE($M$5:$M$204,25),$M$5:$M$204,0)),"") | C29: =IF(B29="","",SUMIFS(Veri!$D$5:$D$2004,Veri!$C$5:$C$2004,B29)) | D29: =IF(B29="","",SUMIFS(Veri!$E$5:$E$2004,Veri!$C$5:$C$2004,B29)) | E29: =IF(B29="","",IF(SUM(Veri!$E$5:$E$2004)=0,0,D29/SUM(Veri!$E$5:$E$2004))) | F29: =IF(B29="","",SUM(E$5:E29)) | G29: =IF(B29="","",IF(F28<0.8,"A",IF(F28<0.95,"B","C"))) | H29: =IF(OR(B29="",C29=0),"",D29/C29) | I29: =IF(B29="","",SUMPRODUCT(MAX((Veri!$C$5:$C$2004=B29)*Veri!$A$5:$A$2004))) | K29: =IF(25>MAX(Veri!$G$5:$G$2004),"",INDEX(Veri!$C$5:$C$2004,MATCH(25,Veri!$G$5:$G$2004,0))) | L29: =IF(K29="","",SUMIFS(Veri!$E$5:$E$2004,Veri!$C$5:$C$2004,K29)) | M29: =IF(K29="","",L29+ROW()/1000000000)
A30: =IF(B30="","",26) | B30: =IFERROR(INDEX($K$5:$K$204,MATCH(LARGE($M$5:$M$204,26),$M$5:$M$204,0)),"") | C30: =IF(B30="","",SUMIFS(Veri!$D$5:$D$2004,Veri!$C$5:$C$2004,B30)) | D30: =IF(B30="","",SUMIFS(Veri!$E$5:$E$2004,Veri!$C$5:$C$2004,B30)) | E30: =IF(B30="","",IF(SUM(Veri!$E$5:$E$2004)=0,0,D30/SUM(Veri!$E$5:$E$2004))) | F30: =IF(B30="","",SUM(E$5:E30)) | G30: =IF(B30="","",IF(F29<0.8,"A",IF(F29<0.95,"B","C"))) | H30: =IF(OR(B30="",C30=0),"",D30/C30) | I30: =IF(B30="","",SUMPRODUCT(MAX((Veri!$C$5:$C$2004=B30)*Veri!$A$5:$A$2004))) | K30: =IF(26>MAX(Veri!$G$5:$G$2004),"",INDEX(Veri!$C$5:$C$2004,MATCH(26,Veri!$G$5:$G$2004,0))) | L30: =IF(K30="","",SUMIFS(Veri!$E$5:$E$2004,Veri!$C$5:$C$2004,K30)) | M30: =IF(K30="","",L30+ROW()/1000000000)
A31: =IF(B31="","",27) | B31: =IFERROR(INDEX($K$5:$K$204,MATCH(LARGE($M$5:$M$204,27),$M$5:$M$204,0)),"") | C31: =IF(B31="","",SUMIFS(Veri!$D$5:$D$2004,Veri!$C$5:$C$2004,B31)) | D31: =IF(B31="","",SUMIFS(Veri!$E$5:$E$2004,Veri!$C$5:$C$2004,B31)) | E31: =IF(B31="","",IF(SUM(Veri!$E$5:$E$2004)=0,0,D31/SUM(Veri!$E$5:$E$2004))) | F31: =IF(B31="","",SUM(E$5:E31)) | G31: =IF(B31="","",IF(F30<0.8,"A",IF(F30<0.95,"B","C"))) | H31: =IF(OR(B31="",C31=0),"",D31/C31) | I31: =IF(B31="","",SUMPRODUCT(MAX((Veri!$C$5:$C$2004=B31)*Veri!$A$5:$A$2004))) | K31: =IF(27>MAX(Veri!$G$5:$G$2004),"",INDEX(Veri!$C$5:$C$2004,MATCH(27,Veri!$G$5:$G$2004,0))) | L31: =IF(K31="","",SUMIFS(Veri!$E$5:$E$2004,Veri!$C$5:$C$2004,K31)) | M31: =IF(K31="","",L31+ROW()/1000000000)
A32: =IF(B32="","",28) | B32: =IFERROR(INDEX($K$5:$K$204,MATCH(LARGE($M$5:$M$204,28),$M$5:$M$204,0)),"") | C32: =IF(B32="","",SUMIFS(Veri!$D$5:$D$2004,Veri!$C$5:$C$2004,B32)) | D32: =IF(B32="","",SUMIFS(Veri!$E$5:$E$2004,Veri!$C$5:$C$2004,B32)) | E32: =IF(B32="","",IF(SUM(Veri!$E$5:$E$2004)=0,0,D32/SUM(Veri!$E$5:$E$2004))) | F32: =IF(B32="","",SUM(E$5:E32)) | G32: =IF(B32="","",IF(F31<0.8,"A",IF(F31<0.95,"B","C"))) | H32: =IF(OR(B32="",C32=0),"",D32/C32) | I32: =IF(B32="","",SUMPRODUCT(MAX((Veri!$C$5:$C$2004=B32)*Veri!$A$5:$A$2004))) | K32: =IF(28>MAX(Veri!$G$5:$G$2004),"",INDEX(Veri!$C$5:$C$2004,MATCH(28,Veri!$G$5:$G$2004,0))) | L32: =IF(K32="","",SUMIFS(Veri!$E$5:$E$2004,Veri!$C$5:$C$2004,K32)) | M32: =IF(K32="","",L32+ROW()/1000000000)
A33: =IF(B33="","",29) | B33: =IFERROR(INDEX($K$5:$K$204,MATCH(LARGE($M$5:$M$204,29),$M$5:$M$204,0)),"") | C33: =IF(B33="","",SUMIFS(Veri!$D$5:$D$2004,Veri!$C$5:$C$2004,B33)) | D33: =IF(B33="","",SUMIFS(Veri!$E$5:$E$2004,Veri!$C$5:$C$2004,B33)) | E33: =IF(B33="","",IF(SUM(Veri!$E$5:$E$2004)=0,0,D33/SUM(Veri!$E$5:$E$2004))) | F33: =IF(B33="","",SUM(E$5:E33)) | G33: =IF(B33="","",IF(F32<0.8,"A",IF(F32<0.95,"B","C"))) | H33: =IF(OR(B33="",C33=0),"",D33/C33) | I33: =IF(B33="","",SUMPRODUCT(MAX((Veri!$C$5:$C$2004=B33)*Veri!$A$5:$A$2004))) | K33: =IF(29>MAX(Veri!$G$5:$G$2004),"",INDEX(Veri!$C$5:$C$2004,MATCH(29,Veri!$G$5:$G$2004,0))) | L33: =IF(K33="","",SUMIFS(Veri!$E$5:$E$2004,Veri!$C$5:$C$2004,K33)) | M33: =IF(K33="","",L33+ROW()/1000000000)
A34: =IF(B34="","",30) | B34: =IFERROR(INDEX($K$5:$K$204,MATCH(LARGE($M$5:$M$204,30),$M$5:$M$204,0)),"") | C34: =IF(B34="","",SUMIFS(Veri!$D$5:$D$2004,Veri!$C$5:$C$2004,B34)) | D34: =IF(B34="","",SUMIFS(Veri!$E$5:$E$2004,Veri!$C$5:$C$2004,B34)) | E34: =IF(B34="","",IF(SUM(Veri!$E$5:$E$2004)=0,0,D34/SUM(Veri!$E$5:$E$2004))) | F34: =IF(B34="","",SUM(E$5:E34)) | G34: =IF(B34="","",IF(F33<0.8,"A",IF(F33<0.95,"B","C"))) | H34: =IF(OR(B34="",C34=0),"",D34/C34) | I34: =IF(B34="","",SUMPRODUCT(MAX((Veri!$C$5:$C$2004=B34)*Veri!$A$5:$A$2004))) | K34: =IF(30>MAX(Veri!$G$5:$G$2004),"",INDEX(Veri!$C$5:$C$2004,MATCH(30,Veri!$G$5:$G$2004,0))) | L34: =IF(K34="","",SUMIFS(Veri!$E$5:$E$2004,Veri!$C$5:$C$2004,K34)) | M34: =IF(K34="","",L34+ROW()/1000000000)
A35: =IF(B35="","",31) | B35: =IFERROR(INDEX($K$5:$K$204,MATCH(LARGE($M$5:$M$204,31),$M$5:$M$204,0)),"") | C35: =IF(B35="","",SUMIFS(Veri!$D$5:$D$2004,Veri!$C$5:$C$2004,B35)) | D35: =IF(B35="","",SUMIFS(Veri!$E$5:$E$2004,Veri!$C$5:$C$2004,B35)) | E35: =IF(B35="","",IF(SUM(Veri!$E$5:$E$2004)=0,0,D35/SUM(Veri!$E$5:$E$2004))) | F35: =IF(B35="","",SUM(E$5:E35)) | G35: =IF(B35="","",IF(F34<0.8,"A",IF(F34<0.95,"B","C"))) | H35: =IF(OR(B35="",C35=0),"",D35/C35) | I35: =IF(B35="","",SUMPRODUCT(MAX((Veri!$C$5:$C$2004=B35)*Veri!$A$5:$A$2004))) | K35: =IF(31>MAX(Veri!$G$5:$G$2004),"",INDEX(Veri!$C$5:$C$2004,MATCH(31,Veri!$G$5:$G$2004,0))) | L35: =IF(K35="","",SUMIFS(Veri!$E$5:$E$2004,Veri!$C$5:$C$2004,K35)) | M35: =IF(K35="","",L35+ROW()/1000000000)
A36: =IF(B36="","",32) | B36: =IFERROR(INDEX($K$5:$K$204,MATCH(LARGE($M$5:$M$204,32),$M$5:$M$204,0)),"") | C36: =IF(B36="","",SUMIFS(Veri!$D$5:$D$2004,Veri!$C$5:$C$2004,B36)) | D36: =IF(B36="","",SUMIFS(Veri!$E$5:$E$2004,Veri!$C$5:$C$2004,B36)) | E36: =IF(B36="","",IF(SUM(Veri!$E$5:$E$2004)=0,0,D36/SUM(Veri!$E$5:$E$2004))) | F36: =IF(B36="","",SUM(E$5:E36)) | G36: =IF(B36="","",IF(F35<0.8,"A",IF(F35<0.95,"B","C"))) | H36: =IF(OR(B36="",C36=0),"",D36/C36) | I36: =IF(B36="","",SUMPRODUCT(MAX((Veri!$C$5:$C$2004=B36)*Veri!$A$5:$A$2004))) | K36: =IF(32>MAX(Veri!$G$5:$G$2004),"",INDEX(Veri!$C$5:$C$2004,MATCH(32,Veri!$G$5:$G$2004,0))) | L36: =IF(K36="","",SUMIFS(Veri!$E$5:$E$2004,Veri!$C$5:$C$2004,K36)) | M36: =IF(K36="","",L36+ROW()/1000000000)
A37: =IF(B37="","",33) | B37: =IFERROR(INDEX($K$5:$K$204,MATCH(LARGE($M$5:$M$204,33),$M$5:$M$204,0)),"") | C37: =IF(B37="","",SUMIFS(Veri!$D$5:$D$2004,Veri!$C$5:$C$2004,B37)) | D37: =IF(B37="","",SUMIFS(Veri!$E$5:$E$2004,Veri!$C$5:$C$2004,B37)) | E37: =IF(B37="","",IF(SUM(Veri!$E$5:$E$2004)=0,0,D37/SUM(Veri!$E$5:$E$2004))) | F37: =IF(B37="","",SUM(E$5:E37)) | G37: =IF(B37="","",IF(F36<0.8,"A",IF(F36<0.95,"B","C"))) | H37: =IF(OR(B37="",C37=0),"",D37/C37) | I37: =IF(B37="","",SUMPRODUCT(MAX((Veri!$C$5:$C$2004=B37)*Veri!$A$5:$A$2004))) | K37: =IF(33>MAX(Veri!$G$5:$G$2004),"",INDEX(Veri!$C$5:$C$2004,MATCH(33,Veri!$G$5:$G$2004,0))) | L37: =IF(K37="","",SUMIFS(Veri!$E$5:$E$2004,Veri!$C$5:$C$2004,K37)) | M37: =IF(K37="","",L37+ROW()/1000000000)
A38: =IF(B38="","",34) | B38: =IFERROR(INDEX($K$5:$K$204,MATCH(LARGE($M$5:$M$204,34),$M$5:$M$204,0)),"") | C38: =IF(B38="","",SUMIFS(Veri!$D$5:$D$2004,Veri!$C$5:$C$2004,B38)) | D38: =IF(B38="","",SUMIFS(Veri!$E$5:$E$2004,Veri!$C$5:$C$2004,B38)) | E38: =IF(B38="","",IF(SUM(Veri!$E$5:$E$2004)=0,0,D38/SUM(Veri!$E$5:$E$2004))) | F38: =IF(B38="","",SUM(E$5:E38)) | G38: =IF(B38="","",IF(F37<0.8,"A",IF(F37<0.95,"B","C"))) | H38: =IF(OR(B38="",C38=0),"",D38/C38) | I38: =IF(B38="","",SUMPRODUCT(MAX((Veri!$C$5:$C$2004=B38)*Veri!$A$5:$A$2004))) | K38: =IF(34>MAX(Veri!$G$5:$G$2004),"",INDEX(Veri!$C$5:$C$2004,MATCH(34,Veri!$G$5:$G$2004,0))) | L38: =IF(K38="","",SUMIFS(Veri!$E$5:$E$2004,Veri!$C$5:$C$2004,K38)) | M38: =IF(K38="","",L38+ROW()/1000000000)
A39: =IF(B39="","",35) | B39: =IFERROR(INDEX($K$5:$K$204,MATCH(LARGE($M$5:$M$204,35),$M$5:$M$204,0)),"") | C39: =IF(B39="","",SUMIFS(Veri!$D$5:$D$2004,Veri!$C$5:$C$2004,B39)) | D39: =IF(B39="","",SUMIFS(Veri!$E$5:$E$2004,Veri!$C$5:$C$2004,B39)) | E39: =IF(B39="","",IF(SUM(Veri!$E$5:$E$2004)=0,0,D39/SUM(Veri!$E$5:$E$2004))) | F39: =IF(B39="","",SUM(E$5:E39)) | G39: =IF(B39="","",IF(F38<0.8,"A",IF(F38<0.95,"B","C"))) | H39: =IF(OR(B39="",C39=0),"",D39/C39) | I39: =IF(B39="","",SUMPRODUCT(MAX((Veri!$C$5:$C$2004=B39)*Veri!$A$5:$A$2004))) | K39: =IF(35>MAX(Veri!$G$5:$G$2004),"",INDEX(Veri!$C$5:$C$2004,MATCH(35,Veri!$G$5:$G$2004,0))) | L39: =IF(K39="","",SUMIFS(Veri!$E$5:$E$2004,Veri!$C$5:$C$2004,K39)) | M39: =IF(K39="","",L39+ROW()/1000000000)
A40: =IF(B40="","",36) | B40: =IFERROR(INDEX($K$5:$K$204,MATCH(LARGE($M$5:$M$204,36),$M$5:$M$204,0)),"") | C40: =IF(B40="","",SUMIFS(Veri!$D$5:$D$2004,Veri!$C$5:$C$2004,B40)) | D40: =IF(B40="","",SUMIFS(Veri!$E$5:$E$2004,Veri!$C$5:$C$2004,B40)) | E40: =IF(B40="","",IF(SUM(Veri!$E$5:$E$2004)=0,0,D40/SUM(Veri!$E$5:$E$2004))) | F40: =IF(B40="","",SUM(E$5:E40)) | G40: =IF(B40="","",IF(F39<0.8,"A",IF(F39<0.95,"B","C"))) | H40: =IF(OR(B40="",C40=0),"",D40/C40) | I40: =IF(B40="","",SUMPRODUCT(MAX((Veri!$C$5:$C$2004=B40)*Veri!$A$5:$A$2004))) | K40: =IF(36>MAX(Veri!$G$5:$G$2004),"",INDEX(Veri!$C$5:$C$2004,MATCH(36,Veri!$G$5:$G$2004,0))) | L40: =IF(K40="","",SUMIFS(Veri!$E$5:$E$2004,Veri!$C$5:$C$2004,K40)) | M40: =IF(K40="","",L40+ROW()/1000000000)
A41: =IF(B41="","",37) | B41: =IFERROR(INDEX($K$5:$K$204,MATCH(LARGE($M$5:$M$204,37),$M$5:$M$204,0)),"") | C41: =IF(B41="","",SUMIFS(Veri!$D$5:$D$2004,Veri!$C$5:$C$2004,B41)) | D41: =IF(B41="","",SUMIFS(Veri!$E$5:$E$2004,Veri!$C$5:$C$2004,B41)) | E41: =IF(B41="","",IF(SUM(Veri!$E$5:$E$2004)=0,0,D41/SUM(Veri!$E$5:$E$2004))) | F41: =IF(B41="","",SUM(E$5:E41)) | G41: =IF(B41="","",IF(F40<0.8,"A",IF(F40<0.95,"B","C"))) | H41: =IF(OR(B41="",C41=0),"",D41/C41) | I41: =IF(B41="","",SUMPRODUCT(MAX((Veri!$C$5:$C$2004=B41)*Veri!$A$5:$A$2004))) | K41: =IF(37>MAX(Veri!$G$5:$G$2004),"",INDEX(Veri!$C$5:$C$2004,MATCH(37,Veri!$G$5:$G$2004,0))) | L41: =IF(K41="","",SUMIFS(Veri!$E$5:$E$2004,Veri!$C$5:$C$2004,K41)) | M41: =IF(K41="","",L41+ROW()/1000000000)
A42: =IF(B42="","",38) | B42: =IFERROR(INDEX($K$5:$K$204,MATCH(LARGE($M$5:$M$204,38),$M$5:$M$204,0)),"") | C42: =IF(B42="","",SUMIFS(Veri!$D$5:$D$2004,Veri!$C$5:$C$2004,B42)) | D42: =IF(B42="","",SUMIFS(Veri!$E$5:$E$2004,Veri!$C$5:$C$2004,B42)) | E42: =IF(B42="","",IF(SUM(Veri!$E$5:$E$2004)=0,0,D42/SUM(Veri!$E$5:$E$2004))) | F42: =IF(B42="","",SUM(E$5:E42)) | G42: =IF(B42="","",IF(F41<0.8,"A",IF(F41<0.95,"B","C"))) | H42: =IF(OR(B42="",C42=0),"",D42/C42) | I42: =IF(B42="","",SUMPRODUCT(MAX((Veri!$C$5:$C$2004=B42)*Veri!$A$5:$A$2004))) | K42: =IF(38>MAX(Veri!$G$5:$G$2004),"",INDEX(Veri!$C$5:$C$2004,MATCH(38,Veri!$G$5:$G$2004,0))) | L42: =IF(K42="","",SUMIFS(Veri!$E$5:$E$2004,Veri!$C$5:$C$2004,K42)) | M42: =IF(K42="","",L42+ROW()/1000000000)
A43: =IF(B43="","",39) | B43: =IFERROR(INDEX($K$5:$K$204,MATCH(LARGE($M$5:$M$204,39),$M$5:$M$204,0)),"") | C43: =IF(B43="","",SUMIFS(Veri!$D$5:$D$2004,Veri!$C$5:$C$2004,B43)) | D43: =IF(B43="","",SUMIFS(Veri!$E$5:$E$2004,Veri!$C$5:$C$2004,B43)) | E43: =IF(B43="","",IF(SUM(Veri!$E$5:$E$2004)=0,0,D43/SUM(Veri!$E$5:$E$2004))) | F43: =IF(B43="","",SUM(E$5:E43)) | G43: =IF(B43="","",IF(F42<0.8,"A",IF(F42<0.95,"B","C"))) | H43: =IF(OR(B43="",C43=0),"",D43/C43) | I43: =IF(B43="","",SUMPRODUCT(MAX((Veri!$C$5:$C$2004=B43)*Veri!$A$5:$A$2004))) | K43: =IF(39>MAX(Veri!$G$5:$G$2004),"",INDEX(Veri!$C$5:$C$2004,MATCH(39,Veri!$G$5:$G$2004,0))) | L43: =IF(K43="","",SUMIFS(Veri!$E$5:$E$2004,Veri!$C$5:$C$2004,K43)) | M43: =IF(K43="","",L43+ROW()/1000000000)
A44: =IF(B44="","",40) | B44: =IFERROR(INDEX($K$5:$K$204,MATCH(LARGE($M$5:$M$204,40),$M$5:$M$204,0)),"") | C44: =IF(B44="","",SUMIFS(Veri!$D$5:$D$2004,Veri!$C$5:$C$2004,B44)) | D44: =IF(B44="","",SUMIFS(Veri!$E$5:$E$2004,Veri!$C$5:$C$2004,B44)) | E44: =IF(B44="","",IF(SUM(Veri!$E$5:$E$2004)=0,0,D44/SUM(Veri!$E$5:$E$2004))) | F44: =IF(B44="","",SUM(E$5:E44)) | G44: =IF(B44="","",IF(F43<0.8,"A",IF(F43<0.95,"B","C"))) | H44: =IF(OR(B44="",C44=0),"",D44/C44) | I44: =IF(B44="","",SUMPRODUCT(MAX((Veri!$C$5:$C$2004=B44)*Veri!$A$5:$A$2004))) | K44: =IF(40>MAX(Veri!$G$5:$G$2004),"",INDEX(Veri!$C$5:$C$2004,MATCH(40,Veri!$G$5:$G$2004,0))) | L44: =IF(K44="","",SUMIFS(Veri!$E$5:$E$2004,Veri!$C$5:$C$2004,K44)) | M44: =IF(K44="","",L44+ROW()/1000000000)
A45: =IF(B45="","",41) | B45: =IFERROR(INDEX($K$5:$K$204,MATCH(LARGE($M$5:$M$204,41),$M$5:$M$204,0)),"") | C45: =IF(B45="","",SUMIFS(Veri!$D$5:$D$2004,Veri!$C$5:$C$2004,B45)) | D45: =IF(B45="","",SUMIFS(Veri!$E$5:$E$2004,Veri!$C$5:$C$2004,B45)) | E45: =IF(B45="","",IF(SUM(Veri!$E$5:$E$2004)=0,0,D45/SUM(Veri!$E$5:$E$2004))) | F45: =IF(B45="","",SUM(E$5:E45)) | G45: =IF(B45="","",IF(F44<0.8,"A",IF(F44<0.95,"B","C"))) | H45: =IF(OR(B45="",C45=0),"",D45/C45) | I45: =IF(B45="","",SUMPRODUCT(MAX((Veri!$C$5:$C$2004=B45)*Veri!$A$5:$A$2004))) | K45: =IF(41>MAX(Veri!$G$5:$G$2004),"",INDEX(Veri!$C$5:$C$2004,MATCH(41,Veri!$G$5:$G$2004,0))) | L45: =IF(K45="","",SUMIFS(Veri!$E$5:$E$2004,Veri!$C$5:$C$2004,K45)) | M45: =IF(K45="","",L45+ROW()/1000000000)
A46: =IF(B46="","",42) | B46: =IFERROR(INDEX($K$5:$K$204,MATCH(LARGE($M$5:$M$204,42),$M$5:$M$204,0)),"") | C46: =IF(B46="","",SUMIFS(Veri!$D$5:$D$2004,Veri!$C$5:$C$2004,B46)) | D46: =IF(B46="","",SUMIFS(Veri!$E$5:$E$2004,Veri!$C$5:$C$2004,B46)) | E46: =IF(B46="","",IF(SUM(Veri!$E$5:$E$2004)=0,0,D46/SUM(Veri!$E$5:$E$2004))) | F46: =IF(B46="","",SUM(E$5:E46)) | G46: =IF(B46="","",IF(F45<0.8,"A",IF(F45<0.95,"B","C"))) | H46: =IF(OR(B46="",C46=0),"",D46/C46) | I46: =IF(B46="","",SUMPRODUCT(MAX((Veri!$C$5:$C$2004=B46)*Veri!$A$5:$A$2004))) | K46: =IF(42>MAX(Veri!$G$5:$G$2004),"",INDEX(Veri!$C$5:$C$2004,MATCH(42,Veri!$G$5:$G$2004,0))) | L46: =IF(K46="","",SUMIFS(Veri!$E$5:$E$2004,Veri!$C$5:$C$2004,K46)) | M46: =IF(K46="","",L46+ROW()/1000000000)
A47: =IF(B47="","",43) | B47: =IFERROR(INDEX($K$5:$K$204,MATCH(LARGE($M$5:$M$204,43),$M$5:$M$204,0)),"") | C47: =IF(B47="","",SUMIFS(Veri!$D$5:$D$2004,Veri!$C$5:$C$2004,B47)) | D47: =IF(B47="","",SUMIFS(Veri!$E$5:$E$2004,Veri!$C$5:$C$2004,B47)) | E47: =IF(B47="","",IF(SUM(Veri!$E$5:$E$2004)=0,0,D47/SUM(Veri!$E$5:$E$2004))) | F47: =IF(B47="","",SUM(E$5:E47)) | G47: =IF(B47="","",IF(F46<0.8,"A",IF(F46<0.95,"B","C"))) | H47: =IF(OR(B47="",C47=0),"",D47/C47) | I47: =IF(B47="","",SUMPRODUCT(MAX((Veri!$C$5:$C$2004=B47)*Veri!$A$5:$A$2004))) | K47: =IF(43>MAX(Veri!$G$5:$G$2004),"",INDEX(Veri!$C$5:$C$2004,MATCH(43,Veri!$G$5:$G$2004,0))) | L47: =IF(K47="","",SUMIFS(Veri!$E$5:$E$2004,Veri!$C$5:$C$2004,K47)) | M47: =IF(K47="","",L47+ROW()/1000000000)
A48: =IF(B48="","",44) | B48: =IFERROR(INDEX($K$5:$K$204,MATCH(LARGE($M$5:$M$204,44),$M$5:$M$204,0)),"") | C48: =IF(B48="","",SUMIFS(Veri!$D$5:$D$2004,Veri!$C$5:$C$2004,B48)) | D48: =IF(B48="","",SUMIFS(Veri!$E$5:$E$2004,Veri!$C$5:$C$2004,B48)) | E48: =IF(B48="","",IF(SUM(Veri!$E$5:$E$2004)=0,0,D48/SUM(Veri!$E$5:$E$2004))) | F48: =IF(B48="","",SUM(E$5:E48)) | G48: =IF(B48="","",IF(F47<0.8,"A",IF(F47<0.95,"B","C"))) | H48: =IF(OR(B48="",C48=0),"",D48/C48) | I48: =IF(B48="","",SUMPRODUCT(MAX((Veri!$C$5:$C$2004=B48)*Veri!$A$5:$A$2004))) | K48: =IF(44>MAX(Veri!$G$5:$G$2004),"",INDEX(Veri!$C$5:$C$2004,MATCH(44,Veri!$G$5:$G$2004,0))) | L48: =IF(K48="","",SUMIFS(Veri!$E$5:$E$2004,Veri!$C$5:$C$2004,K48)) | M48: =IF(K48="","",L48+ROW()/1000000000)
A49: =IF(B49="","",45) | B49: =IFERROR(INDEX($K$5:$K$204,MATCH(LARGE($M$5:$M$204,45),$M$5:$M$204,0)),"") | C49: =IF(B49="","",SUMIFS(Veri!$D$5:$D$2004,Veri!$C$5:$C$2004,B49)) | D49: =IF(B49="","",SUMIFS(Veri!$E$5:$E$2004,Veri!$C$5:$C$2004,B49)) | E49: =IF(B49="","",IF(SUM(Veri!$E$5:$E$2004)=0,0,D49/SUM(Veri!$E$5:$E$2004))) | F49: =IF(B49="","",SUM(E$5:E49)) | G49: =IF(B49="","",IF(F48<0.8,"A",IF(F48<0.95,"B","C"))) | H49: =IF(OR(B49="",C49=0),"",D49/C49) | I49: =IF(B49="","",SUMPRODUCT(MAX((Veri!$C$5:$C$2004=B49)*Veri!$A$5:$A$2004))) | K49: =IF(45>MAX(Veri!$G$5:$G$2004),"",INDEX(Veri!$C$5:$C$2004,MATCH(45,Veri!$G$5:$G$2004,0))) | L49: =IF(K49="","",SUMIFS(Veri!$E$5:$E$2004,Veri!$C$5:$C$2004,K49)) | M49: =IF(K49="","",L49+ROW()/1000000000)
A50: =IF(B50="","",46) | B50: =IFERROR(INDEX($K$5:$K$204,MATCH(LARGE($M$5:$M$204,46),$M$5:$M$204,0)),"") | C50: =IF(B50="","",SUMIFS(Veri!$D$5:$D$2004,Veri!$C$5:$C$2004,B50)) | D50: =IF(B50="","",SUMIFS(Veri!$E$5:$E$2004,Veri!$C$5:$C$2004,B50)) | E50: =IF(B50="","",IF(SUM(Veri!$E$5:$E$2004)=0,0,D50/SUM(Veri!$E$5:$E$2004))) | F50: =IF(B50="","",SUM(E$5:E50)) | G50: =IF(B50="","",IF(F49<0.8,"A",IF(F49<0.95,"B","C"))) | H50: =IF(OR(B50="",C50=0),"",D50/C50) | I50: =IF(B50="","",SUMPRODUCT(MAX((Veri!$C$5:$C$2004=B50)*Veri!$A$5:$A$2004))) | K50: =IF(46>MAX(Veri!$G$5:$G$2004),"",INDEX(Veri!$C$5:$C$2004,MATCH(46,Veri!$G$5:$G$2004,0))) | L50: =IF(K50="","",SUMIFS(Veri!$E$5:$E$2004,Veri!$C$5:$C$2004,K50)) | M50: =IF(K50="","",L50+ROW()/1000000000)
A51: =IF(B51="","",47) | B51: =IFERROR(INDEX($K$5:$K$204,MATCH(LARGE($M$5:$M$204,47),$M$5:$M$204,0)),"") | C51: =IF(B51="","",SUMIFS(Veri!$D$5:$D$2004,Veri!$C$5:$C$2004,B51)) | D51: =IF(B51="","",SUMIFS(Veri!$E$5:$E$2004,Veri!$C$5:$C$2004,B51)) | E51: =IF(B51="","",IF(SUM(Veri!$E$5:$E$2004)=0,0,D51/SUM(Veri!$E$5:$E$2004))) | F51: =IF(B51="","",SUM(E$5:E51)) | G51: =IF(B51="","",IF(F50<0.8,"A",IF(F50<0.95,"B","C"))) | H51: =IF(OR(B51="",C51=0),"",D51/C51) | I51: =IF(B51="","",SUMPRODUCT(MAX((Veri!$C$5:$C$2004=B51)*Veri!$A$5:$A$2004))) | K51: =IF(47>MAX(Veri!$G$5:$G$2004),"",INDEX(Veri!$C$5:$C$2004,MATCH(47,Veri!$G$5:$G$2004,0))) | L51: =IF(K51="","",SUMIFS(Veri!$E$5:$E$2004,Veri!$C$5:$C$2004,K51)) | M51: =IF(K51="","",L51+ROW()/1000000000)
A52: =IF(B52="","",48) | B52: =IFERROR(INDEX($K$5:$K$204,MATCH(LARGE($M$5:$M$204,48),$M$5:$M$204,0)),"") | C52: =IF(B52="","",SUMIFS(Veri!$D$5:$D$2004,Veri!$C$5:$C$2004,B52)) | D52: =IF(B52="","",SUMIFS(Veri!$E$5:$E$2004,Veri!$C$5:$C$2004,B52)) | E52: =IF(B52="","",IF(SUM(Veri!$E$5:$E$2004)=0,0,D52/SUM(Veri!$E$5:$E$2004))) | F52: =IF(B52="","",SUM(E$5:E52)) | G52: =IF(B52="","",IF(F51<0.8,"A",IF(F51<0.95,"B","C"))) | H52: =IF(OR(B52="",C52=0),"",D52/C52) | I52: =IF(B52="","",SUMPRODUCT(MAX((Veri!$C$5:$C$2004=B52)*Veri!$A$5:$A$2004))) | K52: =IF(48>MAX(Veri!$G$5:$G$2004),"",INDEX(Veri!$C$5:$C$2004,MATCH(48,Veri!$G$5:$G$2004,0))) | L52: =IF(K52="","",SUMIFS(Veri!$E$5:$E$2004,Veri!$C$5:$C$2004,K52)) | M52: =IF(K52="","",L52+ROW()/1000000000)
A53: =IF(B53="","",49) | B53: =IFERROR(INDEX($K$5:$K$204,MATCH(LARGE($M$5:$M$204,49),$M$5:$M$204,0)),"") | C53: =IF(B53="","",SUMIFS(Veri!$D$5:$D$2004,Veri!$C$5:$C$2004,B53)) | D53: =IF(B53="","",SUMIFS(Veri!$E$5:$E$2004,Veri!$C$5:$C$2004,B53)) | E53: =IF(B53="","",IF(SUM(Veri!$E$5:$E$2004)=0,0,D53/SUM(Veri!$E$5:$E$2004))) | F53: =IF(B53="","",SUM(E$5:E53)) | G53: =IF(B53="","",IF(F52<0.8,"A",IF(F52<0.95,"B","C"))) | H53: =IF(OR(B53="",C53=0),"",D53/C53) | I53: =IF(B53="","",SUMPRODUCT(MAX((Veri!$C$5:$C$2004=B53)*Veri!$A$5:$A$2004))) | K53: =IF(49>MAX(Veri!$G$5:$G$2004),"",INDEX(Veri!$C$5:$C$2004,MATCH(49,Veri!$G$5:$G$2004,0))) | L53: =IF(K53="","",SUMIFS(Veri!$E$5:$E$2004,Veri!$C$5:$C$2004,K53)) | M53: =IF(K53="","",L53+ROW()/1000000000)
A54: =IF(B54="","",50) | B54: =IFERROR(INDEX($K$5:$K$204,MATCH(LARGE($M$5:$M$204,50),$M$5:$M$204,0)),"") | C54: =IF(B54="","",SUMIFS(Veri!$D$5:$D$2004,Veri!$C$5:$C$2004,B54)) | D54: =IF(B54="","",SUMIFS(Veri!$E$5:$E$2004,Veri!$C$5:$C$2004,B54)) | E54: =IF(B54="","",IF(SUM(Veri!$E$5:$E$2004)=0,0,D54/SUM(Veri!$E$5:$E$2004))) | F54: =IF(B54="","",SUM(E$5:E54)) | G54: =IF(B54="","",IF(F53<0.8,"A",IF(F53<0.95,"B","C"))) | H54: =IF(OR(B54="",C54=0),"",D54/C54) | I54: =IF(B54="","",SUMPRODUCT(MAX((Veri!$C$5:$C$2004=B54)*Veri!$A$5:$A$2004))) | K54: =IF(50>MAX(Veri!$G$5:$G$2004),"",INDEX(Veri!$C$5:$C$2004,MATCH(50,Veri!$G$5:$G$2004,0))) | L54: =IF(K54="","",SUMIFS(Veri!$E$5:$E$2004,Veri!$C$5:$C$2004,K54)) | M54: =IF(K54="","",L54+ROW()/1000000000)
A55: =IF(B55="","",51) | B55: =IFERROR(INDEX($K$5:$K$204,MATCH(LARGE($M$5:$M$204,51),$M$5:$M$204,0)),"") | C55: =IF(B55="","",SUMIFS(Veri!$D$5:$D$2004,Veri!$C$5:$C$2004,B55)) | D55: =IF(B55="","",SUMIFS(Veri!$E$5:$E$2004,Veri!$C$5:$C$2004,B55)) | E55: =IF(B55="","",IF(SUM(Veri!$E$5:$E$2004)=0,0,D55/SUM(Veri!$E$5:$E$2004))) | F55: =IF(B55="","",SUM(E$5:E55)) | G55: =IF(B55="","",IF(F54<0.8,"A",IF(F54<0.95,"B","C"))) | H55: =IF(OR(B55="",C55=0),"",D55/C55) | I55: =IF(B55="","",SUMPRODUCT(MAX((Veri!$C$5:$C$2004=B55)*Veri!$A$5:$A$2004))) | K55: =IF(51>MAX(Veri!$G$5:$G$2004),"",INDEX(Veri!$C$5:$C$2004,MATCH(51,Veri!$G$5:$G$2004,0))) | L55: =IF(K55="","",SUMIFS(Veri!$E$5:$E$2004,Veri!$C$5:$C$2004,K55)) | M55: =IF(K55="","",L55+ROW()/1000000000)
A56: =IF(B56="","",52) | B56: =IFERROR(INDEX($K$5:$K$204,MATCH(LARGE($M$5:$M$204,52),$M$5:$M$204,0)),"") | C56: =IF(B56="","",SUMIFS(Veri!$D$5:$D$2004,Veri!$C$5:$C$2004,B56)) | D56: =IF(B56="","",SUMIFS(Veri!$E$5:$E$2004,Veri!$C$5:$C$2004,B56)) | E56: =IF(B56="","",IF(SUM(Veri!$E$5:$E$2004)=0,0,D56/SUM(Veri!$E$5:$E$2004))) | F56: =IF(B56="","",SUM(E$5:E56)) | G56: =IF(B56="","",IF(F55<0.8,"A",IF(F55<0.95,"B","C"))) | H56: =IF(OR(B56="",C56=0),"",D56/C56) | I56: =IF(B56="","",SUMPRODUCT(MAX((Veri!$C$5:$C$2004=B56)*Veri!$A$5:$A$2004))) | K56: =IF(52>MAX(Veri!$G$5:$G$2004),"",INDEX(Veri!$C$5:$C$2004,MATCH(52,Veri!$G$5:$G$2004,0))) | L56: =IF(K56="","",SUMIFS(Veri!$E$5:$E$2004,Veri!$C$5:$C$2004,K56)) | M56: =IF(K56="","",L56+ROW()/1000000000)
A57: =IF(B57="","",53) | B57: =IFERROR(INDEX($K$5:$K$204,MATCH(LARGE($M$5:$M$204,53),$M$5:$M$204,0)),"") | C57: =IF(B57="","",SUMIFS(Veri!$D$5:$D$2004,Veri!$C$5:$C$2004,B57)) | D57: =IF(B57="","",SUMIFS(Veri!$E$5:$E$2004,Veri!$C$5:$C$2004,B57)) | E57: =IF(B57="","",IF(SUM(Veri!$E$5:$E$2004)=0,0,D57/SUM(Veri!$E$5:$E$2004))) | F57: =IF(B57="","",SUM(E$5:E57)) | G57: =IF(B57="","",IF(F56<0.8,"A",IF(F56<0.95,"B","C"))) | H57: =IF(OR(B57="",C57=0),"",D57/C57) | I57: =IF(B57="","",SUMPRODUCT(MAX((Veri!$C$5:$C$2004=B57)*Veri!$A$5:$A$2004))) | K57: =IF(53>MAX(Veri!$G$5:$G$2004),"",INDEX(Veri!$C$5:$C$2004,MATCH(53,Veri!$G$5:$G$2004,0))) | L57: =IF(K57="","",SUMIFS(Veri!$E$5:$E$2004,Veri!$C$5:$C$2004,K57)) | M57: =IF(K57="","",L57+ROW()/1000000000)
A58: =IF(B58="","",54) | B58: =IFERROR(INDEX($K$5:$K$204,MATCH(LARGE($M$5:$M$204,54),$M$5:$M$204,0)),"") | C58: =IF(B58="","",SUMIFS(Veri!$D$5:$D$2004,Veri!$C$5:$C$2004,B58)) | D58: =IF(B58="","",SUMIFS(Veri!$E$5:$E$2004,Veri!$C$5:$C$2004,B58)) | E58: =IF(B58="","",IF(SUM(Veri!$E$5:$E$2004)=0,0,D58/SUM(Veri!$E$5:$E$2004))) | F58: =IF(B58="","",SUM(E$5:E58)) | G58: =IF(B58="","",IF(F57<0.8,"A",IF(F57<0.95,"B","C"))) | H58: =IF(OR(B58="",C58=0),"",D58/C58) | I58: =IF(B58="","",SUMPRODUCT(MAX((Veri!$C$5:$C$2004=B58)*Veri!$A$5:$A$2004))) | K58: =IF(54>MAX(Veri!$G$5:$G$2004),"",INDEX(Veri!$C$5:$C$2004,MATCH(54,Veri!$G$5:$G$2004,0))) | L58: =IF(K58="","",SUMIFS(Veri!$E$5:$E$2004,Veri!$C$5:$C$2004,K58)) | M58: =IF(K58="","",L58+ROW()/1000000000)
A59: =IF(B59="","",55) | B59: =IFERROR(INDEX($K$5:$K$204,MATCH(LARGE($M$5:$M$204,55),$M$5:$M$204,0)),"") | C59: =IF(B59="","",SUMIFS(Veri!$D$5:$D$2004,Veri!$C$5:$C$2004,B59)) | D59: =IF(B59="","",SUMIFS(Veri!$E$5:$E$2004,Veri!$C$5:$C$2004,B59)) | E59: =IF(B59="","",IF(SUM(Veri!$E$5:$E$2004)=0,0,D59/SUM(Veri!$E$5:$E$2004))) | F59: =IF(B59="","",SUM(E$5:E59)) | G59: =IF(B59="","",IF(F58<0.8,"A",IF(F58<0.95,"B","C"))) | H59: =IF(OR(B59="",C59=0),"",D59/C59) | I59: =IF(B59="","",SUMPRODUCT(MAX((Veri!$C$5:$C$2004=B59)*Veri!$A$5:$A$2004))) | K59: =IF(55>MAX(Veri!$G$5:$G$2004),"",INDEX(Veri!$C$5:$C$2004,MATCH(55,Veri!$G$5:$G$2004,0))) | L59: =IF(K59="","",SUMIFS(Veri!$E$5:$E$2004,Veri!$C$5:$C$2004,K59)) | M59: =IF(K59="","",L59+ROW()/1000000000)
A60: =IF(B60="","",56) | B60: =IFERROR(INDEX($K$5:$K$204,MATCH(LARGE($M$5:$M$204,56),$M$5:$M$204,0)),"") | C60: =IF(B60="","",SUMIFS(Veri!$D$5:$D$2004,Veri!$C$5:$C$2004,B60)) | D60: =IF(B60="","",SUMIFS(Veri!$E$5:$E$2004,Veri!$C$5:$C$2004,B60)) | E60: =IF(B60="","",IF(SUM(Veri!$E$5:$E$2004)=0,0,D60/SUM(Veri!$E$5:$E$2004))) | F60: =IF(B60="","",SUM(E$5:E60)) | G60: =IF(B60="","",IF(F59<0.8,"A",IF(F59<0.95,"B","C"))) | H60: =IF(OR(B60="",C60=0),"",D60/C60) | I60: =IF(B60="","",SUMPRODUCT(MAX((Veri!$C$5:$C$2004=B60)*Veri!$A$5:$A$2004))) | K60: =IF(56>MAX(Veri!$G$5:$G$2004),"",INDEX(Veri!$C$5:$C$2004,MATCH(56,Veri!$G$5:$G$2004,0))) | L60: =IF(K60="","",SUMIFS(Veri!$E$5:$E$2004,Veri!$C$5:$C$2004,K60)) | M60: =IF(K60="","",L60+ROW()/1000000000)
A61: =IF(B61="","",57) | B61: =IFERROR(INDEX($K$5:$K$204,MATCH(LARGE($M$5:$M$204,57),$M$5:$M$204,0)),"") | C61: =IF(B61="","",SUMIFS(Veri!$D$5:$D$2004,Veri!$C$5:$C$2004,B61)) | D61: =IF(B61="","",SUMIFS(Veri!$E$5:$E$2004,Veri!$C$5:$C$2004,B61)) | E61: =IF(B61="","",IF(SUM(Veri!$E$5:$E$2004)=0,0,D61/SUM(Veri!$E$5:$E$2004))) | F61: =IF(B61="","",SUM(E$5:E61)) | G61: =IF(B61="","",IF(F60<0.8,"A",IF(F60<0.95,"B","C"))) | H61: =IF(OR(B61="",C61=0),"",D61/C61) | I61: =IF(B61="","",SUMPRODUCT(MAX((Veri!$C$5:$C$2004=B61)*Veri!$A$5:$A$2004))) | K61: =IF(57>MAX(Veri!$G$5:$G$2004),"",INDEX(Veri!$C$5:$C$2004,MATCH(57,Veri!$G$5:$G$2004,0))) | L61: =IF(K61="","",SUMIFS(Veri!$E$5:$E$2004,Veri!$C$5:$C$2004,K61)) | M61: =IF(K61="","",L61+ROW()/1000000000)
A62: =IF(B62="","",58) | B62: =IFERROR(INDEX($K$5:$K$204,MATCH(LARGE($M$5:$M$204,58),$M$5:$M$204,0)),"") | C62: =IF(B62="","",SUMIFS(Veri!$D$5:$D$2004,Veri!$C$5:$C$2004,B62)) | D62: =IF(B62="","",SUMIFS(Veri!$E$5:$E$2004,Veri!$C$5:$C$2004,B62)) | E62: =IF(B62="","",IF(SUM(Veri!$E$5:$E$2004)=0,0,D62/SUM(Veri!$E$5:$E$2004))) | F62: =IF(B62="","",SUM(E$5:E62)) | G62: =IF(B62="","",IF(F61<0.8,"A",IF(F61<0.95,"B","C"))) | H62: =IF(OR(B62="",C62=0),"",D62/C62) | I62: =IF(B62="","",SUMPRODUCT(MAX((Veri!$C$5:$C$2004=B62)*Veri!$A$5:$A$2004))) | K62: =IF(58>MAX(Veri!$G$5:$G$2004),"",INDEX(Veri!$C$5:$C$2004,MATCH(58,Veri!$G$5:$G$2004,0))) | L62: =IF(K62="","",SUMIFS(Veri!$E$5:$E$2004,Veri!$C$5:$C$2004,K62)) | M62: =IF(K62="","",L62+ROW()/1000000000)
A63: =IF(B63="","",59) | B63: =IFERROR(INDEX($K$5:$K$204,MATCH(LARGE($M$5:$M$204,59),$M$5:$M$204,0)),"") | C63: =IF(B63="","",SUMIFS(Veri!$D$5:$D$2004,Veri!$C$5:$C$2004,B63)) | D63: =IF(B63="","",SUMIFS(Veri!$E$5:$E$2004,Veri!$C$5:$C$2004,B63)) | E63: =IF(B63="","",IF(SUM(Veri!$E$5:$E$2004)=0,0,D63/SUM(Veri!$E$5:$E$2004))) | F63: =IF(B63="","",SUM(E$5:E63)) | G63: =IF(B63="","",IF(F62<0.8,"A",IF(F62<0.95,"B","C"))) | H63: =IF(OR(B63="",C63=0),"",D63/C63) | I63: =IF(B63="","",SUMPRODUCT(MAX((Veri!$C$5:$C$2004=B63)*Veri!$A$5:$A$2004))) | K63: =IF(59>MAX(Veri!$G$5:$G$2004),"",INDEX(Veri!$C$5:$C$2004,MATCH(59,Veri!$G$5:$G$2004,0))) | L63: =IF(K63="","",SUMIFS(Veri!$E$5:$E$2004,Veri!$C$5:$C$2004,K63)) | M63: =IF(K63="","",L63+ROW()/1000000000)
A64: =IF(B64="","",60) | B64: =IFERROR(INDEX($K$5:$K$204,MATCH(LARGE($M$5:$M$204,60),$M$5:$M$204,0)),"") | C64: =IF(B64="","",SUMIFS(Veri!$D$5:$D$2004,Veri!$C$5:$C$2004,B64)) | D64: =IF(B64="","",SUMIFS(Veri!$E$5:$E$2004,Veri!$C$5:$C$2004,B64)) | E64: =IF(B64="","",IF(SUM(Veri!$E$5:$E$2004)=0,0,D64/SUM(Veri!$E$5:$E$2004))) | F64: =IF(B64="","",SUM(E$5:E64)) | G64: =IF(B64="","",IF(F63<0.8,"A",IF(F63<0.95,"B","C"))) | H64: =IF(OR(B64="",C64=0),"",D64/C64) | I64: =IF(B64="","",SUMPRODUCT(MAX((Veri!$C$5:$C$2004=B64)*Veri!$A$5:$A$2004))) | K64: =IF(60>MAX(Veri!$G$5:$G$2004),"",INDEX(Veri!$C$5:$C$2004,MATCH(60,Veri!$G$5:$G$2004,0))) | L64: =IF(K64="","",SUMIFS(Veri!$E$5:$E$2004,Veri!$C$5:$C$2004,K64)) | M64: =IF(K64="","",L64+ROW()/1000000000)
A65: =IF(B65="","",61) | B65: =IFERROR(INDEX($K$5:$K$204,MATCH(LARGE($M$5:$M$204,61),$M$5:$M$204,0)),"") | C65: =IF(B65="","",SUMIFS(Veri!$D$5:$D$2004,Veri!$C$5:$C$2004,B65)) | D65: =IF(B65="","",SUMIFS(Veri!$E$5:$E$2004,Veri!$C$5:$C$2004,B65)) | E65: =IF(B65="","",IF(SUM(Veri!$E$5:$E$2004)=0,0,D65/SUM(Veri!$E$5:$E$2004))) | F65: =IF(B65="","",SUM(E$5:E65)) | G65: =IF(B65="","",IF(F64<0.8,"A",IF(F64<0.95,"B","C"))) | H65: =IF(OR(B65="",C65=0),"",D65/C65) | I65: =IF(B65="","",SUMPRODUCT(MAX((Veri!$C$5:$C$2004=B65)*Veri!$A$5:$A$2004))) | K65: =IF(61>MAX(Veri!$G$5:$G$2004),"",INDEX(Veri!$C$5:$C$2004,MATCH(61,Veri!$G$5:$G$2004,0))) | L65: =IF(K65="","",SUMIFS(Veri!$E$5:$E$2004,Veri!$C$5:$C$2004,K65)) | M65: =IF(K65="","",L65+ROW()/1000000000)
A66: =IF(B66="","",62) | B66: =IFERROR(INDEX($K$5:$K$204,MATCH(LARGE($M$5:$M$204,62),$M$5:$M$204,0)),"") | C66: =IF(B66="","",SUMIFS(Veri!$D$5:$D$2004,Veri!$C$5:$C$2004,B66)) | D66: =IF(B66="","",SUMIFS(Veri!$E$5:$E$2004,Veri!$C$5:$C$2004,B66)) | E66: =IF(B66="","",IF(SUM(Veri!$E$5:$E$2004)=0,0,D66/SUM(Veri!$E$5:$E$2004))) | F66: =IF(B66="","",SUM(E$5:E66)) | G66: =IF(B66="","",IF(F65<0.8,"A",IF(F65<0.95,"B","C"))) | H66: =IF(OR(B66="",C66=0),"",D66/C66) | I66: =IF(B66="","",SUMPRODUCT(MAX((Veri!$C$5:$C$2004=B66)*Veri!$A$5:$A$2004))) | K66: =IF(62>MAX(Veri!$G$5:$G$2004),"",INDEX(Veri!$C$5:$C$2004,MATCH(62,Veri!$G$5:$G$2004,0))) | L66: =IF(K66="","",SUMIFS(Veri!$E$5:$E$2004,Veri!$C$5:$C$2004,K66)) | M66: =IF(K66="","",L66+ROW()/1000000000)
A67: =IF(B67="","",63) | B67: =IFERROR(INDEX($K$5:$K$204,MATCH(LARGE($M$5:$M$204,63),$M$5:$M$204,0)),"") | C67: =IF(B67="","",SUMIFS(Veri!$D$5:$D$2004,Veri!$C$5:$C$2004,B67)) | D67: =IF(B67="","",SUMIFS(Veri!$E$5:$E$2004,Veri!$C$5:$C$2004,B67)) | E67: =IF(B67="","",IF(SUM(Veri!$E$5:$E$2004)=0,0,D67/SUM(Veri!$E$5:$E$2004))) | F67: =IF(B67="","",SUM(E$5:E67)) | G67: =IF(B67="","",IF(F66<0.8,"A",IF(F66<0.95,"B","C"))) | H67: =IF(OR(B67="",C67=0),"",D67/C67) | I67: =IF(B67="","",SUMPRODUCT(MAX((Veri!$C$5:$C$2004=B67)*Veri!$A$5:$A$2004))) | K67: =IF(63>MAX(Veri!$G$5:$G$2004),"",INDEX(Veri!$C$5:$C$2004,MATCH(63,Veri!$G$5:$G$2004,0))) | L67: =IF(K67="","",SUMIFS(Veri!$E$5:$E$2004,Veri!$C$5:$C$2004,K67)) | M67: =IF(K67="","",L67+ROW()/1000000000)
A68: =IF(B68="","",64) | B68: =IFERROR(INDEX($K$5:$K$204,MATCH(LARGE($M$5:$M$204,64),$M$5:$M$204,0)),"") | C68: =IF(B68="","",SUMIFS(Veri!$D$5:$D$2004,Veri!$C$5:$C$2004,B68)) | D68: =IF(B68="","",SUMIFS(Veri!$E$5:$E$2004,Veri!$C$5:$C$2004,B68)) | E68: =IF(B68="","",IF(SUM(Veri!$E$5:$E$2004)=0,0,D68/SUM(Veri!$E$5:$E$2004))) | F68: =IF(B68="","",SUM(E$5:E68)) | G68: =IF(B68="","",IF(F67<0.8,"A",IF(F67<0.95,"B","C"))) | H68: =IF(OR(B68="",C68=0),"",D68/C68) | I68: =IF(B68="","",SUMPRODUCT(MAX((Veri!$C$5:$C$2004=B68)*Veri!$A$5:$A$2004))) | K68: =IF(64>MAX(Veri!$G$5:$G$2004),"",INDEX(Veri!$C$5:$C$2004,MATCH(64,Veri!$G$5:$G$2004,0))) | L68: =IF(K68="","",SUMIFS(Veri!$E$5:$E$2004,Veri!$C$5:$C$2004,K68)) | M68: =IF(K68="","",L68+ROW()/1000000000)
A69: =IF(B69="","",65) | B69: =IFERROR(INDEX($K$5:$K$204,MATCH(LARGE($M$5:$M$204,65),$M$5:$M$204,0)),"") | C69: =IF(B69="","",SUMIFS(Veri!$D$5:$D$2004,Veri!$C$5:$C$2004,B69)) | D69: =IF(B69="","",SUMIFS(Veri!$E$5:$E$2004,Veri!$C$5:$C$2004,B69)) | E69: =IF(B69="","",IF(SUM(Veri!$E$5:$E$2004)=0,0,D69/SUM(Veri!$E$5:$E$2004))) | F69: =IF(B69="","",SUM(E$5:E69)) | G69: =IF(B69="","",IF(F68<0.8,"A",IF(F68<0.95,"B","C"))) | H69: =IF(OR(B69="",C69=0),"",D69/C69) | I69: =IF(B69="","",SUMPRODUCT(MAX((Veri!$C$5:$C$2004=B69)*Veri!$A$5:$A$2004))) | K69: =IF(65>MAX(Veri!$G$5:$G$2004),"",INDEX(Veri!$C$5:$C$2004,MATCH(65,Veri!$G$5:$G$2004,0))) | L69: =IF(K69="","",SUMIFS(Veri!$E$5:$E$2004,Veri!$C$5:$C$2004,K69)) | M69: =IF(K69="","",L69+ROW()/1000000000)
A70: =IF(B70="","",66) | B70: =IFERROR(INDEX($K$5:$K$204,MATCH(LARGE($M$5:$M$204,66),$M$5:$M$204,0)),"") | C70: =IF(B70="","",SUMIFS(Veri!$D$5:$D$2004,Veri!$C$5:$C$2004,B70)) | D70: =IF(B70="","",SUMIFS(Veri!$E$5:$E$2004,Veri!$C$5:$C$2004,B70)) | E70: =IF(B70="","",IF(SUM(Veri!$E$5:$E$2004)=0,0,D70/SUM(Veri!$E$5:$E$2004))) | F70: =IF(B70="","",SUM(E$5:E70)) | G70: =IF(B70="","",IF(F69<0.8,"A",IF(F69<0.95,"B","C"))) | H70: =IF(OR(B70="",C70=0),"",D70/C70) | I70: =IF(B70="","",SUMPRODUCT(MAX((Veri!$C$5:$C$2004=B70)*Veri!$A$5:$A$2004))) | K70: =IF(66>MAX(Veri!$G$5:$G$2004),"",INDEX(Veri!$C$5:$C$2004,MATCH(66,Veri!$G$5:$G$2004,0))) | L70: =IF(K70="","",SUMIFS(Veri!$E$5:$E$2004,Veri!$C$5:$C$2004,K70)) | M70: =IF(K70="","",L70+ROW()/1000000000)
A71: =IF(B71="","",67) | B71: =IFERROR(INDEX($K$5:$K$204,MATCH(LARGE($M$5:$M$204,67),$M$5:$M$204,0)),"") | C71: =IF(B71="","",SUMIFS(Veri!$D$5:$D$2004,Veri!$C$5:$C$2004,B71)) | D71: =IF(B71="","",SUMIFS(Veri!$E$5:$E$2004,Veri!$C$5:$C$2004,B71)) | E71: =IF(B71="","",IF(SUM(Veri!$E$5:$E$2004)=0,0,D71/SUM(Veri!$E$5:$E$2004))) | F71: =IF(B71="","",SUM(E$5:E71)) | G71: =IF(B71="","",IF(F70<0.8,"A",IF(F70<0.95,"B","C"))) | H71: =IF(OR(B71="",C71=0),"",D71/C71) | I71: =IF(B71="","",SUMPRODUCT(MAX((Veri!$C$5:$C$2004=B71)*Veri!$A$5:$A$2004))) | K71: =IF(67>MAX(Veri!$G$5:$G$2004),"",INDEX(Veri!$C$5:$C$2004,MATCH(67,Veri!$G$5:$G$2004,0))) | L71: =IF(K71="","",SUMIFS(Veri!$E$5:$E$2004,Veri!$C$5:$C$2004,K71)) | M71: =IF(K71="","",L71+ROW()/1000000000)
A72: =IF(B72="","",68) | B72: =IFERROR(INDEX($K$5:$K$204,MATCH(LARGE($M$5:$M$204,68),$M$5:$M$204,0)),"") | C72: =IF(B72="","",SUMIFS(Veri!$D$5:$D$2004,Veri!$C$5:$C$2004,B72)) | D72: =IF(B72="","",SUMIFS(Veri!$E$5:$E$2004,Veri!$C$5:$C$2004,B72)) | E72: =IF(B72="","",IF(SUM(Veri!$E$5:$E$2004)=0,0,D72/SUM(Veri!$E$5:$E$2004))) | F72: =IF(B72="","",SUM(E$5:E72)) | G72: =IF(B72="","",IF(F71<0.8,"A",IF(F71<0.95,"B","C"))) | H72: =IF(OR(B72="",C72=0),"",D72/C72) | I72: =IF(B72="","",SUMPRODUCT(MAX((Veri!$C$5:$C$2004=B72)*Veri!$A$5:$A$2004))) | K72: =IF(68>MAX(Veri!$G$5:$G$2004),"",INDEX(Veri!$C$5:$C$2004,MATCH(68,Veri!$G$5:$G$2004,0))) | L72: =IF(K72="","",SUMIFS(Veri!$E$5:$E$2004,Veri!$C$5:$C$2004,K72)) | M72: =IF(K72="","",L72+ROW()/1000000000)
A73: =IF(B73="","",69) | B73: =IFERROR(INDEX($K$5:$K$204,MATCH(LARGE($M$5:$M$204,69),$M$5:$M$204,0)),"") | C73: =IF(B73="","",SUMIFS(Veri!$D$5:$D$2004,Veri!$C$5:$C$2004,B73)) | D73: =IF(B73="","",SUMIFS(Veri!$E$5:$E$2004,Veri!$C$5:$C$2004,B73)) | E73: =IF(B73="","",IF(SUM(Veri!$E$5:$E$2004)=0,0,D73/SUM(Veri!$E$5:$E$2004))) | F73: =IF(B73="","",SUM(E$5:E73)) | G73: =IF(B73="","",IF(F72<0.8,"A",IF(F72<0.95,"B","C"))) | H73: =IF(OR(B73="",C73=0),"",D73/C73) | I73: =IF(B73="","",SUMPRODUCT(MAX((Veri!$C$5:$C$2004=B73)*Veri!$A$5:$A$2004))) | K73: =IF(69>MAX(Veri!$G$5:$G$2004),"",INDEX(Veri!$C$5:$C$2004,MATCH(69,Veri!$G$5:$G$2004,0))) | L73: =IF(K73="","",SUMIFS(Veri!$E$5:$E$2004,Veri!$C$5:$C$2004,K73)) | M73: =IF(K73="","",L73+ROW()/1000000000)
A74: =IF(B74="","",70) | B74: =IFERROR(INDEX($K$5:$K$204,MATCH(LARGE($M$5:$M$204,70),$M$5:$M$204,0)),"") | C74: =IF(B74="","",SUMIFS(Veri!$D$5:$D$2004,Veri!$C$5:$C$2004,B74)) | D74: =IF(B74="","",SUMIFS(Veri!$E$5:$E$2004,Veri!$C$5:$C$2004,B74)) | E74: =IF(B74="","",IF(SUM(Veri!$E$5:$E$2004)=0,0,D74/SUM(Veri!$E$5:$E$2004))) | F74: =IF(B74="","",SUM(E$5:E74)) | G74: =IF(B74="","",IF(F73<0.8,"A",IF(F73<0.95,"B","C"))) | H74: =IF(OR(B74="",C74=0),"",D74/C74) | I74: =IF(B74="","",SUMPRODUCT(MAX((Veri!$C$5:$C$2004=B74)*Veri!$A$5:$A$2004))) | K74: =IF(70>MAX(Veri!$G$5:$G$2004),"",INDEX(Veri!$C$5:$C$2004,MATCH(70,Veri!$G$5:$G$2004,0))) | L74: =IF(K74="","",SUMIFS(Veri!$E$5:$E$2004,Veri!$C$5:$C$2004,K74)) | M74: =IF(K74="","",L74+ROW()/1000000000)
A75: =IF(B75="","",71) | B75: =IFERROR(INDEX($K$5:$K$204,MATCH(LARGE($M$5:$M$204,71),$M$5:$M$204,0)),"") | C75: =IF(B75="","",SUMIFS(Veri!$D$5:$D$2004,Veri!$C$5:$C$2004,B75)) | D75: =IF(B75="","",SUMIFS(Veri!$E$5:$E$2004,Veri!$C$5:$C$2004,B75)) | E75: =IF(B75="","",IF(SUM(Veri!$E$5:$E$2004)=0,0,D75/SUM(Veri!$E$5:$E$2004))) | F75: =IF(B75="","",SUM(E$5:E75)) | G75: =IF(B75="","",IF(F74<0.8,"A",IF(F74<0.95,"B","C"))) | H75: =IF(OR(B75="",C75=0),"",D75/C75) | I75: =IF(B75="","",SUMPRODUCT(MAX((Veri!$C$5:$C$2004=B75)*Veri!$A$5:$A$2004))) | K75: =IF(71>MAX(Veri!$G$5:$G$2004),"",INDEX(Veri!$C$5:$C$2004,MATCH(71,Veri!$G$5:$G$2004,0))) | L75: =IF(K75="","",SUMIFS(Veri!$E$5:$E$2004,Veri!$C$5:$C$2004,K75)) | M75: =IF(K75="","",L75+ROW()/1000000000)
A76: =IF(B76="","",72) | B76: =IFERROR(INDEX($K$5:$K$204,MATCH(LARGE($M$5:$M$204,72),$M$5:$M$204,0)),"") | C76: =IF(B76="","",SUMIFS(Veri!$D$5:$D$2004,Veri!$C$5:$C$2004,B76)) | D76: =IF(B76="","",SUMIFS(Veri!$E$5:$E$2004,Veri!$C$5:$C$2004,B76)) | E76: =IF(B76="","",IF(SUM(Veri!$E$5:$E$2004)=0,0,D76/SUM(Veri!$E$5:$E$2004))) | F76: =IF(B76="","",SUM(E$5:E76)) | G76: =IF(B76="","",IF(F75<0.8,"A",IF(F75<0.95,"B","C"))) | H76: =IF(OR(B76="",C76=0),"",D76/C76) | I76: =IF(B76="","",SUMPRODUCT(MAX((Veri!$C$5:$C$2004=B76)*Veri!$A$5:$A$2004))) | K76: =IF(72>MAX(Veri!$G$5:$G$2004),"",INDEX(Veri!$C$5:$C$2004,MATCH(72,Veri!$G$5:$G$2004,0))) | L76: =IF(K76="","",SUMIFS(Veri!$E$5:$E$2004,Veri!$C$5:$C$2004,K76)) | M76: =IF(K76="","",L76+ROW()/1000000000)
A77: =IF(B77="","",73) | B77: =IFERROR(INDEX($K$5:$K$204,MATCH(LARGE($M$5:$M$204,73),$M$5:$M$204,0)),"") | C77: =IF(B77="","",SUMIFS(Veri!$D$5:$D$2004,Veri!$C$5:$C$2004,B77)) | D77: =IF(B77="","",SUMIFS(Veri!$E$5:$E$2004,Veri!$C$5:$C$2004,B77)) | E77: =IF(B77="","",IF(SUM(Veri!$E$5:$E$2004)=0,0,D77/SUM(Veri!$E$5:$E$2004))) | F77: =IF(B77="","",SUM(E$5:E77)) | G77: =IF(B77="","",IF(F76<0.8,"A",IF(F76<0.95,"B","C"))) | H77: =IF(OR(B77="",C77=0),"",D77/C77) | I77: =IF(B77="","",SUMPRODUCT(MAX((Veri!$C$5:$C$2004=B77)*Veri!$A$5:$A$2004))) | K77: =IF(73>MAX(Veri!$G$5:$G$2004),"",INDEX(Veri!$C$5:$C$2004,MATCH(73,Veri!$G$5:$G$2004,0))) | L77: =IF(K77="","",SUMIFS(Veri!$E$5:$E$2004,Veri!$C$5:$C$2004,K77)) | M77: =IF(K77="","",L77+ROW()/1000000000)
A78: =IF(B78="","",74) | B78: =IFERROR(INDEX($K$5:$K$204,MATCH(LARGE($M$5:$M$204,74),$M$5:$M$204,0)),"") | C78: =IF(B78="","",SUMIFS(Veri!$D$5:$D$2004,Veri!$C$5:$C$2004,B78)) | D78: =IF(B78="","",SUMIFS(Veri!$E$5:$E$2004,Veri!$C$5:$C$2004,B78)) | E78: =IF(B78="","",IF(SUM(Veri!$E$5:$E$2004)=0,0,D78/SUM(Veri!$E$5:$E$2004))) | F78: =IF(B78="","",SUM(E$5:E78)) | G78: =IF(B78="","",IF(F77<0.8,"A",IF(F77<0.95,"B","C"))) | H78: =IF(OR(B78="",C78=0),"",D78/C78) | I78: =IF(B78="","",SUMPRODUCT(MAX((Veri!$C$5:$C$2004=B78)*Veri!$A$5:$A$2004))) | K78: =IF(74>MAX(Veri!$G$5:$G$2004),"",INDEX(Veri!$C$5:$C$2004,MATCH(74,Veri!$G$5:$G$2004,0))) | L78: =IF(K78="","",SUMIFS(Veri!$E$5:$E$2004,Veri!$C$5:$C$2004,K78)) | M78: =IF(K78="","",L78+ROW()/1000000000)
A79: =IF(B79="","",75) | B79: =IFERROR(INDEX($K$5:$K$204,MATCH(LARGE($M$5:$M$204,75),$M$5:$M$204,0)),"") | C79: =IF(B79="","",SUMIFS(Veri!$D$5:$D$2004,Veri!$C$5:$C$2004,B79)) | D79: =IF(B79="","",SUMIFS(Veri!$E$5:$E$2004,Veri!$C$5:$C$2004,B79)) | E79: =IF(B79="","",IF(SUM(Veri!$E$5:$E$2004)=0,0,D79/SUM(Veri!$E$5:$E$2004))) | F79: =IF(B79="","",SUM(E$5:E79)) | G79: =IF(B79="","",IF(F78<0.8,"A",IF(F78<0.95,"B","C"))) | H79: =IF(OR(B79="",C79=0),"",D79/C79) | I79: =IF(B79="","",SUMPRODUCT(MAX((Veri!$C$5:$C$2004=B79)*Veri!$A$5:$A$2004))) | K79: =IF(75>MAX(Veri!$G$5:$G$2004),"",INDEX(Veri!$C$5:$C$2004,MATCH(75,Veri!$G$5:$G$2004,0))) | L79: =IF(K79="","",SUMIFS(Veri!$E$5:$E$2004,Veri!$C$5:$C$2004,K79)) | M79: =IF(K79="","",L79+ROW()/1000000000)
A80: =IF(B80="","",76) | B80: =IFERROR(INDEX($K$5:$K$204,MATCH(LARGE($M$5:$M$204,76),$M$5:$M$204,0)),"") | C80: =IF(B80="","",SUMIFS(Veri!$D$5:$D$2004,Veri!$C$5:$C$2004,B80)) | D80: =IF(B80="","",SUMIFS(Veri!$E$5:$E$2004,Veri!$C$5:$C$2004,B80)) | E80: =IF(B80="","",IF(SUM(Veri!$E$5:$E$2004)=0,0,D80/SUM(Veri!$E$5:$E$2004))) | F80: =IF(B80="","",SUM(E$5:E80)) | G80: =IF(B80="","",IF(F79<0.8,"A",IF(F79<0.95,"B","C"))) | H80: =IF(OR(B80="",C80=0),"",D80/C80) | I80: =IF(B80="","",SUMPRODUCT(MAX((Veri!$C$5:$C$2004=B80)*Veri!$A$5:$A$2004))) | K80: =IF(76>MAX(Veri!$G$5:$G$2004),"",INDEX(Veri!$C$5:$C$2004,MATCH(76,Veri!$G$5:$G$2004,0))) | L80: =IF(K80="","",SUMIFS(Veri!$E$5:$E$2004,Veri!$C$5:$C$2004,K80)) | M80: =IF(K80="","",L80+ROW()/1000000000)
A81: =IF(B81="","",77) | B81: =IFERROR(INDEX($K$5:$K$204,MATCH(LARGE($M$5:$M$204,77),$M$5:$M$204,0)),"") | C81: =IF(B81="","",SUMIFS(Veri!$D$5:$D$2004,Veri!$C$5:$C$2004,B81)) | D81: =IF(B81="","",SUMIFS(Veri!$E$5:$E$2004,Veri!$C$5:$C$2004,B81)) | E81: =IF(B81="","",IF(SUM(Veri!$E$5:$E$2004)=0,0,D81/SUM(Veri!$E$5:$E$2004))) | F81: =IF(B81="","",SUM(E$5:E81)) | G81: =IF(B81="","",IF(F80<0.8,"A",IF(F80<0.95,"B","C"))) | H81: =IF(OR(B81="",C81=0),"",D81/C81) | I81: =IF(B81="","",SUMPRODUCT(MAX((Veri!$C$5:$C$2004=B81)*Veri!$A$5:$A$2004))) | K81: =IF(77>MAX(Veri!$G$5:$G$2004),"",INDEX(Veri!$C$5:$C$2004,MATCH(77,Veri!$G$5:$G$2004,0))) | L81: =IF(K81="","",SUMIFS(Veri!$E$5:$E$2004,Veri!$C$5:$C$2004,K81)) | M81: =IF(K81="","",L81+ROW()/1000000000)
A82: =IF(B82="","",78) | B82: =IFERROR(INDEX($K$5:$K$204,MATCH(LARGE($M$5:$M$204,78),$M$5:$M$204,0)),"") | C82: =IF(B82="","",SUMIFS(Veri!$D$5:$D$2004,Veri!$C$5:$C$2004,B82)) | D82: =IF(B82="","",SUMIFS(Veri!$E$5:$E$2004,Veri!$C$5:$C$2004,B82)) | E82: =IF(B82="","",IF(SUM(Veri!$E$5:$E$2004)=0,0,D82/SUM(Veri!$E$5:$E$2004))) | F82: =IF(B82="","",SUM(E$5:E82)) | G82: =IF(B82="","",IF(F81<0.8,"A",IF(F81<0.95,"B","C"))) | H82: =IF(OR(B82="",C82=0),"",D82/C82) | I82: =IF(B82="","",SUMPRODUCT(MAX((Veri!$C$5:$C$2004=B82)*Veri!$A$5:$A$2004))) | K82: =IF(78>MAX(Veri!$G$5:$G$2004),"",INDEX(Veri!$C$5:$C$2004,MATCH(78,Veri!$G$5:$G$2004,0))) | L82: =IF(K82="","",SUMIFS(Veri!$E$5:$E$2004,Veri!$C$5:$C$2004,K82)) | M82: =IF(K82="","",L82+ROW()/1000000000)
A83: =IF(B83="","",79) | B83: =IFERROR(INDEX($K$5:$K$204,MATCH(LARGE($M$5:$M$204,79),$M$5:$M$204,0)),"") | C83: =IF(B83="","",SUMIFS(Veri!$D$5:$D$2004,Veri!$C$5:$C$2004,B83)) | D83: =IF(B83="","",SUMIFS(Veri!$E$5:$E$2004,Veri!$C$5:$C$2004,B83)) | E83: =IF(B83="","",IF(SUM(Veri!$E$5:$E$2004)=0,0,D83/SUM(Veri!$E$5:$E$2004))) | F83: =IF(B83="","",SUM(E$5:E83)) | G83: =IF(B83="","",IF(F82<0.8,"A",IF(F82<0.95,"B","C"))) | H83: =IF(OR(B83="",C83=0),"",D83/C83) | I83: =IF(B83="","",SUMPRODUCT(MAX((Veri!$C$5:$C$2004=B83)*Veri!$A$5:$A$2004))) | K83: =IF(79>MAX(Veri!$G$5:$G$2004),"",INDEX(Veri!$C$5:$C$2004,MATCH(79,Veri!$G$5:$G$2004,0))) | L83: =IF(K83="","",SUMIFS(Veri!$E$5:$E$2004,Veri!$C$5:$C$2004,K83)) | M83: =IF(K83="","",L83+ROW()/1000000000)
A84: =IF(B84="","",80) | B84: =IFERROR(INDEX($K$5:$K$204,MATCH(LARGE($M$5:$M$204,80),$M$5:$M$204,0)),"") | C84: =IF(B84="","",SUMIFS(Veri!$D$5:$D$2004,Veri!$C$5:$C$2004,B84)) | D84: =IF(B84="","",SUMIFS(Veri!$E$5:$E$2004,Veri!$C$5:$C$2004,B84)) | E84: =IF(B84="","",IF(SUM(Veri!$E$5:$E$2004)=0,0,D84/SUM(Veri!$E$5:$E$2004))) | F84: =IF(B84="","",SUM(E$5:E84)) | G84: =IF(B84="","",IF(F83<0.8,"A",IF(F83<0.95,"B","C"))) | H84: =IF(OR(B84="",C84=0),"",D84/C84) | I84: =IF(B84="","",SUMPRODUCT(MAX((Veri!$C$5:$C$2004=B84)*Veri!$A$5:$A$2004))) | K84: =IF(80>MAX(Veri!$G$5:$G$2004),"",INDEX(Veri!$C$5:$C$2004,MATCH(80,Veri!$G$5:$G$2004,0))) | L84: =IF(K84="","",SUMIFS(Veri!$E$5:$E$2004,Veri!$C$5:$C$2004,K84)) | M84: =IF(K84="","",L84+ROW()/1000000000)
A85: =IF(B85="","",81) | B85: =IFERROR(INDEX($K$5:$K$204,MATCH(LARGE($M$5:$M$204,81),$M$5:$M$204,0)),"") | C85: =IF(B85="","",SUMIFS(Veri!$D$5:$D$2004,Veri!$C$5:$C$2004,B85)) | D85: =IF(B85="","",SUMIFS(Veri!$E$5:$E$2004,Veri!$C$5:$C$2004,B85)) | E85: =IF(B85="","",IF(SUM(Veri!$E$5:$E$2004)=0,0,D85/SUM(Veri!$E$5:$E$2004))) | F85: =IF(B85="","",SUM(E$5:E85)) | G85: =IF(B85="","",IF(F84<0.8,"A",IF(F84<0.95,"B","C"))) | H85: =IF(OR(B85="",C85=0),"",D85/C85) | I85: =IF(B85="","",SUMPRODUCT(MAX((Veri!$C$5:$C$2004=B85)*Veri!$A$5:$A$2004))) | K85: =IF(81>MAX(Veri!$G$5:$G$2004),"",INDEX(Veri!$C$5:$C$2004,MATCH(81,Veri!$G$5:$G$2004,0))) | L85: =IF(K85="","",SUMIFS(Veri!$E$5:$E$2004,Veri!$C$5:$C$2004,K85)) | M85: =IF(K85="","",L85+ROW()/1000000000)
A86: =IF(B86="","",82) | B86: =IFERROR(INDEX($K$5:$K$204,MATCH(LARGE($M$5:$M$204,82),$M$5:$M$204,0)),"") | C86: =IF(B86="","",SUMIFS(Veri!$D$5:$D$2004,Veri!$C$5:$C$2004,B86)) | D86: =IF(B86="","",SUMIFS(Veri!$E$5:$E$2004,Veri!$C$5:$C$2004,B86)) | E86: =IF(B86="","",IF(SUM(Veri!$E$5:$E$2004)=0,0,D86/SUM(Veri!$E$5:$E$2004))) | F86: =IF(B86="","",SUM(E$5:E86)) | G86: =IF(B86="","",IF(F85<0.8,"A",IF(F85<0.95,"B","C"))) | H86: =IF(OR(B86="",C86=0),"",D86/C86) | I86: =IF(B86="","",SUMPRODUCT(MAX((Veri!$C$5:$C$2004=B86)*Veri!$A$5:$A$2004))) | K86: =IF(82>MAX(Veri!$G$5:$G$2004),"",INDEX(Veri!$C$5:$C$2004,MATCH(82,Veri!$G$5:$G$2004,0))) | L86: =IF(K86="","",SUMIFS(Veri!$E$5:$E$2004,Veri!$C$5:$C$2004,K86)) | M86: =IF(K86="","",L86+ROW()/1000000000)
A87: =IF(B87="","",83) | B87: =IFERROR(INDEX($K$5:$K$204,MATCH(LARGE($M$5:$M$204,83),$M$5:$M$204,0)),"") | C87: =IF(B87="","",SUMIFS(Veri!$D$5:$D$2004,Veri!$C$5:$C$2004,B87)) | D87: =IF(B87="","",SUMIFS(Veri!$E$5:$E$2004,Veri!$C$5:$C$2004,B87)) | E87: =IF(B87="","",IF(SUM(Veri!$E$5:$E$2004)=0,0,D87/SUM(Veri!$E$5:$E$2004))) | F87: =IF(B87="","",SUM(E$5:E87)) | G87: =IF(B87="","",IF(F86<0.8,"A",IF(F86<0.95,"B","C"))) | H87: =IF(OR(B87="",C87=0),"",D87/C87) | I87: =IF(B87="","",SUMPRODUCT(MAX((Veri!$C$5:$C$2004=B87)*Veri!$A$5:$A$2004))) | K87: =IF(83>MAX(Veri!$G$5:$G$2004),"",INDEX(Veri!$C$5:$C$2004,MATCH(83,Veri!$G$5:$G$2004,0))) | L87: =IF(K87="","",SUMIFS(Veri!$E$5:$E$2004,Veri!$C$5:$C$2004,K87)) | M87: =IF(K87="","",L87+ROW()/1000000000)
A88: =IF(B88="","",84) | B88: =IFERROR(INDEX($K$5:$K$204,MATCH(LARGE($M$5:$M$204,84),$M$5:$M$204,0)),"") | C88: =IF(B88="","",SUMIFS(Veri!$D$5:$D$2004,Veri!$C$5:$C$2004,B88)) | D88: =IF(B88="","",SUMIFS(Veri!$E$5:$E$2004,Veri!$C$5:$C$2004,B88)) | E88: =IF(B88="","",IF(SUM(Veri!$E$5:$E$2004)=0,0,D88/SUM(Veri!$E$5:$E$2004))) | F88: =IF(B88="","",SUM(E$5:E88)) | G88: =IF(B88="","",IF(F87<0.8,"A",IF(F87<0.95,"B","C"))) | H88: =IF(OR(B88="",C88=0),"",D88/C88) | I88: =IF(B88="","",SUMPRODUCT(MAX((Veri!$C$5:$C$2004=B88)*Veri!$A$5:$A$2004))) | K88: =IF(84>MAX(Veri!$G$5:$G$2004),"",INDEX(Veri!$C$5:$C$2004,MATCH(84,Veri!$G$5:$G$2004,0))) | L88: =IF(K88="","",SUMIFS(Veri!$E$5:$E$2004,Veri!$C$5:$C$2004,K88)) | M88: =IF(K88="","",L88+ROW()/1000000000)
A89: =IF(B89="","",85) | B89: =IFERROR(INDEX($K$5:$K$204,MATCH(LARGE($M$5:$M$204,85),$M$5:$M$204,0)),"") | C89: =IF(B89="","",SUMIFS(Veri!$D$5:$D$2004,Veri!$C$5:$C$2004,B89)) | D89: =IF(B89="","",SUMIFS(Veri!$E$5:$E$2004,Veri!$C$5:$C$2004,B89)) | E89: =IF(B89="","",IF(SUM(Veri!$E$5:$E$2004)=0,0,D89/SUM(Veri!$E$5:$E$2004))) | F89: =IF(B89="","",SUM(E$5:E89)) | G89: =IF(B89="","",IF(F88<0.8,"A",IF(F88<0.95,"B","C"))) | H89: =IF(OR(B89="",C89=0),"",D89/C89) | I89: =IF(B89="","",SUMPRODUCT(MAX((Veri!$C$5:$C$2004=B89)*Veri!$A$5:$A$2004))) | K89: =IF(85>MAX(Veri!$G$5:$G$2004),"",INDEX(Veri!$C$5:$C$2004,MATCH(85,Veri!$G$5:$G$2004,0))) | L89: =IF(K89="","",SUMIFS(Veri!$E$5:$E$2004,Veri!$C$5:$C$2004,K89)) | M89: =IF(K89="","",L89+ROW()/1000000000)
A90: =IF(B90="","",86) | B90: =IFERROR(INDEX($K$5:$K$204,MATCH(LARGE($M$5:$M$204,86),$M$5:$M$204,0)),"") | C90: =IF(B90="","",SUMIFS(Veri!$D$5:$D$2004,Veri!$C$5:$C$2004,B90)) | D90: =IF(B90="","",SUMIFS(Veri!$E$5:$E$2004,Veri!$C$5:$C$2004,B90)) | E90: =IF(B90="","",IF(SUM(Veri!$E$5:$E$2004)=0,0,D90/SUM(Veri!$E$5:$E$2004))) | F90: =IF(B90="","",SUM(E$5:E90)) | G90: =IF(B90="","",IF(F89<0.8,"A",IF(F89<0.95,"B","C"))) | H90: =IF(OR(B90="",C90=0),"",D90/C90) | I90: =IF(B90="","",SUMPRODUCT(MAX((Veri!$C$5:$C$2004=B90)*Veri!$A$5:$A$2004))) | K90: =IF(86>MAX(Veri!$G$5:$G$2004),"",INDEX(Veri!$C$5:$C$2004,MATCH(86,Veri!$G$5:$G$2004,0))) | L90: =IF(K90="","",SUMIFS(Veri!$E$5:$E$2004,Veri!$C$5:$C$2004,K90)) | M90: =IF(K90="","",L90+ROW()/1000000000)
A91: =IF(B91="","",87) | B91: =IFERROR(INDEX($K$5:$K$204,MATCH(LARGE($M$5:$M$204,87),$M$5:$M$204,0)),"") | C91: =IF(B91="","",SUMIFS(Veri!$D$5:$D$2004,Veri!$C$5:$C$2004,B91)) | D91: =IF(B91="","",SUMIFS(Veri!$E$5:$E$2004,Veri!$C$5:$C$2004,B91)) | E91: =IF(B91="","",IF(SUM(Veri!$E$5:$E$2004)=0,0,D91/SUM(Veri!$E$5:$E$2004))) | F91: =IF(B91="","",SUM(E$5:E91)) | G91: =IF(B91="","",IF(F90<0.8,"A",IF(F90<0.95,"B","C"))) | H91: =IF(OR(B91="",C91=0),"",D91/C91) | I91: =IF(B91="","",SUMPRODUCT(MAX((Veri!$C$5:$C$2004=B91)*Veri!$A$5:$A$2004))) | K91: =IF(87>MAX(Veri!$G$5:$G$2004),"",INDEX(Veri!$C$5:$C$2004,MATCH(87,Veri!$G$5:$G$2004,0))) | L91: =IF(K91="","",SUMIFS(Veri!$E$5:$E$2004,Veri!$C$5:$C$2004,K91)) | M91: =IF(K91="","",L91+ROW()/1000000000)
A92: =IF(B92="","",88) | B92: =IFERROR(INDEX($K$5:$K$204,MATCH(LARGE($M$5:$M$204,88),$M$5:$M$204,0)),"") | C92: =IF(B92="","",SUMIFS(Veri!$D$5:$D$2004,Veri!$C$5:$C$2004,B92)) | D92: =IF(B92="","",SUMIFS(Veri!$E$5:$E$2004,Veri!$C$5:$C$2004,B92)) | E92: =IF(B92="","",IF(SUM(Veri!$E$5:$E$2004)=0,0,D92/SUM(Veri!$E$5:$E$2004))) | F92: =IF(B92="","",SUM(E$5:E92)) | G92: =IF(B92="","",IF(F91<0.8,"A",IF(F91<0.95,"B","C"))) | H92: =IF(OR(B92="",C92=0),"",D92/C92) | I92: =IF(B92="","",SUMPRODUCT(MAX((Veri!$C$5:$C$2004=B92)*Veri!$A$5:$A$2004))) | K92: =IF(88>MAX(Veri!$G$5:$G$2004),"",INDEX(Veri!$C$5:$C$2004,MATCH(88,Veri!$G$5:$G$2004,0))) | L92: =IF(K92="","",SUMIFS(Veri!$E$5:$E$2004,Veri!$C$5:$C$2004,K92)) | M92: =IF(K92="","",L92+ROW()/1000000000)
A93: =IF(B93="","",89) | B93: =IFERROR(INDEX($K$5:$K$204,MATCH(LARGE($M$5:$M$204,89),$M$5:$M$204,0)),"") | C93: =IF(B93="","",SUMIFS(Veri!$D$5:$D$2004,Veri!$C$5:$C$2004,B93)) | D93: =IF(B93="","",SUMIFS(Veri!$E$5:$E$2004,Veri!$C$5:$C$2004,B93)) | E93: =IF(B93="","",IF(SUM(Veri!$E$5:$E$2004)=0,0,D93/SUM(Veri!$E$5:$E$2004))) | F93: =IF(B93="","",SUM(E$5:E93)) | G93: =IF(B93="","",IF(F92<0.8,"A",IF(F92<0.95,"B","C"))) | H93: =IF(OR(B93="",C93=0),"",D93/C93) | I93: =IF(B93="","",SUMPRODUCT(MAX((Veri!$C$5:$C$2004=B93)*Veri!$A$5:$A$2004))) | K93: =IF(89>MAX(Veri!$G$5:$G$2004),"",INDEX(Veri!$C$5:$C$2004,MATCH(89,Veri!$G$5:$G$2004,0))) | L93: =IF(K93="","",SUMIFS(Veri!$E$5:$E$2004,Veri!$C$5:$C$2004,K93)) | M93: =IF(K93="","",L93+ROW()/1000000000)
A94: =IF(B94="","",90) | B94: =IFERROR(INDEX($K$5:$K$204,MATCH(LARGE($M$5:$M$204,90),$M$5:$M$204,0)),"") | C94: =IF(B94="","",SUMIFS(Veri!$D$5:$D$2004,Veri!$C$5:$C$2004,B94)) | D94: =IF(B94="","",SUMIFS(Veri!$E$5:$E$2004,Veri!$C$5:$C$2004,B94)) | E94: =IF(B94="","",IF(SUM(Veri!$E$5:$E$2004)=0,0,D94/SUM(Veri!$E$5:$E$2004))) | F94: =IF(B94="","",SUM(E$5:E94)) | G94: =IF(B94="","",IF(F93<0.8,"A",IF(F93<0.95,"B","C"))) | H94: =IF(OR(B94="",C94=0),"",D94/C94) | I94: =IF(B94="","",SUMPRODUCT(MAX((Veri!$C$5:$C$2004=B94)*Veri!$A$5:$A$2004))) | K94: =IF(90>MAX(Veri!$G$5:$G$2004),"",INDEX(Veri!$C$5:$C$2004,MATCH(90,Veri!$G$5:$G$2004,0))) | L94: =IF(K94="","",SUMIFS(Veri!$E$5:$E$2004,Veri!$C$5:$C$2004,K94)) | M94: =IF(K94="","",L94+ROW()/1000000000)
A95: =IF(B95="","",91) | B95: =IFERROR(INDEX($K$5:$K$204,MATCH(LARGE($M$5:$M$204,91),$M$5:$M$204,0)),"") | C95: =IF(B95="","",SUMIFS(Veri!$D$5:$D$2004,Veri!$C$5:$C$2004,B95)) | D95: =IF(B95="","",SUMIFS(Veri!$E$5:$E$2004,Veri!$C$5:$C$2004,B95)) | E95: =IF(B95="","",IF(SUM(Veri!$E$5:$E$2004)=0,0,D95/SUM(Veri!$E$5:$E$2004))) | F95: =IF(B95="","",SUM(E$5:E95)) | G95: =IF(B95="","",IF(F94<0.8,"A",IF(F94<0.95,"B","C"))) | H95: =IF(OR(B95="",C95=0),"",D95/C95) | I95: =IF(B95="","",SUMPRODUCT(MAX((Veri!$C$5:$C$2004=B95)*Veri!$A$5:$A$2004))) | K95: =IF(91>MAX(Veri!$G$5:$G$2004),"",INDEX(Veri!$C$5:$C$2004,MATCH(91,Veri!$G$5:$G$2004,0))) | L95: =IF(K95="","",SUMIFS(Veri!$E$5:$E$2004,Veri!$C$5:$C$2004,K95)) | M95: =IF(K95="","",L95+ROW()/1000000000)
A96: =IF(B96="","",92) | B96: =IFERROR(INDEX($K$5:$K$204,MATCH(LARGE($M$5:$M$204,92),$M$5:$M$204,0)),"") | C96: =IF(B96="","",SUMIFS(Veri!$D$5:$D$2004,Veri!$C$5:$C$2004,B96)) | D96: =IF(B96="","",SUMIFS(Veri!$E$5:$E$2004,Veri!$C$5:$C$2004,B96)) | E96: =IF(B96="","",IF(SUM(Veri!$E$5:$E$2004)=0,0,D96/SUM(Veri!$E$5:$E$2004))) | F96: =IF(B96="","",SUM(E$5:E96)) | G96: =IF(B96="","",IF(F95<0.8,"A",IF(F95<0.95,"B","C"))) | H96: =IF(OR(B96="",C96=0),"",D96/C96) | I96: =IF(B96="","",SUMPRODUCT(MAX((Veri!$C$5:$C$2004=B96)*Veri!$A$5:$A$2004))) | K96: =IF(92>MAX(Veri!$G$5:$G$2004),"",INDEX(Veri!$C$5:$C$2004,MATCH(92,Veri!$G$5:$G$2004,0))) | L96: =IF(K96="","",SUMIFS(Veri!$E$5:$E$2004,Veri!$C$5:$C$2004,K96)) | M96: =IF(K96="","",L96+ROW()/1000000000)
A97: =IF(B97="","",93) | B97: =IFERROR(INDEX($K$5:$K$204,MATCH(LARGE($M$5:$M$204,93),$M$5:$M$204,0)),"") | C97: =IF(B97="","",SUMIFS(Veri!$D$5:$D$2004,Veri!$C$5:$C$2004,B97)) | D97: =IF(B97="","",SUMIFS(Veri!$E$5:$E$2004,Veri!$C$5:$C$2004,B97)) | E97: =IF(B97="","",IF(SUM(Veri!$E$5:$E$2004)=0,0,D97/SUM(Veri!$E$5:$E$2004))) | F97: =IF(B97="","",SUM(E$5:E97)) | G97: =IF(B97="","",IF(F96<0.8,"A",IF(F96<0.95,"B","C"))) | H97: =IF(OR(B97="",C97=0),"",D97/C97) | I97: =IF(B97="","",SUMPRODUCT(MAX((Veri!$C$5:$C$2004=B97)*Veri!$A$5:$A$2004))) | K97: =IF(93>MAX(Veri!$G$5:$G$2004),"",INDEX(Veri!$C$5:$C$2004,MATCH(93,Veri!$G$5:$G$2004,0))) | L97: =IF(K97="","",SUMIFS(Veri!$E$5:$E$2004,Veri!$C$5:$C$2004,K97)) | M97: =IF(K97="","",L97+ROW()/1000000000)
A98: =IF(B98="","",94) | B98: =IFERROR(INDEX($K$5:$K$204,MATCH(LARGE($M$5:$M$204,94),$M$5:$M$204,0)),"") | C98: =IF(B98="","",SUMIFS(Veri!$D$5:$D$2004,Veri!$C$5:$C$2004,B98)) | D98: =IF(B98="","",SUMIFS(Veri!$E$5:$E$2004,Veri!$C$5:$C$2004,B98)) | E98: =IF(B98="","",IF(SUM(Veri!$E$5:$E$2004)=0,0,D98/SUM(Veri!$E$5:$E$2004))) | F98: =IF(B98="","",SUM(E$5:E98)) | G98: =IF(B98="","",IF(F97<0.8,"A",IF(F97<0.95,"B","C"))) | H98: =IF(OR(B98="",C98=0),"",D98/C98) | I98: =IF(B98="","",SUMPRODUCT(MAX((Veri!$C$5:$C$2004=B98)*Veri!$A$5:$A$2004))) | K98: =IF(94>MAX(Veri!$G$5:$G$2004),"",INDEX(Veri!$C$5:$C$2004,MATCH(94,Veri!$G$5:$G$2004,0))) | L98: =IF(K98="","",SUMIFS(Veri!$E$5:$E$2004,Veri!$C$5:$C$2004,K98)) | M98: =IF(K98="","",L98+ROW()/1000000000)
A99: =IF(B99="","",95) | B99: =IFERROR(INDEX($K$5:$K$204,MATCH(LARGE($M$5:$M$204,95),$M$5:$M$204,0)),"") | C99: =IF(B99="","",SUMIFS(Veri!$D$5:$D$2004,Veri!$C$5:$C$2004,B99)) | D99: =IF(B99="","",SUMIFS(Veri!$E$5:$E$2004,Veri!$C$5:$C$2004,B99)) | E99: =IF(B99="","",IF(SUM(Veri!$E$5:$E$2004)=0,0,D99/SUM(Veri!$E$5:$E$2004))) | F99: =IF(B99="","",SUM(E$5:E99)) | G99: =IF(B99="","",IF(F98<0.8,"A",IF(F98<0.95,"B","C"))) | H99: =IF(OR(B99="",C99=0),"",D99/C99) | I99: =IF(B99="","",SUMPRODUCT(MAX((Veri!$C$5:$C$2004=B99)*Veri!$A$5:$A$2004))) | K99: =IF(95>MAX(Veri!$G$5:$G$2004),"",INDEX(Veri!$C$5:$C$2004,MATCH(95,Veri!$G$5:$G$2004,0))) | L99: =IF(K99="","",SUMIFS(Veri!$E$5:$E$2004,Veri!$C$5:$C$2004,K99)) | M99: =IF(K99="","",L99+ROW()/1000000000)
A100: =IF(B100="","",96) | B100: =IFERROR(INDEX($K$5:$K$204,MATCH(LARGE($M$5:$M$204,96),$M$5:$M$204,0)),"") | C100: =IF(B100="","",SUMIFS(Veri!$D$5:$D$2004,Veri!$C$5:$C$2004,B100)) | D100: =IF(B100="","",SUMIFS(Veri!$E$5:$E$2004,Veri!$C$5:$C$2004,B100)) | E100: =IF(B100="","",IF(SUM(Veri!$E$5:$E$2004)=0,0,D100/SUM(Veri!$E$5:$E$2004))) | F100: =IF(B100="","",SUM(E$5:E100)) | G100: =IF(B100="","",IF(F99<0.8,"A",IF(F99<0.95,"B","C"))) | H100: =IF(OR(B100="",C100=0),"",D100/C100) | I100: =IF(B100="","",SUMPRODUCT(MAX((Veri!$C$5:$C$2004=B100)*Veri!$A$5:$A$2004))) | K100: =IF(96>MAX(Veri!$G$5:$G$2004),"",INDEX(Veri!$C$5:$C$2004,MATCH(96,Veri!$G$5:$G$2004,0))) | L100: =IF(K100="","",SUMIFS(Veri!$E$5:$E$2004,Veri!$C$5:$C$2004,K100)) | M100: =IF(K100="","",L100+ROW()/1000000000)
A101: =IF(B101="","",97) | B101: =IFERROR(INDEX($K$5:$K$204,MATCH(LARGE($M$5:$M$204,97),$M$5:$M$204,0)),"") | C101: =IF(B101="","",SUMIFS(Veri!$D$5:$D$2004,Veri!$C$5:$C$2004,B101)) | D101: =IF(B101="","",SUMIFS(Veri!$E$5:$E$2004,Veri!$C$5:$C$2004,B101)) | E101: =IF(B101="","",IF(SUM(Veri!$E$5:$E$2004)=0,0,D101/SUM(Veri!$E$5:$E$2004))) | F101: =IF(B101="","",SUM(E$5:E101)) | G101: =IF(B101="","",IF(F100<0.8,"A",IF(F100<0.95,"B","C"))) | H101: =IF(OR(B101="",C101=0),"",D101/C101) | I101: =IF(B101="","",SUMPRODUCT(MAX((Veri!$C$5:$C$2004=B101)*Veri!$A$5:$A$2004))) | K101: =IF(97>MAX(Veri!$G$5:$G$2004),"",INDEX(Veri!$C$5:$C$2004,MATCH(97,Veri!$G$5:$G$2004,0))) | L101: =IF(K101="","",SUMIFS(Veri!$E$5:$E$2004,Veri!$C$5:$C$2004,K101)) | M101: =IF(K101="","",L101+ROW()/1000000000)
...

Sheet Müşteriler
A1: Müşteri Analizi
A2: Cirosu en yüksek müşteriden başlayarak sıralanır.
A4: Sıra | B4: Müşteri | C4: Satış satırı | D4: Ciro (₺) | E4: Pay | F4: Birikimli pay | G4: Sınıf | H4: Satır başına ortalama (₺) | I4: Son alışveriş | K4: y | L4: y | M4: y | N4: y
A5: =IF(B5="","",1) -> 1 | B5: =IFERROR(INDEX($K$5:$K$204,MATCH(LARGE($M$5:$M$204,1),$M$5:$M$204,0)),"") -> Müşteri Alfa | C5: =IF(B5="","",COUNTIF(Veri!$B$5:$B$2004,B5)) -> 17 | D5: =IF(B5="","",SUMIFS(Veri!$E$5:$E$2004,Veri!$B$5:$B$2004,B5)) -> 28610 | E5: =IF(B5="","",IF(SUM(Veri!$E$5:$E$2004)=0,0,D5/SUM(Veri!$E$5:$E$2004))) -> 0.24725607 | F5: =IF(B5="","",SUM(E$5:E5)) -> 0.24725607 | G5: =IF(B5="","","A") -> A | H5: =IF(OR(B5="",C5=0),"",D5/C5) -> 1682.9412 | I5: =IF(B5="","",SUMPRODUCT(MAX((Veri!$B$5:$B$2004=B5)*Veri!$A$5:$A$2004))) -> 46282 | K5: =IF(1>MAX(Veri!$I$5:$I$2004),"",INDEX(Veri!$B$5:$B$2004,MATCH(1,Veri!$I$5:$I$2004,0))) -> Müşteri Epsilon | L5: =IF(K5="","",SUMIFS(Veri!$E$5:$E$2004,Veri!$B$5:$B$2004,K5)) -> 9535 | M5: =IF(K5="","",L5+ROW()/1000000000) -> 9535
A6: =IF(B6="","",2) -> 2 | B6: =IFERROR(INDEX($K$5:$K$204,MATCH(LARGE($M$5:$M$204,2),$M$5:$M$204,0)),"") -> Müşteri Delta | C6: =IF(B6="","",COUNTIF(Veri!$B$5:$B$2004,B6)) -> 16 | D6: =IF(B6="","",SUMIFS(Veri!$E$5:$E$2004,Veri!$B$5:$B$2004,B6)) -> 26970 | E6: =IF(B6="","",IF(SUM(Veri!$E$5:$E$2004)=0,0,D6/SUM(Veri!$E$5:$E$2004))) -> 0.23308271 | F6: =IF(B6="","",SUM(E$5:E6)) -> 0.48033878 | G6: =IF(B6="","",IF(F5<0.8,"A",IF(F5<0.95,"B","C"))) -> A | H6: =IF(OR(B6="",C6=0),"",D6/C6) -> 1685.625 | I6: =IF(B6="","",SUMPRODUCT(MAX((Veri!$B$5:$B$2004=B6)*Veri!$A$5:$A$2004))) -> 46298 | K6: =IF(2>MAX(Veri!$I$5:$I$2004),"",INDEX(Veri!$B$5:$B$2004,MATCH(2,Veri!$I$5:$I$2004,0))) -> Müşteri Gama | L6: =IF(K6="","",SUMIFS(Veri!$E$5:$E$2004,Veri!$B$5:$B$2004,K6)) -> 17595 | M6: =IF(K6="","",L6+ROW()/1000000000) -> 17595
A7: =IF(B7="","",3) -> 3 | B7: =IFERROR(INDEX($K$5:$K$204,MATCH(LARGE($M$5:$M$204,3),$M$5:$M$204,0)),"") -> Müşteri Beta | C7: =IF(B7="","",COUNTIF(Veri!$B$5:$B$2004,B7)) -> 10 | D7: =IF(B7="","",SUMIFS(Veri!$E$5:$E$2004,Veri!$B$5:$B$2004,B7)) -> 21020 | E7: =IF(B7="","",IF(SUM(Veri!$E$5:$E$2004)=0,0,D7/SUM(Veri!$E$5:$E$2004))) -> 0.18166105 | F7: =IF(B7="","",SUM(E$5:E7)) -> 0.66199983 | G7: =IF(B7="","",IF(F6<0.8,"A",IF(F6<0.95,"B","C"))) -> A | H7: =IF(OR(B7="",C7=0),"",D7/C7) -> 2102 | I7: =IF(B7="","",SUMPRODUCT(MAX((Veri!$B$5:$B$2004=B7)*Veri!$A$5:$A$2004))) -> 46295 | K7: =IF(3>MAX(Veri!$I$5:$I$2004),"",INDEX(Veri!$B$5:$B$2004,MATCH(3,Veri!$I$5:$I$2004,0))) -> Müşteri Beta | L7: =IF(K7="","",SUMIFS(Veri!$E$5:$E$2004,Veri!$B$5:$B$2004,K7)) -> 21020 | M7: =IF(K7="","",L7+ROW()/1000000000) -> 21020
A8: =IF(B8="","",4) -> 4 | B8: =IFERROR(INDEX($K$5:$K$204,MATCH(LARGE($M$5:$M$204,4),$M$5:$M$204,0)),"") -> Müşteri Gama | C8: =IF(B8="","",COUNTIF(Veri!$B$5:$B$2004,B8)) -> 13 | D8: =IF(B8="","",SUMIFS(Veri!$E$5:$E$2004,Veri!$B$5:$B$2004,B8)) -> 17595 | E8: =IF(B8="","",IF(SUM(Veri!$E$5:$E$2004)=0,0,D8/SUM(Veri!$E$5:$E$2004))) -> 0.15206119 | F8: =IF(B8="","",SUM(E$5:E8)) -> 0.81406101 | G8: =IF(B8="","",IF(F7<0.8,"A",IF(F7<0.95,"B","C"))) -> A | H8: =IF(OR(B8="",C8=0),"",D8/C8) -> 1353.4615 | I8: =IF(B8="","",SUMPRODUCT(MAX((Veri!$B$5:$B$2004=B8)*Veri!$A$5:$A$2004))) -> 46298 | K8: =IF(4>MAX(Veri!$I$5:$I$2004),"",INDEX(Veri!$B$5:$B$2004,MATCH(4,Veri!$I$5:$I$2004,0))) -> Müşteri Delta | L8: =IF(K8="","",SUMIFS(Veri!$E$5:$E$2004,Veri!$B$5:$B$2004,K8)) -> 26970 | M8: =IF(K8="","",L8+ROW()/1000000000) -> 26970
A9: =IF(B9="","",5) -> 5 | B9: =IFERROR(INDEX($K$5:$K$204,MATCH(LARGE($M$5:$M$204,5),$M$5:$M$204,0)),"") -> Perakende | C9: =IF(B9="","",COUNTIF(Veri!$B$5:$B$2004,B9)) -> 10 | D9: =IF(B9="","",SUMIFS(Veri!$E$5:$E$2004,Veri!$B$5:$B$2004,B9)) -> 11980 | E9: =IF(B9="","",IF(SUM(Veri!$E$5:$E$2004)=0,0,D9/SUM(Veri!$E$5:$E$2004))) -> 0.1035347 | F9: =IF(B9="","",SUM(E$5:E9)) -> 0.91759571 | G9: =IF(B9="","",IF(F8<0.8,"A",IF(F8<0.95,"B","C"))) -> B | H9: =IF(OR(B9="",C9=0),"",D9/C9) -> 1198 | I9: =IF(B9="","",SUMPRODUCT(MAX((Veri!$B$5:$B$2004=B9)*Veri!$A$5:$A$2004))) -> 46294 | K9: =IF(5>MAX(Veri!$I$5:$I$2004),"",INDEX(Veri!$B$5:$B$2004,MATCH(5,Veri!$I$5:$I$2004,0))) -> Perakende | L9: =IF(K9="","",SUMIFS(Veri!$E$5:$E$2004,Veri!$B$5:$B$2004,K9)) -> 11980 | M9: =IF(K9="","",L9+ROW()/1000000000) -> 11980
A10: =IF(B10="","",6) -> 6 | B10: =IFERROR(INDEX($K$5:$K$204,MATCH(LARGE($M$5:$M$204,6),$M$5:$M$204,0)),"") -> Müşteri Epsilon | C10: =IF(B10="","",COUNTIF(Veri!$B$5:$B$2004,B10)) -> 14 | D10: =IF(B10="","",SUMIFS(Veri!$E$5:$E$2004,Veri!$B$5:$B$2004,B10)) -> 9535 | E10: =IF(B10="","",IF(SUM(Veri!$E$5:$E$2004)=0,0,D10/SUM(Veri!$E$5:$E$2004))) -> 0.082404287 | F10: =IF(B10="","",SUM(E$5:E10)) -> 1 | G10: =IF(B10="","",IF(F9<0.8,"A",IF(F9<0.95,"B","C"))) -> B | H10: =IF(OR(B10="",C10=0),"",D10/C10) -> 681.07143 | I10: =IF(B10="","",SUMPRODUCT(MAX((Veri!$B$5:$B$2004=B10)*Veri!$A$5:$A$2004))) -> 46270 | K10: =IF(6>MAX(Veri!$I$5:$I$2004),"",INDEX(Veri!$B$5:$B$2004,MATCH(6,Veri!$I$5:$I$2004,0))) -> Müşteri Alfa | L10: =IF(K10="","",SUMIFS(Veri!$E$5:$E$2004,Veri!$B$5:$B$2004,K10)) -> 28610 | M10: =IF(K10="","",L10+ROW()/1000000000) -> 28610
A11: =IF(B11="","",7) | B11: =IFERROR(INDEX($K$5:$K$204,MATCH(LARGE($M$5:$M$204,7),$M$5:$M$204,0)),"") | C11: =IF(B11="","",COUNTIF(Veri!$B$5:$B$2004,B11)) | D11: =IF(B11="","",SUMIFS(Veri!$E$5:$E$2004,Veri!$B$5:$B$2004,B11)) | E11: =IF(B11="","",IF(SUM(Veri!$E$5:$E$2004)=0,0,D11/SUM(Veri!$E$5:$E$2004))) | F11: =IF(B11="","",SUM(E$5:E11)) | G11: =IF(B11="","",IF(F10<0.8,"A",IF(F10<0.95,"B","C"))) | H11: =IF(OR(B11="",C11=0),"",D11/C11) | I11: =IF(B11="","",SUMPRODUCT(MAX((Veri!$B$5:$B$2004=B11)*Veri!$A$5:$A$2004))) | K11: =IF(7>MAX(Veri!$I$5:$I$2004),"",INDEX(Veri!$B$5:$B$2004,MATCH(7,Veri!$I$5:$I$2004,0))) | L11: =IF(K11="","",SUMIFS(Veri!$E$5:$E$2004,Veri!$B$5:$B$2004,K11)) | M11: =IF(K11="","",L11+ROW()/1000000000)
A12: =IF(B12="","",8) | B12: =IFERROR(INDEX($K$5:$K$204,MATCH(LARGE($M$5:$M$204,8),$M$5:$M$204,0)),"") | C12: =IF(B12="","",COUNTIF(Veri!$B$5:$B$2004,B12)) | D12: =IF(B12="","",SUMIFS(Veri!$E$5:$E$2004,Veri!$B$5:$B$2004,B12)) | E12: =IF(B12="","",IF(SUM(Veri!$E$5:$E$2004)=0,0,D12/SUM(Veri!$E$5:$E$2004))) | F12: =IF(B12="","",SUM(E$5:E12)) | G12: =IF(B12="","",IF(F11<0.8,"A",IF(F11<0.95,"B","C"))) | H12: =IF(OR(B12="",C12=0),"",D12/C12) | I12: =IF(B12="","",SUMPRODUCT(MAX((Veri!$B$5:$B$2004=B12)*Veri!$A$5:$A$2004))) | K12: =IF(8>MAX(Veri!$I$5:$I$2004),"",INDEX(Veri!$B$5:$B$2004,MATCH(8,Veri!$I$5:$I$2004,0))) | L12: =IF(K12="","",SUMIFS(Veri!$E$5:$E$2004,Veri!$B$5:$B$2004,K12)) | M12: =IF(K12="","",L12+ROW()/1000000000)
A13: =IF(B13="","",9) | B13: =IFERROR(INDEX($K$5:$K$204,MATCH(LARGE($M$5:$M$204,9),$M$5:$M$204,0)),"") | C13: =IF(B13="","",COUNTIF(Veri!$B$5:$B$2004,B13)) | D13: =IF(B13="","",SUMIFS(Veri!$E$5:$E$2004,Veri!$B$5:$B$2004,B13)) | E13: =IF(B13="","",IF(SUM(Veri!$E$5:$E$2004)=0,0,D13/SUM(Veri!$E$5:$E$2004))) | F13: =IF(B13="","",SUM(E$5:E13)) | G13: =IF(B13="","",IF(F12<0.8,"A",IF(F12<0.95,"B","C"))) | H13: =IF(OR(B13="",C13=0),"",D13/C13) | I13: =IF(B13="","",SUMPRODUCT(MAX((Veri!$B$5:$B$2004=B13)*Veri!$A$5:$A$2004))) | K13: =IF(9>MAX(Veri!$I$5:$I$2004),"",INDEX(Veri!$B$5:$B$2004,MATCH(9,Veri!$I$5:$I$2004,0))) | L13: =IF(K13="","",SUMIFS(Veri!$E$5:$E$2004,Veri!$B$5:$B$2004,K13)) | M13: =IF(K13="","",L13+ROW()/1000000000)
A14: =IF(B14="","",10) | B14: =IFERROR(INDEX($K$5:$K$204,MATCH(LARGE($M$5:$M$204,10),$M$5:$M$204,0)),"") | C14: =IF(B14="","",COUNTIF(Veri!$B$5:$B$2004,B14)) | D14: =IF(B14="","",SUMIFS(Veri!$E$5:$E$2004,Veri!$B$5:$B$2004,B14)) | E14: =IF(B14="","",IF(SUM(Veri!$E$5:$E$2004)=0,0,D14/SUM(Veri!$E$5:$E$2004))) | F14: =IF(B14="","",SUM(E$5:E14)) | G14: =IF(B14="","",IF(F13<0.8,"A",IF(F13<0.95,"B","C"))) | H14: =IF(OR(B14="",C14=0),"",D14/C14) | I14: =IF(B14="","",SUMPRODUCT(MAX((Veri!$B$5:$B$2004=B14)*Veri!$A$5:$A$2004))) | K14: =IF(10>MAX(Veri!$I$5:$I$2004),"",INDEX(Veri!$B$5:$B$2004,MATCH(10,Veri!$I$5:$I$2004,0))) | L14: =IF(K14="","",SUMIFS(Veri!$E$5:$E$2004,Veri!$B$5:$B$2004,K14)) | M14: =IF(K14="","",L14+ROW()/1000000000)
A15: =IF(B15="","",11) | B15: =IFERROR(INDEX($K$5:$K$204,MATCH(LARGE($M$5:$M$204,11),$M$5:$M$204,0)),"") | C15: =IF(B15="","",COUNTIF(Veri!$B$5:$B$2004,B15)) | D15: =IF(B15="","",SUMIFS(Veri!$E$5:$E$2004,Veri!$B$5:$B$2004,B15)) | E15: =IF(B15="","",IF(SUM(Veri!$E$5:$E$2004)=0,0,D15/SUM(Veri!$E$5:$E$2004))) | F15: =IF(B15="","",SUM(E$5:E15)) | G15: =IF(B15="","",IF(F14<0.8,"A",IF(F14<0.95,"B","C"))) | H15: =IF(OR(B15="",C15=0),"",D15/C15) | I15: =IF(B15="","",SUMPRODUCT(MAX((Veri!$B$5:$B$2004=B15)*Veri!$A$5:$A$2004))) | K15: =IF(11>MAX(Veri!$I$5:$I$2004),"",INDEX(Veri!$B$5:$B$2004,MATCH(11,Veri!$I$5:$I$2004,0))) | L15: =IF(K15="","",SUMIFS(Veri!$E$5:$E$2004,Veri!$B$5:$B$2004,K15)) | M15: =IF(K15="","",L15+ROW()/1000000000)
A16: =IF(B16="","",12) | B16: =IFERROR(INDEX($K$5:$K$204,MATCH(LARGE($M$5:$M$204,12),$M$5:$M$204,0)),"") | C16: =IF(B16="","",COUNTIF(Veri!$B$5:$B$2004,B16)) | D16: =IF(B16="","",SUMIFS(Veri!$E$5:$E$2004,Veri!$B$5:$B$2004,B16)) | E16: =IF(B16="","",IF(SUM(Veri!$E$5:$E$2004)=0,0,D16/SUM(Veri!$E$5:$E$2004))) | F16: =IF(B16="","",SUM(E$5:E16)) | G16: =IF(B16="","",IF(F15<0.8,"A",IF(F15<0.95,"B","C"))) | H16: =IF(OR(B16="",C16=0),"",D16/C16) | I16: =IF(B16="","",SUMPRODUCT(MAX((Veri!$B$5:$B$2004=B16)*Veri!$A$5:$A$2004))) | K16: =IF(12>MAX(Veri!$I$5:$I$2004),"",INDEX(Veri!$B$5:$B$2004,MATCH(12,Veri!$I$5:$I$2004,0))) | L16: =IF(K16="","",SUMIFS(Veri!$E$5:$E$2004,Veri!$B$5:$B$2004,K16)) | M16: =IF(K16="","",L16+ROW()/1000000000)
A17: =IF(B17="","",13) | B17: =IFERROR(INDEX($K$5:$K$204,MATCH(LARGE($M$5:$M$204,13),$M$5:$M$204,0)),"") | C17: =IF(B17="","",COUNTIF(Veri!$B$5:$B$2004,B17)) | D17: =IF(B17="","",SUMIFS(Veri!$E$5:$E$2004,Veri!$B$5:$B$2004,B17)) | E17: =IF(B17="","",IF(SUM(Veri!$E$5:$E$2004)=0,0,D17/SUM(Veri!$E$5:$E$2004))) | F17: =IF(B17="","",SUM(E$5:E17)) | G17: =IF(B17="","",IF(F16<0.8,"A",IF(F16<0.95,"B","C"))) | H17: =IF(OR(B17="",C17=0),"",D17/C17) | I17: =IF(B17="","",SUMPRODUCT(MAX((Veri!$B$5:$B$2004=B17)*Veri!$A$5:$A$2004))) | K17: =IF(13>MAX(Veri!$I$5:$I$2004),"",INDEX(Veri!$B$5:$B$2004,MATCH(13,Veri!$I$5:$I$2004,0))) | L17: =IF(K17="","",SUMIFS(Veri!$E$5:$E$2004,Veri!$B$5:$B$2004,K17)) | M17: =IF(K17="","",L17+ROW()/1000000000)
A18: =IF(B18="","",14) | B18: =IFERROR(INDEX($K$5:$K$204,MATCH(LARGE($M$5:$M$204,14),$M$5:$M$204,0)),"") | C18: =IF(B18="","",COUNTIF(Veri!$B$5:$B$2004,B18)) | D18: =IF(B18="","",SUMIFS(Veri!$E$5:$E$2004,Veri!$B$5:$B$2004,B18)) | E18: =IF(B18="","",IF(SUM(Veri!$E$5:$E$2004)=0,0,D18/SUM(Veri!$E$5:$E$2004))) | F18: =IF(B18="","",SUM(E$5:E18)) | G18: =IF(B18="","",IF(F17<0.8,"A",IF(F17<0.95,"B","C"))) | H18: =IF(OR(B18="",C18=0),"",D18/C18) | I18: =IF(B18="","",SUMPRODUCT(MAX((Veri!$B$5:$B$2004=B18)*Veri!$A$5:$A$2004))) | K18: =IF(14>MAX(Veri!$I$5:$I$2004),"",INDEX(Veri!$B$5:$B$2004,MATCH(14,Veri!$I$5:$I$2004,0))) | L18: =IF(K18="","",SUMIFS(Veri!$E$5:$E$2004,Veri!$B$5:$B$2004,K18)) | M18: =IF(K18="","",L18+ROW()/1000000000)
A19: =IF(B19="","",15) | B19: =IFERROR(INDEX($K$5:$K$204,MATCH(LARGE($M$5:$M$204,15),$M$5:$M$204,0)),"") | C19: =IF(B19="","",COUNTIF(Veri!$B$5:$B$2004,B19)) | D19: =IF(B19="","",SUMIFS(Veri!$E$5:$E$2004,Veri!$B$5:$B$2004,B19)) | E19: =IF(B19="","",IF(SUM(Veri!$E$5:$E$2004)=0,0,D19/SUM(Veri!$E$5:$E$2004))) | F19: =IF(B19="","",SUM(E$5:E19)) | G19: =IF(B19="","",IF(F18<0.8,"A",IF(F18<0.95,"B","C"))) | H19: =IF(OR(B19="",C19=0),"",D19/C19) | I19: =IF(B19="","",SUMPRODUCT(MAX((Veri!$B$5:$B$2004=B19)*Veri!$A$5:$A$2004))) | K19: =IF(15>MAX(Veri!$I$5:$I$2004),"",INDEX(Veri!$B$5:$B$2004,MATCH(15,Veri!$I$5:$I$2004,0))) | L19: =IF(K19="","",SUMIFS(Veri!$E$5:$E$2004,Veri!$B$5:$B$2004,K19)) | M19: =IF(K19="","",L19+ROW()/1000000000)
A20: =IF(B20="","",16) | B20: =IFERROR(INDEX($K$5:$K$204,MATCH(LARGE($M$5:$M$204,16),$M$5:$M$204,0)),"") | C20: =IF(B20="","",COUNTIF(Veri!$B$5:$B$2004,B20)) | D20: =IF(B20="","",SUMIFS(Veri!$E$5:$E$2004,Veri!$B$5:$B$2004,B20)) | E20: =IF(B20="","",IF(SUM(Veri!$E$5:$E$2004)=0,0,D20/SUM(Veri!$E$5:$E$2004))) | F20: =IF(B20="","",SUM(E$5:E20)) | G20: =IF(B20="","",IF(F19<0.8,"A",IF(F19<0.95,"B","C"))) | H20: =IF(OR(B20="",C20=0),"",D20/C20) | I20: =IF(B20="","",SUMPRODUCT(MAX((Veri!$B$5:$B$2004=B20)*Veri!$A$5:$A$2004))) | K20: =IF(16>MAX(Veri!$I$5:$I$2004),"",INDEX(Veri!$B$5:$B$2004,MATCH(16,Veri!$I$5:$I$2004,0))) | L20: =IF(K20="","",SUMIFS(Veri!$E$5:$E$2004,Veri!$B$5:$B$2004,K20)) | M20: =IF(K20="","",L20+ROW()/1000000000)
A21: =IF(B21="","",17) | B21: =IFERROR(INDEX($K$5:$K$204,MATCH(LARGE($M$5:$M$204,17),$M$5:$M$204,0)),"") | C21: =IF(B21="","",COUNTIF(Veri!$B$5:$B$2004,B21)) | D21: =IF(B21="","",SUMIFS(Veri!$E$5:$E$2004,Veri!$B$5:$B$2004,B21)) | E21: =IF(B21="","",IF(SUM(Veri!$E$5:$E$2004)=0,0,D21/SUM(Veri!$E$5:$E$2004))) | F21: =IF(B21="","",SUM(E$5:E21)) | G21: =IF(B21="","",IF(F20<0.8,"A",IF(F20<0.95,"B","C"))) | H21: =IF(OR(B21="",C21=0),"",D21/C21) | I21: =IF(B21="","",SUMPRODUCT(MAX((Veri!$B$5:$B$2004=B21)*Veri!$A$5:$A$2004))) | K21: =IF(17>MAX(Veri!$I$5:$I$2004),"",INDEX(Veri!$B$5:$B$2004,MATCH(17,Veri!$I$5:$I$2004,0))) | L21: =IF(K21="","",SUMIFS(Veri!$E$5:$E$2004,Veri!$B$5:$B$2004,K21)) | M21: =IF(K21="","",L21+ROW()/1000000000)
A22: =IF(B22="","",18) | B22: =IFERROR(INDEX($K$5:$K$204,MATCH(LARGE($M$5:$M$204,18),$M$5:$M$204,0)),"") | C22: =IF(B22="","",COUNTIF(Veri!$B$5:$B$2004,B22)) | D22: =IF(B22="","",SUMIFS(Veri!$E$5:$E$2004,Veri!$B$5:$B$2004,B22)) | E22: =IF(B22="","",IF(SUM(Veri!$E$5:$E$2004)=0,0,D22/SUM(Veri!$E$5:$E$2004))) | F22: =IF(B22="","",SUM(E$5:E22)) | G22: =IF(B22="","",IF(F21<0.8,"A",IF(F21<0.95,"B","C"))) | H22: =IF(OR(B22="",C22=0),"",D22/C22) | I22: =IF(B22="","",SUMPRODUCT(MAX((Veri!$B$5:$B$2004=B22)*Veri!$A$5:$A$2004))) | K22: =IF(18>MAX(Veri!$I$5:$I$2004),"",INDEX(Veri!$B$5:$B$2004,MATCH(18,Veri!$I$5:$I$2004,0))) | L22: =IF(K22="","",SUMIFS(Veri!$E$5:$E$2004,Veri!$B$5:$B$2004,K22)) | M22: =IF(K22="","",L22+ROW()/1000000000)
A23: =IF(B23="","",19) | B23: =IFERROR(INDEX($K$5:$K$204,MATCH(LARGE($M$5:$M$204,19),$M$5:$M$204,0)),"") | C23: =IF(B23="","",COUNTIF(Veri!$B$5:$B$2004,B23)) | D23: =IF(B23="","",SUMIFS(Veri!$E$5:$E$2004,Veri!$B$5:$B$2004,B23)) | E23: =IF(B23="","",IF(SUM(Veri!$E$5:$E$2004)=0,0,D23/SUM(Veri!$E$5:$E$2004))) | F23: =IF(B23="","",SUM(E$5:E23)) | G23: =IF(B23="","",IF(F22<0.8,"A",IF(F22<0.95,"B","C"))) | H23: =IF(OR(B23="",C23=0),"",D23/C23) | I23: =IF(B23="","",SUMPRODUCT(MAX((Veri!$B$5:$B$2004=B23)*Veri!$A$5:$A$2004))) | K23: =IF(19>MAX(Veri!$I$5:$I$2004),"",INDEX(Veri!$B$5:$B$2004,MATCH(19,Veri!$I$5:$I$2004,0))) | L23: =IF(K23="","",SUMIFS(Veri!$E$5:$E$2004,Veri!$B$5:$B$2004,K23)) | M23: =IF(K23="","",L23+ROW()/1000000000)
A24: =IF(B24="","",20) | B24: =IFERROR(INDEX($K$5:$K$204,MATCH(LARGE($M$5:$M$204,20),$M$5:$M$204,0)),"") | C24: =IF(B24="","",COUNTIF(Veri!$B$5:$B$2004,B24)) | D24: =IF(B24="","",SUMIFS(Veri!$E$5:$E$2004,Veri!$B$5:$B$2004,B24)) | E24: =IF(B24="","",IF(SUM(Veri!$E$5:$E$2004)=0,0,D24/SUM(Veri!$E$5:$E$2004))) | F24: =IF(B24="","",SUM(E$5:E24)) | G24: =IF(B24="","",IF(F23<0.8,"A",IF(F23<0.95,"B","C"))) | H24: =IF(OR(B24="",C24=0),"",D24/C24) | I24: =IF(B24="","",SUMPRODUCT(MAX((Veri!$B$5:$B$2004=B24)*Veri!$A$5:$A$2004))) | K24: =IF(20>MAX(Veri!$I$5:$I$2004),"",INDEX(Veri!$B$5:$B$2004,MATCH(20,Veri!$I$5:$I$2004,0))) | L24: =IF(K24="","",SUMIFS(Veri!$E$5:$E$2004,Veri!$B$5:$B$2004,K24)) | M24: =IF(K24="","",L24+ROW()/1000000000)
A25: =IF(B25="","",21) | B25: =IFERROR(INDEX($K$5:$K$204,MATCH(LARGE($M$5:$M$204,21),$M$5:$M$204,0)),"") | C25: =IF(B25="","",COUNTIF(Veri!$B$5:$B$2004,B25)) | D25: =IF(B25="","",SUMIFS(Veri!$E$5:$E$2004,Veri!$B$5:$B$2004,B25)) | E25: =IF(B25="","",IF(SUM(Veri!$E$5:$E$2004)=0,0,D25/SUM(Veri!$E$5:$E$2004))) | F25: =IF(B25="","",SUM(E$5:E25)) | G25: =IF(B25="","",IF(F24<0.8,"A",IF(F24<0.95,"B","C"))) | H25: =IF(OR(B25="",C25=0),"",D25/C25) | I25: =IF(B25="","",SUMPRODUCT(MAX((Veri!$B$5:$B$2004=B25)*Veri!$A$5:$A$2004))) | K25: =IF(21>MAX(Veri!$I$5:$I$2004),"",INDEX(Veri!$B$5:$B$2004,MATCH(21,Veri!$I$5:$I$2004,0))) | L25: =IF(K25="","",SUMIFS(Veri!$E$5:$E$2004,Veri!$B$5:$B$2004,K25)) | M25: =IF(K25="","",L25+ROW()/1000000000)
A26: =IF(B26="","",22) | B26: =IFERROR(INDEX($K$5:$K$204,MATCH(LARGE($M$5:$M$204,22),$M$5:$M$204,0)),"") | C26: =IF(B26="","",COUNTIF(Veri!$B$5:$B$2004,B26)) | D26: =IF(B26="","",SUMIFS(Veri!$E$5:$E$2004,Veri!$B$5:$B$2004,B26)) | E26: =IF(B26="","",IF(SUM(Veri!$E$5:$E$2004)=0,0,D26/SUM(Veri!$E$5:$E$2004))) | F26: =IF(B26="","",SUM(E$5:E26)) | G26: =IF(B26="","",IF(F25<0.8,"A",IF(F25<0.95,"B","C"))) | H26: =IF(OR(B26="",C26=0),"",D26/C26) | I26: =IF(B26="","",SUMPRODUCT(MAX((Veri!$B$5:$B$2004=B26)*Veri!$A$5:$A$2004))) | K26: =IF(22>MAX(Veri!$I$5:$I$2004),"",INDEX(Veri!$B$5:$B$2004,MATCH(22,Veri!$I$5:$I$2004,0))) | L26: =IF(K26="","",SUMIFS(Veri!$E$5:$E$2004,Veri!$B$5:$B$2004,K26)) | M26: =IF(K26="","",L26+ROW()/1000000000)
A27: =IF(B27="","",23) | B27: =IFERROR(INDEX($K$5:$K$204,MATCH(LARGE($M$5:$M$204,23),$M$5:$M$204,0)),"") | C27: =IF(B27="","",COUNTIF(Veri!$B$5:$B$2004,B27)) | D27: =IF(B27="","",SUMIFS(Veri!$E$5:$E$2004,Veri!$B$5:$B$2004,B27)) | E27: =IF(B27="","",IF(SUM(Veri!$E$5:$E$2004)=0,0,D27/SUM(Veri!$E$5:$E$2004))) | F27: =IF(B27="","",SUM(E$5:E27)) | G27: =IF(B27="","",IF(F26<0.8,"A",IF(F26<0.95,"B","C"))) | H27: =IF(OR(B27="",C27=0),"",D27/C27) | I27: =IF(B27="","",SUMPRODUCT(MAX((Veri!$B$5:$B$2004=B27)*Veri!$A$5:$A$2004))) | K27: =IF(23>MAX(Veri!$I$5:$I$2004),"",INDEX(Veri!$B$5:$B$2004,MATCH(23,Veri!$I$5:$I$2004,0))) | L27: =IF(K27="","",SUMIFS(Veri!$E$5:$E$2004,Veri!$B$5:$B$2004,K27)) | M27: =IF(K27="","",L27+ROW()/1000000000)
A28: =IF(B28="","",24) | B28: =IFERROR(INDEX($K$5:$K$204,MATCH(LARGE($M$5:$M$204,24),$M$5:$M$204,0)),"") | C28: =IF(B28="","",COUNTIF(Veri!$B$5:$B$2004,B28)) | D28: =IF(B28="","",SUMIFS(Veri!$E$5:$E$2004,Veri!$B$5:$B$2004,B28)) | E28: =IF(B28="","",IF(SUM(Veri!$E$5:$E$2004)=0,0,D28/SUM(Veri!$E$5:$E$2004))) | F28: =IF(B28="","",SUM(E$5:E28)) | G28: =IF(B28="","",IF(F27<0.8,"A",IF(F27<0.95,"B","C"))) | H28: =IF(OR(B28="",C28=0),"",D28/C28) | I28: =IF(B28="","",SUMPRODUCT(MAX((Veri!$B$5:$B$2004=B28)*Veri!$A$5:$A$2004))) | K28: =IF(24>MAX(Veri!$I$5:$I$2004),"",INDEX(Veri!$B$5:$B$2004,MATCH(24,Veri!$I$5:$I$2004,0))) | L28: =IF(K28="","",SUMIFS(Veri!$E$5:$E$2004,Veri!$B$5:$B$2004,K28)) | M28: =IF(K28="","",L28+ROW()/1000000000)
A29: =IF(B29="","",25) | B29: =IFERROR(INDEX($K$5:$K$204,MATCH(LARGE($M$5:$M$204,25),$M$5:$M$204,0)),"") | C29: =IF(B29="","",COUNTIF(Veri!$B$5:$B$2004,B29)) | D29: =IF(B29="","",SUMIFS(Veri!$E$5:$E$2004,Veri!$B$5:$B$2004,B29)) | E29: =IF(B29="","",IF(SUM(Veri!$E$5:$E$2004)=0,0,D29/SUM(Veri!$E$5:$E$2004))) | F29: =IF(B29="","",SUM(E$5:E29)) | G29: =IF(B29="","",IF(F28<0.8,"A",IF(F28<0.95,"B","C"))) | H29: =IF(OR(B29="",C29=0),"",D29/C29) | I29: =IF(B29="","",SUMPRODUCT(MAX((Veri!$B$5:$B$2004=B29)*Veri!$A$5:$A$2004))) | K29: =IF(25>MAX(Veri!$I$5:$I$2004),"",INDEX(Veri!$B$5:$B$2004,MATCH(25,Veri!$I$5:$I$2004,0))) | L29: =IF(K29="","",SUMIFS(Veri!$E$5:$E$2004,Veri!$B$5:$B$2004,K29)) | M29: =IF(K29="","",L29+ROW()/1000000000)
A30: =IF(B30="","",26) | B30: =IFERROR(INDEX($K$5:$K$204,MATCH(LARGE($M$5:$M$204,26),$M$5:$M$204,0)),"") | C30: =IF(B30="","",COUNTIF(Veri!$B$5:$B$2004,B30)) | D30: =IF(B30="","",SUMIFS(Veri!$E$5:$E$2004,Veri!$B$5:$B$2004,B30)) | E30: =IF(B30="","",IF(SUM(Veri!$E$5:$E$2004)=0,0,D30/SUM(Veri!$E$5:$E$2004))) | F30: =IF(B30="","",SUM(E$5:E30)) | G30: =IF(B30="","",IF(F29<0.8,"A",IF(F29<0.95,"B","C"))) | H30: =IF(OR(B30="",C30=0),"",D30/C30) | I30: =IF(B30="","",SUMPRODUCT(MAX((Veri!$B$5:$B$2004=B30)*Veri!$A$5:$A$2004))) | K30: =IF(26>MAX(Veri!$I$5:$I$2004),"",INDEX(Veri!$B$5:$B$2004,MATCH(26,Veri!$I$5:$I$2004,0))) | L30: =IF(K30="","",SUMIFS(Veri!$E$5:$E$2004,Veri!$B$5:$B$2004,K30)) | M30: =IF(K30="","",L30+ROW()/1000000000)
A31: =IF(B31="","",27) | B31: =IFERROR(INDEX($K$5:$K$204,MATCH(LARGE($M$5:$M$204,27),$M$5:$M$204,0)),"") | C31: =IF(B31="","",COUNTIF(Veri!$B$5:$B$2004,B31)) | D31: =IF(B31="","",SUMIFS(Veri!$E$5:$E$2004,Veri!$B$5:$B$2004,B31)) | E31: =IF(B31="","",IF(SUM(Veri!$E$5:$E$2004)=0,0,D31/SUM(Veri!$E$5:$E$2004))) | F31: =IF(B31="","",SUM(E$5:E31)) | G31: =IF(B31="","",IF(F30<0.8,"A",IF(F30<0.95,"B","C"))) | H31: =IF(OR(B31="",C31=0),"",D31/C31) | I31: =IF(B31="","",SUMPRODUCT(MAX((Veri!$B$5:$B$2004=B31)*Veri!$A$5:$A$2004))) | K31: =IF(27>MAX(Veri!$I$5:$I$2004),"",INDEX(Veri!$B$5:$B$2004,MATCH(27,Veri!$I$5:$I$2004,0))) | L31: =IF(K31="","",SUMIFS(Veri!$E$5:$E$2004,Veri!$B$5:$B$2004,K31)) | M31: =IF(K31="","",L31+ROW()/1000000000)
A32: =IF(B32="","",28) | B32: =IFERROR(INDEX($K$5:$K$204,MATCH(LARGE($M$5:$M$204,28),$M$5:$M$204,0)),"") | C32: =IF(B32="","",COUNTIF(Veri!$B$5:$B$2004,B32)) | D32: =IF(B32="","",SUMIFS(Veri!$E$5:$E$2004,Veri!$B$5:$B$2004,B32)) | E32: =IF(B32="","",IF(SUM(Veri!$E$5:$E$2004)=0,0,D32/SUM(Veri!$E$5:$E$2004))) | F32: =IF(B32="","",SUM(E$5:E32)) | G32: =IF(B32="","",IF(F31<0.8,"A",IF(F31<0.95,"B","C"))) | H32: =IF(OR(B32="",C32=0),"",D32/C32) | I32: =IF(B32="","",SUMPRODUCT(MAX((Veri!$B$5:$B$2004=B32)*Veri!$A$5:$A$2004))) | K32: =IF(28>MAX(Veri!$I$5:$I$2004),"",INDEX(Veri!$B$5:$B$2004,MATCH(28,Veri!$I$5:$I$2004,0))) | L32: =IF(K32="","",SUMIFS(Veri!$E$5:$E$2004,Veri!$B$5:$B$2004,K32)) | M32: =IF(K32="","",L32+ROW()/1000000000)
A33: =IF(B33="","",29) | B33: =IFERROR(INDEX($K$5:$K$204,MATCH(LARGE($M$5:$M$204,29),$M$5:$M$204,0)),"") | C33: =IF(B33="","",COUNTIF(Veri!$B$5:$B$2004,B33)) | D33: =IF(B33="","",SUMIFS(Veri!$E$5:$E$2004,Veri!$B$5:$B$2004,B33)) | E33: =IF(B33="","",IF(SUM(Veri!$E$5:$E$2004)=0,0,D33/SUM(Veri!$E$5:$E$2004))) | F33: =IF(B33="","",SUM(E$5:E33)) | G33: =IF(B33="","",IF(F32<0.8,"A",IF(F32<0.95,"B","C"))) | H33: =IF(OR(B33="",C33=0),"",D33/C33) | I33: =IF(B33="","",SUMPRODUCT(MAX((Veri!$B$5:$B$2004=B33)*Veri!$A$5:$A$2004))) | K33: =IF(29>MAX(Veri!$I$5:$I$2004),"",INDEX(Veri!$B$5:$B$2004,MATCH(29,Veri!$I$5:$I$2004,0))) | L33: =IF(K33="","",SUMIFS(Veri!$E$5:$E$2004,Veri!$B$5:$B$2004,K33)) | M33: =IF(K33="","",L33+ROW()/1000000000)
A34: =IF(B34="","",30) | B34: =IFERROR(INDEX($K$5:$K$204,MATCH(LARGE($M$5:$M$204,30),$M$5:$M$204,0)),"") | C34: =IF(B34="","",COUNTIF(Veri!$B$5:$B$2004,B34)) | D34: =IF(B34="","",SUMIFS(Veri!$E$5:$E$2004,Veri!$B$5:$B$2004,B34)) | E34: =IF(B34="","",IF(SUM(Veri!$E$5:$E$2004)=0,0,D34/SUM(Veri!$E$5:$E$2004))) | F34: =IF(B34="","",SUM(E$5:E34)) | G34: =IF(B34="","",IF(F33<0.8,"A",IF(F33<0.95,"B","C"))) | H34: =IF(OR(B34="",C34=0),"",D34/C34) | I34: =IF(B34="","",SUMPRODUCT(MAX((Veri!$B$5:$B$2004=B34)*Veri!$A$5:$A$2004))) | K34: =IF(30>MAX(Veri!$I$5:$I$2004),"",INDEX(Veri!$B$5:$B$2004,MATCH(30,Veri!$I$5:$I$2004,0))) | L34: =IF(K34="","",SUMIFS(Veri!$E$5:$E$2004,Veri!$B$5:$B$2004,K34)) | M34: =IF(K34="","",L34+ROW()/1000000000)
A35: =IF(B35="","",31) | B35: =IFERROR(INDEX($K$5:$K$204,MATCH(LARGE($M$5:$M$204,31),$M$5:$M$204,0)),"") | C35: =IF(B35="","",COUNTIF(Veri!$B$5:$B$2004,B35)) | D35: =IF(B35="","",SUMIFS(Veri!$E$5:$E$2004,Veri!$B$5:$B$2004,B35)) | E35: =IF(B35="","",IF(SUM(Veri!$E$5:$E$2004)=0,0,D35/SUM(Veri!$E$5:$E$2004))) | F35: =IF(B35="","",SUM(E$5:E35)) | G35: =IF(B35="","",IF(F34<0.8,"A",IF(F34<0.95,"B","C"))) | H35: =IF(OR(B35="",C35=0),"",D35/C35) | I35: =IF(B35="","",SUMPRODUCT(MAX((Veri!$B$5:$B$2004=B35)*Veri!$A$5:$A$2004))) | K35: =IF(31>MAX(Veri!$I$5:$I$2004),"",INDEX(Veri!$B$5:$B$2004,MATCH(31,Veri!$I$5:$I$2004,0))) | L35: =IF(K35="","",SUMIFS(Veri!$E$5:$E$2004,Veri!$B$5:$B$2004,K35)) | M35: =IF(K35="","",L35+ROW()/1000000000)
A36: =IF(B36="","",32) | B36: =IFERROR(INDEX($K$5:$K$204,MATCH(LARGE($M$5:$M$204,32),$M$5:$M$204,0)),"") | C36: =IF(B36="","",COUNTIF(Veri!$B$5:$B$2004,B36)) | D36: =IF(B36="","",SUMIFS(Veri!$E$5:$E$2004,Veri!$B$5:$B$2004,B36)) | E36: =IF(B36="","",IF(SUM(Veri!$E$5:$E$2004)=0,0,D36/SUM(Veri!$E$5:$E$2004))) | F36: =IF(B36="","",SUM(E$5:E36)) | G36: =IF(B36="","",IF(F35<0.8,"A",IF(F35<0.95,"B","C"))) | H36: =IF(OR(B36="",C36=0),"",D36/C36) | I36: =IF(B36="","",SUMPRODUCT(MAX((Veri!$B$5:$B$2004=B36)*Veri!$A$5:$A$2004))) | K36: =IF(32>MAX(Veri!$I$5:$I$2004),"",INDEX(Veri!$B$5:$B$2004,MATCH(32,Veri!$I$5:$I$2004,0))) | L36: =IF(K36="","",SUMIFS(Veri!$E$5:$E$2004,Veri!$B$5:$B$2004,K36)) | M36: =IF(K36="","",L36+ROW()/1000000000)
A37: =IF(B37="","",33) | B37: =IFERROR(INDEX($K$5:$K$204,MATCH(LARGE($M$5:$M$204,33),$M$5:$M$204,0)),"") | C37: =IF(B37="","",COUNTIF(Veri!$B$5:$B$2004,B37)) | D37: =IF(B37="","",SUMIFS(Veri!$E$5:$E$2004,Veri!$B$5:$B$2004,B37)) | E37: =IF(B37="","",IF(SUM(Veri!$E$5:$E$2004)=0,0,D37/SUM(Veri!$E$5:$E$2004))) | F37: =IF(B37="","",SUM(E$5:E37)) | G37: =IF(B37="","",IF(F36<0.8,"A",IF(F36<0.95,"B","C"))) | H37: =IF(OR(B37="",C37=0),"",D37/C37) | I37: =IF(B37="","",SUMPRODUCT(MAX((Veri!$B$5:$B$2004=B37)*Veri!$A$5:$A$2004))) | K37: =IF(33>MAX(Veri!$I$5:$I$2004),"",INDEX(Veri!$B$5:$B$2004,MATCH(33,Veri!$I$5:$I$2004,0))) | L37: =IF(K37="","",SUMIFS(Veri!$E$5:$E$2004,Veri!$B$5:$B$2004,K37)) | M37: =IF(K37="","",L37+ROW()/1000000000)
A38: =IF(B38="","",34) | B38: =IFERROR(INDEX($K$5:$K$204,MATCH(LARGE($M$5:$M$204,34),$M$5:$M$204,0)),"") | C38: =IF(B38="","",COUNTIF(Veri!$B$5:$B$2004,B38)) | D38: =IF(B38="","",SUMIFS(Veri!$E$5:$E$2004,Veri!$B$5:$B$2004,B38)) | E38: =IF(B38="","",IF(SUM(Veri!$E$5:$E$2004)=0,0,D38/SUM(Veri!$E$5:$E$2004))) | F38: =IF(B38="","",SUM(E$5:E38)) | G38: =IF(B38="","",IF(F37<0.8,"A",IF(F37<0.95,"B","C"))) | H38: =IF(OR(B38="",C38=0),"",D38/C38) | I38: =IF(B38="","",SUMPRODUCT(MAX((Veri!$B$5:$B$2004=B38)*Veri!$A$5:$A$2004))) | K38: =IF(34>MAX(Veri!$I$5:$I$2004),"",INDEX(Veri!$B$5:$B$2004,MATCH(34,Veri!$I$5:$I$2004,0))) | L38: =IF(K38="","",SUMIFS(Veri!$E$5:$E$2004,Veri!$B$5:$B$2004,K38)) | M38: =IF(K38="","",L38+ROW()/1000000000)
A39: =IF(B39="","",35) | B39: =IFERROR(INDEX($K$5:$K$204,MATCH(LARGE($M$5:$M$204,35),$M$5:$M$204,0)),"") | C39: =IF(B39="","",COUNTIF(Veri!$B$5:$B$2004,B39)) | D39: =IF(B39="","",SUMIFS(Veri!$E$5:$E$2004,Veri!$B$5:$B$2004,B39)) | E39: =IF(B39="","",IF(SUM(Veri!$E$5:$E$2004)=0,0,D39/SUM(Veri!$E$5:$E$2004))) | F39: =IF(B39="","",SUM(E$5:E39)) | G39: =IF(B39="","",IF(F38<0.8,"A",IF(F38<0.95,"B","C"))) | H39: =IF(OR(B39="",C39=0),"",D39/C39) | I39: =IF(B39="","",SUMPRODUCT(MAX((Veri!$B$5:$B$2004=B39)*Veri!$A$5:$A$2004))) | K39: =IF(35>MAX(Veri!$I$5:$I$2004),"",INDEX(Veri!$B$5:$B$2004,MATCH(35,Veri!$I$5:$I$2004,0))) | L39: =IF(K39="","",SUMIFS(Veri!$E$5:$E$2004,Veri!$B$5:$B$2004,K39)) | M39: =IF(K39="","",L39+ROW()/1000000000)
A40: =IF(B40="","",36) | B40: =IFERROR(INDEX($K$5:$K$204,MATCH(LARGE($M$5:$M$204,36),$M$5:$M$204,0)),"") | C40: =IF(B40="","",COUNTIF(Veri!$B$5:$B$2004,B40)) | D40: =IF(B40="","",SUMIFS(Veri!$E$5:$E$2004,Veri!$B$5:$B$2004,B40)) | E40: =IF(B40="","",IF(SUM(Veri!$E$5:$E$2004)=0,0,D40/SUM(Veri!$E$5:$E$2004))) | F40: =IF(B40="","",SUM(E$5:E40)) | G40: =IF(B40="","",IF(F39<0.8,"A",IF(F39<0.95,"B","C"))) | H40: =IF(OR(B40="",C40=0),"",D40/C40) | I40: =IF(B40="","",SUMPRODUCT(MAX((Veri!$B$5:$B$2004=B40)*Veri!$A$5:$A$2004))) | K40: =IF(36>MAX(Veri!$I$5:$I$2004),"",INDEX(Veri!$B$5:$B$2004,MATCH(36,Veri!$I$5:$I$2004,0))) | L40: =IF(K40="","",SUMIFS(Veri!$E$5:$E$2004,Veri!$B$5:$B$2004,K40)) | M40: =IF(K40="","",L40+ROW()/1000000000)
A41: =IF(B41="","",37) | B41: =IFERROR(INDEX($K$5:$K$204,MATCH(LARGE($M$5:$M$204,37),$M$5:$M$204,0)),"") | C41: =IF(B41="","",COUNTIF(Veri!$B$5:$B$2004,B41)) | D41: =IF(B41="","",SUMIFS(Veri!$E$5:$E$2004,Veri!$B$5:$B$2004,B41)) | E41: =IF(B41="","",IF(SUM(Veri!$E$5:$E$2004)=0,0,D41/SUM(Veri!$E$5:$E$2004))) | F41: =IF(B41="","",SUM(E$5:E41)) | G41: =IF(B41="","",IF(F40<0.8,"A",IF(F40<0.95,"B","C"))) | H41: =IF(OR(B41="",C41=0),"",D41/C41) | I41: =IF(B41="","",SUMPRODUCT(MAX((Veri!$B$5:$B$2004=B41)*Veri!$A$5:$A$2004))) | K41: =IF(37>MAX(Veri!$I$5:$I$2004),"",INDEX(Veri!$B$5:$B$2004,MATCH(37,Veri!$I$5:$I$2004,0))) | L41: =IF(K41="","",SUMIFS(Veri!$E$5:$E$2004,Veri!$B$5:$B$2004,K41)) | M41: =IF(K41="","",L41+ROW()/1000000000)
A42: =IF(B42="","",38) | B42: =IFERROR(INDEX($K$5:$K$204,MATCH(LARGE($M$5:$M$204,38),$M$5:$M$204,0)),"") | C42: =IF(B42="","",COUNTIF(Veri!$B$5:$B$2004,B42)) | D42: =IF(B42="","",SUMIFS(Veri!$E$5:$E$2004,Veri!$B$5:$B$2004,B42)) | E42: =IF(B42="","",IF(SUM(Veri!$E$5:$E$2004)=0,0,D42/SUM(Veri!$E$5:$E$2004))) | F42: =IF(B42="","",SUM(E$5:E42)) | G42: =IF(B42="","",IF(F41<0.8,"A",IF(F41<0.95,"B","C"))) | H42: =IF(OR(B42="",C42=0),"",D42/C42) | I42: =IF(B42="","",SUMPRODUCT(MAX((Veri!$B$5:$B$2004=B42)*Veri!$A$5:$A$2004))) | K42: =IF(38>MAX(Veri!$I$5:$I$2004),"",INDEX(Veri!$B$5:$B$2004,MATCH(38,Veri!$I$5:$I$2004,0))) | L42: =IF(K42="","",SUMIFS(Veri!$E$5:$E$2004,Veri!$B$5:$B$2004,K42)) | M42: =IF(K42="","",L42+ROW()/1000000000)
A43: =IF(B43="","",39) | B43: =IFERROR(INDEX($K$5:$K$204,MATCH(LARGE($M$5:$M$204,39),$M$5:$M$204,0)),"") | C43: =IF(B43="","",COUNTIF(Veri!$B$5:$B$2004,B43)) | D43: =IF(B43="","",SUMIFS(Veri!$E$5:$E$2004,Veri!$B$5:$B$2004,B43)) | E43: =IF(B43="","",IF(SUM(Veri!$E$5:$E$2004)=0,0,D43/SUM(Veri!$E$5:$E$2004))) | F43: =IF(B43="","",SUM(E$5:E43)) | G43: =IF(B43="","",IF(F42<0.8,"A",IF(F42<0.95,"B","C"))) | H43: =IF(OR(B43="",C43=0),"",D43/C43) | I43: =IF(B43="","",SUMPRODUCT(MAX((Veri!$B$5:$B$2004=B43)*Veri!$A$5:$A$2004))) | K43: =IF(39>MAX(Veri!$I$5:$I$2004),"",INDEX(Veri!$B$5:$B$2004,MATCH(39,Veri!$I$5:$I$2004,0))) | L43: =IF(K43="","",SUMIFS(Veri!$E$5:$E$2004,Veri!$B$5:$B$2004,K43)) | M43: =IF(K43="","",L43+ROW()/1000000000)
A44: =IF(B44="","",40) | B44: =IFERROR(INDEX($K$5:$K$204,MATCH(LARGE($M$5:$M$204,40),$M$5:$M$204,0)),"") | C44: =IF(B44="","",COUNTIF(Veri!$B$5:$B$2004,B44)) | D44: =IF(B44="","",SUMIFS(Veri!$E$5:$E$2004,Veri!$B$5:$B$2004,B44)) | E44: =IF(B44="","",IF(SUM(Veri!$E$5:$E$2004)=0,0,D44/SUM(Veri!$E$5:$E$2004))) | F44: =IF(B44="","",SUM(E$5:E44)) | G44: =IF(B44="","",IF(F43<0.8,"A",IF(F43<0.95,"B","C"))) | H44: =IF(OR(B44="",C44=0),"",D44/C44) | I44: =IF(B44="","",SUMPRODUCT(MAX((Veri!$B$5:$B$2004=B44)*Veri!$A$5:$A$2004))) | K44: =IF(40>MAX(Veri!$I$5:$I$2004),"",INDEX(Veri!$B$5:$B$2004,MATCH(40,Veri!$I$5:$I$2004,0))) | L44: =IF(K44="","",SUMIFS(Veri!$E$5:$E$2004,Veri!$B$5:$B$2004,K44)) | M44: =IF(K44="","",L44+ROW()/1000000000)
A45: =IF(B45="","",41) | B45: =IFERROR(INDEX($K$5:$K$204,MATCH(LARGE($M$5:$M$204,41),$M$5:$M$204,0)),"") | C45: =IF(B45="","",COUNTIF(Veri!$B$5:$B$2004,B45)) | D45: =IF(B45="","",SUMIFS(Veri!$E$5:$E$2004,Veri!$B$5:$B$2004,B45)) | E45: =IF(B45="","",IF(SUM(Veri!$E$5:$E$2004)=0,0,D45/SUM(Veri!$E$5:$E$2004))) | F45: =IF(B45="","",SUM(E$5:E45)) | G45: =IF(B45="","",IF(F44<0.8,"A",IF(F44<0.95,"B","C"))) | H45: =IF(OR(B45="",C45=0),"",D45/C45) | I45: =IF(B45="","",SUMPRODUCT(MAX((Veri!$B$5:$B$2004=B45)*Veri!$A$5:$A$2004))) | K45: =IF(41>MAX(Veri!$I$5:$I$2004),"",INDEX(Veri!$B$5:$B$2004,MATCH(41,Veri!$I$5:$I$2004,0))) | L45: =IF(K45="","",SUMIFS(Veri!$E$5:$E$2004,Veri!$B$5:$B$2004,K45)) | M45: =IF(K45="","",L45+ROW()/1000000000)
A46: =IF(B46="","",42) | B46: =IFERROR(INDEX($K$5:$K$204,MATCH(LARGE($M$5:$M$204,42),$M$5:$M$204,0)),"") | C46: =IF(B46="","",COUNTIF(Veri!$B$5:$B$2004,B46)) | D46: =IF(B46="","",SUMIFS(Veri!$E$5:$E$2004,Veri!$B$5:$B$2004,B46)) | E46: =IF(B46="","",IF(SUM(Veri!$E$5:$E$2004)=0,0,D46/SUM(Veri!$E$5:$E$2004))) | F46: =IF(B46="","",SUM(E$5:E46)) | G46: =IF(B46="","",IF(F45<0.8,"A",IF(F45<0.95,"B","C"))) | H46: =IF(OR(B46="",C46=0),"",D46/C46) | I46: =IF(B46="","",SUMPRODUCT(MAX((Veri!$B$5:$B$2004=B46)*Veri!$A$5:$A$2004))) | K46: =IF(42>MAX(Veri!$I$5:$I$2004),"",INDEX(Veri!$B$5:$B$2004,MATCH(42,Veri!$I$5:$I$2004,0))) | L46: =IF(K46="","",SUMIFS(Veri!$E$5:$E$2004,Veri!$B$5:$B$2004,K46)) | M46: =IF(K46="","",L46+ROW()/1000000000)
A47: =IF(B47="","",43) | B47: =IFERROR(INDEX($K$5:$K$204,MATCH(LARGE($M$5:$M$204,43),$M$5:$M$204,0)),"") | C47: =IF(B47="","",COUNTIF(Veri!$B$5:$B$2004,B47)) | D47: =IF(B47="","",SUMIFS(Veri!$E$5:$E$2004,Veri!$B$5:$B$2004,B47)) | E47: =IF(B47="","",IF(SUM(Veri!$E$5:$E$2004)=0,0,D47/SUM(Veri!$E$5:$E$2004))) | F47: =IF(B47="","",SUM(E$5:E47)) | G47: =IF(B47="","",IF(F46<0.8,"A",IF(F46<0.95,"B","C"))) | H47: =IF(OR(B47="",C47=0),"",D47/C47) | I47: =IF(B47="","",SUMPRODUCT(MAX((Veri!$B$5:$B$2004=B47)*Veri!$A$5:$A$2004))) | K47: =IF(43>MAX(Veri!$I$5:$I$2004),"",INDEX(Veri!$B$5:$B$2004,MATCH(43,Veri!$I$5:$I$2004,0))) | L47: =IF(K47="","",SUMIFS(Veri!$E$5:$E$2004,Veri!$B$5:$B$2004,K47)) | M47: =IF(K47="","",L47+ROW()/1000000000)
A48: =IF(B48="","",44) | B48: =IFERROR(INDEX($K$5:$K$204,MATCH(LARGE($M$5:$M$204,44),$M$5:$M$204,0)),"") | C48: =IF(B48="","",COUNTIF(Veri!$B$5:$B$2004,B48)) | D48: =IF(B48="","",SUMIFS(Veri!$E$5:$E$2004,Veri!$B$5:$B$2004,B48)) | E48: =IF(B48="","",IF(SUM(Veri!$E$5:$E$2004)=0,0,D48/SUM(Veri!$E$5:$E$2004))) | F48: =IF(B48="","",SUM(E$5:E48)) | G48: =IF(B48="","",IF(F47<0.8,"A",IF(F47<0.95,"B","C"))) | H48: =IF(OR(B48="",C48=0),"",D48/C48) | I48: =IF(B48="","",SUMPRODUCT(MAX((Veri!$B$5:$B$2004=B48)*Veri!$A$5:$A$2004))) | K48: =IF(44>MAX(Veri!$I$5:$I$2004),"",INDEX(Veri!$B$5:$B$2004,MATCH(44,Veri!$I$5:$I$2004,0))) | L48: =IF(K48="","",SUMIFS(Veri!$E$5:$E$2004,Veri!$B$5:$B$2004,K48)) | M48: =IF(K48="","",L48+ROW()/1000000000)
A49: =IF(B49="","",45) | B49: =IFERROR(INDEX($K$5:$K$204,MATCH(LARGE($M$5:$M$204,45),$M$5:$M$204,0)),"") | C49: =IF(B49="","",COUNTIF(Veri!$B$5:$B$2004,B49)) | D49: =IF(B49="","",SUMIFS(Veri!$E$5:$E$2004,Veri!$B$5:$B$2004,B49)) | E49: =IF(B49="","",IF(SUM(Veri!$E$5:$E$2004)=0,0,D49/SUM(Veri!$E$5:$E$2004))) | F49: =IF(B49="","",SUM(E$5:E49)) | G49: =IF(B49="","",IF(F48<0.8,"A",IF(F48<0.95,"B","C"))) | H49: =IF(OR(B49="",C49=0),"",D49/C49) | I49: =IF(B49="","",SUMPRODUCT(MAX((Veri!$B$5:$B$2004=B49)*Veri!$A$5:$A$2004))) | K49: =IF(45>MAX(Veri!$I$5:$I$2004),"",INDEX(Veri!$B$5:$B$2004,MATCH(45,Veri!$I$5:$I$2004,0))) | L49: =IF(K49="","",SUMIFS(Veri!$E$5:$E$2004,Veri!$B$5:$B$2004,K49)) | M49: =IF(K49="","",L49+ROW()/1000000000)
A50: =IF(B50="","",46) | B50: =IFERROR(INDEX($K$5:$K$204,MATCH(LARGE($M$5:$M$204,46),$M$5:$M$204,0)),"") | C50: =IF(B50="","",COUNTIF(Veri!$B$5:$B$2004,B50)) | D50: =IF(B50="","",SUMIFS(Veri!$E$5:$E$2004,Veri!$B$5:$B$2004,B50)) | E50: =IF(B50="","",IF(SUM(Veri!$E$5:$E$2004)=0,0,D50/SUM(Veri!$E$5:$E$2004))) | F50: =IF(B50="","",SUM(E$5:E50)) | G50: =IF(B50="","",IF(F49<0.8,"A",IF(F49<0.95,"B","C"))) | H50: =IF(OR(B50="",C50=0),"",D50/C50) | I50: =IF(B50="","",SUMPRODUCT(MAX((Veri!$B$5:$B$2004=B50)*Veri!$A$5:$A$2004))) | K50: =IF(46>MAX(Veri!$I$5:$I$2004),"",INDEX(Veri!$B$5:$B$2004,MATCH(46,Veri!$I$5:$I$2004,0))) | L50: =IF(K50="","",SUMIFS(Veri!$E$5:$E$2004,Veri!$B$5:$B$2004,K50)) | M50: =IF(K50="","",L50+ROW()/1000000000)
A51: =IF(B51="","",47) | B51: =IFERROR(INDEX($K$5:$K$204,MATCH(LARGE($M$5:$M$204,47),$M$5:$M$204,0)),"") | C51: =IF(B51="","",COUNTIF(Veri!$B$5:$B$2004,B51)) | D51: =IF(B51="","",SUMIFS(Veri!$E$5:$E$2004,Veri!$B$5:$B$2004,B51)) | E51: =IF(B51="","",IF(SUM(Veri!$E$5:$E$2004)=0,0,D51/SUM(Veri!$E$5:$E$2004))) | F51: =IF(B51="","",SUM(E$5:E51)) | G51: =IF(B51="","",IF(F50<0.8,"A",IF(F50<0.95,"B","C"))) | H51: =IF(OR(B51="",C51=0),"",D51/C51) | I51: =IF(B51="","",SUMPRODUCT(MAX((Veri!$B$5:$B$2004=B51)*Veri!$A$5:$A$2004))) | K51: =IF(47>MAX(Veri!$I$5:$I$2004),"",INDEX(Veri!$B$5:$B$2004,MATCH(47,Veri!$I$5:$I$2004,0))) | L51: =IF(K51="","",SUMIFS(Veri!$E$5:$E$2004,Veri!$B$5:$B$2004,K51)) | M51: =IF(K51="","",L51+ROW()/1000000000)
A52: =IF(B52="","",48) | B52: =IFERROR(INDEX($K$5:$K$204,MATCH(LARGE($M$5:$M$204,48),$M$5:$M$204,0)),"") | C52: =IF(B52="","",COUNTIF(Veri!$B$5:$B$2004,B52)) | D52: =IF(B52="","",SUMIFS(Veri!$E$5:$E$2004,Veri!$B$5:$B$2004,B52)) | E52: =IF(B52="","",IF(SUM(Veri!$E$5:$E$2004)=0,0,D52/SUM(Veri!$E$5:$E$2004))) | F52: =IF(B52="","",SUM(E$5:E52)) | G52: =IF(B52="","",IF(F51<0.8,"A",IF(F51<0.95,"B","C"))) | H52: =IF(OR(B52="",C52=0),"",D52/C52) | I52: =IF(B52="","",SUMPRODUCT(MAX((Veri!$B$5:$B$2004=B52)*Veri!$A$5:$A$2004))) | K52: =IF(48>MAX(Veri!$I$5:$I$2004),"",INDEX(Veri!$B$5:$B$2004,MATCH(48,Veri!$I$5:$I$2004,0))) | L52: =IF(K52="","",SUMIFS(Veri!$E$5:$E$2004,Veri!$B$5:$B$2004,K52)) | M52: =IF(K52="","",L52+ROW()/1000000000)
A53: =IF(B53="","",49) | B53: =IFERROR(INDEX($K$5:$K$204,MATCH(LARGE($M$5:$M$204,49),$M$5:$M$204,0)),"") | C53: =IF(B53="","",COUNTIF(Veri!$B$5:$B$2004,B53)) | D53: =IF(B53="","",SUMIFS(Veri!$E$5:$E$2004,Veri!$B$5:$B$2004,B53)) | E53: =IF(B53="","",IF(SUM(Veri!$E$5:$E$2004)=0,0,D53/SUM(Veri!$E$5:$E$2004))) | F53: =IF(B53="","",SUM(E$5:E53)) | G53: =IF(B53="","",IF(F52<0.8,"A",IF(F52<0.95,"B","C"))) | H53: =IF(OR(B53="",C53=0),"",D53/C53) | I53: =IF(B53="","",SUMPRODUCT(MAX((Veri!$B$5:$B$2004=B53)*Veri!$A$5:$A$2004))) | K53: =IF(49>MAX(Veri!$I$5:$I$2004),"",INDEX(Veri!$B$5:$B$2004,MATCH(49,Veri!$I$5:$I$2004,0))) | L53: =IF(K53="","",SUMIFS(Veri!$E$5:$E$2004,Veri!$B$5:$B$2004,K53)) | M53: =IF(K53="","",L53+ROW()/1000000000)
A54: =IF(B54="","",50) | B54: =IFERROR(INDEX($K$5:$K$204,MATCH(LARGE($M$5:$M$204,50),$M$5:$M$204,0)),"") | C54: =IF(B54="","",COUNTIF(Veri!$B$5:$B$2004,B54)) | D54: =IF(B54="","",SUMIFS(Veri!$E$5:$E$2004,Veri!$B$5:$B$2004,B54)) | E54: =IF(B54="","",IF(SUM(Veri!$E$5:$E$2004)=0,0,D54/SUM(Veri!$E$5:$E$2004))) | F54: =IF(B54="","",SUM(E$5:E54)) | G54: =IF(B54="","",IF(F53<0.8,"A",IF(F53<0.95,"B","C"))) | H54: =IF(OR(B54="",C54=0),"",D54/C54) | I54: =IF(B54="","",SUMPRODUCT(MAX((Veri!$B$5:$B$2004=B54)*Veri!$A$5:$A$2004))) | K54: =IF(50>MAX(Veri!$I$5:$I$2004),"",INDEX(Veri!$B$5:$B$2004,MATCH(50,Veri!$I$5:$I$2004,0))) | L54: =IF(K54="","",SUMIFS(Veri!$E$5:$E$2004,Veri!$B$5:$B$2004,K54)) | M54: =IF(K54="","",L54+ROW()/1000000000)
A55: =IF(B55="","",51) | B55: =IFERROR(INDEX($K$5:$K$204,MATCH(LARGE($M$5:$M$204,51),$M$5:$M$204,0)),"") | C55: =IF(B55="","",COUNTIF(Veri!$B$5:$B$2004,B55)) | D55: =IF(B55="","",SUMIFS(Veri!$E$5:$E$2004,Veri!$B$5:$B$2004,B55)) | E55: =IF(B55="","",IF(SUM(Veri!$E$5:$E$2004)=0,0,D55/SUM(Veri!$E$5:$E$2004))) | F55: =IF(B55="","",SUM(E$5:E55)) | G55: =IF(B55="","",IF(F54<0.8,"A",IF(F54<0.95,"B","C"))) | H55: =IF(OR(B55="",C55=0),"",D55/C55) | I55: =IF(B55="","",SUMPRODUCT(MAX((Veri!$B$5:$B$2004=B55)*Veri!$A$5:$A$2004))) | K55: =IF(51>MAX(Veri!$I$5:$I$2004),"",INDEX(Veri!$B$5:$B$2004,MATCH(51,Veri!$I$5:$I$2004,0))) | L55: =IF(K55="","",SUMIFS(Veri!$E$5:$E$2004,Veri!$B$5:$B$2004,K55)) | M55: =IF(K55="","",L55+ROW()/1000000000)
A56: =IF(B56="","",52) | B56: =IFERROR(INDEX($K$5:$K$204,MATCH(LARGE($M$5:$M$204,52),$M$5:$M$204,0)),"") | C56: =IF(B56="","",COUNTIF(Veri!$B$5:$B$2004,B56)) | D56: =IF(B56="","",SUMIFS(Veri!$E$5:$E$2004,Veri!$B$5:$B$2004,B56)) | E56: =IF(B56="","",IF(SUM(Veri!$E$5:$E$2004)=0,0,D56/SUM(Veri!$E$5:$E$2004))) | F56: =IF(B56="","",SUM(E$5:E56)) | G56: =IF(B56="","",IF(F55<0.8,"A",IF(F55<0.95,"B","C"))) | H56: =IF(OR(B56="",C56=0),"",D56/C56) | I56: =IF(B56="","",SUMPRODUCT(MAX((Veri!$B$5:$B$2004=B56)*Veri!$A$5:$A$2004))) | K56: =IF(52>MAX(Veri!$I$5:$I$2004),"",INDEX(Veri!$B$5:$B$2004,MATCH(52,Veri!$I$5:$I$2004,0))) | L56: =IF(K56="","",SUMIFS(Veri!$E$5:$E$2004,Veri!$B$5:$B$2004,K56)) | M56: =IF(K56="","",L56+ROW()/1000000000)
A57: =IF(B57="","",53) | B57: =IFERROR(INDEX($K$5:$K$204,MATCH(LARGE($M$5:$M$204,53),$M$5:$M$204,0)),"") | C57: =IF(B57="","",COUNTIF(Veri!$B$5:$B$2004,B57)) | D57: =IF(B57="","",SUMIFS(Veri!$E$5:$E$2004,Veri!$B$5:$B$2004,B57)) | E57: =IF(B57="","",IF(SUM(Veri!$E$5:$E$2004)=0,0,D57/SUM(Veri!$E$5:$E$2004))) | F57: =IF(B57="","",SUM(E$5:E57)) | G57: =IF(B57="","",IF(F56<0.8,"A",IF(F56<0.95,"B","C"))) | H57: =IF(OR(B57="",C57=0),"",D57/C57) | I57: =IF(B57="","",SUMPRODUCT(MAX((Veri!$B$5:$B$2004=B57)*Veri!$A$5:$A$2004))) | K57: =IF(53>MAX(Veri!$I$5:$I$2004),"",INDEX(Veri!$B$5:$B$2004,MATCH(53,Veri!$I$5:$I$2004,0))) | L57: =IF(K57="","",SUMIFS(Veri!$E$5:$E$2004,Veri!$B$5:$B$2004,K57)) | M57: =IF(K57="","",L57+ROW()/1000000000)
A58: =IF(B58="","",54) | B58: =IFERROR(INDEX($K$5:$K$204,MATCH(LARGE($M$5:$M$204,54),$M$5:$M$204,0)),"") | C58: =IF(B58="","",COUNTIF(Veri!$B$5:$B$2004,B58)) | D58: =IF(B58="","",SUMIFS(Veri!$E$5:$E$2004,Veri!$B$5:$B$2004,B58)) | E58: =IF(B58="","",IF(SUM(Veri!$E$5:$E$2004)=0,0,D58/SUM(Veri!$E$5:$E$2004))) | F58: =IF(B58="","",SUM(E$5:E58)) | G58: =IF(B58="","",IF(F57<0.8,"A",IF(F57<0.95,"B","C"))) | H58: =IF(OR(B58="",C58=0),"",D58/C58) | I58: =IF(B58="","",SUMPRODUCT(MAX((Veri!$B$5:$B$2004=B58)*Veri!$A$5:$A$2004))) | K58: =IF(54>MAX(Veri!$I$5:$I$2004),"",INDEX(Veri!$B$5:$B$2004,MATCH(54,Veri!$I$5:$I$2004,0))) | L58: =IF(K58="","",SUMIFS(Veri!$E$5:$E$2004,Veri!$B$5:$B$2004,K58)) | M58: =IF(K58="","",L58+ROW()/1000000000)
A59: =IF(B59="","",55) | B59: =IFERROR(INDEX($K$5:$K$204,MATCH(LARGE($M$5:$M$204,55),$M$5:$M$204,0)),"") | C59: =IF(B59="","",COUNTIF(Veri!$B$5:$B$2004,B59)) | D59: =IF(B59="","",SUMIFS(Veri!$E$5:$E$2004,Veri!$B$5:$B$2004,B59)) | E59: =IF(B59="","",IF(SUM(Veri!$E$5:$E$2004)=0,0,D59/SUM(Veri!$E$5:$E$2004))) | F59: =IF(B59="","",SUM(E$5:E59)) | G59: =IF(B59="","",IF(F58<0.8,"A",IF(F58<0.95,"B","C"))) | H59: =IF(OR(B59="",C59=0),"",D59/C59) | I59: =IF(B59="","",SUMPRODUCT(MAX((Veri!$B$5:$B$2004=B59)*Veri!$A$5:$A$2004))) | K59: =IF(55>MAX(Veri!$I$5:$I$2004),"",INDEX(Veri!$B$5:$B$2004,MATCH(55,Veri!$I$5:$I$2004,0))) | L59: =IF(K59="","",SUMIFS(Veri!$E$5:$E$2004,Veri!$B$5:$B$2004,K59)) | M59: =IF(K59="","",L59+ROW()/1000000000)
A60: =IF(B60="","",56) | B60: =IFERROR(INDEX($K$5:$K$204,MATCH(LARGE($M$5:$M$204,56),$M$5:$M$204,0)),"") | C60: =IF(B60="","",COUNTIF(Veri!$B$5:$B$2004,B60)) | D60: =IF(B60="","",SUMIFS(Veri!$E$5:$E$2004,Veri!$B$5:$B$2004,B60)) | E60: =IF(B60="","",IF(SUM(Veri!$E$5:$E$2004)=0,0,D60/SUM(Veri!$E$5:$E$2004))) | F60: =IF(B60="","",SUM(E$5:E60)) | G60: =IF(B60="","",IF(F59<0.8,"A",IF(F59<0.95,"B","C"))) | H60: =IF(OR(B60="",C60=0),"",D60/C60) | I60: =IF(B60="","",SUMPRODUCT(MAX((Veri!$B$5:$B$2004=B60)*Veri!$A$5:$A$2004))) | K60: =IF(56>MAX(Veri!$I$5:$I$2004),"",INDEX(Veri!$B$5:$B$2004,MATCH(56,Veri!$I$5:$I$2004,0))) | L60: =IF(K60="","",SUMIFS(Veri!$E$5:$E$2004,Veri!$B$5:$B$2004,K60)) | M60: =IF(K60="","",L60+ROW()/1000000000)
A61: =IF(B61="","",57) | B61: =IFERROR(INDEX($K$5:$K$204,MATCH(LARGE($M$5:$M$204,57),$M$5:$M$204,0)),"") | C61: =IF(B61="","",COUNTIF(Veri!$B$5:$B$2004,B61)) | D61: =IF(B61="","",SUMIFS(Veri!$E$5:$E$2004,Veri!$B$5:$B$2004,B61)) | E61: =IF(B61="","",IF(SUM(Veri!$E$5:$E$2004)=0,0,D61/SUM(Veri!$E$5:$E$2004))) | F61: =IF(B61="","",SUM(E$5:E61)) | G61: =IF(B61="","",IF(F60<0.8,"A",IF(F60<0.95,"B","C"))) | H61: =IF(OR(B61="",C61=0),"",D61/C61) | I61: =IF(B61="","",SUMPRODUCT(MAX((Veri!$B$5:$B$2004=B61)*Veri!$A$5:$A$2004))) | K61: =IF(57>MAX(Veri!$I$5:$I$2004),"",INDEX(Veri!$B$5:$B$2004,MATCH(57,Veri!$I$5:$I$2004,0))) | L61: =IF(K61="","",SUMIFS(Veri!$E$5:$E$2004,Veri!$B$5:$B$2004,K61)) | M61: =IF(K61="","",L61+ROW()/1000000000)
A62: =IF(B62="","",58) | B62: =IFERROR(INDEX($K$5:$K$204,MATCH(LARGE($M$5:$M$204,58),$M$5:$M$204,0)),"") | C62: =IF(B62="","",COUNTIF(Veri!$B$5:$B$2004,B62)) | D62: =IF(B62="","",SUMIFS(Veri!$E$5:$E$2004,Veri!$B$5:$B$2004,B62)) | E62: =IF(B62="","",IF(SUM(Veri!$E$5:$E$2004)=0,0,D62/SUM(Veri!$E$5:$E$2004))) | F62: =IF(B62="","",SUM(E$5:E62)) | G62: =IF(B62="","",IF(F61<0.8,"A",IF(F61<0.95,"B","C"))) | H62: =IF(OR(B62="",C62=0),"",D62/C62) | I62: =IF(B62="","",SUMPRODUCT(MAX((Veri!$B$5:$B$2004=B62)*Veri!$A$5:$A$2004))) | K62: =IF(58>MAX(Veri!$I$5:$I$2004),"",INDEX(Veri!$B$5:$B$2004,MATCH(58,Veri!$I$5:$I$2004,0))) | L62: =IF(K62="","",SUMIFS(Veri!$E$5:$E$2004,Veri!$B$5:$B$2004,K62)) | M62: =IF(K62="","",L62+ROW()/1000000000)
A63: =IF(B63="","",59) | B63: =IFERROR(INDEX($K$5:$K$204,MATCH(LARGE($M$5:$M$204,59),$M$5:$M$204,0)),"") | C63: =IF(B63="","",COUNTIF(Veri!$B$5:$B$2004,B63)) | D63: =IF(B63="","",SUMIFS(Veri!$E$5:$E$2004,Veri!$B$5:$B$2004,B63)) | E63: =IF(B63="","",IF(SUM(Veri!$E$5:$E$2004)=0,0,D63/SUM(Veri!$E$5:$E$2004))) | F63: =IF(B63="","",SUM(E$5:E63)) | G63: =IF(B63="","",IF(F62<0.8,"A",IF(F62<0.95,"B","C"))) | H63: =IF(OR(B63="",C63=0),"",D63/C63) | I63: =IF(B63="","",SUMPRODUCT(MAX((Veri!$B$5:$B$2004=B63)*Veri!$A$5:$A$2004))) | K63: =IF(59>MAX(Veri!$I$5:$I$2004),"",INDEX(Veri!$B$5:$B$2004,MATCH(59,Veri!$I$5:$I$2004,0))) | L63: =IF(K63="","",SUMIFS(Veri!$E$5:$E$2004,Veri!$B$5:$B$2004,K63)) | M63: =IF(K63="","",L63+ROW()/1000000000)
A64: =IF(B64="","",60) | B64: =IFERROR(INDEX($K$5:$K$204,MATCH(LARGE($M$5:$M$204,60),$M$5:$M$204,0)),"") | C64: =IF(B64="","",COUNTIF(Veri!$B$5:$B$2004,B64)) | D64: =IF(B64="","",SUMIFS(Veri!$E$5:$E$2004,Veri!$B$5:$B$2004,B64)) | E64: =IF(B64="","",IF(SUM(Veri!$E$5:$E$2004)=0,0,D64/SUM(Veri!$E$5:$E$2004))) | F64: =IF(B64="","",SUM(E$5:E64)) | G64: =IF(B64="","",IF(F63<0.8,"A",IF(F63<0.95,"B","C"))) | H64: =IF(OR(B64="",C64=0),"",D64/C64) | I64: =IF(B64="","",SUMPRODUCT(MAX((Veri!$B$5:$B$2004=B64)*Veri!$A$5:$A$2004))) | K64: =IF(60>MAX(Veri!$I$5:$I$2004),"",INDEX(Veri!$B$5:$B$2004,MATCH(60,Veri!$I$5:$I$2004,0))) | L64: =IF(K64="","",SUMIFS(Veri!$E$5:$E$2004,Veri!$B$5:$B$2004,K64)) | M64: =IF(K64="","",L64+ROW()/1000000000)
A65: =IF(B65="","",61) | B65: =IFERROR(INDEX($K$5:$K$204,MATCH(LARGE($M$5:$M$204,61),$M$5:$M$204,0)),"") | C65: =IF(B65="","",COUNTIF(Veri!$B$5:$B$2004,B65)) | D65: =IF(B65="","",SUMIFS(Veri!$E$5:$E$2004,Veri!$B$5:$B$2004,B65)) | E65: =IF(B65="","",IF(SUM(Veri!$E$5:$E$2004)=0,0,D65/SUM(Veri!$E$5:$E$2004))) | F65: =IF(B65="","",SUM(E$5:E65)) | G65: =IF(B65="","",IF(F64<0.8,"A",IF(F64<0.95,"B","C"))) | H65: =IF(OR(B65="",C65=0),"",D65/C65) | I65: =IF(B65="","",SUMPRODUCT(MAX((Veri!$B$5:$B$2004=B65)*Veri!$A$5:$A$2004))) | K65: =IF(61>MAX(Veri!$I$5:$I$2004),"",INDEX(Veri!$B$5:$B$2004,MATCH(61,Veri!$I$5:$I$2004,0))) | L65: =IF(K65="","",SUMIFS(Veri!$E$5:$E$2004,Veri!$B$5:$B$2004,K65)) | M65: =IF(K65="","",L65+ROW()/1000000000)
A66: =IF(B66="","",62) | B66: =IFERROR(INDEX($K$5:$K$204,MATCH(LARGE($M$5:$M$204,62),$M$5:$M$204,0)),"") | C66: =IF(B66="","",COUNTIF(Veri!$B$5:$B$2004,B66)) | D66: =IF(B66="","",SUMIFS(Veri!$E$5:$E$2004,Veri!$B$5:$B$2004,B66)) | E66: =IF(B66="","",IF(SUM(Veri!$E$5:$E$2004)=0,0,D66/SUM(Veri!$E$5:$E$2004))) | F66: =IF(B66="","",SUM(E$5:E66)) | G66: =IF(B66="","",IF(F65<0.8,"A",IF(F65<0.95,"B","C"))) | H66: =IF(OR(B66="",C66=0),"",D66/C66) | I66: =IF(B66="","",SUMPRODUCT(MAX((Veri!$B$5:$B$2004=B66)*Veri!$A$5:$A$2004))) | K66: =IF(62>MAX(Veri!$I$5:$I$2004),"",INDEX(Veri!$B$5:$B$2004,MATCH(62,Veri!$I$5:$I$2004,0))) | L66: =IF(K66="","",SUMIFS(Veri!$E$5:$E$2004,Veri!$B$5:$B$2004,K66)) | M66: =IF(K66="","",L66+ROW()/1000000000)
A67: =IF(B67="","",63) | B67: =IFERROR(INDEX($K$5:$K$204,MATCH(LARGE($M$5:$M$204,63),$M$5:$M$204,0)),"") | C67: =IF(B67="","",COUNTIF(Veri!$B$5:$B$2004,B67)) | D67: =IF(B67="","",SUMIFS(Veri!$E$5:$E$2004,Veri!$B$5:$B$2004,B67)) | E67: =IF(B67="","",IF(SUM(Veri!$E$5:$E$2004)=0,0,D67/SUM(Veri!$E$5:$E$2004))) | F67: =IF(B67="","",SUM(E$5:E67)) | G67: =IF(B67="","",IF(F66<0.8,"A",IF(F66<0.95,"B","C"))) | H67: =IF(OR(B67="",C67=0),"",D67/C67) | I67: =IF(B67="","",SUMPRODUCT(MAX((Veri!$B$5:$B$2004=B67)*Veri!$A$5:$A$2004))) | K67: =IF(63>MAX(Veri!$I$5:$I$2004),"",INDEX(Veri!$B$5:$B$2004,MATCH(63,Veri!$I$5:$I$2004,0))) | L67: =IF(K67="","",SUMIFS(Veri!$E$5:$E$2004,Veri!$B$5:$B$2004,K67)) | M67: =IF(K67="","",L67+ROW()/1000000000)
A68: =IF(B68="","",64) | B68: =IFERROR(INDEX($K$5:$K$204,MATCH(LARGE($M$5:$M$204,64),$M$5:$M$204,0)),"") | C68: =IF(B68="","",COUNTIF(Veri!$B$5:$B$2004,B68)) | D68: =IF(B68="","",SUMIFS(Veri!$E$5:$E$2004,Veri!$B$5:$B$2004,B68)) | E68: =IF(B68="","",IF(SUM(Veri!$E$5:$E$2004)=0,0,D68/SUM(Veri!$E$5:$E$2004))) | F68: =IF(B68="","",SUM(E$5:E68)) | G68: =IF(B68="","",IF(F67<0.8,"A",IF(F67<0.95,"B","C"))) | H68: =IF(OR(B68="",C68=0),"",D68/C68) | I68: =IF(B68="","",SUMPRODUCT(MAX((Veri!$B$5:$B$2004=B68)*Veri!$A$5:$A$2004))) | K68: =IF(64>MAX(Veri!$I$5:$I$2004),"",INDEX(Veri!$B$5:$B$2004,MATCH(64,Veri!$I$5:$I$2004,0))) | L68: =IF(K68="","",SUMIFS(Veri!$E$5:$E$2004,Veri!$B$5:$B$2004,K68)) | M68: =IF(K68="","",L68+ROW()/1000000000)
A69: =IF(B69="","",65) | B69: =IFERROR(INDEX($K$5:$K$204,MATCH(LARGE($M$5:$M$204,65),$M$5:$M$204,0)),"") | C69: =IF(B69="","",COUNTIF(Veri!$B$5:$B$2004,B69)) | D69: =IF(B69="","",SUMIFS(Veri!$E$5:$E$2004,Veri!$B$5:$B$2004,B69)) | E69: =IF(B69="","",IF(SUM(Veri!$E$5:$E$2004)=0,0,D69/SUM(Veri!$E$5:$E$2004))) | F69: =IF(B69="","",SUM(E$5:E69)) | G69: =IF(B69="","",IF(F68<0.8,"A",IF(F68<0.95,"B","C"))) | H69: =IF(OR(B69="",C69=0),"",D69/C69) | I69: =IF(B69="","",SUMPRODUCT(MAX((Veri!$B$5:$B$2004=B69)*Veri!$A$5:$A$2004))) | K69: =IF(65>MAX(Veri!$I$5:$I$2004),"",INDEX(Veri!$B$5:$B$2004,MATCH(65,Veri!$I$5:$I$2004,0))) | L69: =IF(K69="","",SUMIFS(Veri!$E$5:$E$2004,Veri!$B$5:$B$2004,K69)) | M69: =IF(K69="","",L69+ROW()/1000000000)
A70: =IF(B70="","",66) | B70: =IFERROR(INDEX($K$5:$K$204,MATCH(LARGE($M$5:$M$204,66),$M$5:$M$204,0)),"") | C70: =IF(B70="","",COUNTIF(Veri!$B$5:$B$2004,B70)) | D70: =IF(B70="","",SUMIFS(Veri!$E$5:$E$2004,Veri!$B$5:$B$2004,B70)) | E70: =IF(B70="","",IF(SUM(Veri!$E$5:$E$2004)=0,0,D70/SUM(Veri!$E$5:$E$2004))) | F70: =IF(B70="","",SUM(E$5:E70)) | G70: =IF(B70="","",IF(F69<0.8,"A",IF(F69<0.95,"B","C"))) | H70: =IF(OR(B70="",C70=0),"",D70/C70) | I70: =IF(B70="","",SUMPRODUCT(MAX((Veri!$B$5:$B$2004=B70)*Veri!$A$5:$A$2004))) | K70: =IF(66>MAX(Veri!$I$5:$I$2004),"",INDEX(Veri!$B$5:$B$2004,MATCH(66,Veri!$I$5:$I$2004,0))) | L70: =IF(K70="","",SUMIFS(Veri!$E$5:$E$2004,Veri!$B$5:$B$2004,K70)) | M70: =IF(K70="","",L70+ROW()/1000000000)
A71: =IF(B71="","",67) | B71: =IFERROR(INDEX($K$5:$K$204,MATCH(LARGE($M$5:$M$204,67),$M$5:$M$204,0)),"") | C71: =IF(B71="","",COUNTIF(Veri!$B$5:$B$2004,B71)) | D71: =IF(B71="","",SUMIFS(Veri!$E$5:$E$2004,Veri!$B$5:$B$2004,B71)) | E71: =IF(B71="","",IF(SUM(Veri!$E$5:$E$2004)=0,0,D71/SUM(Veri!$E$5:$E$2004))) | F71: =IF(B71="","",SUM(E$5:E71)) | G71: =IF(B71="","",IF(F70<0.8,"A",IF(F70<0.95,"B","C"))) | H71: =IF(OR(B71="",C71=0),"",D71/C71) | I71: =IF(B71="","",SUMPRODUCT(MAX((Veri!$B$5:$B$2004=B71)*Veri!$A$5:$A$2004))) | K71: =IF(67>MAX(Veri!$I$5:$I$2004),"",INDEX(Veri!$B$5:$B$2004,MATCH(67,Veri!$I$5:$I$2004,0))) | L71: =IF(K71="","",SUMIFS(Veri!$E$5:$E$2004,Veri!$B$5:$B$2004,K71)) | M71: =IF(K71="","",L71+ROW()/1000000000)
A72: =IF(B72="","",68) | B72: =IFERROR(INDEX($K$5:$K$204,MATCH(LARGE($M$5:$M$204,68),$M$5:$M$204,0)),"") | C72: =IF(B72="","",COUNTIF(Veri!$B$5:$B$2004,B72)) | D72: =IF(B72="","",SUMIFS(Veri!$E$5:$E$2004,Veri!$B$5:$B$2004,B72)) | E72: =IF(B72="","",IF(SUM(Veri!$E$5:$E$2004)=0,0,D72/SUM(Veri!$E$5:$E$2004))) | F72: =IF(B72="","",SUM(E$5:E72)) | G72: =IF(B72="","",IF(F71<0.8,"A",IF(F71<0.95,"B","C"))) | H72: =IF(OR(B72="",C72=0),"",D72/C72) | I72: =IF(B72="","",SUMPRODUCT(MAX((Veri!$B$5:$B$2004=B72)*Veri!$A$5:$A$2004))) | K72: =IF(68>MAX(Veri!$I$5:$I$2004),"",INDEX(Veri!$B$5:$B$2004,MATCH(68,Veri!$I$5:$I$2004,0))) | L72: =IF(K72="","",SUMIFS(Veri!$E$5:$E$2004,Veri!$B$5:$B$2004,K72)) | M72: =IF(K72="","",L72+ROW()/1000000000)
A73: =IF(B73="","",69) | B73: =IFERROR(INDEX($K$5:$K$204,MATCH(LARGE($M$5:$M$204,69),$M$5:$M$204,0)),"") | C73: =IF(B73="","",COUNTIF(Veri!$B$5:$B$2004,B73)) | D73: =IF(B73="","",SUMIFS(Veri!$E$5:$E$2004,Veri!$B$5:$B$2004,B73)) | E73: =IF(B73="","",IF(SUM(Veri!$E$5:$E$2004)=0,0,D73/SUM(Veri!$E$5:$E$2004))) | F73: =IF(B73="","",SUM(E$5:E73)) | G73: =IF(B73="","",IF(F72<0.8,"A",IF(F72<0.95,"B","C"))) | H73: =IF(OR(B73="",C73=0),"",D73/C73) | I73: =IF(B73="","",SUMPRODUCT(MAX((Veri!$B$5:$B$2004=B73)*Veri!$A$5:$A$2004))) | K73: =IF(69>MAX(Veri!$I$5:$I$2004),"",INDEX(Veri!$B$5:$B$2004,MATCH(69,Veri!$I$5:$I$2004,0))) | L73: =IF(K73="","",SUMIFS(Veri!$E$5:$E$2004,Veri!$B$5:$B$2004,K73)) | M73: =IF(K73="","",L73+ROW()/1000000000)
A74: =IF(B74="","",70) | B74: =IFERROR(INDEX($K$5:$K$204,MATCH(LARGE($M$5:$M$204,70),$M$5:$M$204,0)),"") | C74: =IF(B74="","",COUNTIF(Veri!$B$5:$B$2004,B74)) | D74: =IF(B74="","",SUMIFS(Veri!$E$5:$E$2004,Veri!$B$5:$B$2004,B74)) | E74: =IF(B74="","",IF(SUM(Veri!$E$5:$E$2004)=0,0,D74/SUM(Veri!$E$5:$E$2004))) | F74: =IF(B74="","",SUM(E$5:E74)) | G74: =IF(B74="","",IF(F73<0.8,"A",IF(F73<0.95,"B","C"))) | H74: =IF(OR(B74="",C74=0),"",D74/C74) | I74: =IF(B74="","",SUMPRODUCT(MAX((Veri!$B$5:$B$2004=B74)*Veri!$A$5:$A$2004))) | K74: =IF(70>MAX(Veri!$I$5:$I$2004),"",INDEX(Veri!$B$5:$B$2004,MATCH(70,Veri!$I$5:$I$2004,0))) | L74: =IF(K74="","",SUMIFS(Veri!$E$5:$E$2004,Veri!$B$5:$B$2004,K74)) | M74: =IF(K74="","",L74+ROW()/1000000000)
A75: =IF(B75="","",71) | B75: =IFERROR(INDEX($K$5:$K$204,MATCH(LARGE($M$5:$M$204,71),$M$5:$M$204,0)),"") | C75: =IF(B75="","",COUNTIF(Veri!$B$5:$B$2004,B75)) | D75: =IF(B75="","",SUMIFS(Veri!$E$5:$E$2004,Veri!$B$5:$B$2004,B75)) | E75: =IF(B75="","",IF(SUM(Veri!$E$5:$E$2004)=0,0,D75/SUM(Veri!$E$5:$E$2004))) | F75: =IF(B75="","",SUM(E$5:E75)) | G75: =IF(B75="","",IF(F74<0.8,"A",IF(F74<0.95,"B","C"))) | H75: =IF(OR(B75="",C75=0),"",D75/C75) | I75: =IF(B75="","",SUMPRODUCT(MAX((Veri!$B$5:$B$2004=B75)*Veri!$A$5:$A$2004))) | K75: =IF(71>MAX(Veri!$I$5:$I$2004),"",INDEX(Veri!$B$5:$B$2004,MATCH(71,Veri!$I$5:$I$2004,0))) | L75: =IF(K75="","",SUMIFS(Veri!$E$5:$E$2004,Veri!$B$5:$B$2004,K75)) | M75: =IF(K75="","",L75+ROW()/1000000000)
A76: =IF(B76="","",72) | B76: =IFERROR(INDEX($K$5:$K$204,MATCH(LARGE($M$5:$M$204,72),$M$5:$M$204,0)),"") | C76: =IF(B76="","",COUNTIF(Veri!$B$5:$B$2004,B76)) | D76: =IF(B76="","",SUMIFS(Veri!$E$5:$E$2004,Veri!$B$5:$B$2004,B76)) | E76: =IF(B76="","",IF(SUM(Veri!$E$5:$E$2004)=0,0,D76/SUM(Veri!$E$5:$E$2004))) | F76: =IF(B76="","",SUM(E$5:E76)) | G76: =IF(B76="","",IF(F75<0.8,"A",IF(F75<0.95,"B","C"))) | H76: =IF(OR(B76="",C76=0),"",D76/C76) | I76: =IF(B76="","",SUMPRODUCT(MAX((Veri!$B$5:$B$2004=B76)*Veri!$A$5:$A$2004))) | K76: =IF(72>MAX(Veri!$I$5:$I$2004),"",INDEX(Veri!$B$5:$B$2004,MATCH(72,Veri!$I$5:$I$2004,0))) | L76: =IF(K76="","",SUMIFS(Veri!$E$5:$E$2004,Veri!$B$5:$B$2004,K76)) | M76: =IF(K76="","",L76+ROW()/1000000000)
A77: =IF(B77="","",73) | B77: =IFERROR(INDEX($K$5:$K$204,MATCH(LARGE($M$5:$M$204,73),$M$5:$M$204,0)),"") | C77: =IF(B77="","",COUNTIF(Veri!$B$5:$B$2004,B77)) | D77: =IF(B77="","",SUMIFS(Veri!$E$5:$E$2004,Veri!$B$5:$B$2004,B77)) | E77: =IF(B77="","",IF(SUM(Veri!$E$5:$E$2004)=0,0,D77/SUM(Veri!$E$5:$E$2004))) | F77: =IF(B77="","",SUM(E$5:E77)) | G77: =IF(B77="","",IF(F76<0.8,"A",IF(F76<0.95,"B","C"))) | H77: =IF(OR(B77="",C77=0),"",D77/C77) | I77: =IF(B77="","",SUMPRODUCT(MAX((Veri!$B$5:$B$2004=B77)*Veri!$A$5:$A$2004))) | K77: =IF(73>MAX(Veri!$I$5:$I$2004),"",INDEX(Veri!$B$5:$B$2004,MATCH(73,Veri!$I$5:$I$2004,0))) | L77: =IF(K77="","",SUMIFS(Veri!$E$5:$E$2004,Veri!$B$5:$B$2004,K77)) | M77: =IF(K77="","",L77+ROW()/1000000000)
A78: =IF(B78="","",74) | B78: =IFERROR(INDEX($K$5:$K$204,MATCH(LARGE($M$5:$M$204,74),$M$5:$M$204,0)),"") | C78: =IF(B78="","",COUNTIF(Veri!$B$5:$B$2004,B78)) | D78: =IF(B78="","",SUMIFS(Veri!$E$5:$E$2004,Veri!$B$5:$B$2004,B78)) | E78: =IF(B78="","",IF(SUM(Veri!$E$5:$E$2004)=0,0,D78/SUM(Veri!$E$5:$E$2004))) | F78: =IF(B78="","",SUM(E$5:E78)) | G78: =IF(B78="","",IF(F77<0.8,"A",IF(F77<0.95,"B","C"))) | H78: =IF(OR(B78="",C78=0),"",D78/C78) | I78: =IF(B78="","",SUMPRODUCT(MAX((Veri!$B$5:$B$2004=B78)*Veri!$A$5:$A$2004))) | K78: =IF(74>MAX(Veri!$I$5:$I$2004),"",INDEX(Veri!$B$5:$B$2004,MATCH(74,Veri!$I$5:$I$2004,0))) | L78: =IF(K78="","",SUMIFS(Veri!$E$5:$E$2004,Veri!$B$5:$B$2004,K78)) | M78: =IF(K78="","",L78+ROW()/1000000000)
A79: =IF(B79="","",75) | B79: =IFERROR(INDEX($K$5:$K$204,MATCH(LARGE($M$5:$M$204,75),$M$5:$M$204,0)),"") | C79: =IF(B79="","",COUNTIF(Veri!$B$5:$B$2004,B79)) | D79: =IF(B79="","",SUMIFS(Veri!$E$5:$E$2004,Veri!$B$5:$B$2004,B79)) | E79: =IF(B79="","",IF(SUM(Veri!$E$5:$E$2004)=0,0,D79/SUM(Veri!$E$5:$E$2004))) | F79: =IF(B79="","",SUM(E$5:E79)) | G79: =IF(B79="","",IF(F78<0.8,"A",IF(F78<0.95,"B","C"))) | H79: =IF(OR(B79="",C79=0),"",D79/C79) | I79: =IF(B79="","",SUMPRODUCT(MAX((Veri!$B$5:$B$2004=B79)*Veri!$A$5:$A$2004))) | K79: =IF(75>MAX(Veri!$I$5:$I$2004),"",INDEX(Veri!$B$5:$B$2004,MATCH(75,Veri!$I$5:$I$2004,0))) | L79: =IF(K79="","",SUMIFS(Veri!$E$5:$E$2004,Veri!$B$5:$B$2004,K79)) | M79: =IF(K79="","",L79+ROW()/1000000000)
A80: =IF(B80="","",76) | B80: =IFERROR(INDEX($K$5:$K$204,MATCH(LARGE($M$5:$M$204,76),$M$5:$M$204,0)),"") | C80: =IF(B80="","",COUNTIF(Veri!$B$5:$B$2004,B80)) | D80: =IF(B80="","",SUMIFS(Veri!$E$5:$E$2004,Veri!$B$5:$B$2004,B80)) | E80: =IF(B80="","",IF(SUM(Veri!$E$5:$E$2004)=0,0,D80/SUM(Veri!$E$5:$E$2004))) | F80: =IF(B80="","",SUM(E$5:E80)) | G80: =IF(B80="","",IF(F79<0.8,"A",IF(F79<0.95,"B","C"))) | H80: =IF(OR(B80="",C80=0),"",D80/C80) | I80: =IF(B80="","",SUMPRODUCT(MAX((Veri!$B$5:$B$2004=B80)*Veri!$A$5:$A$2004))) | K80: =IF(76>MAX(Veri!$I$5:$I$2004),"",INDEX(Veri!$B$5:$B$2004,MATCH(76,Veri!$I$5:$I$2004,0))) | L80: =IF(K80="","",SUMIFS(Veri!$E$5:$E$2004,Veri!$B$5:$B$2004,K80)) | M80: =IF(K80="","",L80+ROW()/1000000000)
A81: =IF(B81="","",77) | B81: =IFERROR(INDEX($K$5:$K$204,MATCH(LARGE($M$5:$M$204,77),$M$5:$M$204,0)),"") | C81: =IF(B81="","",COUNTIF(Veri!$B$5:$B$2004,B81)) | D81: =IF(B81="","",SUMIFS(Veri!$E$5:$E$2004,Veri!$B$5:$B$2004,B81)) | E81: =IF(B81="","",IF(SUM(Veri!$E$5:$E$2004)=0,0,D81/SUM(Veri!$E$5:$E$2004))) | F81: =IF(B81="","",SUM(E$5:E81)) | G81: =IF(B81="","",IF(F80<0.8,"A",IF(F80<0.95,"B","C"))) | H81: =IF(OR(B81="",C81=0),"",D81/C81) | I81: =IF(B81="","",SUMPRODUCT(MAX((Veri!$B$5:$B$2004=B81)*Veri!$A$5:$A$2004))) | K81: =IF(77>MAX(Veri!$I$5:$I$2004),"",INDEX(Veri!$B$5:$B$2004,MATCH(77,Veri!$I$5:$I$2004,0))) | L81: =IF(K81="","",SUMIFS(Veri!$E$5:$E$2004,Veri!$B$5:$B$2004,K81)) | M81: =IF(K81="","",L81+ROW()/1000000000)
A82: =IF(B82="","",78) | B82: =IFERROR(INDEX($K$5:$K$204,MATCH(LARGE($M$5:$M$204,78),$M$5:$M$204,0)),"") | C82: =IF(B82="","",COUNTIF(Veri!$B$5:$B$2004,B82)) | D82: =IF(B82="","",SUMIFS(Veri!$E$5:$E$2004,Veri!$B$5:$B$2004,B82)) | E82: =IF(B82="","",IF(SUM(Veri!$E$5:$E$2004)=0,0,D82/SUM(Veri!$E$5:$E$2004))) | F82: =IF(B82="","",SUM(E$5:E82)) | G82: =IF(B82="","",IF(F81<0.8,"A",IF(F81<0.95,"B","C"))) | H82: =IF(OR(B82="",C82=0),"",D82/C82) | I82: =IF(B82="","",SUMPRODUCT(MAX((Veri!$B$5:$B$2004=B82)*Veri!$A$5:$A$2004))) | K82: =IF(78>MAX(Veri!$I$5:$I$2004),"",INDEX(Veri!$B$5:$B$2004,MATCH(78,Veri!$I$5:$I$2004,0))) | L82: =IF(K82="","",SUMIFS(Veri!$E$5:$E$2004,Veri!$B$5:$B$2004,K82)) | M82: =IF(K82="","",L82+ROW()/1000000000)
A83: =IF(B83="","",79) | B83: =IFERROR(INDEX($K$5:$K$204,MATCH(LARGE($M$5:$M$204,79),$M$5:$M$204,0)),"") | C83: =IF(B83="","",COUNTIF(Veri!$B$5:$B$2004,B83)) | D83: =IF(B83="","",SUMIFS(Veri!$E$5:$E$2004,Veri!$B$5:$B$2004,B83)) | E83: =IF(B83="","",IF(SUM(Veri!$E$5:$E$2004)=0,0,D83/SUM(Veri!$E$5:$E$2004))) | F83: =IF(B83="","",SUM(E$5:E83)) | G83: =IF(B83="","",IF(F82<0.8,"A",IF(F82<0.95,"B","C"))) | H83: =IF(OR(B83="",C83=0),"",D83/C83) | I83: =IF(B83="","",SUMPRODUCT(MAX((Veri!$B$5:$B$2004=B83)*Veri!$A$5:$A$2004))) | K83: =IF(79>MAX(Veri!$I$5:$I$2004),"",INDEX(Veri!$B$5:$B$2004,MATCH(79,Veri!$I$5:$I$2004,0))) | L83: =IF(K83="","",SUMIFS(Veri!$E$5:$E$2004,Veri!$B$5:$B$2004,K83)) | M83: =IF(K83="","",L83+ROW()/1000000000)
A84: =IF(B84="","",80) | B84: =IFERROR(INDEX($K$5:$K$204,MATCH(LARGE($M$5:$M$204,80),$M$5:$M$204,0)),"") | C84: =IF(B84="","",COUNTIF(Veri!$B$5:$B$2004,B84)) | D84: =IF(B84="","",SUMIFS(Veri!$E$5:$E$2004,Veri!$B$5:$B$2004,B84)) | E84: =IF(B84="","",IF(SUM(Veri!$E$5:$E$2004)=0,0,D84/SUM(Veri!$E$5:$E$2004))) | F84: =IF(B84="","",SUM(E$5:E84)) | G84: =IF(B84="","",IF(F83<0.8,"A",IF(F83<0.95,"B","C"))) | H84: =IF(OR(B84="",C84=0),"",D84/C84) | I84: =IF(B84="","",SUMPRODUCT(MAX((Veri!$B$5:$B$2004=B84)*Veri!$A$5:$A$2004))) | K84: =IF(80>MAX(Veri!$I$5:$I$2004),"",INDEX(Veri!$B$5:$B$2004,MATCH(80,Veri!$I$5:$I$2004,0))) | L84: =IF(K84="","",SUMIFS(Veri!$E$5:$E$2004,Veri!$B$5:$B$2004,K84)) | M84: =IF(K84="","",L84+ROW()/1000000000)
A85: =IF(B85="","",81) | B85: =IFERROR(INDEX($K$5:$K$204,MATCH(LARGE($M$5:$M$204,81),$M$5:$M$204,0)),"") | C85: =IF(B85="","",COUNTIF(Veri!$B$5:$B$2004,B85)) | D85: =IF(B85="","",SUMIFS(Veri!$E$5:$E$2004,Veri!$B$5:$B$2004,B85)) | E85: =IF(B85="","",IF(SUM(Veri!$E$5:$E$2004)=0,0,D85/SUM(Veri!$E$5:$E$2004))) | F85: =IF(B85="","",SUM(E$5:E85)) | G85: =IF(B85="","",IF(F84<0.8,"A",IF(F84<0.95,"B","C"))) | H85: =IF(OR(B85="",C85=0),"",D85/C85) | I85: =IF(B85="","",SUMPRODUCT(MAX((Veri!$B$5:$B$2004=B85)*Veri!$A$5:$A$2004))) | K85: =IF(81>MAX(Veri!$I$5:$I$2004),"",INDEX(Veri!$B$5:$B$2004,MATCH(81,Veri!$I$5:$I$2004,0))) | L85: =IF(K85="","",SUMIFS(Veri!$E$5:$E$2004,Veri!$B$5:$B$2004,K85)) | M85: =IF(K85="","",L85+ROW()/1000000000)
A86: =IF(B86="","",82) | B86: =IFERROR(INDEX($K$5:$K$204,MATCH(LARGE($M$5:$M$204,82),$M$5:$M$204,0)),"") | C86: =IF(B86="","",COUNTIF(Veri!$B$5:$B$2004,B86)) | D86: =IF(B86="","",SUMIFS(Veri!$E$5:$E$2004,Veri!$B$5:$B$2004,B86)) | E86: =IF(B86="","",IF(SUM(Veri!$E$5:$E$2004)=0,0,D86/SUM(Veri!$E$5:$E$2004))) | F86: =IF(B86="","",SUM(E$5:E86)) | G86: =IF(B86="","",IF(F85<0.8,"A",IF(F85<0.95,"B","C"))) | H86: =IF(OR(B86="",C86=0),"",D86/C86) | I86: =IF(B86="","",SUMPRODUCT(MAX((Veri!$B$5:$B$2004=B86)*Veri!$A$5:$A$2004))) | K86: =IF(82>MAX(Veri!$I$5:$I$2004),"",INDEX(Veri!$B$5:$B$2004,MATCH(82,Veri!$I$5:$I$2004,0))) | L86: =IF(K86="","",SUMIFS(Veri!$E$5:$E$2004,Veri!$B$5:$B$2004,K86)) | M86: =IF(K86="","",L86+ROW()/1000000000)
A87: =IF(B87="","",83) | B87: =IFERROR(INDEX($K$5:$K$204,MATCH(LARGE($M$5:$M$204,83),$M$5:$M$204,0)),"") | C87: =IF(B87="","",COUNTIF(Veri!$B$5:$B$2004,B87)) | D87: =IF(B87="","",SUMIFS(Veri!$E$5:$E$2004,Veri!$B$5:$B$2004,B87)) | E87: =IF(B87="","",IF(SUM(Veri!$E$5:$E$2004)=0,0,D87/SUM(Veri!$E$5:$E$2004))) | F87: =IF(B87="","",SUM(E$5:E87)) | G87: =IF(B87="","",IF(F86<0.8,"A",IF(F86<0.95,"B","C"))) | H87: =IF(OR(B87="",C87=0),"",D87/C87) | I87: =IF(B87="","",SUMPRODUCT(MAX((Veri!$B$5:$B$2004=B87)*Veri!$A$5:$A$2004))) | K87: =IF(83>MAX(Veri!$I$5:$I$2004),"",INDEX(Veri!$B$5:$B$2004,MATCH(83,Veri!$I$5:$I$2004,0))) | L87: =IF(K87="","",SUMIFS(Veri!$E$5:$E$2004,Veri!$B$5:$B$2004,K87)) | M87: =IF(K87="","",L87+ROW()/1000000000)
A88: =IF(B88="","",84) | B88: =IFERROR(INDEX($K$5:$K$204,MATCH(LARGE($M$5:$M$204,84),$M$5:$M$204,0)),"") | C88: =IF(B88="","",COUNTIF(Veri!$B$5:$B$2004,B88)) | D88: =IF(B88="","",SUMIFS(Veri!$E$5:$E$2004,Veri!$B$5:$B$2004,B88)) | E88: =IF(B88="","",IF(SUM(Veri!$E$5:$E$2004)=0,0,D88/SUM(Veri!$E$5:$E$2004))) | F88: =IF(B88="","",SUM(E$5:E88)) | G88: =IF(B88="","",IF(F87<0.8,"A",IF(F87<0.95,"B","C"))) | H88: =IF(OR(B88="",C88=0),"",D88/C88) | I88: =IF(B88="","",SUMPRODUCT(MAX((Veri!$B$5:$B$2004=B88)*Veri!$A$5:$A$2004))) | K88: =IF(84>MAX(Veri!$I$5:$I$2004),"",INDEX(Veri!$B$5:$B$2004,MATCH(84,Veri!$I$5:$I$2004,0))) | L88: =IF(K88="","",SUMIFS(Veri!$E$5:$E$2004,Veri!$B$5:$B$2004,K88)) | M88: =IF(K88="","",L88+ROW()/1000000000)
A89: =IF(B89="","",85) | B89: =IFERROR(INDEX($K$5:$K$204,MATCH(LARGE($M$5:$M$204,85),$M$5:$M$204,0)),"") | C89: =IF(B89="","",COUNTIF(Veri!$B$5:$B$2004,B89)) | D89: =IF(B89="","",SUMIFS(Veri!$E$5:$E$2004,Veri!$B$5:$B$2004,B89)) | E89: =IF(B89="","",IF(SUM(Veri!$E$5:$E$2004)=0,0,D89/SUM(Veri!$E$5:$E$2004))) | F89: =IF(B89="","",SUM(E$5:E89)) | G89: =IF(B89="","",IF(F88<0.8,"A",IF(F88<0.95,"B","C"))) | H89: =IF(OR(B89="",C89=0),"",D89/C89) | I89: =IF(B89="","",SUMPRODUCT(MAX((Veri!$B$5:$B$2004=B89)*Veri!$A$5:$A$2004))) | K89: =IF(85>MAX(Veri!$I$5:$I$2004),"",INDEX(Veri!$B$5:$B$2004,MATCH(85,Veri!$I$5:$I$2004,0))) | L89: =IF(K89="","",SUMIFS(Veri!$E$5:$E$2004,Veri!$B$5:$B$2004,K89)) | M89: =IF(K89="","",L89+ROW()/1000000000)
A90: =IF(B90="","",86) | B90: =IFERROR(INDEX($K$5:$K$204,MATCH(LARGE($M$5:$M$204,86),$M$5:$M$204,0)),"") | C90: =IF(B90="","",COUNTIF(Veri!$B$5:$B$2004,B90)) | D90: =IF(B90="","",SUMIFS(Veri!$E$5:$E$2004,Veri!$B$5:$B$2004,B90)) | E90: =IF(B90="","",IF(SUM(Veri!$E$5:$E$2004)=0,0,D90/SUM(Veri!$E$5:$E$2004))) | F90: =IF(B90="","",SUM(E$5:E90)) | G90: =IF(B90="","",IF(F89<0.8,"A",IF(F89<0.95,"B","C"))) | H90: =IF(OR(B90="",C90=0),"",D90/C90) | I90: =IF(B90="","",SUMPRODUCT(MAX((Veri!$B$5:$B$2004=B90)*Veri!$A$5:$A$2004))) | K90: =IF(86>MAX(Veri!$I$5:$I$2004),"",INDEX(Veri!$B$5:$B$2004,MATCH(86,Veri!$I$5:$I$2004,0))) | L90: =IF(K90="","",SUMIFS(Veri!$E$5:$E$2004,Veri!$B$5:$B$2004,K90)) | M90: =IF(K90="","",L90+ROW()/1000000000)
A91: =IF(B91="","",87) | B91: =IFERROR(INDEX($K$5:$K$204,MATCH(LARGE($M$5:$M$204,87),$M$5:$M$204,0)),"") | C91: =IF(B91="","",COUNTIF(Veri!$B$5:$B$2004,B91)) | D91: =IF(B91="","",SUMIFS(Veri!$E$5:$E$2004,Veri!$B$5:$B$2004,B91)) | E91: =IF(B91="","",IF(SUM(Veri!$E$5:$E$2004)=0,0,D91/SUM(Veri!$E$5:$E$2004))) | F91: =IF(B91="","",SUM(E$5:E91)) | G91: =IF(B91="","",IF(F90<0.8,"A",IF(F90<0.95,"B","C"))) | H91: =IF(OR(B91="",C91=0),"",D91/C91) | I91: =IF(B91="","",SUMPRODUCT(MAX((Veri!$B$5:$B$2004=B91)*Veri!$A$5:$A$2004))) | K91: =IF(87>MAX(Veri!$I$5:$I$2004),"",INDEX(Veri!$B$5:$B$2004,MATCH(87,Veri!$I$5:$I$2004,0))) | L91: =IF(K91="","",SUMIFS(Veri!$E$5:$E$2004,Veri!$B$5:$B$2004,K91)) | M91: =IF(K91="","",L91+ROW()/1000000000)
A92: =IF(B92="","",88) | B92: =IFERROR(INDEX($K$5:$K$204,MATCH(LARGE($M$5:$M$204,88),$M$5:$M$204,0)),"") | C92: =IF(B92="","",COUNTIF(Veri!$B$5:$B$2004,B92)) | D92: =IF(B92="","",SUMIFS(Veri!$E$5:$E$2004,Veri!$B$5:$B$2004,B92)) | E92: =IF(B92="","",IF(SUM(Veri!$E$5:$E$2004)=0,0,D92/SUM(Veri!$E$5:$E$2004))) | F92: =IF(B92="","",SUM(E$5:E92)) | G92: =IF(B92="","",IF(F91<0.8,"A",IF(F91<0.95,"B","C"))) | H92: =IF(OR(B92="",C92=0),"",D92/C92) | I92: =IF(B92="","",SUMPRODUCT(MAX((Veri!$B$5:$B$2004=B92)*Veri!$A$5:$A$2004))) | K92: =IF(88>MAX(Veri!$I$5:$I$2004),"",INDEX(Veri!$B$5:$B$2004,MATCH(88,Veri!$I$5:$I$2004,0))) | L92: =IF(K92="","",SUMIFS(Veri!$E$5:$E$2004,Veri!$B$5:$B$2004,K92)) | M92: =IF(K92="","",L92+ROW()/1000000000)
A93: =IF(B93="","",89) | B93: =IFERROR(INDEX($K$5:$K$204,MATCH(LARGE($M$5:$M$204,89),$M$5:$M$204,0)),"") | C93: =IF(B93="","",COUNTIF(Veri!$B$5:$B$2004,B93)) | D93: =IF(B93="","",SUMIFS(Veri!$E$5:$E$2004,Veri!$B$5:$B$2004,B93)) | E93: =IF(B93="","",IF(SUM(Veri!$E$5:$E$2004)=0,0,D93/SUM(Veri!$E$5:$E$2004))) | F93: =IF(B93="","",SUM(E$5:E93)) | G93: =IF(B93="","",IF(F92<0.8,"A",IF(F92<0.95,"B","C"))) | H93: =IF(OR(B93="",C93=0),"",D93/C93) | I93: =IF(B93="","",SUMPRODUCT(MAX((Veri!$B$5:$B$2004=B93)*Veri!$A$5:$A$2004))) | K93: =IF(89>MAX(Veri!$I$5:$I$2004),"",INDEX(Veri!$B$5:$B$2004,MATCH(89,Veri!$I$5:$I$2004,0))) | L93: =IF(K93="","",SUMIFS(Veri!$E$5:$E$2004,Veri!$B$5:$B$2004,K93)) | M93: =IF(K93="","",L93+ROW()/1000000000)
A94: =IF(B94="","",90) | B94: =IFERROR(INDEX($K$5:$K$204,MATCH(LARGE($M$5:$M$204,90),$M$5:$M$204,0)),"") | C94: =IF(B94="","",COUNTIF(Veri!$B$5:$B$2004,B94)) | D94: =IF(B94="","",SUMIFS(Veri!$E$5:$E$2004,Veri!$B$5:$B$2004,B94)) | E94: =IF(B94="","",IF(SUM(Veri!$E$5:$E$2004)=0,0,D94/SUM(Veri!$E$5:$E$2004))) | F94: =IF(B94="","",SUM(E$5:E94)) | G94: =IF(B94="","",IF(F93<0.8,"A",IF(F93<0.95,"B","C"))) | H94: =IF(OR(B94="",C94=0),"",D94/C94) | I94: =IF(B94="","",SUMPRODUCT(MAX((Veri!$B$5:$B$2004=B94)*Veri!$A$5:$A$2004))) | K94: =IF(90>MAX(Veri!$I$5:$I$2004),"",INDEX(Veri!$B$5:$B$2004,MATCH(90,Veri!$I$5:$I$2004,0))) | L94: =IF(K94="","",SUMIFS(Veri!$E$5:$E$2004,Veri!$B$5:$B$2004,K94)) | M94: =IF(K94="","",L94+ROW()/1000000000)
A95: =IF(B95="","",91) | B95: =IFERROR(INDEX($K$5:$K$204,MATCH(LARGE($M$5:$M$204,91),$M$5:$M$204,0)),"") | C95: =IF(B95="","",COUNTIF(Veri!$B$5:$B$2004,B95)) | D95: =IF(B95="","",SUMIFS(Veri!$E$5:$E$2004,Veri!$B$5:$B$2004,B95)) | E95: =IF(B95="","",IF(SUM(Veri!$E$5:$E$2004)=0,0,D95/SUM(Veri!$E$5:$E$2004))) | F95: =IF(B95="","",SUM(E$5:E95)) | G95: =IF(B95="","",IF(F94<0.8,"A",IF(F94<0.95,"B","C"))) | H95: =IF(OR(B95="",C95=0),"",D95/C95) | I95: =IF(B95="","",SUMPRODUCT(MAX((Veri!$B$5:$B$2004=B95)*Veri!$A$5:$A$2004))) | K95: =IF(91>MAX(Veri!$I$5:$I$2004),"",INDEX(Veri!$B$5:$B$2004,MATCH(91,Veri!$I$5:$I$2004,0))) | L95: =IF(K95="","",SUMIFS(Veri!$E$5:$E$2004,Veri!$B$5:$B$2004,K95)) | M95: =IF(K95="","",L95+ROW()/1000000000)
A96: =IF(B96="","",92) | B96: =IFERROR(INDEX($K$5:$K$204,MATCH(LARGE($M$5:$M$204,92),$M$5:$M$204,0)),"") | C96: =IF(B96="","",COUNTIF(Veri!$B$5:$B$2004,B96)) | D96: =IF(B96="","",SUMIFS(Veri!$E$5:$E$2004,Veri!$B$5:$B$2004,B96)) | E96: =IF(B96="","",IF(SUM(Veri!$E$5:$E$2004)=0,0,D96/SUM(Veri!$E$5:$E$2004))) | F96: =IF(B96="","",SUM(E$5:E96)) | G96: =IF(B96="","",IF(F95<0.8,"A",IF(F95<0.95,"B","C"))) | H96: =IF(OR(B96="",C96=0),"",D96/C96) | I96: =IF(B96="","",SUMPRODUCT(MAX((Veri!$B$5:$B$2004=B96)*Veri!$A$5:$A$2004))) | K96: =IF(92>MAX(Veri!$I$5:$I$2004),"",INDEX(Veri!$B$5:$B$2004,MATCH(92,Veri!$I$5:$I$2004,0))) | L96: =IF(K96="","",SUMIFS(Veri!$E$5:$E$2004,Veri!$B$5:$B$2004,K96)) | M96: =IF(K96="","",L96+ROW()/1000000000)
A97: =IF(B97="","",93) | B97: =IFERROR(INDEX($K$5:$K$204,MATCH(LARGE($M$5:$M$204,93),$M$5:$M$204,0)),"") | C97: =IF(B97="","",COUNTIF(Veri!$B$5:$B$2004,B97)) | D97: =IF(B97="","",SUMIFS(Veri!$E$5:$E$2004,Veri!$B$5:$B$2004,B97)) | E97: =IF(B97="","",IF(SUM(Veri!$E$5:$E$2004)=0,0,D97/SUM(Veri!$E$5:$E$2004))) | F97: =IF(B97="","",SUM(E$5:E97)) | G97: =IF(B97="","",IF(F96<0.8,"A",IF(F96<0.95,"B","C"))) | H97: =IF(OR(B97="",C97=0),"",D97/C97) | I97: =IF(B97="","",SUMPRODUCT(MAX((Veri!$B$5:$B$2004=B97)*Veri!$A$5:$A$2004))) | K97: =IF(93>MAX(Veri!$I$5:$I$2004),"",INDEX(Veri!$B$5:$B$2004,MATCH(93,Veri!$I$5:$I$2004,0))) | L97: =IF(K97="","",SUMIFS(Veri!$E$5:$E$2004,Veri!$B$5:$B$2004,K97)) | M97: =IF(K97="","",L97+ROW()/1000000000)
A98: =IF(B98="","",94) | B98: =IFERROR(INDEX($K$5:$K$204,MATCH(LARGE($M$5:$M$204,94),$M$5:$M$204,0)),"") | C98: =IF(B98="","",COUNTIF(Veri!$B$5:$B$2004,B98)) | D98: =IF(B98="","",SUMIFS(Veri!$E$5:$E$2004,Veri!$B$5:$B$2004,B98)) | E98: =IF(B98="","",IF(SUM(Veri!$E$5:$E$2004)=0,0,D98/SUM(Veri!$E$5:$E$2004))) | F98: =IF(B98="","",SUM(E$5:E98)) | G98: =IF(B98="","",IF(F97<0.8,"A",IF(F97<0.95,"B","C"))) | H98: =IF(OR(B98="",C98=0),"",D98/C98) | I98: =IF(B98="","",SUMPRODUCT(MAX((Veri!$B$5:$B$2004=B98)*Veri!$A$5:$A$2004))) | K98: =IF(94>MAX(Veri!$I$5:$I$2004),"",INDEX(Veri!$B$5:$B$2004,MATCH(94,Veri!$I$5:$I$2004,0))) | L98: =IF(K98="","",SUMIFS(Veri!$E$5:$E$2004,Veri!$B$5:$B$2004,K98)) | M98: =IF(K98="","",L98+ROW()/1000000000)
A99: =IF(B99="","",95) | B99: =IFERROR(INDEX($K$5:$K$204,MATCH(LARGE($M$5:$M$204,95),$M$5:$M$204,0)),"") | C99: =IF(B99="","",COUNTIF(Veri!$B$5:$B$2004,B99)) | D99: =IF(B99="","",SUMIFS(Veri!$E$5:$E$2004,Veri!$B$5:$B$2004,B99)) | E99: =IF(B99="","",IF(SUM(Veri!$E$5:$E$2004)=0,0,D99/SUM(Veri!$E$5:$E$2004))) | F99: =IF(B99="","",SUM(E$5:E99)) | G99: =IF(B99="","",IF(F98<0.8,"A",IF(F98<0.95,"B","C"))) | H99: =IF(OR(B99="",C99=0),"",D99/C99) | I99: =IF(B99="","",SUMPRODUCT(MAX((Veri!$B$5:$B$2004=B99)*Veri!$A$5:$A$2004))) | K99: =IF(95>MAX(Veri!$I$5:$I$2004),"",INDEX(Veri!$B$5:$B$2004,MATCH(95,Veri!$I$5:$I$2004,0))) | L99: =IF(K99="","",SUMIFS(Veri!$E$5:$E$2004,Veri!$B$5:$B$2004,K99)) | M99: =IF(K99="","",L99+ROW()/1000000000)
A100: =IF(B100="","",96) | B100: =IFERROR(INDEX($K$5:$K$204,MATCH(LARGE($M$5:$M$204,96),$M$5:$M$204,0)),"") | C100: =IF(B100="","",COUNTIF(Veri!$B$5:$B$2004,B100)) | D100: =IF(B100="","",SUMIFS(Veri!$E$5:$E$2004,Veri!$B$5:$B$2004,B100)) | E100: =IF(B100="","",IF(SUM(Veri!$E$5:$E$2004)=0,0,D100/SUM(Veri!$E$5:$E$2004))) | F100: =IF(B100="","",SUM(E$5:E100)) | G100: =IF(B100="","",IF(F99<0.8,"A",IF(F99<0.95,"B","C"))) | H100: =IF(OR(B100="",C100=0),"",D100/C100) | I100: =IF(B100="","",SUMPRODUCT(MAX((Veri!$B$5:$B$2004=B100)*Veri!$A$5:$A$2004))) | K100: =IF(96>MAX(Veri!$I$5:$I$2004),"",INDEX(Veri!$B$5:$B$2004,MATCH(96,Veri!$I$5:$I$2004,0))) | L100: =IF(K100="","",SUMIFS(Veri!$E$5:$E$2004,Veri!$B$5:$B$2004,K100)) | M100: =IF(K100="","",L100+ROW()/1000000000)
A101: =IF(B101="","",97) | B101: =IFERROR(INDEX($K$5:$K$204,MATCH(LARGE($M$5:$M$204,97),$M$5:$M$204,0)),"") | C101: =IF(B101="","",COUNTIF(Veri!$B$5:$B$2004,B101)) | D101: =IF(B101="","",SUMIFS(Veri!$E$5:$E$2004,Veri!$B$5:$B$2004,B101)) | E101: =IF(B101="","",IF(SUM(Veri!$E$5:$E$2004)=0,0,D101/SUM(Veri!$E$5:$E$2004))) | F101: =IF(B101="","",SUM(E$5:E101)) | G101: =IF(B101="","",IF(F100<0.8,"A",IF(F100<0.95,"B","C"))) | H101: =IF(OR(B101="",C101=0),"",D101/C101) | I101: =IF(B101="","",SUMPRODUCT(MAX((Veri!$B$5:$B$2004=B101)*Veri!$A$5:$A$2004))) | K101: =IF(97>MAX(Veri!$I$5:$I$2004),"",INDEX(Veri!$B$5:$B$2004,MATCH(97,Veri!$I$5:$I$2004,0))) | L101: =IF(K101="","",SUMIFS(Veri!$E$5:$E$2004,Veri!$B$5:$B$2004,K101)) | M101: =IF(K101="","",L101+ROW()/1000000000)
...

Sheet AI Komutları
B1: Yapay Zeka Komutları
B2: İlgili sayfada başlık satırıyla birlikte kayıtlarını seç, kopyala, kullandığın yapay zeka asistanına yapıştır ve altına komutu ekle.
B3: Dikkat: Müşteri adlarını Müşteri Alfa, Müşteri Beta gibi takma adlarla değiştir. Yapay zekanın verdiği rakamları dosyadaki özet sayfasıyla karşılaştır.
B5: Ne için | C5: Komut (kopyala, yapıştır)
B6: Genel yorum | C6: [Özet sayfası] Satışlarımı beş cümleyle yorumla: gidiş nasıl, hangi ay öne çıkıyor, dikkat etmem gereken ne?
B7: A sınıfı strateji | C7: [Ürünler sayfası] A sınıfı ürünlerim için stokta kalmama, fiyat ve tanıtım açısından birer öneri ver.
B8: C sınıfı karar | C8: [Ürünler sayfası] C sınıfı ürünlerden hangilerini bırakmayı düşünmeliyim? Son satış tarihine ve ciroya göre gerekçelendir.
B9: Müşteri bağımlılığı | C9: [Müşteriler sayfası] Cironun ne kadarı ilk üç müşteriden geliyor? Bu bir risk mi, nasıl azaltırım?
B10: Geri kazanma | C10: [Müşteriler sayfası] Son alışverişi 45 günden eski olan müşterileri listele ve onlara gönderilecek kısa bir mesaj yaz.
B11: Birlikte satılanlar | C11: [Veri sayfası] Aynı müşterinin aynı gün aldığı ürünlere bakarak sık birlikte satılan ürün çiftlerini bul.
B12: Zayıf gün | C12: [Özet sayfasındaki gün tablosu] En zayıf günüm hangisi? O gün için bir kampanya fikri öner.
