Workbook

Sheet Başla
B2: EXCEL KLİNİĞİ
B3: MALİYET | Ürün maliyeti ve fiyat hesaplama
B4: Bir kurabiye, bir tabak yemek, bir sabun sana kaça mal oluyor; hedeflediğin kârı bırakması için kaça satmalısın.
B6: NASIL KULLANILIR
B7: 1. Malzemeler | C7: Malzemeleri, paket fiyatını ve paket miktarını yaz.
B8: 2. Ürünler | C8: Ürünü, reçetenin kaç adet verdiğini, adet başına ek maliyeti ve satış fiyatını yaz.
B9: 3. Reçeteler | C9: Her ürünün malzemelerini ve miktarını gir.
B10: 4. Özet | C10: Hedef marjını yaz; hedefin altındaki ürünleri ve olması gereken fiyatı gör.
B12: BİLMEN GEREKENLER
B13: Marj | C13: Kârın satış fiyatına oranıdır. Yüzde 60 marj, 10 liralık satışın 6 lirasının kâr olması demektir.
B14: Kapsam | C14: Kira, elektrik gibi genel giderler birim maliyete dahil değildir; onları adet başına ek maliyete kendin katabilirsin.
B15: KDV | C15: Fiyat ve maliyetleri hep aynı şekilde (KDV dahil ya da hariç) yaz.
B16: Kapasite | C16: Malzemeler: 150 satır; Ürünler: 80 satır; Reçeteler: 1000 satır.
B18: RENKLER
B19: Sarı hücre | C19: Senin dolduracağın hücre. İçindeki örnekleri silip kendi bilgini yaz.
B20: Beyaz hücre, açık başlık | C20: Formül. Değiştirme, kendiliğinden hesaplanır.

Sheet Ürünler
A1: Ürünler
A2: Ürünü, reçetenin kaç adet verdiğini, adet başına ek maliyeti (ambalaj, işçilik) ve satış fiyatını yaz.
A4: Ürün | B4: Reçete kaç adet verir | C4: Adet başına ek maliyet (₺) | D4: Satış fiyatı (₺) | E4: Reçete maliyeti (₺) | F4: Birim maliyet (₺) | G4: Kâr (₺) | H4: Marj | I4: Hedef marja göre fiyat (₺) | J4: Durum | K4: y
A5: Kurabiye | B5: 40 | C5: 0.5 | D5: 12 | E5: =IF(A5="","",SUMIFS(Reçeteler!$D$5:$D$1004,Reçeteler!$A$5:$A$1004,A5)) -> 148.8 | F5: =IF(OR(A5="",B5="",B5=0),"",E5/B5+C5) -> 4.22 | G5: =IF(OR(F5="",D5=""),"",D5-F5) -> 7.78 | H5: =IF(OR(G5="",D5=0),"",G5/D5) -> 0.64833333 | I5: =IF(OR(F5="",Özet!$C$3>=1),"",F5/(1-Özet!$C$3)) -> 10.55 | J5: =IF(H5="","",IF(H5<Özet!$C$3,"Hedefin altında","Hedefte")) -> Hedefte | K5: =IF(H5="","",H5+ROW()/1000000000) -> 0.64833334
A6: Kek (dilim) | B6: 12 | C6: 1 | D6: 25 | E6: =IF(A6="","",SUMIFS(Reçeteler!$D$5:$D$1004,Reçeteler!$A$5:$A$1004,A6)) -> 144 | F6: =IF(OR(A6="",B6="",B6=0),"",E6/B6+C6) -> 13 | G6: =IF(OR(F6="",D6=""),"",D6-F6) -> 12 | H6: =IF(OR(G6="",D6=0),"",G6/D6) -> 0.48 | I6: =IF(OR(F6="",Özet!$C$3>=1),"",F6/(1-Özet!$C$3)) -> 32.5 | J6: =IF(H6="","",IF(H6<Özet!$C$3,"Hedefin altında","Hedefte")) -> Hedefin altında | K6: =IF(H6="","",H6+ROW()/1000000000) -> 0.48000001
E7: =IF(A7="","",SUMIFS(Reçeteler!$D$5:$D$1004,Reçeteler!$A$5:$A$1004,A7)) | F7: =IF(OR(A7="",B7="",B7=0),"",E7/B7+C7) | G7: =IF(OR(F7="",D7=""),"",D7-F7) | H7: =IF(OR(G7="",D7=0),"",G7/D7) | I7: =IF(OR(F7="",Özet!$C$3>=1),"",F7/(1-Özet!$C$3)) | J7: =IF(H7="","",IF(H7<Özet!$C$3,"Hedefin altında","Hedefte")) | K7: =IF(H7="","",H7+ROW()/1000000000)
E8: =IF(A8="","",SUMIFS(Reçeteler!$D$5:$D$1004,Reçeteler!$A$5:$A$1004,A8)) | F8: =IF(OR(A8="",B8="",B8=0),"",E8/B8+C8) | G8: =IF(OR(F8="",D8=""),"",D8-F8) | H8: =IF(OR(G8="",D8=0),"",G8/D8) | I8: =IF(OR(F8="",Özet!$C$3>=1),"",F8/(1-Özet!$C$3)) | J8: =IF(H8="","",IF(H8<Özet!$C$3,"Hedefin altında","Hedefte")) | K8: =IF(H8="","",H8+ROW()/1000000000)
E9: =IF(A9="","",SUMIFS(Reçeteler!$D$5:$D$1004,Reçeteler!$A$5:$A$1004,A9)) | F9: =IF(OR(A9="",B9="",B9=0),"",E9/B9+C9) | G9: =IF(OR(F9="",D9=""),"",D9-F9) | H9: =IF(OR(G9="",D9=0),"",G9/D9) | I9: =IF(OR(F9="",Özet!$C$3>=1),"",F9/(1-Özet!$C$3)) | J9: =IF(H9="","",IF(H9<Özet!$C$3,"Hedefin altında","Hedefte")) | K9: =IF(H9="","",H9+ROW()/1000000000)
E10: =IF(A10="","",SUMIFS(Reçeteler!$D$5:$D$1004,Reçeteler!$A$5:$A$1004,A10)) | F10: =IF(OR(A10="",B10="",B10=0),"",E10/B10+C10) | G10: =IF(OR(F10="",D10=""),"",D10-F10) | H10: =IF(OR(G10="",D10=0),"",G10/D10) | I10: =IF(OR(F10="",Özet!$C$3>=1),"",F10/(1-Özet!$C$3)) | J10: =IF(H10="","",IF(H10<Özet!$C$3,"Hedefin altında","Hedefte")) | K10: =IF(H10="","",H10+ROW()/1000000000)
E11: =IF(A11="","",SUMIFS(Reçeteler!$D$5:$D$1004,Reçeteler!$A$5:$A$1004,A11)) | F11: =IF(OR(A11="",B11="",B11=0),"",E11/B11+C11) | G11: =IF(OR(F11="",D11=""),"",D11-F11) | H11: =IF(OR(G11="",D11=0),"",G11/D11) | I11: =IF(OR(F11="",Özet!$C$3>=1),"",F11/(1-Özet!$C$3)) | J11: =IF(H11="","",IF(H11<Özet!$C$3,"Hedefin altında","Hedefte")) | K11: =IF(H11="","",H11+ROW()/1000000000)
E12: =IF(A12="","",SUMIFS(Reçeteler!$D$5:$D$1004,Reçeteler!$A$5:$A$1004,A12)) | F12: =IF(OR(A12="",B12="",B12=0),"",E12/B12+C12) | G12: =IF(OR(F12="",D12=""),"",D12-F12) | H12: =IF(OR(G12="",D12=0),"",G12/D12) | I12: =IF(OR(F12="",Özet!$C$3>=1),"",F12/(1-Özet!$C$3)) | J12: =IF(H12="","",IF(H12<Özet!$C$3,"Hedefin altında","Hedefte")) | K12: =IF(H12="","",H12+ROW()/1000000000)
E13: =IF(A13="","",SUMIFS(Reçeteler!$D$5:$D$1004,Reçeteler!$A$5:$A$1004,A13)) | F13: =IF(OR(A13="",B13="",B13=0),"",E13/B13+C13) | G13: =IF(OR(F13="",D13=""),"",D13-F13) | H13: =IF(OR(G13="",D13=0),"",G13/D13) | I13: =IF(OR(F13="",Özet!$C$3>=1),"",F13/(1-Özet!$C$3)) | J13: =IF(H13="","",IF(H13<Özet!$C$3,"Hedefin altında","Hedefte")) | K13: =IF(H13="","",H13+ROW()/1000000000)
E14: =IF(A14="","",SUMIFS(Reçeteler!$D$5:$D$1004,Reçeteler!$A$5:$A$1004,A14)) | F14: =IF(OR(A14="",B14="",B14=0),"",E14/B14+C14) | G14: =IF(OR(F14="",D14=""),"",D14-F14) | H14: =IF(OR(G14="",D14=0),"",G14/D14) | I14: =IF(OR(F14="",Özet!$C$3>=1),"",F14/(1-Özet!$C$3)) | J14: =IF(H14="","",IF(H14<Özet!$C$3,"Hedefin altında","Hedefte")) | K14: =IF(H14="","",H14+ROW()/1000000000)
E15: =IF(A15="","",SUMIFS(Reçeteler!$D$5:$D$1004,Reçeteler!$A$5:$A$1004,A15)) | F15: =IF(OR(A15="",B15="",B15=0),"",E15/B15+C15) | G15: =IF(OR(F15="",D15=""),"",D15-F15) | H15: =IF(OR(G15="",D15=0),"",G15/D15) | I15: =IF(OR(F15="",Özet!$C$3>=1),"",F15/(1-Özet!$C$3)) | J15: =IF(H15="","",IF(H15<Özet!$C$3,"Hedefin altında","Hedefte")) | K15: =IF(H15="","",H15+ROW()/1000000000)
E16: =IF(A16="","",SUMIFS(Reçeteler!$D$5:$D$1004,Reçeteler!$A$5:$A$1004,A16)) | F16: =IF(OR(A16="",B16="",B16=0),"",E16/B16+C16) | G16: =IF(OR(F16="",D16=""),"",D16-F16) | H16: =IF(OR(G16="",D16=0),"",G16/D16) | I16: =IF(OR(F16="",Özet!$C$3>=1),"",F16/(1-Özet!$C$3)) | J16: =IF(H16="","",IF(H16<Özet!$C$3,"Hedefin altında","Hedefte")) | K16: =IF(H16="","",H16+ROW()/1000000000)
E17: =IF(A17="","",SUMIFS(Reçeteler!$D$5:$D$1004,Reçeteler!$A$5:$A$1004,A17)) | F17: =IF(OR(A17="",B17="",B17=0),"",E17/B17+C17) | G17: =IF(OR(F17="",D17=""),"",D17-F17) | H17: =IF(OR(G17="",D17=0),"",G17/D17) | I17: =IF(OR(F17="",Özet!$C$3>=1),"",F17/(1-Özet!$C$3)) | J17: =IF(H17="","",IF(H17<Özet!$C$3,"Hedefin altında","Hedefte")) | K17: =IF(H17="","",H17+ROW()/1000000000)
E18: =IF(A18="","",SUMIFS(Reçeteler!$D$5:$D$1004,Reçeteler!$A$5:$A$1004,A18)) | F18: =IF(OR(A18="",B18="",B18=0),"",E18/B18+C18) | G18: =IF(OR(F18="",D18=""),"",D18-F18) | H18: =IF(OR(G18="",D18=0),"",G18/D18) | I18: =IF(OR(F18="",Özet!$C$3>=1),"",F18/(1-Özet!$C$3)) | J18: =IF(H18="","",IF(H18<Özet!$C$3,"Hedefin altında","Hedefte")) | K18: =IF(H18="","",H18+ROW()/1000000000)
... E84: =IF(A84="","",SUMIFS(Reçeteler!$D$5:$D$1004,Reçeteler!$A$5:$A$1004,A84)) | F84: =IF(OR(A84="",B84="",B84=0),"",E84/B84+C84) | G84: =IF(OR(F84="",D84=""),"",D84-F84) | H84: =IF(OR(G84="",D84=0),"",G84/D84) | I84: =IF(OR(F84="",Özet!$C$3>=1),"",F84/(1-Özet!$C$3)) | J84: =IF(H84="","",IF(H84<Özet!$C$3,"Hedefin altında","Hedefte")) | K84: =IF(H84="","",H84+ROW()/1000000000)

Sheet Reçeteler
A1: Reçeteler
A2: Her satır bir ürünün bir malzemesi. Miktarı malzemenin birimiyle yaz.
A4: Ürün | B4: Malzeme | C4: Miktar | D4: Satır maliyeti (₺)
A5: Kurabiye | B5: Un | C5: 0.5 | D5: =IF(OR(A5="",B5="",C5=""),"",C5*IFERROR(INDEX(Malzemeler!$E$5:$E$154,MATCH(B5,Malzemeler!$A$5:$A$154,0)),0)) -> 15
A6: Kurabiye | B6: Şeker | C6: 0.2 | D6: =IF(OR(A6="",B6="",C6=""),"",C6*IFERROR(INDEX(Malzemeler!$E$5:$E$154,MATCH(B6,Malzemeler!$A$5:$A$154,0)),0)) -> 8.8
A7: Kurabiye | B7: Tereyağı | C7: 0.25 | D7: =IF(OR(A7="",B7="",C7=""),"",C7*IFERROR(INDEX(Malzemeler!$E$5:$E$154,MATCH(B7,Malzemeler!$A$5:$A$154,0)),0)) -> 125
A8: Kek (dilim) | B8: Un | C8: 0.3 | D8: =IF(OR(A8="",B8="",C8=""),"",C8*IFERROR(INDEX(Malzemeler!$E$5:$E$154,MATCH(B8,Malzemeler!$A$5:$A$154,0)),0)) -> 9
A9: Kek (dilim) | B9: Şeker | C9: 0.25 | D9: =IF(OR(A9="",B9="",C9=""),"",C9*IFERROR(INDEX(Malzemeler!$E$5:$E$154,MATCH(B9,Malzemeler!$A$5:$A$154,0)),0)) -> 11
A10: Kek (dilim) | B10: Yumurta | C10: 4 | D10: =IF(OR(A10="",B10="",C10=""),"",C10*IFERROR(INDEX(Malzemeler!$E$5:$E$154,MATCH(B10,Malzemeler!$A$5:$A$154,0)),0)) -> 24
A11: Kek (dilim) | B11: Tereyağı | C11: 0.2 | D11: =IF(OR(A11="",B11="",C11=""),"",C11*IFERROR(INDEX(Malzemeler!$E$5:$E$154,MATCH(B11,Malzemeler!$A$5:$A$154,0)),0)) -> 100
D12: =IF(OR(A12="",B12="",C12=""),"",C12*IFERROR(INDEX(Malzemeler!$E$5:$E$154,MATCH(B12,Malzemeler!$A$5:$A$154,0)),0))
D13: =IF(OR(A13="",B13="",C13=""),"",C13*IFERROR(INDEX(Malzemeler!$E$5:$E$154,MATCH(B13,Malzemeler!$A$5:$A$154,0)),0))
D14: =IF(OR(A14="",B14="",C14=""),"",C14*IFERROR(INDEX(Malzemeler!$E$5:$E$154,MATCH(B14,Malzemeler!$A$5:$A$154,0)),0))
D15: =IF(OR(A15="",B15="",C15=""),"",C15*IFERROR(INDEX(Malzemeler!$E$5:$E$154,MATCH(B15,Malzemeler!$A$5:$A$154,0)),0))
D16: =IF(OR(A16="",B16="",C16=""),"",C16*IFERROR(INDEX(Malzemeler!$E$5:$E$154,MATCH(B16,Malzemeler!$A$5:$A$154,0)),0))
D17: =IF(OR(A17="",B17="",C17=""),"",C17*IFERROR(INDEX(Malzemeler!$E$5:$E$154,MATCH(B17,Malzemeler!$A$5:$A$154,0)),0))
D18: =IF(OR(A18="",B18="",C18=""),"",C18*IFERROR(INDEX(Malzemeler!$E$5:$E$154,MATCH(B18,Malzemeler!$A$5:$A$154,0)),0))
D19: =IF(OR(A19="",B19="",C19=""),"",C19*IFERROR(INDEX(Malzemeler!$E$5:$E$154,MATCH(B19,Malzemeler!$A$5:$A$154,0)),0))
D20: =IF(OR(A20="",B20="",C20=""),"",C20*IFERROR(INDEX(Malzemeler!$E$5:$E$154,MATCH(B20,Malzemeler!$A$5:$A$154,0)),0))
D21: =IF(OR(A21="",B21="",C21=""),"",C21*IFERROR(INDEX(Malzemeler!$E$5:$E$154,MATCH(B21,Malzemeler!$A$5:$A$154,0)),0))
D22: =IF(OR(A22="",B22="",C22=""),"",C22*IFERROR(INDEX(Malzemeler!$E$5:$E$154,MATCH(B22,Malzemeler!$A$5:$A$154,0)),0))
D23: =IF(OR(A23="",B23="",C23=""),"",C23*IFERROR(INDEX(Malzemeler!$E$5:$E$154,MATCH(B23,Malzemeler!$A$5:$A$154,0)),0))
... D1004: =IF(OR(A1004="",B1004="",C1004=""),"",C1004*IFERROR(INDEX(Malzemeler!$E$5:$E$154,MATCH(B1004,Malzemeler!$A$5:$A$154,0)),0))

Sheet Malzemeler
A1: Malzemeler
A2: Aldığın paketin fiyatını ve içindeki miktarı yaz; birim fiyat hesaplanır.
A4: Malzeme | B4: Birim | C4: Paket fiyatı (₺) | D4: Paket miktarı | E4: Birim fiyat (₺)
A5: Un | B5: kg | C5: 150 | D5: 5 | E5: =IF(OR(A5="",D5="",D5=0),"",C5/D5) -> 30
A6: Şeker | B6: kg | C6: 220 | D6: 5 | E6: =IF(OR(A6="",D6="",D6=0),"",C6/D6) -> 44
A7: Tereyağı | B7: kg | C7: 500 | D7: 1 | E7: =IF(OR(A7="",D7="",D7=0),"",C7/D7) -> 500
A8: Yumurta | B8: adet | C8: 180 | D8: 30 | E8: =IF(OR(A8="",D8="",D8=0),"",C8/D8) -> 6
E9: =IF(OR(A9="",D9="",D9=0),"",C9/D9)
E10: =IF(OR(A10="",D10="",D10=0),"",C10/D10)
E11: =IF(OR(A11="",D11="",D11=0),"",C11/D11)
E12: =IF(OR(A12="",D12="",D12=0),"",C12/D12)
E13: =IF(OR(A13="",D13="",D13=0),"",C13/D13)
E14: =IF(OR(A14="",D14="",D14=0),"",C14/D14)
E15: =IF(OR(A15="",D15="",D15=0),"",C15/D15)
E16: =IF(OR(A16="",D16="",D16=0),"",C16/D16)
E17: =IF(OR(A17="",D17="",D17=0),"",C17/D17)
E18: =IF(OR(A18="",D18="",D18=0),"",C18/D18)
E19: =IF(OR(A19="",D19="",D19=0),"",C19/D19)
E20: =IF(OR(A20="",D20="",D20=0),"",C20/D20)
... E154: =IF(OR(A154="",D154="",D154=0),"",C154/D154)

Sheet Özet
A1: Özet
A2: Hedeflediğin kâr marjını yaz.
B3: Hedef marj | C3: 0.6
B5: Ürün | C5: Ortalama marj | D5: Hedefin altındaki ürün
B6: =COUNTA(Ürünler!$A$5:$A$84) -> 2 | C6: =IFERROR(AVERAGE(Ürünler!$H$5:$H$84),0) -> 0.56416667 | D6: =COUNTIF(Ürünler!$J$5:$J$84,"Hedefin altında") -> 1
B8: Marjı en düşük 5 ürün
B9: Ürün | C9: Marj | D9: Birim maliyet (₺) | E9: Satış fiyatı (₺)
B10: =IFERROR(INDEX(Ürünler!$A$5:$A$84,MATCH(SMALL(Ürünler!$K$5:$K$84,1),Ürünler!$K$5:$K$84,0))&"","") -> Kek (dilim) | C10: =IF(B10="","",INDEX(Ürünler!$H$5:$H$84,MATCH(SMALL(Ürünler!$K$5:$K$84,1),Ürünler!$K$5:$K$84,0))) -> 0.48 | D10: =IF(B10="","",INDEX(Ürünler!$F$5:$F$84,MATCH(SMALL(Ürünler!$K$5:$K$84,1),Ürünler!$K$5:$K$84,0))) -> 13 | E10: =IF(B10="","",INDEX(Ürünler!$D$5:$D$84,MATCH(SMALL(Ürünler!$K$5:$K$84,1),Ürünler!$K$5:$K$84,0))) -> 25
B11: =IFERROR(INDEX(Ürünler!$A$5:$A$84,MATCH(SMALL(Ürünler!$K$5:$K$84,2),Ürünler!$K$5:$K$84,0))&"","") -> Kurabiye | C11: =IF(B11="","",INDEX(Ürünler!$H$5:$H$84,MATCH(SMALL(Ürünler!$K$5:$K$84,2),Ürünler!$K$5:$K$84,0))) -> 0.64833333 | D11: =IF(B11="","",INDEX(Ürünler!$F$5:$F$84,MATCH(SMALL(Ürünler!$K$5:$K$84,2),Ürünler!$K$5:$K$84,0))) -> 4.22 | E11: =IF(B11="","",INDEX(Ürünler!$D$5:$D$84,MATCH(SMALL(Ürünler!$K$5:$K$84,2),Ürünler!$K$5:$K$84,0))) -> 12
B12: =IFERROR(INDEX(Ürünler!$A$5:$A$84,MATCH(SMALL(Ürünler!$K$5:$K$84,3),Ürünler!$K$5:$K$84,0))&"","") | C12: =IF(B12="","",INDEX(Ürünler!$H$5:$H$84,MATCH(SMALL(Ürünler!$K$5:$K$84,3),Ürünler!$K$5:$K$84,0))) | D12: =IF(B12="","",INDEX(Ürünler!$F$5:$F$84,MATCH(SMALL(Ürünler!$K$5:$K$84,3),Ürünler!$K$5:$K$84,0))) | E12: =IF(B12="","",INDEX(Ürünler!$D$5:$D$84,MATCH(SMALL(Ürünler!$K$5:$K$84,3),Ürünler!$K$5:$K$84,0)))
B13: =IFERROR(INDEX(Ürünler!$A$5:$A$84,MATCH(SMALL(Ürünler!$K$5:$K$84,4),Ürünler!$K$5:$K$84,0))&"","") | C13: =IF(B13="","",INDEX(Ürünler!$H$5:$H$84,MATCH(SMALL(Ürünler!$K$5:$K$84,4),Ürünler!$K$5:$K$84,0))) | D13: =IF(B13="","",INDEX(Ürünler!$F$5:$F$84,MATCH(SMALL(Ürünler!$K$5:$K$84,4),Ürünler!$K$5:$K$84,0))) | E13: =IF(B13="","",INDEX(Ürünler!$D$5:$D$84,MATCH(SMALL(Ürünler!$K$5:$K$84,4),Ürünler!$K$5:$K$84,0)))
B14: =IFERROR(INDEX(Ürünler!$A$5:$A$84,MATCH(SMALL(Ürünler!$K$5:$K$84,5),Ürünler!$K$5:$K$84,0))&"","") | C14: =IF(B14="","",INDEX(Ürünler!$H$5:$H$84,MATCH(SMALL(Ürünler!$K$5:$K$84,5),Ürünler!$K$5:$K$84,0))) | D14: =IF(B14="","",INDEX(Ürünler!$F$5:$F$84,MATCH(SMALL(Ürünler!$K$5:$K$84,5),Ürünler!$K$5:$K$84,0))) | E14: =IF(B14="","",INDEX(Ürünler!$D$5:$D$84,MATCH(SMALL(Ürünler!$K$5:$K$84,5),Ürünler!$K$5:$K$84,0)))

Sheet AI Komutları
B1: Yapay Zeka Komutları
B2: İlgili sayfada başlık satırıyla birlikte kayıtlarını seç, kopyala, kullandığın yapay zeka asistanına yapıştır ve altına komutu ekle.
B3: Dikkat: Tedarikçi adlarını paylaşmak zorunda değilsin. Yapay zekanın verdiği rakamları dosyadaki özet sayfasıyla karşılaştır.
B5: Ne için | C5: Komut (kopyala, yapıştır)
B6: Zam etkisi | C6: [Malzemeler sayfası] Tereyağı yüzde 20 zamlanırsa hangi ürünün marjı ne kadar düşer?
B7: Fiyat önerisi | C7: [Ürünler sayfası] Hedefin altındaki ürünler için yuvarlak ve makul satış fiyatları öner.
B8: Maliyet düşürme | C8: [Reçeteler sayfası] Maliyetin en büyük kısmını hangi malzemeler oluşturuyor? Azaltma yolları öner.
B9: Menü | C9: Marjı yüksek ürünleri öne çıkarmak için menü ya da vitrin düzeni öner.
