Workbook

Sheet Başla
B2: EXCEL KLİNİĞİ
B3: SAYAÇ | Fatura ve tüketim takibi
B4: Elektrik, su, doğalgaz: ne kadar tükettin, birimi kaça geldi, geçen yılın aynı ayına göre ne değişti.
B6: NASIL KULLANILIR
B7: 1. Listeler | C7: Aboneliklerini yaz.
B8: 2. Faturalar | C8: Her faturanın tarihini, tutarını ve varsa ilk ve son endeksini gir.
B9: 3. Özet | C9: Aylık tutarlar, yıl toplamı ve abonelik bazında tüketim.
B11: BİLMEN GEREKENLER
B12: Geçen yıl karşılaştırması | C12: Aynı aboneliğin bir yıl önceki aynı ayına ait fatura varsa gösterilir.
B13: Aylık tablo | C13: İlk üç sütun Elektrik, Su ve Doğalgaz adlarına göre toplar; abonelik adını değiştirirsen o sütun boş kalır, Tümü sütunu çalışmaya devam eder.
B14: Kapasite | C14: Faturalar: 600 satır.
B16: RENKLER
B17: Sarı hücre | C17: Senin dolduracağın hücre. İçindeki örnekleri silip kendi bilgini yaz.
B18: Beyaz hücre, açık başlık | C18: Formül. Değiştirme, kendiliğinden hesaplanır.

Sheet Faturalar
A1: Faturalar
A2: Her faturayı bir satır yaz. Endeksleri yazarsan tüketim ve birim maliyet hesaplanır.
A4: Fatura ayı (tarih) | B4: Abonelik | C4: İlk endeks | D4: Son endeks | E4: Tutar (₺) | F4: Tüketim | G4: Birim maliyet (₺) | H4: Geçen yıl aynı ay (₺) | I4: Değişim
A5: 45915 | B5: Elektrik | C5: 700 | D5: 940 | E5: 1200 | F5: =IF(OR(C5="",D5=""),"",D5-C5) -> 240 | G5: =IF(OR(F5="",F5=0),"",E5/F5) -> 5 | H5: =IF(OR(A5="",B5=""),"",IF(SUMIFS($E$5:$E$604,$B$5:$B$604,B5,$A$5:$A$604,">="&DATE(YEAR(A5)-1,MONTH(A5),1),$A$5:$A$604,"<"&DATE(YEAR(A5)-1,MONTH(A5)+1,1))=0,"",SUMIFS($E$5:$E$604,$B$5:$B$604,B5,$A$5:$A$604,">="&DATE(YEAR(A5)-1,MONTH(A5),1),$A$5:$A$604,"<"&DATE(YEAR(A5)-1,MONTH(A5)+1,1)))) | I5: =IF(OR(H5="",E5=""),"",E5/H5-1)
A6: 46249 | B6: Elektrik | C6: 3400 | D6: 3720 | E6: 1650 | F6: =IF(OR(C6="",D6=""),"",D6-C6) -> 320 | G6: =IF(OR(F6="",F6=0),"",E6/F6) -> 5.15625 | H6: =IF(OR(A6="",B6=""),"",IF(SUMIFS($E$5:$E$604,$B$5:$B$604,B6,$A$5:$A$604,">="&DATE(YEAR(A6)-1,MONTH(A6),1),$A$5:$A$604,"<"&DATE(YEAR(A6)-1,MONTH(A6)+1,1))=0,"",SUMIFS($E$5:$E$604,$B$5:$B$604,B6,$A$5:$A$604,">="&DATE(YEAR(A6)-1,MONTH(A6),1),$A$5:$A$604,"<"&DATE(YEAR(A6)-1,MONTH(A6)+1,1)))) | I6: =IF(OR(H6="",E6=""),"",E6/H6-1)
A7: 46280 | B7: Elektrik | C7: 3720 | D7: 4020 | E7: 1500 | F7: =IF(OR(C7="",D7=""),"",D7-C7) -> 300 | G7: =IF(OR(F7="",F7=0),"",E7/F7) -> 5 | H7: =IF(OR(A7="",B7=""),"",IF(SUMIFS($E$5:$E$604,$B$5:$B$604,B7,$A$5:$A$604,">="&DATE(YEAR(A7)-1,MONTH(A7),1),$A$5:$A$604,"<"&DATE(YEAR(A7)-1,MONTH(A7)+1,1))=0,"",SUMIFS($E$5:$E$604,$B$5:$B$604,B7,$A$5:$A$604,">="&DATE(YEAR(A7)-1,MONTH(A7),1),$A$5:$A$604,"<"&DATE(YEAR(A7)-1,MONTH(A7)+1,1)))) -> 1200 | I7: =IF(OR(H7="",E7=""),"",E7/H7-1) -> 0.25
A8: 46285 | B8: Su | C8: 210 | D8: 224 | E8: 560 | F8: =IF(OR(C8="",D8=""),"",D8-C8) -> 14 | G8: =IF(OR(F8="",F8=0),"",E8/F8) -> 40 | H8: =IF(OR(A8="",B8=""),"",IF(SUMIFS($E$5:$E$604,$B$5:$B$604,B8,$A$5:$A$604,">="&DATE(YEAR(A8)-1,MONTH(A8),1),$A$5:$A$604,"<"&DATE(YEAR(A8)-1,MONTH(A8)+1,1))=0,"",SUMIFS($E$5:$E$604,$B$5:$B$604,B8,$A$5:$A$604,">="&DATE(YEAR(A8)-1,MONTH(A8),1),$A$5:$A$604,"<"&DATE(YEAR(A8)-1,MONTH(A8)+1,1)))) | I8: =IF(OR(H8="",E8=""),"",E8/H8-1)
A9: 46290 | B9: Doğalgaz | C9: 1500 | D9: 1535 | E9: 420 | F9: =IF(OR(C9="",D9=""),"",D9-C9) -> 35 | G9: =IF(OR(F9="",F9=0),"",E9/F9) -> 12 | H9: =IF(OR(A9="",B9=""),"",IF(SUMIFS($E$5:$E$604,$B$5:$B$604,B9,$A$5:$A$604,">="&DATE(YEAR(A9)-1,MONTH(A9),1),$A$5:$A$604,"<"&DATE(YEAR(A9)-1,MONTH(A9)+1,1))=0,"",SUMIFS($E$5:$E$604,$B$5:$B$604,B9,$A$5:$A$604,">="&DATE(YEAR(A9)-1,MONTH(A9),1),$A$5:$A$604,"<"&DATE(YEAR(A9)-1,MONTH(A9)+1,1)))) | I9: =IF(OR(H9="",E9=""),"",E9/H9-1)
A10: 46293 | B10: İnternet | E10: 650 | F10: =IF(OR(C10="",D10=""),"",D10-C10) | G10: =IF(OR(F10="",F10=0),"",E10/F10) | H10: =IF(OR(A10="",B10=""),"",IF(SUMIFS($E$5:$E$604,$B$5:$B$604,B10,$A$5:$A$604,">="&DATE(YEAR(A10)-1,MONTH(A10),1),$A$5:$A$604,"<"&DATE(YEAR(A10)-1,MONTH(A10)+1,1))=0,"",SUMIFS($E$5:$E$604,$B$5:$B$604,B10,$A$5:$A$604,">="&DATE(YEAR(A10)-1,MONTH(A10),1),$A$5:$A$604,"<"&DATE(YEAR(A10)-1,MONTH(A10)+1,1)))) | I10: =IF(OR(H10="",E10=""),"",E10/H10-1)
F11: =IF(OR(C11="",D11=""),"",D11-C11) | G11: =IF(OR(F11="",F11=0),"",E11/F11) | H11: =IF(OR(A11="",B11=""),"",IF(SUMIFS($E$5:$E$604,$B$5:$B$604,B11,$A$5:$A$604,">="&DATE(YEAR(A11)-1,MONTH(A11),1),$A$5:$A$604,"<"&DATE(YEAR(A11)-1,MONTH(A11)+1,1))=0,"",SUMIFS($E$5:$E$604,$B$5:$B$604,B11,$A$5:$A$604,">="&DATE(YEAR(A11)-1,MONTH(A11),1),$A$5:$A$604,"<"&DATE(YEAR(A11)-1,MONTH(A11)+1,1)))) | I11: =IF(OR(H11="",E11=""),"",E11/H11-1)
F12: =IF(OR(C12="",D12=""),"",D12-C12) | G12: =IF(OR(F12="",F12=0),"",E12/F12) | H12: =IF(OR(A12="",B12=""),"",IF(SUMIFS($E$5:$E$604,$B$5:$B$604,B12,$A$5:$A$604,">="&DATE(YEAR(A12)-1,MONTH(A12),1),$A$5:$A$604,"<"&DATE(YEAR(A12)-1,MONTH(A12)+1,1))=0,"",SUMIFS($E$5:$E$604,$B$5:$B$604,B12,$A$5:$A$604,">="&DATE(YEAR(A12)-1,MONTH(A12),1),$A$5:$A$604,"<"&DATE(YEAR(A12)-1,MONTH(A12)+1,1)))) | I12: =IF(OR(H12="",E12=""),"",E12/H12-1)
F13: =IF(OR(C13="",D13=""),"",D13-C13) | G13: =IF(OR(F13="",F13=0),"",E13/F13) | H13: =IF(OR(A13="",B13=""),"",IF(SUMIFS($E$5:$E$604,$B$5:$B$604,B13,$A$5:$A$604,">="&DATE(YEAR(A13)-1,MONTH(A13),1),$A$5:$A$604,"<"&DATE(YEAR(A13)-1,MONTH(A13)+1,1))=0,"",SUMIFS($E$5:$E$604,$B$5:$B$604,B13,$A$5:$A$604,">="&DATE(YEAR(A13)-1,MONTH(A13),1),$A$5:$A$604,"<"&DATE(YEAR(A13)-1,MONTH(A13)+1,1)))) | I13: =IF(OR(H13="",E13=""),"",E13/H13-1)
F14: =IF(OR(C14="",D14=""),"",D14-C14) | G14: =IF(OR(F14="",F14=0),"",E14/F14) | H14: =IF(OR(A14="",B14=""),"",IF(SUMIFS($E$5:$E$604,$B$5:$B$604,B14,$A$5:$A$604,">="&DATE(YEAR(A14)-1,MONTH(A14),1),$A$5:$A$604,"<"&DATE(YEAR(A14)-1,MONTH(A14)+1,1))=0,"",SUMIFS($E$5:$E$604,$B$5:$B$604,B14,$A$5:$A$604,">="&DATE(YEAR(A14)-1,MONTH(A14),1),$A$5:$A$604,"<"&DATE(YEAR(A14)-1,MONTH(A14)+1,1)))) | I14: =IF(OR(H14="",E14=""),"",E14/H14-1)
F15: =IF(OR(C15="",D15=""),"",D15-C15) | G15: =IF(OR(F15="",F15=0),"",E15/F15) | H15: =IF(OR(A15="",B15=""),"",IF(SUMIFS($E$5:$E$604,$B$5:$B$604,B15,$A$5:$A$604,">="&DATE(YEAR(A15)-1,MONTH(A15),1),$A$5:$A$604,"<"&DATE(YEAR(A15)-1,MONTH(A15)+1,1))=0,"",SUMIFS($E$5:$E$604,$B$5:$B$604,B15,$A$5:$A$604,">="&DATE(YEAR(A15)-1,MONTH(A15),1),$A$5:$A$604,"<"&DATE(YEAR(A15)-1,MONTH(A15)+1,1)))) | I15: =IF(OR(H15="",E15=""),"",E15/H15-1)
F16: =IF(OR(C16="",D16=""),"",D16-C16) | G16: =IF(OR(F16="",F16=0),"",E16/F16) | H16: =IF(OR(A16="",B16=""),"",IF(SUMIFS($E$5:$E$604,$B$5:$B$604,B16,$A$5:$A$604,">="&DATE(YEAR(A16)-1,MONTH(A16),1),$A$5:$A$604,"<"&DATE(YEAR(A16)-1,MONTH(A16)+1,1))=0,"",SUMIFS($E$5:$E$604,$B$5:$B$604,B16,$A$5:$A$604,">="&DATE(YEAR(A16)-1,MONTH(A16),1),$A$5:$A$604,"<"&DATE(YEAR(A16)-1,MONTH(A16)+1,1)))) | I16: =IF(OR(H16="",E16=""),"",E16/H16-1)
F17: =IF(OR(C17="",D17=""),"",D17-C17) | G17: =IF(OR(F17="",F17=0),"",E17/F17) | H17: =IF(OR(A17="",B17=""),"",IF(SUMIFS($E$5:$E$604,$B$5:$B$604,B17,$A$5:$A$604,">="&DATE(YEAR(A17)-1,MONTH(A17),1),$A$5:$A$604,"<"&DATE(YEAR(A17)-1,MONTH(A17)+1,1))=0,"",SUMIFS($E$5:$E$604,$B$5:$B$604,B17,$A$5:$A$604,">="&DATE(YEAR(A17)-1,MONTH(A17),1),$A$5:$A$604,"<"&DATE(YEAR(A17)-1,MONTH(A17)+1,1)))) | I17: =IF(OR(H17="",E17=""),"",E17/H17-1)
F18: =IF(OR(C18="",D18=""),"",D18-C18) | G18: =IF(OR(F18="",F18=0),"",E18/F18) | H18: =IF(OR(A18="",B18=""),"",IF(SUMIFS($E$5:$E$604,$B$5:$B$604,B18,$A$5:$A$604,">="&DATE(YEAR(A18)-1,MONTH(A18),1),$A$5:$A$604,"<"&DATE(YEAR(A18)-1,MONTH(A18)+1,1))=0,"",SUMIFS($E$5:$E$604,$B$5:$B$604,B18,$A$5:$A$604,">="&DATE(YEAR(A18)-1,MONTH(A18),1),$A$5:$A$604,"<"&DATE(YEAR(A18)-1,MONTH(A18)+1,1)))) | I18: =IF(OR(H18="",E18=""),"",E18/H18-1)
F19: =IF(OR(C19="",D19=""),"",D19-C19) | G19: =IF(OR(F19="",F19=0),"",E19/F19) | H19: =IF(OR(A19="",B19=""),"",IF(SUMIFS($E$5:$E$604,$B$5:$B$604,B19,$A$5:$A$604,">="&DATE(YEAR(A19)-1,MONTH(A19),1),$A$5:$A$604,"<"&DATE(YEAR(A19)-1,MONTH(A19)+1,1))=0,"",SUMIFS($E$5:$E$604,$B$5:$B$604,B19,$A$5:$A$604,">="&DATE(YEAR(A19)-1,MONTH(A19),1),$A$5:$A$604,"<"&DATE(YEAR(A19)-1,MONTH(A19)+1,1)))) | I19: =IF(OR(H19="",E19=""),"",E19/H19-1)
F20: =IF(OR(C20="",D20=""),"",D20-C20) | G20: =IF(OR(F20="",F20=0),"",E20/F20) | H20: =IF(OR(A20="",B20=""),"",IF(SUMIFS($E$5:$E$604,$B$5:$B$604,B20,$A$5:$A$604,">="&DATE(YEAR(A20)-1,MONTH(A20),1),$A$5:$A$604,"<"&DATE(YEAR(A20)-1,MONTH(A20)+1,1))=0,"",SUMIFS($E$5:$E$604,$B$5:$B$604,B20,$A$5:$A$604,">="&DATE(YEAR(A20)-1,MONTH(A20),1),$A$5:$A$604,"<"&DATE(YEAR(A20)-1,MONTH(A20)+1,1)))) | I20: =IF(OR(H20="",E20=""),"",E20/H20-1)
F21: =IF(OR(C21="",D21=""),"",D21-C21) | G21: =IF(OR(F21="",F21=0),"",E21/F21) | H21: =IF(OR(A21="",B21=""),"",IF(SUMIFS($E$5:$E$604,$B$5:$B$604,B21,$A$5:$A$604,">="&DATE(YEAR(A21)-1,MONTH(A21),1),$A$5:$A$604,"<"&DATE(YEAR(A21)-1,MONTH(A21)+1,1))=0,"",SUMIFS($E$5:$E$604,$B$5:$B$604,B21,$A$5:$A$604,">="&DATE(YEAR(A21)-1,MONTH(A21),1),$A$5:$A$604,"<"&DATE(YEAR(A21)-1,MONTH(A21)+1,1)))) | I21: =IF(OR(H21="",E21=""),"",E21/H21-1)
F22: =IF(OR(C22="",D22=""),"",D22-C22) | G22: =IF(OR(F22="",F22=0),"",E22/F22) | H22: =IF(OR(A22="",B22=""),"",IF(SUMIFS($E$5:$E$604,$B$5:$B$604,B22,$A$5:$A$604,">="&DATE(YEAR(A22)-1,MONTH(A22),1),$A$5:$A$604,"<"&DATE(YEAR(A22)-1,MONTH(A22)+1,1))=0,"",SUMIFS($E$5:$E$604,$B$5:$B$604,B22,$A$5:$A$604,">="&DATE(YEAR(A22)-1,MONTH(A22),1),$A$5:$A$604,"<"&DATE(YEAR(A22)-1,MONTH(A22)+1,1)))) | I22: =IF(OR(H22="",E22=""),"",E22/H22-1)
... F604: =IF(OR(C604="",D604=""),"",D604-C604) | G604: =IF(OR(F604="",F604=0),"",E604/F604) | H604: =IF(OR(A604="",B604=""),"",IF(SUMIFS($E$5:$E$604,$B$5:$B$604,B604,$A$5:$A$604,">="&DATE(YEAR(A604)-1,MONTH(A604),1),$A$5:$A$604,"<"&DATE(YEAR(A604)-1,MONTH(A604)+1,1))=0,"",SUMIFS($E$5:$E$604,$B$5:$B$604,B604,$A$5:$A$604,">="&DATE(YEAR(A604)-1,MONTH(A604),1),$A$5:$A$604,"<"&DATE(YEAR(A604)-1,MONTH(A604)+1,1)))) | I604: =IF(OR(H604="",E604=""),"",E604/H604-1)

Sheet Özet
A1: Özet
A2: Bu sayfada yalnızca yılı değiştir.
B3: Yıl | C3: 2026
B5: Yıl toplamı | C5: Aylık ortalama | D5: Elektrik | E5: Su | F5: Doğalgaz
B6: =F23 -> 4780 | C6: =IF(COUNTIF(F11:F22,">0")=0,0,F23/COUNTIF(F11:F22,">0")) -> 2390 | D6: =C23 -> 3150 | E6: =D23 -> 560 | F6: =E23 -> 420
B9: Aylık tablo | I9: Aboneliğe göre (seçili yıl)
B10: Ay | C10: Elektrik (₺) | D10: Su (₺) | E10: Doğalgaz (₺) | F10: Tümü (₺) | I10: Abonelik | J10: Tutar (₺) | K10: Tüketim | L10: Fatura sayısı
B11: Ocak | C11: =SUMIFS(Faturalar!$E$5:$E$604,Faturalar!$A$5:$A$604,">="&DATE($C$3,1,1),Faturalar!$A$5:$A$604,"<"&DATE($C$3,2,1),Faturalar!$B$5:$B$604,"Elektrik") -> 0 | D11: =SUMIFS(Faturalar!$E$5:$E$604,Faturalar!$A$5:$A$604,">="&DATE($C$3,1,1),Faturalar!$A$5:$A$604,"<"&DATE($C$3,2,1),Faturalar!$B$5:$B$604,"Su") -> 0 | E11: =SUMIFS(Faturalar!$E$5:$E$604,Faturalar!$A$5:$A$604,">="&DATE($C$3,1,1),Faturalar!$A$5:$A$604,"<"&DATE($C$3,2,1),Faturalar!$B$5:$B$604,"Doğalgaz") -> 0 | F11: =SUMIFS(Faturalar!$E$5:$E$604,Faturalar!$A$5:$A$604,">="&DATE($C$3,1,1),Faturalar!$A$5:$A$604,"<"&DATE($C$3,2,1)) -> 0 | I11: =IF(Listeler!A5="","",Listeler!A5) -> Elektrik | J11: =IF(I11="","",SUMIFS(Faturalar!$E$5:$E$604,Faturalar!$B$5:$B$604,I11,Faturalar!$A$5:$A$604,">="&DATE($C$3,1,1),Faturalar!$A$5:$A$604,"<"&DATE($C$3+1,1,1))) -> 3150 | K11: =IF(I11="","",SUMIFS(Faturalar!$F$5:$F$604,Faturalar!$B$5:$B$604,I11,Faturalar!$A$5:$A$604,">="&DATE($C$3,1,1),Faturalar!$A$5:$A$604,"<"&DATE($C$3+1,1,1))) -> 620 | L11: =IF(I11="","",COUNTIFS(Faturalar!$B$5:$B$604,I11,Faturalar!$A$5:$A$604,">="&DATE($C$3,1,1),Faturalar!$A$5:$A$604,"<"&DATE($C$3+1,1,1))) -> 2
B12: Şubat | C12: =SUMIFS(Faturalar!$E$5:$E$604,Faturalar!$A$5:$A$604,">="&DATE($C$3,2,1),Faturalar!$A$5:$A$604,"<"&DATE($C$3,3,1),Faturalar!$B$5:$B$604,"Elektrik") -> 0 | D12: =SUMIFS(Faturalar!$E$5:$E$604,Faturalar!$A$5:$A$604,">="&DATE($C$3,2,1),Faturalar!$A$5:$A$604,"<"&DATE($C$3,3,1),Faturalar!$B$5:$B$604,"Su") -> 0 | E12: =SUMIFS(Faturalar!$E$5:$E$604,Faturalar!$A$5:$A$604,">="&DATE($C$3,2,1),Faturalar!$A$5:$A$604,"<"&DATE($C$3,3,1),Faturalar!$B$5:$B$604,"Doğalgaz") -> 0 | F12: =SUMIFS(Faturalar!$E$5:$E$604,Faturalar!$A$5:$A$604,">="&DATE($C$3,2,1),Faturalar!$A$5:$A$604,"<"&DATE($C$3,3,1)) -> 0 | I12: =IF(Listeler!A6="","",Listeler!A6) -> Su | J12: =IF(I12="","",SUMIFS(Faturalar!$E$5:$E$604,Faturalar!$B$5:$B$604,I12,Faturalar!$A$5:$A$604,">="&DATE($C$3,1,1),Faturalar!$A$5:$A$604,"<"&DATE($C$3+1,1,1))) -> 560 | K12: =IF(I12="","",SUMIFS(Faturalar!$F$5:$F$604,Faturalar!$B$5:$B$604,I12,Faturalar!$A$5:$A$604,">="&DATE($C$3,1,1),Faturalar!$A$5:$A$604,"<"&DATE($C$3+1,1,1))) -> 14 | L12: =IF(I12="","",COUNTIFS(Faturalar!$B$5:$B$604,I12,Faturalar!$A$5:$A$604,">="&DATE($C$3,1,1),Faturalar!$A$5:$A$604,"<"&DATE($C$3+1,1,1))) -> 1
B13: Mart | C13: =SUMIFS(Faturalar!$E$5:$E$604,Faturalar!$A$5:$A$604,">="&DATE($C$3,3,1),Faturalar!$A$5:$A$604,"<"&DATE($C$3,4,1),Faturalar!$B$5:$B$604,"Elektrik") -> 0 | D13: =SUMIFS(Faturalar!$E$5:$E$604,Faturalar!$A$5:$A$604,">="&DATE($C$3,3,1),Faturalar!$A$5:$A$604,"<"&DATE($C$3,4,1),Faturalar!$B$5:$B$604,"Su") -> 0 | E13: =SUMIFS(Faturalar!$E$5:$E$604,Faturalar!$A$5:$A$604,">="&DATE($C$3,3,1),Faturalar!$A$5:$A$604,"<"&DATE($C$3,4,1),Faturalar!$B$5:$B$604,"Doğalgaz") -> 0 | F13: =SUMIFS(Faturalar!$E$5:$E$604,Faturalar!$A$5:$A$604,">="&DATE($C$3,3,1),Faturalar!$A$5:$A$604,"<"&DATE($C$3,4,1)) -> 0 | I13: =IF(Listeler!A7="","",Listeler!A7) -> Doğalgaz | J13: =IF(I13="","",SUMIFS(Faturalar!$E$5:$E$604,Faturalar!$B$5:$B$604,I13,Faturalar!$A$5:$A$604,">="&DATE($C$3,1,1),Faturalar!$A$5:$A$604,"<"&DATE($C$3+1,1,1))) -> 420 | K13: =IF(I13="","",SUMIFS(Faturalar!$F$5:$F$604,Faturalar!$B$5:$B$604,I13,Faturalar!$A$5:$A$604,">="&DATE($C$3,1,1),Faturalar!$A$5:$A$604,"<"&DATE($C$3+1,1,1))) -> 35 | L13: =IF(I13="","",COUNTIFS(Faturalar!$B$5:$B$604,I13,Faturalar!$A$5:$A$604,">="&DATE($C$3,1,1),Faturalar!$A$5:$A$604,"<"&DATE($C$3+1,1,1))) -> 1
B14: Nisan | C14: =SUMIFS(Faturalar!$E$5:$E$604,Faturalar!$A$5:$A$604,">="&DATE($C$3,4,1),Faturalar!$A$5:$A$604,"<"&DATE($C$3,5,1),Faturalar!$B$5:$B$604,"Elektrik") -> 0 | D14: =SUMIFS(Faturalar!$E$5:$E$604,Faturalar!$A$5:$A$604,">="&DATE($C$3,4,1),Faturalar!$A$5:$A$604,"<"&DATE($C$3,5,1),Faturalar!$B$5:$B$604,"Su") -> 0 | E14: =SUMIFS(Faturalar!$E$5:$E$604,Faturalar!$A$5:$A$604,">="&DATE($C$3,4,1),Faturalar!$A$5:$A$604,"<"&DATE($C$3,5,1),Faturalar!$B$5:$B$604,"Doğalgaz") -> 0 | F14: =SUMIFS(Faturalar!$E$5:$E$604,Faturalar!$A$5:$A$604,">="&DATE($C$3,4,1),Faturalar!$A$5:$A$604,"<"&DATE($C$3,5,1)) -> 0 | I14: =IF(Listeler!A8="","",Listeler!A8) -> İnternet | J14: =IF(I14="","",SUMIFS(Faturalar!$E$5:$E$604,Faturalar!$B$5:$B$604,I14,Faturalar!$A$5:$A$604,">="&DATE($C$3,1,1),Faturalar!$A$5:$A$604,"<"&DATE($C$3+1,1,1))) -> 650 | K14: =IF(I14="","",SUMIFS(Faturalar!$F$5:$F$604,Faturalar!$B$5:$B$604,I14,Faturalar!$A$5:$A$604,">="&DATE($C$3,1,1),Faturalar!$A$5:$A$604,"<"&DATE($C$3+1,1,1))) -> 0 | L14: =IF(I14="","",COUNTIFS(Faturalar!$B$5:$B$604,I14,Faturalar!$A$5:$A$604,">="&DATE($C$3,1,1),Faturalar!$A$5:$A$604,"<"&DATE($C$3+1,1,1))) -> 1
B15: Mayıs | C15: =SUMIFS(Faturalar!$E$5:$E$604,Faturalar!$A$5:$A$604,">="&DATE($C$3,5,1),Faturalar!$A$5:$A$604,"<"&DATE($C$3,6,1),Faturalar!$B$5:$B$604,"Elektrik") -> 0 | D15: =SUMIFS(Faturalar!$E$5:$E$604,Faturalar!$A$5:$A$604,">="&DATE($C$3,5,1),Faturalar!$A$5:$A$604,"<"&DATE($C$3,6,1),Faturalar!$B$5:$B$604,"Su") -> 0 | E15: =SUMIFS(Faturalar!$E$5:$E$604,Faturalar!$A$5:$A$604,">="&DATE($C$3,5,1),Faturalar!$A$5:$A$604,"<"&DATE($C$3,6,1),Faturalar!$B$5:$B$604,"Doğalgaz") -> 0 | F15: =SUMIFS(Faturalar!$E$5:$E$604,Faturalar!$A$5:$A$604,">="&DATE($C$3,5,1),Faturalar!$A$5:$A$604,"<"&DATE($C$3,6,1)) -> 0 | I15: =IF(Listeler!A9="","",Listeler!A9) | J15: =IF(I15="","",SUMIFS(Faturalar!$E$5:$E$604,Faturalar!$B$5:$B$604,I15,Faturalar!$A$5:$A$604,">="&DATE($C$3,1,1),Faturalar!$A$5:$A$604,"<"&DATE($C$3+1,1,1))) | K15: =IF(I15="","",SUMIFS(Faturalar!$F$5:$F$604,Faturalar!$B$5:$B$604,I15,Faturalar!$A$5:$A$604,">="&DATE($C$3,1,1),Faturalar!$A$5:$A$604,"<"&DATE($C$3+1,1,1))) | L15: =IF(I15="","",COUNTIFS(Faturalar!$B$5:$B$604,I15,Faturalar!$A$5:$A$604,">="&DATE($C$3,1,1),Faturalar!$A$5:$A$604,"<"&DATE($C$3+1,1,1)))
B16: Haziran | C16: =SUMIFS(Faturalar!$E$5:$E$604,Faturalar!$A$5:$A$604,">="&DATE($C$3,6,1),Faturalar!$A$5:$A$604,"<"&DATE($C$3,7,1),Faturalar!$B$5:$B$604,"Elektrik") -> 0 | D16: =SUMIFS(Faturalar!$E$5:$E$604,Faturalar!$A$5:$A$604,">="&DATE($C$3,6,1),Faturalar!$A$5:$A$604,"<"&DATE($C$3,7,1),Faturalar!$B$5:$B$604,"Su") -> 0 | E16: =SUMIFS(Faturalar!$E$5:$E$604,Faturalar!$A$5:$A$604,">="&DATE($C$3,6,1),Faturalar!$A$5:$A$604,"<"&DATE($C$3,7,1),Faturalar!$B$5:$B$604,"Doğalgaz") -> 0 | F16: =SUMIFS(Faturalar!$E$5:$E$604,Faturalar!$A$5:$A$604,">="&DATE($C$3,6,1),Faturalar!$A$5:$A$604,"<"&DATE($C$3,7,1)) -> 0 | I16: =IF(Listeler!A10="","",Listeler!A10) | J16: =IF(I16="","",SUMIFS(Faturalar!$E$5:$E$604,Faturalar!$B$5:$B$604,I16,Faturalar!$A$5:$A$604,">="&DATE($C$3,1,1),Faturalar!$A$5:$A$604,"<"&DATE($C$3+1,1,1))) | K16: =IF(I16="","",SUMIFS(Faturalar!$F$5:$F$604,Faturalar!$B$5:$B$604,I16,Faturalar!$A$5:$A$604,">="&DATE($C$3,1,1),Faturalar!$A$5:$A$604,"<"&DATE($C$3+1,1,1))) | L16: =IF(I16="","",COUNTIFS(Faturalar!$B$5:$B$604,I16,Faturalar!$A$5:$A$604,">="&DATE($C$3,1,1),Faturalar!$A$5:$A$604,"<"&DATE($C$3+1,1,1)))
B17: Temmuz | C17: =SUMIFS(Faturalar!$E$5:$E$604,Faturalar!$A$5:$A$604,">="&DATE($C$3,7,1),Faturalar!$A$5:$A$604,"<"&DATE($C$3,8,1),Faturalar!$B$5:$B$604,"Elektrik") -> 0 | D17: =SUMIFS(Faturalar!$E$5:$E$604,Faturalar!$A$5:$A$604,">="&DATE($C$3,7,1),Faturalar!$A$5:$A$604,"<"&DATE($C$3,8,1),Faturalar!$B$5:$B$604,"Su") -> 0 | E17: =SUMIFS(Faturalar!$E$5:$E$604,Faturalar!$A$5:$A$604,">="&DATE($C$3,7,1),Faturalar!$A$5:$A$604,"<"&DATE($C$3,8,1),Faturalar!$B$5:$B$604,"Doğalgaz") -> 0 | F17: =SUMIFS(Faturalar!$E$5:$E$604,Faturalar!$A$5:$A$604,">="&DATE($C$3,7,1),Faturalar!$A$5:$A$604,"<"&DATE($C$3,8,1)) -> 0 | I17: =IF(Listeler!A11="","",Listeler!A11) | J17: =IF(I17="","",SUMIFS(Faturalar!$E$5:$E$604,Faturalar!$B$5:$B$604,I17,Faturalar!$A$5:$A$604,">="&DATE($C$3,1,1),Faturalar!$A$5:$A$604,"<"&DATE($C$3+1,1,1))) | K17: =IF(I17="","",SUMIFS(Faturalar!$F$5:$F$604,Faturalar!$B$5:$B$604,I17,Faturalar!$A$5:$A$604,">="&DATE($C$3,1,1),Faturalar!$A$5:$A$604,"<"&DATE($C$3+1,1,1))) | L17: =IF(I17="","",COUNTIFS(Faturalar!$B$5:$B$604,I17,Faturalar!$A$5:$A$604,">="&DATE($C$3,1,1),Faturalar!$A$5:$A$604,"<"&DATE($C$3+1,1,1)))
B18: Ağustos | C18: =SUMIFS(Faturalar!$E$5:$E$604,Faturalar!$A$5:$A$604,">="&DATE($C$3,8,1),Faturalar!$A$5:$A$604,"<"&DATE($C$3,9,1),Faturalar!$B$5:$B$604,"Elektrik") -> 1650 | D18: =SUMIFS(Faturalar!$E$5:$E$604,Faturalar!$A$5:$A$604,">="&DATE($C$3,8,1),Faturalar!$A$5:$A$604,"<"&DATE($C$3,9,1),Faturalar!$B$5:$B$604,"Su") -> 0 | E18: =SUMIFS(Faturalar!$E$5:$E$604,Faturalar!$A$5:$A$604,">="&DATE($C$3,8,1),Faturalar!$A$5:$A$604,"<"&DATE($C$3,9,1),Faturalar!$B$5:$B$604,"Doğalgaz") -> 0 | F18: =SUMIFS(Faturalar!$E$5:$E$604,Faturalar!$A$5:$A$604,">="&DATE($C$3,8,1),Faturalar!$A$5:$A$604,"<"&DATE($C$3,9,1)) -> 1650 | I18: =IF(Listeler!A12="","",Listeler!A12) | J18: =IF(I18="","",SUMIFS(Faturalar!$E$5:$E$604,Faturalar!$B$5:$B$604,I18,Faturalar!$A$5:$A$604,">="&DATE($C$3,1,1),Faturalar!$A$5:$A$604,"<"&DATE($C$3+1,1,1))) | K18: =IF(I18="","",SUMIFS(Faturalar!$F$5:$F$604,Faturalar!$B$5:$B$604,I18,Faturalar!$A$5:$A$604,">="&DATE($C$3,1,1),Faturalar!$A$5:$A$604,"<"&DATE($C$3+1,1,1))) | L18: =IF(I18="","",COUNTIFS(Faturalar!$B$5:$B$604,I18,Faturalar!$A$5:$A$604,">="&DATE($C$3,1,1),Faturalar!$A$5:$A$604,"<"&DATE($C$3+1,1,1)))
B19: Eylül | C19: =SUMIFS(Faturalar!$E$5:$E$604,Faturalar!$A$5:$A$604,">="&DATE($C$3,9,1),Faturalar!$A$5:$A$604,"<"&DATE($C$3,10,1),Faturalar!$B$5:$B$604,"Elektrik") -> 1500 | D19: =SUMIFS(Faturalar!$E$5:$E$604,Faturalar!$A$5:$A$604,">="&DATE($C$3,9,1),Faturalar!$A$5:$A$604,"<"&DATE($C$3,10,1),Faturalar!$B$5:$B$604,"Su") -> 560 | E19: =SUMIFS(Faturalar!$E$5:$E$604,Faturalar!$A$5:$A$604,">="&DATE($C$3,9,1),Faturalar!$A$5:$A$604,"<"&DATE($C$3,10,1),Faturalar!$B$5:$B$604,"Doğalgaz") -> 420 | F19: =SUMIFS(Faturalar!$E$5:$E$604,Faturalar!$A$5:$A$604,">="&DATE($C$3,9,1),Faturalar!$A$5:$A$604,"<"&DATE($C$3,10,1)) -> 3130 | I19: =IF(Listeler!A13="","",Listeler!A13) | J19: =IF(I19="","",SUMIFS(Faturalar!$E$5:$E$604,Faturalar!$B$5:$B$604,I19,Faturalar!$A$5:$A$604,">="&DATE($C$3,1,1),Faturalar!$A$5:$A$604,"<"&DATE($C$3+1,1,1))) | K19: =IF(I19="","",SUMIFS(Faturalar!$F$5:$F$604,Faturalar!$B$5:$B$604,I19,Faturalar!$A$5:$A$604,">="&DATE($C$3,1,1),Faturalar!$A$5:$A$604,"<"&DATE($C$3+1,1,1))) | L19: =IF(I19="","",COUNTIFS(Faturalar!$B$5:$B$604,I19,Faturalar!$A$5:$A$604,">="&DATE($C$3,1,1),Faturalar!$A$5:$A$604,"<"&DATE($C$3+1,1,1)))
B20: Ekim | C20: =SUMIFS(Faturalar!$E$5:$E$604,Faturalar!$A$5:$A$604,">="&DATE($C$3,10,1),Faturalar!$A$5:$A$604,"<"&DATE($C$3,11,1),Faturalar!$B$5:$B$604,"Elektrik") -> 0 | D20: =SUMIFS(Faturalar!$E$5:$E$604,Faturalar!$A$5:$A$604,">="&DATE($C$3,10,1),Faturalar!$A$5:$A$604,"<"&DATE($C$3,11,1),Faturalar!$B$5:$B$604,"Su") -> 0 | E20: =SUMIFS(Faturalar!$E$5:$E$604,Faturalar!$A$5:$A$604,">="&DATE($C$3,10,1),Faturalar!$A$5:$A$604,"<"&DATE($C$3,11,1),Faturalar!$B$5:$B$604,"Doğalgaz") -> 0 | F20: =SUMIFS(Faturalar!$E$5:$E$604,Faturalar!$A$5:$A$604,">="&DATE($C$3,10,1),Faturalar!$A$5:$A$604,"<"&DATE($C$3,11,1)) -> 0 | I20: =IF(Listeler!A14="","",Listeler!A14) | J20: =IF(I20="","",SUMIFS(Faturalar!$E$5:$E$604,Faturalar!$B$5:$B$604,I20,Faturalar!$A$5:$A$604,">="&DATE($C$3,1,1),Faturalar!$A$5:$A$604,"<"&DATE($C$3+1,1,1))) | K20: =IF(I20="","",SUMIFS(Faturalar!$F$5:$F$604,Faturalar!$B$5:$B$604,I20,Faturalar!$A$5:$A$604,">="&DATE($C$3,1,1),Faturalar!$A$5:$A$604,"<"&DATE($C$3+1,1,1))) | L20: =IF(I20="","",COUNTIFS(Faturalar!$B$5:$B$604,I20,Faturalar!$A$5:$A$604,">="&DATE($C$3,1,1),Faturalar!$A$5:$A$604,"<"&DATE($C$3+1,1,1)))
B21: Kasım | C21: =SUMIFS(Faturalar!$E$5:$E$604,Faturalar!$A$5:$A$604,">="&DATE($C$3,11,1),Faturalar!$A$5:$A$604,"<"&DATE($C$3,12,1),Faturalar!$B$5:$B$604,"Elektrik") -> 0 | D21: =SUMIFS(Faturalar!$E$5:$E$604,Faturalar!$A$5:$A$604,">="&DATE($C$3,11,1),Faturalar!$A$5:$A$604,"<"&DATE($C$3,12,1),Faturalar!$B$5:$B$604,"Su") -> 0 | E21: =SUMIFS(Faturalar!$E$5:$E$604,Faturalar!$A$5:$A$604,">="&DATE($C$3,11,1),Faturalar!$A$5:$A$604,"<"&DATE($C$3,12,1),Faturalar!$B$5:$B$604,"Doğalgaz") -> 0 | F21: =SUMIFS(Faturalar!$E$5:$E$604,Faturalar!$A$5:$A$604,">="&DATE($C$3,11,1),Faturalar!$A$5:$A$604,"<"&DATE($C$3,12,1)) -> 0
B22: Aralık | C22: =SUMIFS(Faturalar!$E$5:$E$604,Faturalar!$A$5:$A$604,">="&DATE($C$3,12,1),Faturalar!$A$5:$A$604,"<"&DATE($C$3,13,1),Faturalar!$B$5:$B$604,"Elektrik") -> 0 | D22: =SUMIFS(Faturalar!$E$5:$E$604,Faturalar!$A$5:$A$604,">="&DATE($C$3,12,1),Faturalar!$A$5:$A$604,"<"&DATE($C$3,13,1),Faturalar!$B$5:$B$604,"Su") -> 0 | E22: =SUMIFS(Faturalar!$E$5:$E$604,Faturalar!$A$5:$A$604,">="&DATE($C$3,12,1),Faturalar!$A$5:$A$604,"<"&DATE($C$3,13,1),Faturalar!$B$5:$B$604,"Doğalgaz") -> 0 | F22: =SUMIFS(Faturalar!$E$5:$E$604,Faturalar!$A$5:$A$604,">="&DATE($C$3,12,1),Faturalar!$A$5:$A$604,"<"&DATE($C$3,13,1)) -> 0
B23: TOPLAM | C23: =SUM(C11:C22) -> 3150 | D23: =SUM(D11:D22) -> 560 | E23: =SUM(E11:E22) -> 420 | F23: =SUM(F11:F22) -> 4780

Sheet Listeler
A1: Listeler
A2: Açılır listelerde çıkan seçenekler. Sarı hücrelere kendi seçeneklerini yaz.
A4: Abonelik
A5: Elektrik
A6: Su
A7: Doğalgaz
A8: İnternet

Sheet AI Komutları
B1: Yapay Zeka Komutları
B2: İlgili sayfada başlık satırıyla birlikte kayıtlarını seç, kopyala, kullandığın yapay zeka asistanına yapıştır ve altına komutu ekle.
B3: Dikkat: Abone ve tesisat numaralarını paylaşma. Yapay zekanın verdiği rakamları dosyadaki özet sayfasıyla karşılaştır.
B5: Ne için | C5: Komut (kopyala, yapıştır)
B6: Artış nedeni | C6: [Faturalar sayfası] Tutarı geçen yıla göre en çok artan faturaları bul; artış tüketimden mi birim fiyattan mı geliyor?
B7: Tasarruf | C7: Elektrik tüketimimi düşürmek için evde uygulanabilir beş öneri ver.
B8: Kış bütçesi | C8: [Özet sayfası] Geçmiş aylara bakarak kış ayları için aylık ne kadar ayırmalıyım?
B9: Kontrol | C9: [Faturalar sayfası] Son endeksi ilk endeksten küçük ya da tüketimi olağan dışı olan satır var mı?
