Workbook

Sheet Başla
B2: EXCEL KLİNİĞİ
B3: KREDİ | Kredi taksit ve teklif karşılaştırma
B4: Taksit ne kadar, toplamda ne ödeyeceksin, erken ödeme yaparsan ne kazanırsın, hangi banka teklifi gerçekten daha ucuz.
B6: NASIL KULLANILIR
B7: 1. Kredi | C7: Tutarı, aylık faizi, vergi oranını, vadeyi ve ilk taksit tarihini yaz. Taksit ve ödeme planı çıkar.
B8: 2. Erken ödeme | C8: Bir taksitte fazladan ödeme yapmayı düşünüyorsan taksit numarasını ve tutarı yaz; kazancını ve kısalan vadeyi gör.
B9: 3. Teklifler | C9: Farklı bankaların tekliflerini yan yana yaz; toplam maliyete göre sıralanır.
B11: BİLMEN GEREKENLER
B12: Vergili oran | C12: Faiz oranı, yazdığın vergi ve fon oranıyla büyütülür. Varsayılan yüzde 30 bir kullanıcı girişidir; kredi türüne göre değişir.
B13: Erken ödeme | C13: Fazladan ödenen tutar anaparadan düşer, taksit aynı kalır, vade kısalır. Bankalar erken ödeme ücreti alabilir; dosya bunu hesaba katmaz.
B14: Banka tablosuyla fark | C14: Bankanın ödeme planı gün hesabı ve yuvarlama nedeniyle birkaç lira farklı olabilir. Bağlayıcı olan bankanın verdiği plandır.
B15: Finansal tavsiye değildir | C15: Dosya hesap yapar; kredi kullanıp kullanmama kararını vermez.
B16: Kapasite | C16: Teklifler: 10 satır; 120 aya kadar vade.
B18: RENKLER
B19: Sarı hücre | C19: Senin dolduracağın hücre. İçindeki örnekleri silip kendi bilgini yaz.
B20: Beyaz hücre, açık başlık | C20: Formül. Değiştirme, kendiliğinden hesaplanır.

Sheet Kredi
A1: Kredi Hesabı
A2: Sarı hücreleri doldur. Ödeme planı aşağıda kendiliğinden çıkar.
B3: Kredi tutarı (₺) | C3: 200000
B4: Aylık faiz oranı (vergiler hariç) | C4: 0.035
B5: Faiz üzerinden vergi ve fon oranı | C5: 0.3 | D5: Kullanıcı girişi. Kredi türüne göre değişir; bankandan doğrula.
B6: Vade (ay) | C6: 24
B7: İlk taksit tarihi | C7: 46331
B8: Tek seferlik masraflar (₺) | C8: 2000
B9: Erken ödeme yapılacak taksit no (istersen) | C9: 6
B10: Erken ödeme tutarı (₺) | C10: 40000
B12: Vergili aylık oran | C12: =C4*(1+C5) -> 0.0455
B13: Aylık taksit (₺) | C13: =IF(OR(C3="",C6="",C6=0),0,IF(C12=0,C3/C6,-PMT(C12,C6,C3))) -> 13866.339
B15: Aylık taksit | C15: Toplam geri ödeme | D15: Toplam faiz ve vergi | E15: Son taksit | F15: Taksit sayısı
B16: =C13 -> 13866.339 | C16: =SUM(D23:D142)+C8 -> 294918.53 | D16: =SUM(E23:E142) -> 92918.55 | E16: =IF(COUNT(B23:B142)=0,"",INDEX(C23:C142,COUNT(B23:B142))) -> 46878 | F16: =COUNT(B23:B142) -> 19
B18: Erken ödeme yapmasaydın toplam faiz ve vergi (₺) | E18: =C13*C6-C3 -> 132792.13
B19: Erken ödemenin kazandırdığı (₺) | E19: =E18-D16 -> 39873.584
B20: Kısalan vade (ay) | E20: =C6-F16 -> 5
B22: Taksit no | C22: Tarih | D22: Ödeme (₺) | E22: Faiz ve vergi (₺) | F22: Anapara (₺) | G22: Kalan borç (₺)
B23: =IF(OR(1>$C$6,$C$3<=0.005),"",1) -> 1 | C23: =IF(B23="","",EDATE($C$7,0)) -> 46331 | D23: =IF(B23="","",MIN($C$3+E23,$C$13+IF(1=$C$9,$C$10,0))) -> 13866.339 | E23: =IF(B23="","",ROUND($C$3*$C$12,2)) -> 9100 | F23: =IF(B23="","",D23-E23) -> 4766.3389 | G23: =IF(B23="",0,ROUND($C$3-F23,2)) -> 195233.66
B24: =IF(OR(2>$C$6,G23<=0.005),"",2) -> 2 | C24: =IF(B24="","",EDATE($C$7,1)) -> 46361 | D24: =IF(B24="","",MIN(G23+E24,$C$13+IF(2=$C$9,$C$10,0))) -> 13866.339 | E24: =IF(B24="","",ROUND(G23*$C$12,2)) -> 8883.13 | F24: =IF(B24="","",D24-E24) -> 4983.2089 | G24: =IF(B24="",0,ROUND(G23-F24,2)) -> 190250.45
B25: =IF(OR(3>$C$6,G24<=0.005),"",3) -> 3 | C25: =IF(B25="","",EDATE($C$7,2)) -> 46392 | D25: =IF(B25="","",MIN(G24+E25,$C$13+IF(3=$C$9,$C$10,0))) -> 13866.339 | E25: =IF(B25="","",ROUND(G24*$C$12,2)) -> 8656.4 | F25: =IF(B25="","",D25-E25) -> 5209.9389 | G25: =IF(B25="",0,ROUND(G24-F25,2)) -> 185040.51
B26: =IF(OR(4>$C$6,G25<=0.005),"",4) -> 4 | C26: =IF(B26="","",EDATE($C$7,3)) -> 46423 | D26: =IF(B26="","",MIN(G25+E26,$C$13+IF(4=$C$9,$C$10,0))) -> 13866.339 | E26: =IF(B26="","",ROUND(G25*$C$12,2)) -> 8419.34 | F26: =IF(B26="","",D26-E26) -> 5446.9989 | G26: =IF(B26="",0,ROUND(G25-F26,2)) -> 179593.51
B27: =IF(OR(5>$C$6,G26<=0.005),"",5) -> 5 | C27: =IF(B27="","",EDATE($C$7,4)) -> 46451 | D27: =IF(B27="","",MIN(G26+E27,$C$13+IF(5=$C$9,$C$10,0))) -> 13866.339 | E27: =IF(B27="","",ROUND(G26*$C$12,2)) -> 8171.5 | F27: =IF(B27="","",D27-E27) -> 5694.8389 | G27: =IF(B27="",0,ROUND(G26-F27,2)) -> 173898.67
B28: =IF(OR(6>$C$6,G27<=0.005),"",6) -> 6 | C28: =IF(B28="","",EDATE($C$7,5)) -> 46482 | D28: =IF(B28="","",MIN(G27+E28,$C$13+IF(6=$C$9,$C$10,0))) -> 53866.339 | E28: =IF(B28="","",ROUND(G27*$C$12,2)) -> 7912.39 | F28: =IF(B28="","",D28-E28) -> 45953.949 | G28: =IF(B28="",0,ROUND(G27-F28,2)) -> 127944.72
B29: =IF(OR(7>$C$6,G28<=0.005),"",7) -> 7 | C29: =IF(B29="","",EDATE($C$7,6)) -> 46512 | D29: =IF(B29="","",MIN(G28+E29,$C$13+IF(7=$C$9,$C$10,0))) -> 13866.339 | E29: =IF(B29="","",ROUND(G28*$C$12,2)) -> 5821.48 | F29: =IF(B29="","",D29-E29) -> 8044.8589 | G29: =IF(B29="",0,ROUND(G28-F29,2)) -> 119899.86
B30: =IF(OR(8>$C$6,G29<=0.005),"",8) -> 8 | C30: =IF(B30="","",EDATE($C$7,7)) -> 46543 | D30: =IF(B30="","",MIN(G29+E30,$C$13+IF(8=$C$9,$C$10,0))) -> 13866.339 | E30: =IF(B30="","",ROUND(G29*$C$12,2)) -> 5455.44 | F30: =IF(B30="","",D30-E30) -> 8410.8989 | G30: =IF(B30="",0,ROUND(G29-F30,2)) -> 111488.96
B31: =IF(OR(9>$C$6,G30<=0.005),"",9) -> 9 | C31: =IF(B31="","",EDATE($C$7,8)) -> 46573 | D31: =IF(B31="","",MIN(G30+E31,$C$13+IF(9=$C$9,$C$10,0))) -> 13866.339 | E31: =IF(B31="","",ROUND(G30*$C$12,2)) -> 5072.75 | F31: =IF(B31="","",D31-E31) -> 8793.5889 | G31: =IF(B31="",0,ROUND(G30-F31,2)) -> 102695.37
B32: =IF(OR(10>$C$6,G31<=0.005),"",10) -> 10 | C32: =IF(B32="","",EDATE($C$7,9)) -> 46604 | D32: =IF(B32="","",MIN(G31+E32,$C$13+IF(10=$C$9,$C$10,0))) -> 13866.339 | E32: =IF(B32="","",ROUND(G31*$C$12,2)) -> 4672.64 | F32: =IF(B32="","",D32-E32) -> 9193.6989 | G32: =IF(B32="",0,ROUND(G31-F32,2)) -> 93501.67
B33: =IF(OR(11>$C$6,G32<=0.005),"",11) -> 11 | C33: =IF(B33="","",EDATE($C$7,10)) -> 46635 | D33: =IF(B33="","",MIN(G32+E33,$C$13+IF(11=$C$9,$C$10,0))) -> 13866.339 | E33: =IF(B33="","",ROUND(G32*$C$12,2)) -> 4254.33 | F33: =IF(B33="","",D33-E33) -> 9612.0089 | G33: =IF(B33="",0,ROUND(G32-F33,2)) -> 83889.66
B34: =IF(OR(12>$C$6,G33<=0.005),"",12) -> 12 | C34: =IF(B34="","",EDATE($C$7,11)) -> 46665 | D34: =IF(B34="","",MIN(G33+E34,$C$13+IF(12=$C$9,$C$10,0))) -> 13866.339 | E34: =IF(B34="","",ROUND(G33*$C$12,2)) -> 3816.98 | F34: =IF(B34="","",D34-E34) -> 10049.359 | G34: =IF(B34="",0,ROUND(G33-F34,2)) -> 73840.3
B35: =IF(OR(13>$C$6,G34<=0.005),"",13) -> 13 | C35: =IF(B35="","",EDATE($C$7,12)) -> 46696 | D35: =IF(B35="","",MIN(G34+E35,$C$13+IF(13=$C$9,$C$10,0))) -> 13866.339 | E35: =IF(B35="","",ROUND(G34*$C$12,2)) -> 3359.73 | F35: =IF(B35="","",D35-E35) -> 10506.609 | G35: =IF(B35="",0,ROUND(G34-F35,2)) -> 63333.69
B36: =IF(OR(14>$C$6,G35<=0.005),"",14) -> 14 | C36: =IF(B36="","",EDATE($C$7,13)) -> 46726 | D36: =IF(B36="","",MIN(G35+E36,$C$13+IF(14=$C$9,$C$10,0))) -> 13866.339 | E36: =IF(B36="","",ROUND(G35*$C$12,2)) -> 2881.68 | F36: =IF(B36="","",D36-E36) -> 10984.659 | G36: =IF(B36="",0,ROUND(G35-F36,2)) -> 52349.03
B37: =IF(OR(15>$C$6,G36<=0.005),"",15) -> 15 | C37: =IF(B37="","",EDATE($C$7,14)) -> 46757 | D37: =IF(B37="","",MIN(G36+E37,$C$13+IF(15=$C$9,$C$10,0))) -> 13866.339 | E37: =IF(B37="","",ROUND(G36*$C$12,2)) -> 2381.88 | F37: =IF(B37="","",D37-E37) -> 11484.459 | G37: =IF(B37="",0,ROUND(G36-F37,2)) -> 40864.57
B38: =IF(OR(16>$C$6,G37<=0.005),"",16) -> 16 | C38: =IF(B38="","",EDATE($C$7,15)) -> 46788 | D38: =IF(B38="","",MIN(G37+E38,$C$13+IF(16=$C$9,$C$10,0))) -> 13866.339 | E38: =IF(B38="","",ROUND(G37*$C$12,2)) -> 1859.34 | F38: =IF(B38="","",D38-E38) -> 12006.999 | G38: =IF(B38="",0,ROUND(G37-F38,2)) -> 28857.57
B39: =IF(OR(17>$C$6,G38<=0.005),"",17) -> 17 | C39: =IF(B39="","",EDATE($C$7,16)) -> 46817 | D39: =IF(B39="","",MIN(G38+E39,$C$13+IF(17=$C$9,$C$10,0))) -> 13866.339 | E39: =IF(B39="","",ROUND(G38*$C$12,2)) -> 1313.02 | F39: =IF(B39="","",D39-E39) -> 12553.319 | G39: =IF(B39="",0,ROUND(G38-F39,2)) -> 16304.25
B40: =IF(OR(18>$C$6,G39<=0.005),"",18) -> 18 | C40: =IF(B40="","",EDATE($C$7,17)) -> 46848 | D40: =IF(B40="","",MIN(G39+E40,$C$13+IF(18=$C$9,$C$10,0))) -> 13866.339 | E40: =IF(B40="","",ROUND(G39*$C$12,2)) -> 741.84 | F40: =IF(B40="","",D40-E40) -> 13124.499 | G40: =IF(B40="",0,ROUND(G39-F40,2)) -> 3179.75
B41: =IF(OR(19>$C$6,G40<=0.005),"",19) -> 19 | C41: =IF(B41="","",EDATE($C$7,18)) -> 46878 | D41: =IF(B41="","",MIN(G40+E41,$C$13+IF(19=$C$9,$C$10,0))) -> 3324.43 | E41: =IF(B41="","",ROUND(G40*$C$12,2)) -> 144.68 | F41: =IF(B41="","",D41-E41) -> 3179.75 | G41: =IF(B41="",0,ROUND(G40-F41,2)) -> 0
B42: =IF(OR(20>$C$6,G41<=0.005),"",20) | C42: =IF(B42="","",EDATE($C$7,19)) | D42: =IF(B42="","",MIN(G41+E42,$C$13+IF(20=$C$9,$C$10,0))) | E42: =IF(B42="","",ROUND(G41*$C$12,2)) | F42: =IF(B42="","",D42-E42) | G42: =IF(B42="",0,ROUND(G41-F42,2)) -> 0
B43: =IF(OR(21>$C$6,G42<=0.005),"",21) | C43: =IF(B43="","",EDATE($C$7,20)) | D43: =IF(B43="","",MIN(G42+E43,$C$13+IF(21=$C$9,$C$10,0))) | E43: =IF(B43="","",ROUND(G42*$C$12,2)) | F43: =IF(B43="","",D43-E43) | G43: =IF(B43="",0,ROUND(G42-F43,2)) -> 0
B44: =IF(OR(22>$C$6,G43<=0.005),"",22) | C44: =IF(B44="","",EDATE($C$7,21)) | D44: =IF(B44="","",MIN(G43+E44,$C$13+IF(22=$C$9,$C$10,0))) | E44: =IF(B44="","",ROUND(G43*$C$12,2)) | F44: =IF(B44="","",D44-E44) | G44: =IF(B44="",0,ROUND(G43-F44,2)) -> 0
B45: =IF(OR(23>$C$6,G44<=0.005),"",23) | C45: =IF(B45="","",EDATE($C$7,22)) | D45: =IF(B45="","",MIN(G44+E45,$C$13+IF(23=$C$9,$C$10,0))) | E45: =IF(B45="","",ROUND(G44*$C$12,2)) | F45: =IF(B45="","",D45-E45) | G45: =IF(B45="",0,ROUND(G44-F45,2)) -> 0
B46: =IF(OR(24>$C$6,G45<=0.005),"",24) | C46: =IF(B46="","",EDATE($C$7,23)) | D46: =IF(B46="","",MIN(G45+E46,$C$13+IF(24=$C$9,$C$10,0))) | E46: =IF(B46="","",ROUND(G45*$C$12,2)) | F46: =IF(B46="","",D46-E46) | G46: =IF(B46="",0,ROUND(G45-F46,2)) -> 0
B47: =IF(OR(25>$C$6,G46<=0.005),"",25) | C47: =IF(B47="","",EDATE($C$7,24)) | D47: =IF(B47="","",MIN(G46+E47,$C$13+IF(25=$C$9,$C$10,0))) | E47: =IF(B47="","",ROUND(G46*$C$12,2)) | F47: =IF(B47="","",D47-E47) | G47: =IF(B47="",0,ROUND(G46-F47,2)) -> 0
B48: =IF(OR(26>$C$6,G47<=0.005),"",26) | C48: =IF(B48="","",EDATE($C$7,25)) | D48: =IF(B48="","",MIN(G47+E48,$C$13+IF(26=$C$9,$C$10,0))) | E48: =IF(B48="","",ROUND(G47*$C$12,2)) | F48: =IF(B48="","",D48-E48) | G48: =IF(B48="",0,ROUND(G47-F48,2)) -> 0
B49: =IF(OR(27>$C$6,G48<=0.005),"",27) | C49: =IF(B49="","",EDATE($C$7,26)) | D49: =IF(B49="","",MIN(G48+E49,$C$13+IF(27=$C$9,$C$10,0))) | E49: =IF(B49="","",ROUND(G48*$C$12,2)) | F49: =IF(B49="","",D49-E49) | G49: =IF(B49="",0,ROUND(G48-F49,2)) -> 0
B50: =IF(OR(28>$C$6,G49<=0.005),"",28) | C50: =IF(B50="","",EDATE($C$7,27)) | D50: =IF(B50="","",MIN(G49+E50,$C$13+IF(28=$C$9,$C$10,0))) | E50: =IF(B50="","",ROUND(G49*$C$12,2)) | F50: =IF(B50="","",D50-E50) | G50: =IF(B50="",0,ROUND(G49-F50,2)) -> 0
B51: =IF(OR(29>$C$6,G50<=0.005),"",29) | C51: =IF(B51="","",EDATE($C$7,28)) | D51: =IF(B51="","",MIN(G50+E51,$C$13+IF(29=$C$9,$C$10,0))) | E51: =IF(B51="","",ROUND(G50*$C$12,2)) | F51: =IF(B51="","",D51-E51) | G51: =IF(B51="",0,ROUND(G50-F51,2)) -> 0
B52: =IF(OR(30>$C$6,G51<=0.005),"",30) | C52: =IF(B52="","",EDATE($C$7,29)) | D52: =IF(B52="","",MIN(G51+E52,$C$13+IF(30=$C$9,$C$10,0))) | E52: =IF(B52="","",ROUND(G51*$C$12,2)) | F52: =IF(B52="","",D52-E52) | G52: =IF(B52="",0,ROUND(G51-F52,2)) -> 0
B53: =IF(OR(31>$C$6,G52<=0.005),"",31) | C53: =IF(B53="","",EDATE($C$7,30)) | D53: =IF(B53="","",MIN(G52+E53,$C$13+IF(31=$C$9,$C$10,0))) | E53: =IF(B53="","",ROUND(G52*$C$12,2)) | F53: =IF(B53="","",D53-E53) | G53: =IF(B53="",0,ROUND(G52-F53,2)) -> 0
B54: =IF(OR(32>$C$6,G53<=0.005),"",32) | C54: =IF(B54="","",EDATE($C$7,31)) | D54: =IF(B54="","",MIN(G53+E54,$C$13+IF(32=$C$9,$C$10,0))) | E54: =IF(B54="","",ROUND(G53*$C$12,2)) | F54: =IF(B54="","",D54-E54) | G54: =IF(B54="",0,ROUND(G53-F54,2)) -> 0
B55: =IF(OR(33>$C$6,G54<=0.005),"",33) | C55: =IF(B55="","",EDATE($C$7,32)) | D55: =IF(B55="","",MIN(G54+E55,$C$13+IF(33=$C$9,$C$10,0))) | E55: =IF(B55="","",ROUND(G54*$C$12,2)) | F55: =IF(B55="","",D55-E55) | G55: =IF(B55="",0,ROUND(G54-F55,2)) -> 0
B56: =IF(OR(34>$C$6,G55<=0.005),"",34) | C56: =IF(B56="","",EDATE($C$7,33)) | D56: =IF(B56="","",MIN(G55+E56,$C$13+IF(34=$C$9,$C$10,0))) | E56: =IF(B56="","",ROUND(G55*$C$12,2)) | F56: =IF(B56="","",D56-E56) | G56: =IF(B56="",0,ROUND(G55-F56,2)) -> 0
B57: =IF(OR(35>$C$6,G56<=0.005),"",35) | C57: =IF(B57="","",EDATE($C$7,34)) | D57: =IF(B57="","",MIN(G56+E57,$C$13+IF(35=$C$9,$C$10,0))) | E57: =IF(B57="","",ROUND(G56*$C$12,2)) | F57: =IF(B57="","",D57-E57) | G57: =IF(B57="",0,ROUND(G56-F57,2)) -> 0
B58: =IF(OR(36>$C$6,G57<=0.005),"",36) | C58: =IF(B58="","",EDATE($C$7,35)) | D58: =IF(B58="","",MIN(G57+E58,$C$13+IF(36=$C$9,$C$10,0))) | E58: =IF(B58="","",ROUND(G57*$C$12,2)) | F58: =IF(B58="","",D58-E58) | G58: =IF(B58="",0,ROUND(G57-F58,2)) -> 0
B59: =IF(OR(37>$C$6,G58<=0.005),"",37) | C59: =IF(B59="","",EDATE($C$7,36)) | D59: =IF(B59="","",MIN(G58+E59,$C$13+IF(37=$C$9,$C$10,0))) | E59: =IF(B59="","",ROUND(G58*$C$12,2)) | F59: =IF(B59="","",D59-E59) | G59: =IF(B59="",0,ROUND(G58-F59,2)) -> 0
B60: =IF(OR(38>$C$6,G59<=0.005),"",38) | C60: =IF(B60="","",EDATE($C$7,37)) | D60: =IF(B60="","",MIN(G59+E60,$C$13+IF(38=$C$9,$C$10,0))) | E60: =IF(B60="","",ROUND(G59*$C$12,2)) | F60: =IF(B60="","",D60-E60) | G60: =IF(B60="",0,ROUND(G59-F60,2)) -> 0
B61: =IF(OR(39>$C$6,G60<=0.005),"",39) | C61: =IF(B61="","",EDATE($C$7,38)) | D61: =IF(B61="","",MIN(G60+E61,$C$13+IF(39=$C$9,$C$10,0))) | E61: =IF(B61="","",ROUND(G60*$C$12,2)) | F61: =IF(B61="","",D61-E61) | G61: =IF(B61="",0,ROUND(G60-F61,2)) -> 0
B62: =IF(OR(40>$C$6,G61<=0.005),"",40) | C62: =IF(B62="","",EDATE($C$7,39)) | D62: =IF(B62="","",MIN(G61+E62,$C$13+IF(40=$C$9,$C$10,0))) | E62: =IF(B62="","",ROUND(G61*$C$12,2)) | F62: =IF(B62="","",D62-E62) | G62: =IF(B62="",0,ROUND(G61-F62,2)) -> 0
B63: =IF(OR(41>$C$6,G62<=0.005),"",41) | C63: =IF(B63="","",EDATE($C$7,40)) | D63: =IF(B63="","",MIN(G62+E63,$C$13+IF(41=$C$9,$C$10,0))) | E63: =IF(B63="","",ROUND(G62*$C$12,2)) | F63: =IF(B63="","",D63-E63) | G63: =IF(B63="",0,ROUND(G62-F63,2)) -> 0
B64: =IF(OR(42>$C$6,G63<=0.005),"",42) | C64: =IF(B64="","",EDATE($C$7,41)) | D64: =IF(B64="","",MIN(G63+E64,$C$13+IF(42=$C$9,$C$10,0))) | E64: =IF(B64="","",ROUND(G63*$C$12,2)) | F64: =IF(B64="","",D64-E64) | G64: =IF(B64="",0,ROUND(G63-F64,2)) -> 0
B65: =IF(OR(43>$C$6,G64<=0.005),"",43) | C65: =IF(B65="","",EDATE($C$7,42)) | D65: =IF(B65="","",MIN(G64+E65,$C$13+IF(43=$C$9,$C$10,0))) | E65: =IF(B65="","",ROUND(G64*$C$12,2)) | F65: =IF(B65="","",D65-E65) | G65: =IF(B65="",0,ROUND(G64-F65,2)) -> 0
B66: =IF(OR(44>$C$6,G65<=0.005),"",44) | C66: =IF(B66="","",EDATE($C$7,43)) | D66: =IF(B66="","",MIN(G65+E66,$C$13+IF(44=$C$9,$C$10,0))) | E66: =IF(B66="","",ROUND(G65*$C$12,2)) | F66: =IF(B66="","",D66-E66) | G66: =IF(B66="",0,ROUND(G65-F66,2)) -> 0
B67: =IF(OR(45>$C$6,G66<=0.005),"",45) | C67: =IF(B67="","",EDATE($C$7,44)) | D67: =IF(B67="","",MIN(G66+E67,$C$13+IF(45=$C$9,$C$10,0))) | E67: =IF(B67="","",ROUND(G66*$C$12,2)) | F67: =IF(B67="","",D67-E67) | G67: =IF(B67="",0,ROUND(G66-F67,2)) -> 0
B68: =IF(OR(46>$C$6,G67<=0.005),"",46) | C68: =IF(B68="","",EDATE($C$7,45)) | D68: =IF(B68="","",MIN(G67+E68,$C$13+IF(46=$C$9,$C$10,0))) | E68: =IF(B68="","",ROUND(G67*$C$12,2)) | F68: =IF(B68="","",D68-E68) | G68: =IF(B68="",0,ROUND(G67-F68,2)) -> 0
B69: =IF(OR(47>$C$6,G68<=0.005),"",47) | C69: =IF(B69="","",EDATE($C$7,46)) | D69: =IF(B69="","",MIN(G68+E69,$C$13+IF(47=$C$9,$C$10,0))) | E69: =IF(B69="","",ROUND(G68*$C$12,2)) | F69: =IF(B69="","",D69-E69) | G69: =IF(B69="",0,ROUND(G68-F69,2)) -> 0
B70: =IF(OR(48>$C$6,G69<=0.005),"",48) | C70: =IF(B70="","",EDATE($C$7,47)) | D70: =IF(B70="","",MIN(G69+E70,$C$13+IF(48=$C$9,$C$10,0))) | E70: =IF(B70="","",ROUND(G69*$C$12,2)) | F70: =IF(B70="","",D70-E70) | G70: =IF(B70="",0,ROUND(G69-F70,2)) -> 0
B71: =IF(OR(49>$C$6,G70<=0.005),"",49) | C71: =IF(B71="","",EDATE($C$7,48)) | D71: =IF(B71="","",MIN(G70+E71,$C$13+IF(49=$C$9,$C$10,0))) | E71: =IF(B71="","",ROUND(G70*$C$12,2)) | F71: =IF(B71="","",D71-E71) | G71: =IF(B71="",0,ROUND(G70-F71,2)) -> 0
B72: =IF(OR(50>$C$6,G71<=0.005),"",50) | C72: =IF(B72="","",EDATE($C$7,49)) | D72: =IF(B72="","",MIN(G71+E72,$C$13+IF(50=$C$9,$C$10,0))) | E72: =IF(B72="","",ROUND(G71*$C$12,2)) | F72: =IF(B72="","",D72-E72) | G72: =IF(B72="",0,ROUND(G71-F72,2)) -> 0
B73: =IF(OR(51>$C$6,G72<=0.005),"",51) | C73: =IF(B73="","",EDATE($C$7,50)) | D73: =IF(B73="","",MIN(G72+E73,$C$13+IF(51=$C$9,$C$10,0))) | E73: =IF(B73="","",ROUND(G72*$C$12,2)) | F73: =IF(B73="","",D73-E73) | G73: =IF(B73="",0,ROUND(G72-F73,2)) -> 0
B74: =IF(OR(52>$C$6,G73<=0.005),"",52) | C74: =IF(B74="","",EDATE($C$7,51)) | D74: =IF(B74="","",MIN(G73+E74,$C$13+IF(52=$C$9,$C$10,0))) | E74: =IF(B74="","",ROUND(G73*$C$12,2)) | F74: =IF(B74="","",D74-E74) | G74: =IF(B74="",0,ROUND(G73-F74,2)) -> 0
B75: =IF(OR(53>$C$6,G74<=0.005),"",53) | C75: =IF(B75="","",EDATE($C$7,52)) | D75: =IF(B75="","",MIN(G74+E75,$C$13+IF(53=$C$9,$C$10,0))) | E75: =IF(B75="","",ROUND(G74*$C$12,2)) | F75: =IF(B75="","",D75-E75) | G75: =IF(B75="",0,ROUND(G74-F75,2)) -> 0
B76: =IF(OR(54>$C$6,G75<=0.005),"",54) | C76: =IF(B76="","",EDATE($C$7,53)) | D76: =IF(B76="","",MIN(G75+E76,$C$13+IF(54=$C$9,$C$10,0))) | E76: =IF(B76="","",ROUND(G75*$C$12,2)) | F76: =IF(B76="","",D76-E76) | G76: =IF(B76="",0,ROUND(G75-F76,2)) -> 0
B77: =IF(OR(55>$C$6,G76<=0.005),"",55) | C77: =IF(B77="","",EDATE($C$7,54)) | D77: =IF(B77="","",MIN(G76+E77,$C$13+IF(55=$C$9,$C$10,0))) | E77: =IF(B77="","",ROUND(G76*$C$12,2)) | F77: =IF(B77="","",D77-E77) | G77: =IF(B77="",0,ROUND(G76-F77,2)) -> 0
B78: =IF(OR(56>$C$6,G77<=0.005),"",56) | C78: =IF(B78="","",EDATE($C$7,55)) | D78: =IF(B78="","",MIN(G77+E78,$C$13+IF(56=$C$9,$C$10,0))) | E78: =IF(B78="","",ROUND(G77*$C$12,2)) | F78: =IF(B78="","",D78-E78) | G78: =IF(B78="",0,ROUND(G77-F78,2)) -> 0
B79: =IF(OR(57>$C$6,G78<=0.005),"",57) | C79: =IF(B79="","",EDATE($C$7,56)) | D79: =IF(B79="","",MIN(G78+E79,$C$13+IF(57=$C$9,$C$10,0))) | E79: =IF(B79="","",ROUND(G78*$C$12,2)) | F79: =IF(B79="","",D79-E79) | G79: =IF(B79="",0,ROUND(G78-F79,2)) -> 0
B80: =IF(OR(58>$C$6,G79<=0.005),"",58) | C80: =IF(B80="","",EDATE($C$7,57)) | D80: =IF(B80="","",MIN(G79+E80,$C$13+IF(58=$C$9,$C$10,0))) | E80: =IF(B80="","",ROUND(G79*$C$12,2)) | F80: =IF(B80="","",D80-E80) | G80: =IF(B80="",0,ROUND(G79-F80,2)) -> 0
B81: =IF(OR(59>$C$6,G80<=0.005),"",59) | C81: =IF(B81="","",EDATE($C$7,58)) | D81: =IF(B81="","",MIN(G80+E81,$C$13+IF(59=$C$9,$C$10,0))) | E81: =IF(B81="","",ROUND(G80*$C$12,2)) | F81: =IF(B81="","",D81-E81) | G81: =IF(B81="",0,ROUND(G80-F81,2)) -> 0
B82: =IF(OR(60>$C$6,G81<=0.005),"",60) | C82: =IF(B82="","",EDATE($C$7,59)) | D82: =IF(B82="","",MIN(G81+E82,$C$13+IF(60=$C$9,$C$10,0))) | E82: =IF(B82="","",ROUND(G81*$C$12,2)) | F82: =IF(B82="","",D82-E82) | G82: =IF(B82="",0,ROUND(G81-F82,2)) -> 0
B83: =IF(OR(61>$C$6,G82<=0.005),"",61) | C83: =IF(B83="","",EDATE($C$7,60)) | D83: =IF(B83="","",MIN(G82+E83,$C$13+IF(61=$C$9,$C$10,0))) | E83: =IF(B83="","",ROUND(G82*$C$12,2)) | F83: =IF(B83="","",D83-E83) | G83: =IF(B83="",0,ROUND(G82-F83,2)) -> 0
B84: =IF(OR(62>$C$6,G83<=0.005),"",62) | C84: =IF(B84="","",EDATE($C$7,61)) | D84: =IF(B84="","",MIN(G83+E84,$C$13+IF(62=$C$9,$C$10,0))) | E84: =IF(B84="","",ROUND(G83*$C$12,2)) | F84: =IF(B84="","",D84-E84) | G84: =IF(B84="",0,ROUND(G83-F84,2)) -> 0
B85: =IF(OR(63>$C$6,G84<=0.005),"",63) | C85: =IF(B85="","",EDATE($C$7,62)) | D85: =IF(B85="","",MIN(G84+E85,$C$13+IF(63=$C$9,$C$10,0))) | E85: =IF(B85="","",ROUND(G84*$C$12,2)) | F85: =IF(B85="","",D85-E85) | G85: =IF(B85="",0,ROUND(G84-F85,2)) -> 0
B86: =IF(OR(64>$C$6,G85<=0.005),"",64) | C86: =IF(B86="","",EDATE($C$7,63)) | D86: =IF(B86="","",MIN(G85+E86,$C$13+IF(64=$C$9,$C$10,0))) | E86: =IF(B86="","",ROUND(G85*$C$12,2)) | F86: =IF(B86="","",D86-E86) | G86: =IF(B86="",0,ROUND(G85-F86,2)) -> 0
B87: =IF(OR(65>$C$6,G86<=0.005),"",65) | C87: =IF(B87="","",EDATE($C$7,64)) | D87: =IF(B87="","",MIN(G86+E87,$C$13+IF(65=$C$9,$C$10,0))) | E87: =IF(B87="","",ROUND(G86*$C$12,2)) | F87: =IF(B87="","",D87-E87) | G87: =IF(B87="",0,ROUND(G86-F87,2)) -> 0
B88: =IF(OR(66>$C$6,G87<=0.005),"",66) | C88: =IF(B88="","",EDATE($C$7,65)) | D88: =IF(B88="","",MIN(G87+E88,$C$13+IF(66=$C$9,$C$10,0))) | E88: =IF(B88="","",ROUND(G87*$C$12,2)) | F88: =IF(B88="","",D88-E88) | G88: =IF(B88="",0,ROUND(G87-F88,2)) -> 0
B89: =IF(OR(67>$C$6,G88<=0.005),"",67) | C89: =IF(B89="","",EDATE($C$7,66)) | D89: =IF(B89="","",MIN(G88+E89,$C$13+IF(67=$C$9,$C$10,0))) | E89: =IF(B89="","",ROUND(G88*$C$12,2)) | F89: =IF(B89="","",D89-E89) | G89: =IF(B89="",0,ROUND(G88-F89,2)) -> 0
B90: =IF(OR(68>$C$6,G89<=0.005),"",68) | C90: =IF(B90="","",EDATE($C$7,67)) | D90: =IF(B90="","",MIN(G89+E90,$C$13+IF(68=$C$9,$C$10,0))) | E90: =IF(B90="","",ROUND(G89*$C$12,2)) | F90: =IF(B90="","",D90-E90) | G90: =IF(B90="",0,ROUND(G89-F90,2)) -> 0
B91: =IF(OR(69>$C$6,G90<=0.005),"",69) | C91: =IF(B91="","",EDATE($C$7,68)) | D91: =IF(B91="","",MIN(G90+E91,$C$13+IF(69=$C$9,$C$10,0))) | E91: =IF(B91="","",ROUND(G90*$C$12,2)) | F91: =IF(B91="","",D91-E91) | G91: =IF(B91="",0,ROUND(G90-F91,2)) -> 0
B92: =IF(OR(70>$C$6,G91<=0.005),"",70) | C92: =IF(B92="","",EDATE($C$7,69)) | D92: =IF(B92="","",MIN(G91+E92,$C$13+IF(70=$C$9,$C$10,0))) | E92: =IF(B92="","",ROUND(G91*$C$12,2)) | F92: =IF(B92="","",D92-E92) | G92: =IF(B92="",0,ROUND(G91-F92,2)) -> 0
B93: =IF(OR(71>$C$6,G92<=0.005),"",71) | C93: =IF(B93="","",EDATE($C$7,70)) | D93: =IF(B93="","",MIN(G92+E93,$C$13+IF(71=$C$9,$C$10,0))) | E93: =IF(B93="","",ROUND(G92*$C$12,2)) | F93: =IF(B93="","",D93-E93) | G93: =IF(B93="",0,ROUND(G92-F93,2)) -> 0
B94: =IF(OR(72>$C$6,G93<=0.005),"",72) | C94: =IF(B94="","",EDATE($C$7,71)) | D94: =IF(B94="","",MIN(G93+E94,$C$13+IF(72=$C$9,$C$10,0))) | E94: =IF(B94="","",ROUND(G93*$C$12,2)) | F94: =IF(B94="","",D94-E94) | G94: =IF(B94="",0,ROUND(G93-F94,2)) -> 0
B95: =IF(OR(73>$C$6,G94<=0.005),"",73) | C95: =IF(B95="","",EDATE($C$7,72)) | D95: =IF(B95="","",MIN(G94+E95,$C$13+IF(73=$C$9,$C$10,0))) | E95: =IF(B95="","",ROUND(G94*$C$12,2)) | F95: =IF(B95="","",D95-E95) | G95: =IF(B95="",0,ROUND(G94-F95,2)) -> 0
B96: =IF(OR(74>$C$6,G95<=0.005),"",74) | C96: =IF(B96="","",EDATE($C$7,73)) | D96: =IF(B96="","",MIN(G95+E96,$C$13+IF(74=$C$9,$C$10,0))) | E96: =IF(B96="","",ROUND(G95*$C$12,2)) | F96: =IF(B96="","",D96-E96) | G96: =IF(B96="",0,ROUND(G95-F96,2)) -> 0
B97: =IF(OR(75>$C$6,G96<=0.005),"",75) | C97: =IF(B97="","",EDATE($C$7,74)) | D97: =IF(B97="","",MIN(G96+E97,$C$13+IF(75=$C$9,$C$10,0))) | E97: =IF(B97="","",ROUND(G96*$C$12,2)) | F97: =IF(B97="","",D97-E97) | G97: =IF(B97="",0,ROUND(G96-F97,2)) -> 0
B98: =IF(OR(76>$C$6,G97<=0.005),"",76) | C98: =IF(B98="","",EDATE($C$7,75)) | D98: =IF(B98="","",MIN(G97+E98,$C$13+IF(76=$C$9,$C$10,0))) | E98: =IF(B98="","",ROUND(G97*$C$12,2)) | F98: =IF(B98="","",D98-E98) | G98: =IF(B98="",0,ROUND(G97-F98,2)) -> 0
B99: =IF(OR(77>$C$6,G98<=0.005),"",77) | C99: =IF(B99="","",EDATE($C$7,76)) | D99: =IF(B99="","",MIN(G98+E99,$C$13+IF(77=$C$9,$C$10,0))) | E99: =IF(B99="","",ROUND(G98*$C$12,2)) | F99: =IF(B99="","",D99-E99) | G99: =IF(B99="",0,ROUND(G98-F99,2)) -> 0
B100: =IF(OR(78>$C$6,G99<=0.005),"",78) | C100: =IF(B100="","",EDATE($C$7,77)) | D100: =IF(B100="","",MIN(G99+E100,$C$13+IF(78=$C$9,$C$10,0))) | E100: =IF(B100="","",ROUND(G99*$C$12,2)) | F100: =IF(B100="","",D100-E100) | G100: =IF(B100="",0,ROUND(G99-F100,2)) -> 0
B101: =IF(OR(79>$C$6,G100<=0.005),"",79) | C101: =IF(B101="","",EDATE($C$7,78)) | D101: =IF(B101="","",MIN(G100+E101,$C$13+IF(79=$C$9,$C$10,0))) | E101: =IF(B101="","",ROUND(G100*$C$12,2)) | F101: =IF(B101="","",D101-E101) | G101: =IF(B101="",0,ROUND(G100-F101,2)) -> 0
B102: =IF(OR(80>$C$6,G101<=0.005),"",80) | C102: =IF(B102="","",EDATE($C$7,79)) | D102: =IF(B102="","",MIN(G101+E102,$C$13+IF(80=$C$9,$C$10,0))) | E102: =IF(B102="","",ROUND(G101*$C$12,2)) | F102: =IF(B102="","",D102-E102) | G102: =IF(B102="",0,ROUND(G101-F102,2)) -> 0
B103: =IF(OR(81>$C$6,G102<=0.005),"",81) | C103: =IF(B103="","",EDATE($C$7,80)) | D103: =IF(B103="","",MIN(G102+E103,$C$13+IF(81=$C$9,$C$10,0))) | E103: =IF(B103="","",ROUND(G102*$C$12,2)) | F103: =IF(B103="","",D103-E103) | G103: =IF(B103="",0,ROUND(G102-F103,2)) -> 0
B104: =IF(OR(82>$C$6,G103<=0.005),"",82) | C104: =IF(B104="","",EDATE($C$7,81)) | D104: =IF(B104="","",MIN(G103+E104,$C$13+IF(82=$C$9,$C$10,0))) | E104: =IF(B104="","",ROUND(G103*$C$12,2)) | F104: =IF(B104="","",D104-E104) | G104: =IF(B104="",0,ROUND(G103-F104,2)) -> 0
...

Sheet Teklifler
A1: Teklif Karşılaştırma
A2: Farklı bankaların tekliflerini yaz; en ucuzu toplam maliyete göre sıralanır.
A4: Banka | B4: Tutar (₺) | C4: Aylık faiz oranı | D4: Vade (ay) | E4: Masraf (₺) | F4: Aylık taksit (₺) | G4: Toplam geri ödeme (₺) | H4: Toplam maliyet (₺) | I4: Sıra
A5: Banka Alfa | B5: 200000 | C5: 0.035 | D5: 24 | E5: 2000 | F5: =IF(OR(A5="",B5="",D5="",D5=0),"",IF(C5*(1+Kredi!$C$5)=0,B5/D5,-PMT(C5*(1+Kredi!$C$5),D5,B5))) -> 13866.339 | G5: =IF(F5="","",F5*D5+E5) -> 334792.13 | H5: =IF(G5="","",G5-B5) -> 134792.13 | I5: =IF(H5="","",RANK(H5,$H$5:$H$14,1)) -> 3
A6: Banka Beta | B6: 200000 | C6: 0.033 | D6: 24 | E6: 6000 | F6: =IF(OR(A6="",B6="",D6="",D6=0),"",IF(C6*(1+Kredi!$C$5)=0,B6/D6,-PMT(C6*(1+Kredi!$C$5),D6,B6))) -> 13509.721 | G6: =IF(F6="","",F6*D6+E6) -> 330233.31 | H6: =IF(G6="","",G6-B6) -> 130233.31 | I6: =IF(H6="","",RANK(H6,$H$5:$H$14,1)) -> 2
A7: Banka Gama | B7: 200000 | C7: 0.036 | D7: 18 | E7: 0 | F7: =IF(OR(A7="",B7="",D7="",D7=0),"",IF(C7*(1+Kredi!$C$5)=0,B7/D7,-PMT(C7*(1+Kredi!$C$5),D7,B7))) -> 16684.15 | G7: =IF(F7="","",F7*D7+E7) -> 300314.7 | H7: =IF(G7="","",G7-B7) -> 100314.7 | I7: =IF(H7="","",RANK(H7,$H$5:$H$14,1)) -> 1
F8: =IF(OR(A8="",B8="",D8="",D8=0),"",IF(C8*(1+Kredi!$C$5)=0,B8/D8,-PMT(C8*(1+Kredi!$C$5),D8,B8))) | G8: =IF(F8="","",F8*D8+E8) | H8: =IF(G8="","",G8-B8) | I8: =IF(H8="","",RANK(H8,$H$5:$H$14,1))
F9: =IF(OR(A9="",B9="",D9="",D9=0),"",IF(C9*(1+Kredi!$C$5)=0,B9/D9,-PMT(C9*(1+Kredi!$C$5),D9,B9))) | G9: =IF(F9="","",F9*D9+E9) | H9: =IF(G9="","",G9-B9) | I9: =IF(H9="","",RANK(H9,$H$5:$H$14,1))
F10: =IF(OR(A10="",B10="",D10="",D10=0),"",IF(C10*(1+Kredi!$C$5)=0,B10/D10,-PMT(C10*(1+Kredi!$C$5),D10,B10))) | G10: =IF(F10="","",F10*D10+E10) | H10: =IF(G10="","",G10-B10) | I10: =IF(H10="","",RANK(H10,$H$5:$H$14,1))
F11: =IF(OR(A11="",B11="",D11="",D11=0),"",IF(C11*(1+Kredi!$C$5)=0,B11/D11,-PMT(C11*(1+Kredi!$C$5),D11,B11))) | G11: =IF(F11="","",F11*D11+E11) | H11: =IF(G11="","",G11-B11) | I11: =IF(H11="","",RANK(H11,$H$5:$H$14,1))
F12: =IF(OR(A12="",B12="",D12="",D12=0),"",IF(C12*(1+Kredi!$C$5)=0,B12/D12,-PMT(C12*(1+Kredi!$C$5),D12,B12))) | G12: =IF(F12="","",F12*D12+E12) | H12: =IF(G12="","",G12-B12) | I12: =IF(H12="","",RANK(H12,$H$5:$H$14,1))
F13: =IF(OR(A13="",B13="",D13="",D13=0),"",IF(C13*(1+Kredi!$C$5)=0,B13/D13,-PMT(C13*(1+Kredi!$C$5),D13,B13))) | G13: =IF(F13="","",F13*D13+E13) | H13: =IF(G13="","",G13-B13) | I13: =IF(H13="","",RANK(H13,$H$5:$H$14,1))
F14: =IF(OR(A14="",B14="",D14="",D14=0),"",IF(C14*(1+Kredi!$C$5)=0,B14/D14,-PMT(C14*(1+Kredi!$C$5),D14,B14))) | G14: =IF(F14="","",F14*D14+E14) | H14: =IF(G14="","",G14-B14) | I14: =IF(H14="","",RANK(H14,$H$5:$H$14,1))

Sheet AI Komutları
B1: Yapay Zeka Komutları
B2: İlgili sayfada başlık satırıyla birlikte kayıtlarını seç, kopyala, kullandığın yapay zeka asistanına yapıştır ve altına komutu ekle.
B3: Dikkat: Banka adı dışında kişisel bilgi yazma; kimlik ve hesap numarası paylaşma. Yapay zekanın verdiği rakamları dosyadaki özet sayfasıyla karşılaştır.
B5: Ne için | C5: Komut (kopyala, yapıştır)
B6: Teklif yorumu | C6: [Teklifler sayfası] Tekliflerin farkını taksit, toplam maliyet ve vade açısından yorumla.
B7: Bütçe uyumu | C7: Aylık gelirim [tutar], sabit giderim [tutar]. Bu taksit bütçeme ne kadar yük getirir?
B8: Sorular | C8: Bankaya kredi öncesinde sormam gereken soruları listele: masraflar, sigorta, erken ödeme.
B9: Erken ödeme zamanı | C9: Elimde [tutar] var. Erken ödemeyi şimdi mi yapmalıyım, yoksa acil durum için mi tutmalıyım? Artı ve eksileri yaz.
