Workbook

Sheet Başla
B2: EXCEL KLİNİĞİ
B3: KİRALAMA | Kiralama ve rezervasyon takibi
B4: Hangi ürün hangi tarihte kimde, aynı güne iki rezervasyon var mı, hangi ürün ne kadar kazandırdı.
B6: NASIL KULLANILIR
B7: 1. Ürünler | C7: Kiralık ürünleri, günlük ücreti ve depozitoyu yaz.
B8: 2. Rezervasyonlar | C8: Her kiralamayı ürün, başlangıç ve bitiş tarihiyle gir; teslim edince ve geri alınca durumu güncelle.
B9: 3. Özet | C9: Aylık kiralama ve ciro, şu an dışarıda olanlar, yarın teslim edilecekler.
B11: BİLMEN GEREKENLER
B12: Çakışma | C12: Aynı ürünün tarihleri kesişen ve iptal olmayan iki kaydı varsa ikisi de Çakışıyor yazar. Aynı üründen birden fazla adet varsa her adedi ayrı ürün olarak yaz.
B13: Depozito | C13: Depozito bilgi amaçlıdır; ciroya girmez.
B14: Kapasite | C14: Ürünler: 60 satır; Rezervasyonlar: 1500 satır.
B16: RENKLER
B17: Sarı hücre | C17: Senin dolduracağın hücre. İçindeki örnekleri silip kendi bilgini yaz.
B18: Beyaz hücre, açık başlık | C18: Formül. Değiştirme, kendiliğinden hesaplanır.

Sheet Rezervasyonlar
A1: Rezervasyonlar
A2: Her kiralama bir satır. Aynı ürün aynı günlere iki kez yazılırsa Çakışıyor uyarısı çıkar.
A4: Müşteri | B4: Telefon | C4: Ürün | D4: Başlangıç | E4: Bitiş (dahil) | F4: Durum | G4: İndirim (₺) | H4: Gün | I4: Tutar (₺) | J4: Çakışma
A5: Müşteri Alfa | C5: Ses sistemi | D5: 46298 | E5: 46300 | F5: Teslim edildi | G5: 0 | H5: =IF(OR(D5="",E5="",E5<D5),"",E5-D5+1) -> 3 | I5: =IF(OR(H5="",C5=""),"",IF(F5="İptal",0,H5*IFERROR(INDEX(Ürünler!$B$5:$B$64,MATCH(C5,Ürünler!$A$5:$A$64,0)),0)-G5)) -> 7500 | J5: =IF(OR(H5="",C5="",F5="İptal"),"",IF(COUNTIFS($C$5:$C$1504,C5,$D$5:$D$1504,"<="&E5,$E$5:$E$1504,">="&D5,$F$5:$F$1504,"<>İptal")>1,"Çakışıyor","")) -> Çakışıyor
A6: Müşteri Beta | C6: Ses sistemi | D6: 46300 | E6: 46301 | F6: Rezerve | G6: 0 | H6: =IF(OR(D6="",E6="",E6<D6),"",E6-D6+1) -> 2 | I6: =IF(OR(H6="",C6=""),"",IF(F6="İptal",0,H6*IFERROR(INDEX(Ürünler!$B$5:$B$64,MATCH(C6,Ürünler!$A$5:$A$64,0)),0)-G6)) -> 5000 | J6: =IF(OR(H6="",C6="",F6="İptal"),"",IF(COUNTIFS($C$5:$C$1504,C6,$D$5:$D$1504,"<="&E6,$E$5:$E$1504,">="&D6,$F$5:$F$1504,"<>İptal")>1,"Çakışıyor","")) -> Çakışıyor
A7: Müşteri Gama | C7: Projeksiyon | D7: 46300 | E7: 46300 | F7: Rezerve | G7: 200 | H7: =IF(OR(D7="",E7="",E7<D7),"",E7-D7+1) -> 1 | I7: =IF(OR(H7="",C7=""),"",IF(F7="İptal",0,H7*IFERROR(INDEX(Ürünler!$B$5:$B$64,MATCH(C7,Ürünler!$A$5:$A$64,0)),0)-G7)) -> 1000 | J7: =IF(OR(H7="",C7="",F7="İptal"),"",IF(COUNTIFS($C$5:$C$1504,C7,$D$5:$D$1504,"<="&E7,$E$5:$E$1504,">="&D7,$F$5:$F$1504,"<>İptal")>1,"Çakışıyor",""))
A8: Müşteri Delta | C8: Çadır 5x5 | D8: 46244 | E8: 46246 | F8: İade alındı | G8: 0 | H8: =IF(OR(D8="",E8="",E8<D8),"",E8-D8+1) -> 3 | I8: =IF(OR(H8="",C8=""),"",IF(F8="İptal",0,H8*IFERROR(INDEX(Ürünler!$B$5:$B$64,MATCH(C8,Ürünler!$A$5:$A$64,0)),0)-G8)) -> 12000 | J8: =IF(OR(H8="",C8="",F8="İptal"),"",IF(COUNTIFS($C$5:$C$1504,C8,$D$5:$D$1504,"<="&E8,$E$5:$E$1504,">="&D8,$F$5:$F$1504,"<>İptal")>1,"Çakışıyor",""))
A9: Müşteri Epsilon | C9: Çadır 5x5 | D9: 46245 | E9: 46245 | F9: İptal | G9: 0 | H9: =IF(OR(D9="",E9="",E9<D9),"",E9-D9+1) -> 1 | I9: =IF(OR(H9="",C9=""),"",IF(F9="İptal",0,H9*IFERROR(INDEX(Ürünler!$B$5:$B$64,MATCH(C9,Ürünler!$A$5:$A$64,0)),0)-G9)) -> 0 | J9: =IF(OR(H9="",C9="",F9="İptal"),"",IF(COUNTIFS($C$5:$C$1504,C9,$D$5:$D$1504,"<="&E9,$E$5:$E$1504,">="&D9,$F$5:$F$1504,"<>İptal")>1,"Çakışıyor",""))
H10: =IF(OR(D10="",E10="",E10<D10),"",E10-D10+1) | I10: =IF(OR(H10="",C10=""),"",IF(F10="İptal",0,H10*IFERROR(INDEX(Ürünler!$B$5:$B$64,MATCH(C10,Ürünler!$A$5:$A$64,0)),0)-G10)) | J10: =IF(OR(H10="",C10="",F10="İptal"),"",IF(COUNTIFS($C$5:$C$1504,C10,$D$5:$D$1504,"<="&E10,$E$5:$E$1504,">="&D10,$F$5:$F$1504,"<>İptal")>1,"Çakışıyor",""))
H11: =IF(OR(D11="",E11="",E11<D11),"",E11-D11+1) | I11: =IF(OR(H11="",C11=""),"",IF(F11="İptal",0,H11*IFERROR(INDEX(Ürünler!$B$5:$B$64,MATCH(C11,Ürünler!$A$5:$A$64,0)),0)-G11)) | J11: =IF(OR(H11="",C11="",F11="İptal"),"",IF(COUNTIFS($C$5:$C$1504,C11,$D$5:$D$1504,"<="&E11,$E$5:$E$1504,">="&D11,$F$5:$F$1504,"<>İptal")>1,"Çakışıyor",""))
H12: =IF(OR(D12="",E12="",E12<D12),"",E12-D12+1) | I12: =IF(OR(H12="",C12=""),"",IF(F12="İptal",0,H12*IFERROR(INDEX(Ürünler!$B$5:$B$64,MATCH(C12,Ürünler!$A$5:$A$64,0)),0)-G12)) | J12: =IF(OR(H12="",C12="",F12="İptal"),"",IF(COUNTIFS($C$5:$C$1504,C12,$D$5:$D$1504,"<="&E12,$E$5:$E$1504,">="&D12,$F$5:$F$1504,"<>İptal")>1,"Çakışıyor",""))
H13: =IF(OR(D13="",E13="",E13<D13),"",E13-D13+1) | I13: =IF(OR(H13="",C13=""),"",IF(F13="İptal",0,H13*IFERROR(INDEX(Ürünler!$B$5:$B$64,MATCH(C13,Ürünler!$A$5:$A$64,0)),0)-G13)) | J13: =IF(OR(H13="",C13="",F13="İptal"),"",IF(COUNTIFS($C$5:$C$1504,C13,$D$5:$D$1504,"<="&E13,$E$5:$E$1504,">="&D13,$F$5:$F$1504,"<>İptal")>1,"Çakışıyor",""))
H14: =IF(OR(D14="",E14="",E14<D14),"",E14-D14+1) | I14: =IF(OR(H14="",C14=""),"",IF(F14="İptal",0,H14*IFERROR(INDEX(Ürünler!$B$5:$B$64,MATCH(C14,Ürünler!$A$5:$A$64,0)),0)-G14)) | J14: =IF(OR(H14="",C14="",F14="İptal"),"",IF(COUNTIFS($C$5:$C$1504,C14,$D$5:$D$1504,"<="&E14,$E$5:$E$1504,">="&D14,$F$5:$F$1504,"<>İptal")>1,"Çakışıyor",""))
H15: =IF(OR(D15="",E15="",E15<D15),"",E15-D15+1) | I15: =IF(OR(H15="",C15=""),"",IF(F15="İptal",0,H15*IFERROR(INDEX(Ürünler!$B$5:$B$64,MATCH(C15,Ürünler!$A$5:$A$64,0)),0)-G15)) | J15: =IF(OR(H15="",C15="",F15="İptal"),"",IF(COUNTIFS($C$5:$C$1504,C15,$D$5:$D$1504,"<="&E15,$E$5:$E$1504,">="&D15,$F$5:$F$1504,"<>İptal")>1,"Çakışıyor",""))
H16: =IF(OR(D16="",E16="",E16<D16),"",E16-D16+1) | I16: =IF(OR(H16="",C16=""),"",IF(F16="İptal",0,H16*IFERROR(INDEX(Ürünler!$B$5:$B$64,MATCH(C16,Ürünler!$A$5:$A$64,0)),0)-G16)) | J16: =IF(OR(H16="",C16="",F16="İptal"),"",IF(COUNTIFS($C$5:$C$1504,C16,$D$5:$D$1504,"<="&E16,$E$5:$E$1504,">="&D16,$F$5:$F$1504,"<>İptal")>1,"Çakışıyor",""))
H17: =IF(OR(D17="",E17="",E17<D17),"",E17-D17+1) | I17: =IF(OR(H17="",C17=""),"",IF(F17="İptal",0,H17*IFERROR(INDEX(Ürünler!$B$5:$B$64,MATCH(C17,Ürünler!$A$5:$A$64,0)),0)-G17)) | J17: =IF(OR(H17="",C17="",F17="İptal"),"",IF(COUNTIFS($C$5:$C$1504,C17,$D$5:$D$1504,"<="&E17,$E$5:$E$1504,">="&D17,$F$5:$F$1504,"<>İptal")>1,"Çakışıyor",""))
H18: =IF(OR(D18="",E18="",E18<D18),"",E18-D18+1) | I18: =IF(OR(H18="",C18=""),"",IF(F18="İptal",0,H18*IFERROR(INDEX(Ürünler!$B$5:$B$64,MATCH(C18,Ürünler!$A$5:$A$64,0)),0)-G18)) | J18: =IF(OR(H18="",C18="",F18="İptal"),"",IF(COUNTIFS($C$5:$C$1504,C18,$D$5:$D$1504,"<="&E18,$E$5:$E$1504,">="&D18,$F$5:$F$1504,"<>İptal")>1,"Çakışıyor",""))
H19: =IF(OR(D19="",E19="",E19<D19),"",E19-D19+1) | I19: =IF(OR(H19="",C19=""),"",IF(F19="İptal",0,H19*IFERROR(INDEX(Ürünler!$B$5:$B$64,MATCH(C19,Ürünler!$A$5:$A$64,0)),0)-G19)) | J19: =IF(OR(H19="",C19="",F19="İptal"),"",IF(COUNTIFS($C$5:$C$1504,C19,$D$5:$D$1504,"<="&E19,$E$5:$E$1504,">="&D19,$F$5:$F$1504,"<>İptal")>1,"Çakışıyor",""))
H20: =IF(OR(D20="",E20="",E20<D20),"",E20-D20+1) | I20: =IF(OR(H20="",C20=""),"",IF(F20="İptal",0,H20*IFERROR(INDEX(Ürünler!$B$5:$B$64,MATCH(C20,Ürünler!$A$5:$A$64,0)),0)-G20)) | J20: =IF(OR(H20="",C20="",F20="İptal"),"",IF(COUNTIFS($C$5:$C$1504,C20,$D$5:$D$1504,"<="&E20,$E$5:$E$1504,">="&D20,$F$5:$F$1504,"<>İptal")>1,"Çakışıyor",""))
H21: =IF(OR(D21="",E21="",E21<D21),"",E21-D21+1) | I21: =IF(OR(H21="",C21=""),"",IF(F21="İptal",0,H21*IFERROR(INDEX(Ürünler!$B$5:$B$64,MATCH(C21,Ürünler!$A$5:$A$64,0)),0)-G21)) | J21: =IF(OR(H21="",C21="",F21="İptal"),"",IF(COUNTIFS($C$5:$C$1504,C21,$D$5:$D$1504,"<="&E21,$E$5:$E$1504,">="&D21,$F$5:$F$1504,"<>İptal")>1,"Çakışıyor",""))
... H1504: =IF(OR(D1504="",E1504="",E1504<D1504),"",E1504-D1504+1) | I1504: =IF(OR(H1504="",C1504=""),"",IF(F1504="İptal",0,H1504*IFERROR(INDEX(Ürünler!$B$5:$B$64,MATCH(C1504,Ürünler!$A$5:$A$64,0)),0)-G1504)) | J1504: =IF(OR(H1504="",C1504="",F1504="İptal"),"",IF(COUNTIFS($C$5:$C$1504,C1504,$D$5:$D$1504,"<="&E1504,$E$5:$E$1504,">="&D1504,$F$5:$F$1504,"<>İptal")>1,"Çakışıyor",""))

Sheet Ürünler
A1: Kiralık Ürünler
A2: Kiraya verdiğin her ürünü günlük ücreti ve depozitosuyla yaz.
A4: Ürün | B4: Günlük ücret (₺) | C4: Depozito (₺) | D4: Kiralanan gün (yıl) | E4: Ciro (yıl, ₺) | F4: Doluluk | G4: Şu an
A5: Ses sistemi | B5: 2500 | C5: 5000 | D5: =IF(A5="","",SUMIFS(Rezervasyonlar!$H$5:$H$1504,Rezervasyonlar!$C$5:$C$1504,A5,Rezervasyonlar!$D$5:$D$1504,">="&DATE(Özet!$C$3,1,1),Rezervasyonlar!$D$5:$D$1504,"<"&DATE(Özet!$C$3+1,1,1),Rezervasyonlar!$F$5:$F$1504,"<>İptal")) -> 5 | E5: =IF(A5="","",SUMIFS(Rezervasyonlar!$I$5:$I$1504,Rezervasyonlar!$C$5:$C$1504,A5,Rezervasyonlar!$D$5:$D$1504,">="&DATE(Özet!$C$3,1,1),Rezervasyonlar!$D$5:$D$1504,"<"&DATE(Özet!$C$3+1,1,1),Rezervasyonlar!$F$5:$F$1504,"<>İptal")) -> 12500 | F5: =IF(A5="","",D5/365) -> 0.01369863 | G5: =IF(A5="","",IF(COUNTIFS(Rezervasyonlar!$C$5:$C$1504,A5,Rezervasyonlar!$D$5:$D$1504,"<="&TODAY(),Rezervasyonlar!$E$5:$E$1504,">="&TODAY(),Rezervasyonlar!$F$5:$F$1504,"<>İptal",Rezervasyonlar!$F$5:$F$1504,"<>İade alındı")>0,"Dışarıda","Müsait")) -> Dışarıda
A6: Projeksiyon | B6: 1200 | C6: 3000 | D6: =IF(A6="","",SUMIFS(Rezervasyonlar!$H$5:$H$1504,Rezervasyonlar!$C$5:$C$1504,A6,Rezervasyonlar!$D$5:$D$1504,">="&DATE(Özet!$C$3,1,1),Rezervasyonlar!$D$5:$D$1504,"<"&DATE(Özet!$C$3+1,1,1),Rezervasyonlar!$F$5:$F$1504,"<>İptal")) -> 1 | E6: =IF(A6="","",SUMIFS(Rezervasyonlar!$I$5:$I$1504,Rezervasyonlar!$C$5:$C$1504,A6,Rezervasyonlar!$D$5:$D$1504,">="&DATE(Özet!$C$3,1,1),Rezervasyonlar!$D$5:$D$1504,"<"&DATE(Özet!$C$3+1,1,1),Rezervasyonlar!$F$5:$F$1504,"<>İptal")) -> 1000 | F6: =IF(A6="","",D6/365) -> 0.002739726 | G6: =IF(A6="","",IF(COUNTIFS(Rezervasyonlar!$C$5:$C$1504,A6,Rezervasyonlar!$D$5:$D$1504,"<="&TODAY(),Rezervasyonlar!$E$5:$E$1504,">="&TODAY(),Rezervasyonlar!$F$5:$F$1504,"<>İptal",Rezervasyonlar!$F$5:$F$1504,"<>İade alındı")>0,"Dışarıda","Müsait")) -> Müsait
A7: Çadır 5x5 | B7: 4000 | C7: 8000 | D7: =IF(A7="","",SUMIFS(Rezervasyonlar!$H$5:$H$1504,Rezervasyonlar!$C$5:$C$1504,A7,Rezervasyonlar!$D$5:$D$1504,">="&DATE(Özet!$C$3,1,1),Rezervasyonlar!$D$5:$D$1504,"<"&DATE(Özet!$C$3+1,1,1),Rezervasyonlar!$F$5:$F$1504,"<>İptal")) -> 3 | E7: =IF(A7="","",SUMIFS(Rezervasyonlar!$I$5:$I$1504,Rezervasyonlar!$C$5:$C$1504,A7,Rezervasyonlar!$D$5:$D$1504,">="&DATE(Özet!$C$3,1,1),Rezervasyonlar!$D$5:$D$1504,"<"&DATE(Özet!$C$3+1,1,1),Rezervasyonlar!$F$5:$F$1504,"<>İptal")) -> 12000 | F7: =IF(A7="","",D7/365) -> 0.0082191781 | G7: =IF(A7="","",IF(COUNTIFS(Rezervasyonlar!$C$5:$C$1504,A7,Rezervasyonlar!$D$5:$D$1504,"<="&TODAY(),Rezervasyonlar!$E$5:$E$1504,">="&TODAY(),Rezervasyonlar!$F$5:$F$1504,"<>İptal",Rezervasyonlar!$F$5:$F$1504,"<>İade alındı")>0,"Dışarıda","Müsait")) -> Müsait
D8: =IF(A8="","",SUMIFS(Rezervasyonlar!$H$5:$H$1504,Rezervasyonlar!$C$5:$C$1504,A8,Rezervasyonlar!$D$5:$D$1504,">="&DATE(Özet!$C$3,1,1),Rezervasyonlar!$D$5:$D$1504,"<"&DATE(Özet!$C$3+1,1,1),Rezervasyonlar!$F$5:$F$1504,"<>İptal")) | E8: =IF(A8="","",SUMIFS(Rezervasyonlar!$I$5:$I$1504,Rezervasyonlar!$C$5:$C$1504,A8,Rezervasyonlar!$D$5:$D$1504,">="&DATE(Özet!$C$3,1,1),Rezervasyonlar!$D$5:$D$1504,"<"&DATE(Özet!$C$3+1,1,1),Rezervasyonlar!$F$5:$F$1504,"<>İptal")) | F8: =IF(A8="","",D8/365) | G8: =IF(A8="","",IF(COUNTIFS(Rezervasyonlar!$C$5:$C$1504,A8,Rezervasyonlar!$D$5:$D$1504,"<="&TODAY(),Rezervasyonlar!$E$5:$E$1504,">="&TODAY(),Rezervasyonlar!$F$5:$F$1504,"<>İptal",Rezervasyonlar!$F$5:$F$1504,"<>İade alındı")>0,"Dışarıda","Müsait"))
D9: =IF(A9="","",SUMIFS(Rezervasyonlar!$H$5:$H$1504,Rezervasyonlar!$C$5:$C$1504,A9,Rezervasyonlar!$D$5:$D$1504,">="&DATE(Özet!$C$3,1,1),Rezervasyonlar!$D$5:$D$1504,"<"&DATE(Özet!$C$3+1,1,1),Rezervasyonlar!$F$5:$F$1504,"<>İptal")) | E9: =IF(A9="","",SUMIFS(Rezervasyonlar!$I$5:$I$1504,Rezervasyonlar!$C$5:$C$1504,A9,Rezervasyonlar!$D$5:$D$1504,">="&DATE(Özet!$C$3,1,1),Rezervasyonlar!$D$5:$D$1504,"<"&DATE(Özet!$C$3+1,1,1),Rezervasyonlar!$F$5:$F$1504,"<>İptal")) | F9: =IF(A9="","",D9/365) | G9: =IF(A9="","",IF(COUNTIFS(Rezervasyonlar!$C$5:$C$1504,A9,Rezervasyonlar!$D$5:$D$1504,"<="&TODAY(),Rezervasyonlar!$E$5:$E$1504,">="&TODAY(),Rezervasyonlar!$F$5:$F$1504,"<>İptal",Rezervasyonlar!$F$5:$F$1504,"<>İade alındı")>0,"Dışarıda","Müsait"))
D10: =IF(A10="","",SUMIFS(Rezervasyonlar!$H$5:$H$1504,Rezervasyonlar!$C$5:$C$1504,A10,Rezervasyonlar!$D$5:$D$1504,">="&DATE(Özet!$C$3,1,1),Rezervasyonlar!$D$5:$D$1504,"<"&DATE(Özet!$C$3+1,1,1),Rezervasyonlar!$F$5:$F$1504,"<>İptal")) | E10: =IF(A10="","",SUMIFS(Rezervasyonlar!$I$5:$I$1504,Rezervasyonlar!$C$5:$C$1504,A10,Rezervasyonlar!$D$5:$D$1504,">="&DATE(Özet!$C$3,1,1),Rezervasyonlar!$D$5:$D$1504,"<"&DATE(Özet!$C$3+1,1,1),Rezervasyonlar!$F$5:$F$1504,"<>İptal")) | F10: =IF(A10="","",D10/365) | G10: =IF(A10="","",IF(COUNTIFS(Rezervasyonlar!$C$5:$C$1504,A10,Rezervasyonlar!$D$5:$D$1504,"<="&TODAY(),Rezervasyonlar!$E$5:$E$1504,">="&TODAY(),Rezervasyonlar!$F$5:$F$1504,"<>İptal",Rezervasyonlar!$F$5:$F$1504,"<>İade alındı")>0,"Dışarıda","Müsait"))
D11: =IF(A11="","",SUMIFS(Rezervasyonlar!$H$5:$H$1504,Rezervasyonlar!$C$5:$C$1504,A11,Rezervasyonlar!$D$5:$D$1504,">="&DATE(Özet!$C$3,1,1),Rezervasyonlar!$D$5:$D$1504,"<"&DATE(Özet!$C$3+1,1,1),Rezervasyonlar!$F$5:$F$1504,"<>İptal")) | E11: =IF(A11="","",SUMIFS(Rezervasyonlar!$I$5:$I$1504,Rezervasyonlar!$C$5:$C$1504,A11,Rezervasyonlar!$D$5:$D$1504,">="&DATE(Özet!$C$3,1,1),Rezervasyonlar!$D$5:$D$1504,"<"&DATE(Özet!$C$3+1,1,1),Rezervasyonlar!$F$5:$F$1504,"<>İptal")) | F11: =IF(A11="","",D11/365) | G11: =IF(A11="","",IF(COUNTIFS(Rezervasyonlar!$C$5:$C$1504,A11,Rezervasyonlar!$D$5:$D$1504,"<="&TODAY(),Rezervasyonlar!$E$5:$E$1504,">="&TODAY(),Rezervasyonlar!$F$5:$F$1504,"<>İptal",Rezervasyonlar!$F$5:$F$1504,"<>İade alındı")>0,"Dışarıda","Müsait"))
D12: =IF(A12="","",SUMIFS(Rezervasyonlar!$H$5:$H$1504,Rezervasyonlar!$C$5:$C$1504,A12,Rezervasyonlar!$D$5:$D$1504,">="&DATE(Özet!$C$3,1,1),Rezervasyonlar!$D$5:$D$1504,"<"&DATE(Özet!$C$3+1,1,1),Rezervasyonlar!$F$5:$F$1504,"<>İptal")) | E12: =IF(A12="","",SUMIFS(Rezervasyonlar!$I$5:$I$1504,Rezervasyonlar!$C$5:$C$1504,A12,Rezervasyonlar!$D$5:$D$1504,">="&DATE(Özet!$C$3,1,1),Rezervasyonlar!$D$5:$D$1504,"<"&DATE(Özet!$C$3+1,1,1),Rezervasyonlar!$F$5:$F$1504,"<>İptal")) | F12: =IF(A12="","",D12/365) | G12: =IF(A12="","",IF(COUNTIFS(Rezervasyonlar!$C$5:$C$1504,A12,Rezervasyonlar!$D$5:$D$1504,"<="&TODAY(),Rezervasyonlar!$E$5:$E$1504,">="&TODAY(),Rezervasyonlar!$F$5:$F$1504,"<>İptal",Rezervasyonlar!$F$5:$F$1504,"<>İade alındı")>0,"Dışarıda","Müsait"))
D13: =IF(A13="","",SUMIFS(Rezervasyonlar!$H$5:$H$1504,Rezervasyonlar!$C$5:$C$1504,A13,Rezervasyonlar!$D$5:$D$1504,">="&DATE(Özet!$C$3,1,1),Rezervasyonlar!$D$5:$D$1504,"<"&DATE(Özet!$C$3+1,1,1),Rezervasyonlar!$F$5:$F$1504,"<>İptal")) | E13: =IF(A13="","",SUMIFS(Rezervasyonlar!$I$5:$I$1504,Rezervasyonlar!$C$5:$C$1504,A13,Rezervasyonlar!$D$5:$D$1504,">="&DATE(Özet!$C$3,1,1),Rezervasyonlar!$D$5:$D$1504,"<"&DATE(Özet!$C$3+1,1,1),Rezervasyonlar!$F$5:$F$1504,"<>İptal")) | F13: =IF(A13="","",D13/365) | G13: =IF(A13="","",IF(COUNTIFS(Rezervasyonlar!$C$5:$C$1504,A13,Rezervasyonlar!$D$5:$D$1504,"<="&TODAY(),Rezervasyonlar!$E$5:$E$1504,">="&TODAY(),Rezervasyonlar!$F$5:$F$1504,"<>İptal",Rezervasyonlar!$F$5:$F$1504,"<>İade alındı")>0,"Dışarıda","Müsait"))
D14: =IF(A14="","",SUMIFS(Rezervasyonlar!$H$5:$H$1504,Rezervasyonlar!$C$5:$C$1504,A14,Rezervasyonlar!$D$5:$D$1504,">="&DATE(Özet!$C$3,1,1),Rezervasyonlar!$D$5:$D$1504,"<"&DATE(Özet!$C$3+1,1,1),Rezervasyonlar!$F$5:$F$1504,"<>İptal")) | E14: =IF(A14="","",SUMIFS(Rezervasyonlar!$I$5:$I$1504,Rezervasyonlar!$C$5:$C$1504,A14,Rezervasyonlar!$D$5:$D$1504,">="&DATE(Özet!$C$3,1,1),Rezervasyonlar!$D$5:$D$1504,"<"&DATE(Özet!$C$3+1,1,1),Rezervasyonlar!$F$5:$F$1504,"<>İptal")) | F14: =IF(A14="","",D14/365) | G14: =IF(A14="","",IF(COUNTIFS(Rezervasyonlar!$C$5:$C$1504,A14,Rezervasyonlar!$D$5:$D$1504,"<="&TODAY(),Rezervasyonlar!$E$5:$E$1504,">="&TODAY(),Rezervasyonlar!$F$5:$F$1504,"<>İptal",Rezervasyonlar!$F$5:$F$1504,"<>İade alındı")>0,"Dışarıda","Müsait"))
D15: =IF(A15="","",SUMIFS(Rezervasyonlar!$H$5:$H$1504,Rezervasyonlar!$C$5:$C$1504,A15,Rezervasyonlar!$D$5:$D$1504,">="&DATE(Özet!$C$3,1,1),Rezervasyonlar!$D$5:$D$1504,"<"&DATE(Özet!$C$3+1,1,1),Rezervasyonlar!$F$5:$F$1504,"<>İptal")) | E15: =IF(A15="","",SUMIFS(Rezervasyonlar!$I$5:$I$1504,Rezervasyonlar!$C$5:$C$1504,A15,Rezervasyonlar!$D$5:$D$1504,">="&DATE(Özet!$C$3,1,1),Rezervasyonlar!$D$5:$D$1504,"<"&DATE(Özet!$C$3+1,1,1),Rezervasyonlar!$F$5:$F$1504,"<>İptal")) | F15: =IF(A15="","",D15/365) | G15: =IF(A15="","",IF(COUNTIFS(Rezervasyonlar!$C$5:$C$1504,A15,Rezervasyonlar!$D$5:$D$1504,"<="&TODAY(),Rezervasyonlar!$E$5:$E$1504,">="&TODAY(),Rezervasyonlar!$F$5:$F$1504,"<>İptal",Rezervasyonlar!$F$5:$F$1504,"<>İade alındı")>0,"Dışarıda","Müsait"))
D16: =IF(A16="","",SUMIFS(Rezervasyonlar!$H$5:$H$1504,Rezervasyonlar!$C$5:$C$1504,A16,Rezervasyonlar!$D$5:$D$1504,">="&DATE(Özet!$C$3,1,1),Rezervasyonlar!$D$5:$D$1504,"<"&DATE(Özet!$C$3+1,1,1),Rezervasyonlar!$F$5:$F$1504,"<>İptal")) | E16: =IF(A16="","",SUMIFS(Rezervasyonlar!$I$5:$I$1504,Rezervasyonlar!$C$5:$C$1504,A16,Rezervasyonlar!$D$5:$D$1504,">="&DATE(Özet!$C$3,1,1),Rezervasyonlar!$D$5:$D$1504,"<"&DATE(Özet!$C$3+1,1,1),Rezervasyonlar!$F$5:$F$1504,"<>İptal")) | F16: =IF(A16="","",D16/365) | G16: =IF(A16="","",IF(COUNTIFS(Rezervasyonlar!$C$5:$C$1504,A16,Rezervasyonlar!$D$5:$D$1504,"<="&TODAY(),Rezervasyonlar!$E$5:$E$1504,">="&TODAY(),Rezervasyonlar!$F$5:$F$1504,"<>İptal",Rezervasyonlar!$F$5:$F$1504,"<>İade alındı")>0,"Dışarıda","Müsait"))
D17: =IF(A17="","",SUMIFS(Rezervasyonlar!$H$5:$H$1504,Rezervasyonlar!$C$5:$C$1504,A17,Rezervasyonlar!$D$5:$D$1504,">="&DATE(Özet!$C$3,1,1),Rezervasyonlar!$D$5:$D$1504,"<"&DATE(Özet!$C$3+1,1,1),Rezervasyonlar!$F$5:$F$1504,"<>İptal")) | E17: =IF(A17="","",SUMIFS(Rezervasyonlar!$I$5:$I$1504,Rezervasyonlar!$C$5:$C$1504,A17,Rezervasyonlar!$D$5:$D$1504,">="&DATE(Özet!$C$3,1,1),Rezervasyonlar!$D$5:$D$1504,"<"&DATE(Özet!$C$3+1,1,1),Rezervasyonlar!$F$5:$F$1504,"<>İptal")) | F17: =IF(A17="","",D17/365) | G17: =IF(A17="","",IF(COUNTIFS(Rezervasyonlar!$C$5:$C$1504,A17,Rezervasyonlar!$D$5:$D$1504,"<="&TODAY(),Rezervasyonlar!$E$5:$E$1504,">="&TODAY(),Rezervasyonlar!$F$5:$F$1504,"<>İptal",Rezervasyonlar!$F$5:$F$1504,"<>İade alındı")>0,"Dışarıda","Müsait"))
D18: =IF(A18="","",SUMIFS(Rezervasyonlar!$H$5:$H$1504,Rezervasyonlar!$C$5:$C$1504,A18,Rezervasyonlar!$D$5:$D$1504,">="&DATE(Özet!$C$3,1,1),Rezervasyonlar!$D$5:$D$1504,"<"&DATE(Özet!$C$3+1,1,1),Rezervasyonlar!$F$5:$F$1504,"<>İptal")) | E18: =IF(A18="","",SUMIFS(Rezervasyonlar!$I$5:$I$1504,Rezervasyonlar!$C$5:$C$1504,A18,Rezervasyonlar!$D$5:$D$1504,">="&DATE(Özet!$C$3,1,1),Rezervasyonlar!$D$5:$D$1504,"<"&DATE(Özet!$C$3+1,1,1),Rezervasyonlar!$F$5:$F$1504,"<>İptal")) | F18: =IF(A18="","",D18/365) | G18: =IF(A18="","",IF(COUNTIFS(Rezervasyonlar!$C$5:$C$1504,A18,Rezervasyonlar!$D$5:$D$1504,"<="&TODAY(),Rezervasyonlar!$E$5:$E$1504,">="&TODAY(),Rezervasyonlar!$F$5:$F$1504,"<>İptal",Rezervasyonlar!$F$5:$F$1504,"<>İade alındı")>0,"Dışarıda","Müsait"))
D19: =IF(A19="","",SUMIFS(Rezervasyonlar!$H$5:$H$1504,Rezervasyonlar!$C$5:$C$1504,A19,Rezervasyonlar!$D$5:$D$1504,">="&DATE(Özet!$C$3,1,1),Rezervasyonlar!$D$5:$D$1504,"<"&DATE(Özet!$C$3+1,1,1),Rezervasyonlar!$F$5:$F$1504,"<>İptal")) | E19: =IF(A19="","",SUMIFS(Rezervasyonlar!$I$5:$I$1504,Rezervasyonlar!$C$5:$C$1504,A19,Rezervasyonlar!$D$5:$D$1504,">="&DATE(Özet!$C$3,1,1),Rezervasyonlar!$D$5:$D$1504,"<"&DATE(Özet!$C$3+1,1,1),Rezervasyonlar!$F$5:$F$1504,"<>İptal")) | F19: =IF(A19="","",D19/365) | G19: =IF(A19="","",IF(COUNTIFS(Rezervasyonlar!$C$5:$C$1504,A19,Rezervasyonlar!$D$5:$D$1504,"<="&TODAY(),Rezervasyonlar!$E$5:$E$1504,">="&TODAY(),Rezervasyonlar!$F$5:$F$1504,"<>İptal",Rezervasyonlar!$F$5:$F$1504,"<>İade alındı")>0,"Dışarıda","Müsait"))
... D64: =IF(A64="","",SUMIFS(Rezervasyonlar!$H$5:$H$1504,Rezervasyonlar!$C$5:$C$1504,A64,Rezervasyonlar!$D$5:$D$1504,">="&DATE(Özet!$C$3,1,1),Rezervasyonlar!$D$5:$D$1504,"<"&DATE(Özet!$C$3+1,1,1),Rezervasyonlar!$F$5:$F$1504,"<>İptal")) | E64: =IF(A64="","",SUMIFS(Rezervasyonlar!$I$5:$I$1504,Rezervasyonlar!$C$5:$C$1504,A64,Rezervasyonlar!$D$5:$D$1504,">="&DATE(Özet!$C$3,1,1),Rezervasyonlar!$D$5:$D$1504,"<"&DATE(Özet!$C$3+1,1,1),Rezervasyonlar!$F$5:$F$1504,"<>İptal")) | F64: =IF(A64="","",D64/365) | G64: =IF(A64="","",IF(COUNTIFS(Rezervasyonlar!$C$5:$C$1504,A64,Rezervasyonlar!$D$5:$D$1504,"<="&TODAY(),Rezervasyonlar!$E$5:$E$1504,">="&TODAY(),Rezervasyonlar!$F$5:$F$1504,"<>İptal",Rezervasyonlar!$F$5:$F$1504,"<>İade alındı")>0,"Dışarıda","Müsait"))

Sheet Özet
A1: Özet
A2: Yılı değiştir. Kiralama, başladığı aya yazılır.
B3: Yıl | C3: 2026
B5: Yıl cirosu | C5: Şu an dışarıda | D5: Yarın teslim edilecek | E5: Bugün dönecek | F5: Çakışan rezervasyon
B6: =E23 -> 25500 | C6: =COUNTIF(Ürünler!$G$5:$G$64,"Dışarıda") -> 1 | D6: =COUNTIFS(Rezervasyonlar!$D$5:$D$1504,TODAY()+1,Rezervasyonlar!$F$5:$F$1504,"Rezerve") -> 2 | E6: =COUNTIFS(Rezervasyonlar!$E$5:$E$1504,TODAY(),Rezervasyonlar!$F$5:$F$1504,"Teslim edildi") -> 0 | F6: =COUNTIF(Rezervasyonlar!$J$5:$J$1504,"Çakışıyor") -> 2
B9: Aylık tablo
B10: Ay | C10: Kiralama | D10: Gün | E10: Ciro (₺)
B11: Ocak | C11: =COUNTIFS(Rezervasyonlar!$D$5:$D$1504,">="&DATE($C$3,1,1),Rezervasyonlar!$D$5:$D$1504,"<"&DATE($C$3,2,1),Rezervasyonlar!$F$5:$F$1504,"<>İptal") -> 0 | D11: =SUMIFS(Rezervasyonlar!$H$5:$H$1504,Rezervasyonlar!$D$5:$D$1504,">="&DATE($C$3,1,1),Rezervasyonlar!$D$5:$D$1504,"<"&DATE($C$3,2,1),Rezervasyonlar!$F$5:$F$1504,"<>İptal") -> 0 | E11: =SUMIFS(Rezervasyonlar!$I$5:$I$1504,Rezervasyonlar!$D$5:$D$1504,">="&DATE($C$3,1,1),Rezervasyonlar!$D$5:$D$1504,"<"&DATE($C$3,2,1)) -> 0
B12: Şubat | C12: =COUNTIFS(Rezervasyonlar!$D$5:$D$1504,">="&DATE($C$3,2,1),Rezervasyonlar!$D$5:$D$1504,"<"&DATE($C$3,3,1),Rezervasyonlar!$F$5:$F$1504,"<>İptal") -> 0 | D12: =SUMIFS(Rezervasyonlar!$H$5:$H$1504,Rezervasyonlar!$D$5:$D$1504,">="&DATE($C$3,2,1),Rezervasyonlar!$D$5:$D$1504,"<"&DATE($C$3,3,1),Rezervasyonlar!$F$5:$F$1504,"<>İptal") -> 0 | E12: =SUMIFS(Rezervasyonlar!$I$5:$I$1504,Rezervasyonlar!$D$5:$D$1504,">="&DATE($C$3,2,1),Rezervasyonlar!$D$5:$D$1504,"<"&DATE($C$3,3,1)) -> 0
B13: Mart | C13: =COUNTIFS(Rezervasyonlar!$D$5:$D$1504,">="&DATE($C$3,3,1),Rezervasyonlar!$D$5:$D$1504,"<"&DATE($C$3,4,1),Rezervasyonlar!$F$5:$F$1504,"<>İptal") -> 0 | D13: =SUMIFS(Rezervasyonlar!$H$5:$H$1504,Rezervasyonlar!$D$5:$D$1504,">="&DATE($C$3,3,1),Rezervasyonlar!$D$5:$D$1504,"<"&DATE($C$3,4,1),Rezervasyonlar!$F$5:$F$1504,"<>İptal") -> 0 | E13: =SUMIFS(Rezervasyonlar!$I$5:$I$1504,Rezervasyonlar!$D$5:$D$1504,">="&DATE($C$3,3,1),Rezervasyonlar!$D$5:$D$1504,"<"&DATE($C$3,4,1)) -> 0
B14: Nisan | C14: =COUNTIFS(Rezervasyonlar!$D$5:$D$1504,">="&DATE($C$3,4,1),Rezervasyonlar!$D$5:$D$1504,"<"&DATE($C$3,5,1),Rezervasyonlar!$F$5:$F$1504,"<>İptal") -> 0 | D14: =SUMIFS(Rezervasyonlar!$H$5:$H$1504,Rezervasyonlar!$D$5:$D$1504,">="&DATE($C$3,4,1),Rezervasyonlar!$D$5:$D$1504,"<"&DATE($C$3,5,1),Rezervasyonlar!$F$5:$F$1504,"<>İptal") -> 0 | E14: =SUMIFS(Rezervasyonlar!$I$5:$I$1504,Rezervasyonlar!$D$5:$D$1504,">="&DATE($C$3,4,1),Rezervasyonlar!$D$5:$D$1504,"<"&DATE($C$3,5,1)) -> 0
B15: Mayıs | C15: =COUNTIFS(Rezervasyonlar!$D$5:$D$1504,">="&DATE($C$3,5,1),Rezervasyonlar!$D$5:$D$1504,"<"&DATE($C$3,6,1),Rezervasyonlar!$F$5:$F$1504,"<>İptal") -> 0 | D15: =SUMIFS(Rezervasyonlar!$H$5:$H$1504,Rezervasyonlar!$D$5:$D$1504,">="&DATE($C$3,5,1),Rezervasyonlar!$D$5:$D$1504,"<"&DATE($C$3,6,1),Rezervasyonlar!$F$5:$F$1504,"<>İptal") -> 0 | E15: =SUMIFS(Rezervasyonlar!$I$5:$I$1504,Rezervasyonlar!$D$5:$D$1504,">="&DATE($C$3,5,1),Rezervasyonlar!$D$5:$D$1504,"<"&DATE($C$3,6,1)) -> 0
B16: Haziran | C16: =COUNTIFS(Rezervasyonlar!$D$5:$D$1504,">="&DATE($C$3,6,1),Rezervasyonlar!$D$5:$D$1504,"<"&DATE($C$3,7,1),Rezervasyonlar!$F$5:$F$1504,"<>İptal") -> 0 | D16: =SUMIFS(Rezervasyonlar!$H$5:$H$1504,Rezervasyonlar!$D$5:$D$1504,">="&DATE($C$3,6,1),Rezervasyonlar!$D$5:$D$1504,"<"&DATE($C$3,7,1),Rezervasyonlar!$F$5:$F$1504,"<>İptal") -> 0 | E16: =SUMIFS(Rezervasyonlar!$I$5:$I$1504,Rezervasyonlar!$D$5:$D$1504,">="&DATE($C$3,6,1),Rezervasyonlar!$D$5:$D$1504,"<"&DATE($C$3,7,1)) -> 0
B17: Temmuz | C17: =COUNTIFS(Rezervasyonlar!$D$5:$D$1504,">="&DATE($C$3,7,1),Rezervasyonlar!$D$5:$D$1504,"<"&DATE($C$3,8,1),Rezervasyonlar!$F$5:$F$1504,"<>İptal") -> 0 | D17: =SUMIFS(Rezervasyonlar!$H$5:$H$1504,Rezervasyonlar!$D$5:$D$1504,">="&DATE($C$3,7,1),Rezervasyonlar!$D$5:$D$1504,"<"&DATE($C$3,8,1),Rezervasyonlar!$F$5:$F$1504,"<>İptal") -> 0 | E17: =SUMIFS(Rezervasyonlar!$I$5:$I$1504,Rezervasyonlar!$D$5:$D$1504,">="&DATE($C$3,7,1),Rezervasyonlar!$D$5:$D$1504,"<"&DATE($C$3,8,1)) -> 0
B18: Ağustos | C18: =COUNTIFS(Rezervasyonlar!$D$5:$D$1504,">="&DATE($C$3,8,1),Rezervasyonlar!$D$5:$D$1504,"<"&DATE($C$3,9,1),Rezervasyonlar!$F$5:$F$1504,"<>İptal") -> 1 | D18: =SUMIFS(Rezervasyonlar!$H$5:$H$1504,Rezervasyonlar!$D$5:$D$1504,">="&DATE($C$3,8,1),Rezervasyonlar!$D$5:$D$1504,"<"&DATE($C$3,9,1),Rezervasyonlar!$F$5:$F$1504,"<>İptal") -> 3 | E18: =SUMIFS(Rezervasyonlar!$I$5:$I$1504,Rezervasyonlar!$D$5:$D$1504,">="&DATE($C$3,8,1),Rezervasyonlar!$D$5:$D$1504,"<"&DATE($C$3,9,1)) -> 12000
B19: Eylül | C19: =COUNTIFS(Rezervasyonlar!$D$5:$D$1504,">="&DATE($C$3,9,1),Rezervasyonlar!$D$5:$D$1504,"<"&DATE($C$3,10,1),Rezervasyonlar!$F$5:$F$1504,"<>İptal") -> 0 | D19: =SUMIFS(Rezervasyonlar!$H$5:$H$1504,Rezervasyonlar!$D$5:$D$1504,">="&DATE($C$3,9,1),Rezervasyonlar!$D$5:$D$1504,"<"&DATE($C$3,10,1),Rezervasyonlar!$F$5:$F$1504,"<>İptal") -> 0 | E19: =SUMIFS(Rezervasyonlar!$I$5:$I$1504,Rezervasyonlar!$D$5:$D$1504,">="&DATE($C$3,9,1),Rezervasyonlar!$D$5:$D$1504,"<"&DATE($C$3,10,1)) -> 0
B20: Ekim | C20: =COUNTIFS(Rezervasyonlar!$D$5:$D$1504,">="&DATE($C$3,10,1),Rezervasyonlar!$D$5:$D$1504,"<"&DATE($C$3,11,1),Rezervasyonlar!$F$5:$F$1504,"<>İptal") -> 3 | D20: =SUMIFS(Rezervasyonlar!$H$5:$H$1504,Rezervasyonlar!$D$5:$D$1504,">="&DATE($C$3,10,1),Rezervasyonlar!$D$5:$D$1504,"<"&DATE($C$3,11,1),Rezervasyonlar!$F$5:$F$1504,"<>İptal") -> 6 | E20: =SUMIFS(Rezervasyonlar!$I$5:$I$1504,Rezervasyonlar!$D$5:$D$1504,">="&DATE($C$3,10,1),Rezervasyonlar!$D$5:$D$1504,"<"&DATE($C$3,11,1)) -> 13500
B21: Kasım | C21: =COUNTIFS(Rezervasyonlar!$D$5:$D$1504,">="&DATE($C$3,11,1),Rezervasyonlar!$D$5:$D$1504,"<"&DATE($C$3,12,1),Rezervasyonlar!$F$5:$F$1504,"<>İptal") -> 0 | D21: =SUMIFS(Rezervasyonlar!$H$5:$H$1504,Rezervasyonlar!$D$5:$D$1504,">="&DATE($C$3,11,1),Rezervasyonlar!$D$5:$D$1504,"<"&DATE($C$3,12,1),Rezervasyonlar!$F$5:$F$1504,"<>İptal") -> 0 | E21: =SUMIFS(Rezervasyonlar!$I$5:$I$1504,Rezervasyonlar!$D$5:$D$1504,">="&DATE($C$3,11,1),Rezervasyonlar!$D$5:$D$1504,"<"&DATE($C$3,12,1)) -> 0
B22: Aralık | C22: =COUNTIFS(Rezervasyonlar!$D$5:$D$1504,">="&DATE($C$3,12,1),Rezervasyonlar!$D$5:$D$1504,"<"&DATE($C$3,13,1),Rezervasyonlar!$F$5:$F$1504,"<>İptal") -> 0 | D22: =SUMIFS(Rezervasyonlar!$H$5:$H$1504,Rezervasyonlar!$D$5:$D$1504,">="&DATE($C$3,12,1),Rezervasyonlar!$D$5:$D$1504,"<"&DATE($C$3,13,1),Rezervasyonlar!$F$5:$F$1504,"<>İptal") -> 0 | E22: =SUMIFS(Rezervasyonlar!$I$5:$I$1504,Rezervasyonlar!$D$5:$D$1504,">="&DATE($C$3,12,1),Rezervasyonlar!$D$5:$D$1504,"<"&DATE($C$3,13,1)) -> 0
B23: TOPLAM | C23: =SUM(C11:C22) -> 4 | D23: =SUM(D11:D22) -> 9 | E23: =SUM(E11:E22) -> 25500

Sheet AI Komutları
B1: Yapay Zeka Komutları
B2: İlgili sayfada başlık satırıyla birlikte kayıtlarını seç, kopyala, kullandığın yapay zeka asistanına yapıştır ve altına komutu ekle.
B3: Dikkat: Müşteri adlarını ve telefonlarını paylaşma. Yapay zekanın verdiği rakamları dosyadaki özet sayfasıyla karşılaştır.
B5: Ne için | C5: Komut (kopyala, yapıştır)
B6: Teslim listesi | C6: [Rezervasyonlar sayfası] Yarın teslim edilecek ve geri alınacak ürünleri saat sırası için liste haline getir.
B7: Doluluk | C7: [Ürünler sayfası] Doluluk oranı düşük ürünler için fiyat ya da paket önerisi ver.
B8: Sözleşme | C8: Kısa bir kiralama teslim tutanağı taslağı hazırla: ürün, tarih, depozito, hasar durumu.
B9: Hatırlatma | C9: Ürünü yarın getirmesi gereken müşteriye kibar bir hatırlatma yaz.
