Workbook

Sheet Başla
B2: EXCEL KLİNİĞİ
B3: FİYAT | Fiyat listesi ve zam güncelleme
B4: Bütün ürünlere tek seferde zam yap, kategoriye ya da ürüne özel oran ver, fiyatları yuvarla; marjın nasıl değiştiğini gör.
B6: NASIL KULLANILIR
B7: 1. Kategori Zamları | C7: Kategorilerini yaz; özel oran vermek istediklerinin yanına oranı gir.
B8: 2. Ürünler | C8: Ürünleri maliyet ve mevcut fiyatla yaz.
B9: 3. Özet | C9: Genel zam oranını ve yuvarlama kuralını belirle; yeni fiyatlar Ürünler sayfasında çıkar.
B11: BİLMEN GEREKENLER
B12: Öncelik | C12: Ürüne özel zam varsa o, yoksa kategorinin oranı, o da yoksa genel oran uygulanır.
B13: Yuvarlama | C13: Yeni fiyat her zaman yukarı yuvarlanır; bu yüzden gerçekleşen zam, yazdığın orandan biraz yüksek çıkabilir.
B14: Uygulama | C14: Dosya yalnızca hesaplar; mevcut fiyatların üzerine yazmaz. Zamdan sonra yeni fiyatları değer olarak kopyalayıp mevcut fiyat sütununa yapıştır.
B15: Kapasite | C15: Ürünler: 500 satır.
B17: RENKLER
B18: Sarı hücre | C18: Senin dolduracağın hücre. İçindeki örnekleri silip kendi bilgini yaz.
B19: Beyaz hücre, açık başlık | C19: Formül. Değiştirme, kendiliğinden hesaplanır.

Sheet Ürünler
A1: Ürünler
A2: Ürünleri maliyeti ve mevcut fiyatıyla yaz. Ürüne özel zam vermek istersen son sarı sütuna oranı yaz.
A4: Ürün | B4: Kategori | C4: Maliyet (₺) | D4: Mevcut fiyat (₺) | E4: Özel zam | F4: Uygulanan zam | G4: Yeni fiyat (₺) | H4: Fark (₺) | I4: Eski marj | J4: Yeni marj | K4: Gerçekleşen zam
A5: Ayran | B5: İçecek | C5: 12 | D5: 20 | F5: =IF(OR(A5="",D5=""),"",IF(E5<>"",E5,IF(IFERROR(INDEX('Kategori Zamları'!$B$5:$B$24,MATCH(B5,'Kategori Zamları'!$A$5:$A$24,0)),"")="",Özet!$C$3,INDEX('Kategori Zamları'!$B$5:$B$24,MATCH(B5,'Kategori Zamları'!$A$5:$A$24,0))))) -> 0.25 | G5: =IF(F5="","",ROUNDUP(ROUND(D5*(1+F5)/Özet!$C$4,6),0)*Özet!$C$4-Özet!$C$5) -> 24.9 | H5: =IF(G5="","",G5-D5) -> 4.9 | I5: =IF(OR(G5="",D5=0),"",(D5-C5)/D5) -> 0.4 | J5: =IF(OR(G5="",G5=0),"",(G5-C5)/G5) -> 0.51807229 | K5: =IF(OR(G5="",D5=0),"",G5/D5-1) -> 0.245
A6: Kraker | B6: Atıştırmalık | C6: 18 | D6: 30 | F6: =IF(OR(A6="",D6=""),"",IF(E6<>"",E6,IF(IFERROR(INDEX('Kategori Zamları'!$B$5:$B$24,MATCH(B6,'Kategori Zamları'!$A$5:$A$24,0)),"")="",Özet!$C$3,INDEX('Kategori Zamları'!$B$5:$B$24,MATCH(B6,'Kategori Zamları'!$A$5:$A$24,0))))) -> 0.2 | G6: =IF(F6="","",ROUNDUP(ROUND(D6*(1+F6)/Özet!$C$4,6),0)*Özet!$C$4-Özet!$C$5) -> 39.9 | H6: =IF(G6="","",G6-D6) -> 9.9 | I6: =IF(OR(G6="",D6=0),"",(D6-C6)/D6) -> 0.4 | J6: =IF(OR(G6="",G6=0),"",(G6-C6)/G6) -> 0.54887218 | K6: =IF(OR(G6="",D6=0),"",G6/D6-1) -> 0.33
A7: Çikolata | B7: Atıştırmalık | C7: 30 | D7: 45 | E7: 0.1 | F7: =IF(OR(A7="",D7=""),"",IF(E7<>"",E7,IF(IFERROR(INDEX('Kategori Zamları'!$B$5:$B$24,MATCH(B7,'Kategori Zamları'!$A$5:$A$24,0)),"")="",Özet!$C$3,INDEX('Kategori Zamları'!$B$5:$B$24,MATCH(B7,'Kategori Zamları'!$A$5:$A$24,0))))) -> 0.1 | G7: =IF(F7="","",ROUNDUP(ROUND(D7*(1+F7)/Özet!$C$4,6),0)*Özet!$C$4-Özet!$C$5) -> 49.9 | H7: =IF(G7="","",G7-D7) -> 4.9 | I7: =IF(OR(G7="",D7=0),"",(D7-C7)/D7) -> 0.33333333 | J7: =IF(OR(G7="",G7=0),"",(G7-C7)/G7) -> 0.3987976 | K7: =IF(OR(G7="",D7=0),"",G7/D7-1) -> 0.10888889
A8: Sıvı sabun | B8: Temizlik | C8: 55 | D8: 88 | F8: =IF(OR(A8="",D8=""),"",IF(E8<>"",E8,IF(IFERROR(INDEX('Kategori Zamları'!$B$5:$B$24,MATCH(B8,'Kategori Zamları'!$A$5:$A$24,0)),"")="",Özet!$C$3,INDEX('Kategori Zamları'!$B$5:$B$24,MATCH(B8,'Kategori Zamları'!$A$5:$A$24,0))))) -> 0.15 | G8: =IF(F8="","",ROUNDUP(ROUND(D8*(1+F8)/Özet!$C$4,6),0)*Özet!$C$4-Özet!$C$5) -> 104.9 | H8: =IF(G8="","",G8-D8) -> 16.9 | I8: =IF(OR(G8="",D8=0),"",(D8-C8)/D8) -> 0.375 | J8: =IF(OR(G8="",G8=0),"",(G8-C8)/G8) -> 0.47569113 | K8: =IF(OR(G8="",D8=0),"",G8/D8-1) -> 0.19204545
F9: =IF(OR(A9="",D9=""),"",IF(E9<>"",E9,IF(IFERROR(INDEX('Kategori Zamları'!$B$5:$B$24,MATCH(B9,'Kategori Zamları'!$A$5:$A$24,0)),"")="",Özet!$C$3,INDEX('Kategori Zamları'!$B$5:$B$24,MATCH(B9,'Kategori Zamları'!$A$5:$A$24,0))))) | G9: =IF(F9="","",ROUNDUP(ROUND(D9*(1+F9)/Özet!$C$4,6),0)*Özet!$C$4-Özet!$C$5) | H9: =IF(G9="","",G9-D9) | I9: =IF(OR(G9="",D9=0),"",(D9-C9)/D9) | J9: =IF(OR(G9="",G9=0),"",(G9-C9)/G9) | K9: =IF(OR(G9="",D9=0),"",G9/D9-1)
F10: =IF(OR(A10="",D10=""),"",IF(E10<>"",E10,IF(IFERROR(INDEX('Kategori Zamları'!$B$5:$B$24,MATCH(B10,'Kategori Zamları'!$A$5:$A$24,0)),"")="",Özet!$C$3,INDEX('Kategori Zamları'!$B$5:$B$24,MATCH(B10,'Kategori Zamları'!$A$5:$A$24,0))))) | G10: =IF(F10="","",ROUNDUP(ROUND(D10*(1+F10)/Özet!$C$4,6),0)*Özet!$C$4-Özet!$C$5) | H10: =IF(G10="","",G10-D10) | I10: =IF(OR(G10="",D10=0),"",(D10-C10)/D10) | J10: =IF(OR(G10="",G10=0),"",(G10-C10)/G10) | K10: =IF(OR(G10="",D10=0),"",G10/D10-1)
F11: =IF(OR(A11="",D11=""),"",IF(E11<>"",E11,IF(IFERROR(INDEX('Kategori Zamları'!$B$5:$B$24,MATCH(B11,'Kategori Zamları'!$A$5:$A$24,0)),"")="",Özet!$C$3,INDEX('Kategori Zamları'!$B$5:$B$24,MATCH(B11,'Kategori Zamları'!$A$5:$A$24,0))))) | G11: =IF(F11="","",ROUNDUP(ROUND(D11*(1+F11)/Özet!$C$4,6),0)*Özet!$C$4-Özet!$C$5) | H11: =IF(G11="","",G11-D11) | I11: =IF(OR(G11="",D11=0),"",(D11-C11)/D11) | J11: =IF(OR(G11="",G11=0),"",(G11-C11)/G11) | K11: =IF(OR(G11="",D11=0),"",G11/D11-1)
F12: =IF(OR(A12="",D12=""),"",IF(E12<>"",E12,IF(IFERROR(INDEX('Kategori Zamları'!$B$5:$B$24,MATCH(B12,'Kategori Zamları'!$A$5:$A$24,0)),"")="",Özet!$C$3,INDEX('Kategori Zamları'!$B$5:$B$24,MATCH(B12,'Kategori Zamları'!$A$5:$A$24,0))))) | G12: =IF(F12="","",ROUNDUP(ROUND(D12*(1+F12)/Özet!$C$4,6),0)*Özet!$C$4-Özet!$C$5) | H12: =IF(G12="","",G12-D12) | I12: =IF(OR(G12="",D12=0),"",(D12-C12)/D12) | J12: =IF(OR(G12="",G12=0),"",(G12-C12)/G12) | K12: =IF(OR(G12="",D12=0),"",G12/D12-1)
F13: =IF(OR(A13="",D13=""),"",IF(E13<>"",E13,IF(IFERROR(INDEX('Kategori Zamları'!$B$5:$B$24,MATCH(B13,'Kategori Zamları'!$A$5:$A$24,0)),"")="",Özet!$C$3,INDEX('Kategori Zamları'!$B$5:$B$24,MATCH(B13,'Kategori Zamları'!$A$5:$A$24,0))))) | G13: =IF(F13="","",ROUNDUP(ROUND(D13*(1+F13)/Özet!$C$4,6),0)*Özet!$C$4-Özet!$C$5) | H13: =IF(G13="","",G13-D13) | I13: =IF(OR(G13="",D13=0),"",(D13-C13)/D13) | J13: =IF(OR(G13="",G13=0),"",(G13-C13)/G13) | K13: =IF(OR(G13="",D13=0),"",G13/D13-1)
F14: =IF(OR(A14="",D14=""),"",IF(E14<>"",E14,IF(IFERROR(INDEX('Kategori Zamları'!$B$5:$B$24,MATCH(B14,'Kategori Zamları'!$A$5:$A$24,0)),"")="",Özet!$C$3,INDEX('Kategori Zamları'!$B$5:$B$24,MATCH(B14,'Kategori Zamları'!$A$5:$A$24,0))))) | G14: =IF(F14="","",ROUNDUP(ROUND(D14*(1+F14)/Özet!$C$4,6),0)*Özet!$C$4-Özet!$C$5) | H14: =IF(G14="","",G14-D14) | I14: =IF(OR(G14="",D14=0),"",(D14-C14)/D14) | J14: =IF(OR(G14="",G14=0),"",(G14-C14)/G14) | K14: =IF(OR(G14="",D14=0),"",G14/D14-1)
F15: =IF(OR(A15="",D15=""),"",IF(E15<>"",E15,IF(IFERROR(INDEX('Kategori Zamları'!$B$5:$B$24,MATCH(B15,'Kategori Zamları'!$A$5:$A$24,0)),"")="",Özet!$C$3,INDEX('Kategori Zamları'!$B$5:$B$24,MATCH(B15,'Kategori Zamları'!$A$5:$A$24,0))))) | G15: =IF(F15="","",ROUNDUP(ROUND(D15*(1+F15)/Özet!$C$4,6),0)*Özet!$C$4-Özet!$C$5) | H15: =IF(G15="","",G15-D15) | I15: =IF(OR(G15="",D15=0),"",(D15-C15)/D15) | J15: =IF(OR(G15="",G15=0),"",(G15-C15)/G15) | K15: =IF(OR(G15="",D15=0),"",G15/D15-1)
F16: =IF(OR(A16="",D16=""),"",IF(E16<>"",E16,IF(IFERROR(INDEX('Kategori Zamları'!$B$5:$B$24,MATCH(B16,'Kategori Zamları'!$A$5:$A$24,0)),"")="",Özet!$C$3,INDEX('Kategori Zamları'!$B$5:$B$24,MATCH(B16,'Kategori Zamları'!$A$5:$A$24,0))))) | G16: =IF(F16="","",ROUNDUP(ROUND(D16*(1+F16)/Özet!$C$4,6),0)*Özet!$C$4-Özet!$C$5) | H16: =IF(G16="","",G16-D16) | I16: =IF(OR(G16="",D16=0),"",(D16-C16)/D16) | J16: =IF(OR(G16="",G16=0),"",(G16-C16)/G16) | K16: =IF(OR(G16="",D16=0),"",G16/D16-1)
F17: =IF(OR(A17="",D17=""),"",IF(E17<>"",E17,IF(IFERROR(INDEX('Kategori Zamları'!$B$5:$B$24,MATCH(B17,'Kategori Zamları'!$A$5:$A$24,0)),"")="",Özet!$C$3,INDEX('Kategori Zamları'!$B$5:$B$24,MATCH(B17,'Kategori Zamları'!$A$5:$A$24,0))))) | G17: =IF(F17="","",ROUNDUP(ROUND(D17*(1+F17)/Özet!$C$4,6),0)*Özet!$C$4-Özet!$C$5) | H17: =IF(G17="","",G17-D17) | I17: =IF(OR(G17="",D17=0),"",(D17-C17)/D17) | J17: =IF(OR(G17="",G17=0),"",(G17-C17)/G17) | K17: =IF(OR(G17="",D17=0),"",G17/D17-1)
F18: =IF(OR(A18="",D18=""),"",IF(E18<>"",E18,IF(IFERROR(INDEX('Kategori Zamları'!$B$5:$B$24,MATCH(B18,'Kategori Zamları'!$A$5:$A$24,0)),"")="",Özet!$C$3,INDEX('Kategori Zamları'!$B$5:$B$24,MATCH(B18,'Kategori Zamları'!$A$5:$A$24,0))))) | G18: =IF(F18="","",ROUNDUP(ROUND(D18*(1+F18)/Özet!$C$4,6),0)*Özet!$C$4-Özet!$C$5) | H18: =IF(G18="","",G18-D18) | I18: =IF(OR(G18="",D18=0),"",(D18-C18)/D18) | J18: =IF(OR(G18="",G18=0),"",(G18-C18)/G18) | K18: =IF(OR(G18="",D18=0),"",G18/D18-1)
F19: =IF(OR(A19="",D19=""),"",IF(E19<>"",E19,IF(IFERROR(INDEX('Kategori Zamları'!$B$5:$B$24,MATCH(B19,'Kategori Zamları'!$A$5:$A$24,0)),"")="",Özet!$C$3,INDEX('Kategori Zamları'!$B$5:$B$24,MATCH(B19,'Kategori Zamları'!$A$5:$A$24,0))))) | G19: =IF(F19="","",ROUNDUP(ROUND(D19*(1+F19)/Özet!$C$4,6),0)*Özet!$C$4-Özet!$C$5) | H19: =IF(G19="","",G19-D19) | I19: =IF(OR(G19="",D19=0),"",(D19-C19)/D19) | J19: =IF(OR(G19="",G19=0),"",(G19-C19)/G19) | K19: =IF(OR(G19="",D19=0),"",G19/D19-1)
F20: =IF(OR(A20="",D20=""),"",IF(E20<>"",E20,IF(IFERROR(INDEX('Kategori Zamları'!$B$5:$B$24,MATCH(B20,'Kategori Zamları'!$A$5:$A$24,0)),"")="",Özet!$C$3,INDEX('Kategori Zamları'!$B$5:$B$24,MATCH(B20,'Kategori Zamları'!$A$5:$A$24,0))))) | G20: =IF(F20="","",ROUNDUP(ROUND(D20*(1+F20)/Özet!$C$4,6),0)*Özet!$C$4-Özet!$C$5) | H20: =IF(G20="","",G20-D20) | I20: =IF(OR(G20="",D20=0),"",(D20-C20)/D20) | J20: =IF(OR(G20="",G20=0),"",(G20-C20)/G20) | K20: =IF(OR(G20="",D20=0),"",G20/D20-1)
... F504: =IF(OR(A504="",D504=""),"",IF(E504<>"",E504,IF(IFERROR(INDEX('Kategori Zamları'!$B$5:$B$24,MATCH(B504,'Kategori Zamları'!$A$5:$A$24,0)),"")="",Özet!$C$3,INDEX('Kategori Zamları'!$B$5:$B$24,MATCH(B504,'Kategori Zamları'!$A$5:$A$24,0))))) | G504: =IF(F504="","",ROUNDUP(ROUND(D504*(1+F504)/Özet!$C$4,6),0)*Özet!$C$4-Özet!$C$5) | H504: =IF(G504="","",G504-D504) | I504: =IF(OR(G504="",D504=0),"",(D504-C504)/D504) | J504: =IF(OR(G504="",G504=0),"",(G504-C504)/G504) | K504: =IF(OR(G504="",D504=0),"",G504/D504-1)

Sheet Özet
A1: Özet
A2: Genel zam oranını ve yuvarlama kuralını yaz.
B3: Genel zam oranı | C3: 0.2 | D3: Kategoriye ya da ürüne özel oran yoksa bu uygulanır.
B4: Yuvarlama adımı (₺) | C4: 5 | D4: Yeni fiyat bu adımın katına yukarı yuvarlanır: 1, 5 ya da 10 gibi.
B5: Fiyattan düşülecek (₺) | C5: 0.1 | D5: 0,10 yazarsan 25 lira yerine 24,90 olur. İstemezsen 0 yaz.
B7: Ürün | C7: Ortalama gerçekleşen zam | D7: Eski ortalama marj | E7: Yeni ortalama marj | F7: Maliyetin altında kalan
B8: =COUNTA(Ürünler!$A$5:$A$504) -> 4 | C8: =IFERROR(AVERAGE(Ürünler!$K$5:$K$504),0) -> 0.21898359 | D8: =IFERROR(AVERAGE(Ürünler!$I$5:$I$504),0) -> 0.37708333 | E8: =IFERROR(AVERAGE(Ürünler!$J$5:$J$504),0) -> 0.4853583 | F8: =COUNTIF(Ürünler!$J$5:$J$504,"<0") -> 0

Sheet Kategori Zamları
A1: Kategori Zamları
A2: Kategorileri yaz. Bir kategoriye özel zam oranı vermek istersen yanına yaz; boş bırakırsan genel oran uygulanır.
A4: Kategori | B4: Zam oranı
A5: İçecek | B5: 0.25
A6: Atıştırmalık
A7: Temizlik | B7: 0.15

Sheet AI Komutları
B1: Yapay Zeka Komutları
B2: İlgili sayfada başlık satırıyla birlikte kayıtlarını seç, kopyala, kullandığın yapay zeka asistanına yapıştır ve altına komutu ekle.
B3: Dikkat: Tedarikçi fiyat anlaşmalarını paylaşmak zorunda değilsin. Yapay zekanın verdiği rakamları dosyadaki özet sayfasıyla karşılaştır.
B5: Ne için | C5: Komut (kopyala, yapıştır)
B6: Zam duyurusu | C6: Müşterilere fiyat güncellemesini duyuran kısa ve dürüst bir metin yaz.
B7: Kategori önerisi | C7: [Ürünler sayfası] Marjı en düşük kategorilere bakarak kategori bazında zam oranı öner.
B8: Psikolojik fiyat | C8: [Ürünler sayfası] Yeni fiyatları müşteri gözünde daha kabul edilebilir kılacak yuvarlama önerileri ver.
B9: Etki | C9: Zamdan sonra satış adedi yüzde 10 düşerse toplam kârım artar mı azalır mı? Örnek ürünle hesapla.
