Workbook

Sheet Başla
B2: EXCEL KLİNİĞİ
B3: ÜYELİK | Üyelik ve paket takibi
B4: Spor salonu, kurs, stüdyo: kimin üyeliği sürüyor, kiminki bitmek üzere, kimin borcu var.
B6: NASIL KULLANILIR
B7: 1. Paketler | C7: Paketlerini, süresini ve ücretini yaz.
B8: 2. Üyelikler | C8: Her satışı üye, paket, başlangıç tarihi ve ödenen tutarla gir.
B9: 3. Özet | C9: Süren üyelikler, bitmek üzere olanlar, borçlular ve aylık tahsilat.
B11: BİLMEN GEREKENLER
B12: Bitiş | C12: Başlangıç tarihine paketin süresi eklenir ve bir gün çıkarılır.
B13: Dondurma | C13: Dosya üyelik dondurmayı tutmaz; donduran üyenin başlangıç tarihini elle kaydır.
B14: Yenileme | C14: Yenileyen üye için yeni satır aç; eski satır Bitti olarak kalır.
B15: Kapasite | C15: Paketler: 20 satır; Üyelikler: 2000 satır.
B17: RENKLER
B18: Sarı hücre | C18: Senin dolduracağın hücre. İçindeki örnekleri silip kendi bilgini yaz.
B19: Beyaz hücre, açık başlık | C19: Formül. Değiştirme, kendiliğinden hesaplanır.

Sheet Üyelikler
A1: Üyelikler
A2: Her satış bir satır. Üye paketini yenilerse yeni satır aç.
A4: Üye | B4: Telefon | C4: Paket | D4: Başlangıç | E4: Ödenen (₺) | F4: Bitiş | G4: Ücret (₺) | H4: Borç (₺) | I4: Kalan gün | J4: Durum | K4: y
A5: Üye Alfa | C5: Aylık | D5: 46272 | E5: 3000 | F5: =IF(OR(C5="",D5=""),"",EDATE(D5,IFERROR(INDEX(Paketler!$B$5:$B$24,MATCH(C5,Paketler!$A$5:$A$24,0)),0))-1) -> 46301 | G5: =IF(F5="","",IFERROR(INDEX(Paketler!$C$5:$C$24,MATCH(C5,Paketler!$A$5:$A$24,0)),0)) -> 3000 | H5: =IF(F5="","",G5-E5) -> 0 | I5: =IF(F5="","",F5-TODAY()) -> 2 | J5: =IF(F5="","",IF(TODAY()<D5,"Başlamadı",IF(TODAY()>F5,"Bitti",IF(F5-TODAY()<=7,"Bitiyor","Aktif")))) -> Bitiyor | K5: =IF(OR(J5="Aktif",J5="Bitiyor"),F5+ROW()/1000000,"") -> 46301
A6: Üye Beta | C6: 3 aylık | D6: 46259 | E6: 5000 | F6: =IF(OR(C6="",D6=""),"",EDATE(D6,IFERROR(INDEX(Paketler!$B$5:$B$24,MATCH(C6,Paketler!$A$5:$A$24,0)),0))-1) -> 46350 | G6: =IF(F6="","",IFERROR(INDEX(Paketler!$C$5:$C$24,MATCH(C6,Paketler!$A$5:$A$24,0)),0)) -> 8000 | H6: =IF(F6="","",G6-E6) -> 3000 | I6: =IF(F6="","",F6-TODAY()) -> 51 | J6: =IF(F6="","",IF(TODAY()<D6,"Başlamadı",IF(TODAY()>F6,"Bitti",IF(F6-TODAY()<=7,"Bitiyor","Aktif")))) -> Aktif | K6: =IF(OR(J6="Aktif",J6="Bitiyor"),F6+ROW()/1000000,"") -> 46350
A7: Üye Gama | C7: Yıllık | D7: 46054 | E7: 27000 | F7: =IF(OR(C7="",D7=""),"",EDATE(D7,IFERROR(INDEX(Paketler!$B$5:$B$24,MATCH(C7,Paketler!$A$5:$A$24,0)),0))-1) -> 46418 | G7: =IF(F7="","",IFERROR(INDEX(Paketler!$C$5:$C$24,MATCH(C7,Paketler!$A$5:$A$24,0)),0)) -> 27000 | H7: =IF(F7="","",G7-E7) -> 0 | I7: =IF(F7="","",F7-TODAY()) -> 119 | J7: =IF(F7="","",IF(TODAY()<D7,"Başlamadı",IF(TODAY()>F7,"Bitti",IF(F7-TODAY()<=7,"Bitiyor","Aktif")))) -> Aktif | K7: =IF(OR(J7="Aktif",J7="Bitiyor"),F7+ROW()/1000000,"") -> 46418
A8: Üye Delta | C8: Aylık | D8: 46239 | E8: 3000 | F8: =IF(OR(C8="",D8=""),"",EDATE(D8,IFERROR(INDEX(Paketler!$B$5:$B$24,MATCH(C8,Paketler!$A$5:$A$24,0)),0))-1) -> 46269 | G8: =IF(F8="","",IFERROR(INDEX(Paketler!$C$5:$C$24,MATCH(C8,Paketler!$A$5:$A$24,0)),0)) -> 3000 | H8: =IF(F8="","",G8-E8) -> 0 | I8: =IF(F8="","",F8-TODAY()) -> -30 | J8: =IF(F8="","",IF(TODAY()<D8,"Başlamadı",IF(TODAY()>F8,"Bitti",IF(F8-TODAY()<=7,"Bitiyor","Aktif")))) -> Bitti | K8: =IF(OR(J8="Aktif",J8="Bitiyor"),F8+ROW()/1000000,"")
A9: Üye Epsilon | C9: Aylık | D9: 46302 | E9: 0 | F9: =IF(OR(C9="",D9=""),"",EDATE(D9,IFERROR(INDEX(Paketler!$B$5:$B$24,MATCH(C9,Paketler!$A$5:$A$24,0)),0))-1) -> 46332 | G9: =IF(F9="","",IFERROR(INDEX(Paketler!$C$5:$C$24,MATCH(C9,Paketler!$A$5:$A$24,0)),0)) -> 3000 | H9: =IF(F9="","",G9-E9) -> 3000 | I9: =IF(F9="","",F9-TODAY()) -> 33 | J9: =IF(F9="","",IF(TODAY()<D9,"Başlamadı",IF(TODAY()>F9,"Bitti",IF(F9-TODAY()<=7,"Bitiyor","Aktif")))) -> Başlamadı | K9: =IF(OR(J9="Aktif",J9="Bitiyor"),F9+ROW()/1000000,"")
F10: =IF(OR(C10="",D10=""),"",EDATE(D10,IFERROR(INDEX(Paketler!$B$5:$B$24,MATCH(C10,Paketler!$A$5:$A$24,0)),0))-1) | G10: =IF(F10="","",IFERROR(INDEX(Paketler!$C$5:$C$24,MATCH(C10,Paketler!$A$5:$A$24,0)),0)) | H10: =IF(F10="","",G10-E10) | I10: =IF(F10="","",F10-TODAY()) | J10: =IF(F10="","",IF(TODAY()<D10,"Başlamadı",IF(TODAY()>F10,"Bitti",IF(F10-TODAY()<=7,"Bitiyor","Aktif")))) | K10: =IF(OR(J10="Aktif",J10="Bitiyor"),F10+ROW()/1000000,"")
F11: =IF(OR(C11="",D11=""),"",EDATE(D11,IFERROR(INDEX(Paketler!$B$5:$B$24,MATCH(C11,Paketler!$A$5:$A$24,0)),0))-1) | G11: =IF(F11="","",IFERROR(INDEX(Paketler!$C$5:$C$24,MATCH(C11,Paketler!$A$5:$A$24,0)),0)) | H11: =IF(F11="","",G11-E11) | I11: =IF(F11="","",F11-TODAY()) | J11: =IF(F11="","",IF(TODAY()<D11,"Başlamadı",IF(TODAY()>F11,"Bitti",IF(F11-TODAY()<=7,"Bitiyor","Aktif")))) | K11: =IF(OR(J11="Aktif",J11="Bitiyor"),F11+ROW()/1000000,"")
F12: =IF(OR(C12="",D12=""),"",EDATE(D12,IFERROR(INDEX(Paketler!$B$5:$B$24,MATCH(C12,Paketler!$A$5:$A$24,0)),0))-1) | G12: =IF(F12="","",IFERROR(INDEX(Paketler!$C$5:$C$24,MATCH(C12,Paketler!$A$5:$A$24,0)),0)) | H12: =IF(F12="","",G12-E12) | I12: =IF(F12="","",F12-TODAY()) | J12: =IF(F12="","",IF(TODAY()<D12,"Başlamadı",IF(TODAY()>F12,"Bitti",IF(F12-TODAY()<=7,"Bitiyor","Aktif")))) | K12: =IF(OR(J12="Aktif",J12="Bitiyor"),F12+ROW()/1000000,"")
F13: =IF(OR(C13="",D13=""),"",EDATE(D13,IFERROR(INDEX(Paketler!$B$5:$B$24,MATCH(C13,Paketler!$A$5:$A$24,0)),0))-1) | G13: =IF(F13="","",IFERROR(INDEX(Paketler!$C$5:$C$24,MATCH(C13,Paketler!$A$5:$A$24,0)),0)) | H13: =IF(F13="","",G13-E13) | I13: =IF(F13="","",F13-TODAY()) | J13: =IF(F13="","",IF(TODAY()<D13,"Başlamadı",IF(TODAY()>F13,"Bitti",IF(F13-TODAY()<=7,"Bitiyor","Aktif")))) | K13: =IF(OR(J13="Aktif",J13="Bitiyor"),F13+ROW()/1000000,"")
F14: =IF(OR(C14="",D14=""),"",EDATE(D14,IFERROR(INDEX(Paketler!$B$5:$B$24,MATCH(C14,Paketler!$A$5:$A$24,0)),0))-1) | G14: =IF(F14="","",IFERROR(INDEX(Paketler!$C$5:$C$24,MATCH(C14,Paketler!$A$5:$A$24,0)),0)) | H14: =IF(F14="","",G14-E14) | I14: =IF(F14="","",F14-TODAY()) | J14: =IF(F14="","",IF(TODAY()<D14,"Başlamadı",IF(TODAY()>F14,"Bitti",IF(F14-TODAY()<=7,"Bitiyor","Aktif")))) | K14: =IF(OR(J14="Aktif",J14="Bitiyor"),F14+ROW()/1000000,"")
F15: =IF(OR(C15="",D15=""),"",EDATE(D15,IFERROR(INDEX(Paketler!$B$5:$B$24,MATCH(C15,Paketler!$A$5:$A$24,0)),0))-1) | G15: =IF(F15="","",IFERROR(INDEX(Paketler!$C$5:$C$24,MATCH(C15,Paketler!$A$5:$A$24,0)),0)) | H15: =IF(F15="","",G15-E15) | I15: =IF(F15="","",F15-TODAY()) | J15: =IF(F15="","",IF(TODAY()<D15,"Başlamadı",IF(TODAY()>F15,"Bitti",IF(F15-TODAY()<=7,"Bitiyor","Aktif")))) | K15: =IF(OR(J15="Aktif",J15="Bitiyor"),F15+ROW()/1000000,"")
F16: =IF(OR(C16="",D16=""),"",EDATE(D16,IFERROR(INDEX(Paketler!$B$5:$B$24,MATCH(C16,Paketler!$A$5:$A$24,0)),0))-1) | G16: =IF(F16="","",IFERROR(INDEX(Paketler!$C$5:$C$24,MATCH(C16,Paketler!$A$5:$A$24,0)),0)) | H16: =IF(F16="","",G16-E16) | I16: =IF(F16="","",F16-TODAY()) | J16: =IF(F16="","",IF(TODAY()<D16,"Başlamadı",IF(TODAY()>F16,"Bitti",IF(F16-TODAY()<=7,"Bitiyor","Aktif")))) | K16: =IF(OR(J16="Aktif",J16="Bitiyor"),F16+ROW()/1000000,"")
F17: =IF(OR(C17="",D17=""),"",EDATE(D17,IFERROR(INDEX(Paketler!$B$5:$B$24,MATCH(C17,Paketler!$A$5:$A$24,0)),0))-1) | G17: =IF(F17="","",IFERROR(INDEX(Paketler!$C$5:$C$24,MATCH(C17,Paketler!$A$5:$A$24,0)),0)) | H17: =IF(F17="","",G17-E17) | I17: =IF(F17="","",F17-TODAY()) | J17: =IF(F17="","",IF(TODAY()<D17,"Başlamadı",IF(TODAY()>F17,"Bitti",IF(F17-TODAY()<=7,"Bitiyor","Aktif")))) | K17: =IF(OR(J17="Aktif",J17="Bitiyor"),F17+ROW()/1000000,"")
F18: =IF(OR(C18="",D18=""),"",EDATE(D18,IFERROR(INDEX(Paketler!$B$5:$B$24,MATCH(C18,Paketler!$A$5:$A$24,0)),0))-1) | G18: =IF(F18="","",IFERROR(INDEX(Paketler!$C$5:$C$24,MATCH(C18,Paketler!$A$5:$A$24,0)),0)) | H18: =IF(F18="","",G18-E18) | I18: =IF(F18="","",F18-TODAY()) | J18: =IF(F18="","",IF(TODAY()<D18,"Başlamadı",IF(TODAY()>F18,"Bitti",IF(F18-TODAY()<=7,"Bitiyor","Aktif")))) | K18: =IF(OR(J18="Aktif",J18="Bitiyor"),F18+ROW()/1000000,"")
F19: =IF(OR(C19="",D19=""),"",EDATE(D19,IFERROR(INDEX(Paketler!$B$5:$B$24,MATCH(C19,Paketler!$A$5:$A$24,0)),0))-1) | G19: =IF(F19="","",IFERROR(INDEX(Paketler!$C$5:$C$24,MATCH(C19,Paketler!$A$5:$A$24,0)),0)) | H19: =IF(F19="","",G19-E19) | I19: =IF(F19="","",F19-TODAY()) | J19: =IF(F19="","",IF(TODAY()<D19,"Başlamadı",IF(TODAY()>F19,"Bitti",IF(F19-TODAY()<=7,"Bitiyor","Aktif")))) | K19: =IF(OR(J19="Aktif",J19="Bitiyor"),F19+ROW()/1000000,"")
F20: =IF(OR(C20="",D20=""),"",EDATE(D20,IFERROR(INDEX(Paketler!$B$5:$B$24,MATCH(C20,Paketler!$A$5:$A$24,0)),0))-1) | G20: =IF(F20="","",IFERROR(INDEX(Paketler!$C$5:$C$24,MATCH(C20,Paketler!$A$5:$A$24,0)),0)) | H20: =IF(F20="","",G20-E20) | I20: =IF(F20="","",F20-TODAY()) | J20: =IF(F20="","",IF(TODAY()<D20,"Başlamadı",IF(TODAY()>F20,"Bitti",IF(F20-TODAY()<=7,"Bitiyor","Aktif")))) | K20: =IF(OR(J20="Aktif",J20="Bitiyor"),F20+ROW()/1000000,"")
F21: =IF(OR(C21="",D21=""),"",EDATE(D21,IFERROR(INDEX(Paketler!$B$5:$B$24,MATCH(C21,Paketler!$A$5:$A$24,0)),0))-1) | G21: =IF(F21="","",IFERROR(INDEX(Paketler!$C$5:$C$24,MATCH(C21,Paketler!$A$5:$A$24,0)),0)) | H21: =IF(F21="","",G21-E21) | I21: =IF(F21="","",F21-TODAY()) | J21: =IF(F21="","",IF(TODAY()<D21,"Başlamadı",IF(TODAY()>F21,"Bitti",IF(F21-TODAY()<=7,"Bitiyor","Aktif")))) | K21: =IF(OR(J21="Aktif",J21="Bitiyor"),F21+ROW()/1000000,"")
... F2004: =IF(OR(C2004="",D2004=""),"",EDATE(D2004,IFERROR(INDEX(Paketler!$B$5:$B$24,MATCH(C2004,Paketler!$A$5:$A$24,0)),0))-1) | G2004: =IF(F2004="","",IFERROR(INDEX(Paketler!$C$5:$C$24,MATCH(C2004,Paketler!$A$5:$A$24,0)),0)) | H2004: =IF(F2004="","",G2004-E2004) | I2004: =IF(F2004="","",F2004-TODAY()) | J2004: =IF(F2004="","",IF(TODAY()<D2004,"Başlamadı",IF(TODAY()>F2004,"Bitti",IF(F2004-TODAY()<=7,"Bitiyor","Aktif")))) | K2004: =IF(OR(J2004="Aktif",J2004="Bitiyor"),F2004+ROW()/1000000,"")

Sheet Paketler
A1: Paketler
A2: Sattığın paketleri, süresini ve ücretini yaz.
A4: Paket | B4: Süre (ay) | C4: Ücret (₺) | D4: Süren üyelik
A5: Aylık | B5: 1 | C5: 3000 | D5: =IF(A5="","",COUNTIFS(Üyelikler!$C$5:$C$2004,A5,Üyelikler!$J$5:$J$2004,"Aktif")+COUNTIFS(Üyelikler!$C$5:$C$2004,A5,Üyelikler!$J$5:$J$2004,"Bitiyor")) -> 1
A6: 3 aylık | B6: 3 | C6: 8000 | D6: =IF(A6="","",COUNTIFS(Üyelikler!$C$5:$C$2004,A6,Üyelikler!$J$5:$J$2004,"Aktif")+COUNTIFS(Üyelikler!$C$5:$C$2004,A6,Üyelikler!$J$5:$J$2004,"Bitiyor")) -> 1
A7: Yıllık | B7: 12 | C7: 27000 | D7: =IF(A7="","",COUNTIFS(Üyelikler!$C$5:$C$2004,A7,Üyelikler!$J$5:$J$2004,"Aktif")+COUNTIFS(Üyelikler!$C$5:$C$2004,A7,Üyelikler!$J$5:$J$2004,"Bitiyor")) -> 1
D8: =IF(A8="","",COUNTIFS(Üyelikler!$C$5:$C$2004,A8,Üyelikler!$J$5:$J$2004,"Aktif")+COUNTIFS(Üyelikler!$C$5:$C$2004,A8,Üyelikler!$J$5:$J$2004,"Bitiyor"))
D9: =IF(A9="","",COUNTIFS(Üyelikler!$C$5:$C$2004,A9,Üyelikler!$J$5:$J$2004,"Aktif")+COUNTIFS(Üyelikler!$C$5:$C$2004,A9,Üyelikler!$J$5:$J$2004,"Bitiyor"))
D10: =IF(A10="","",COUNTIFS(Üyelikler!$C$5:$C$2004,A10,Üyelikler!$J$5:$J$2004,"Aktif")+COUNTIFS(Üyelikler!$C$5:$C$2004,A10,Üyelikler!$J$5:$J$2004,"Bitiyor"))
D11: =IF(A11="","",COUNTIFS(Üyelikler!$C$5:$C$2004,A11,Üyelikler!$J$5:$J$2004,"Aktif")+COUNTIFS(Üyelikler!$C$5:$C$2004,A11,Üyelikler!$J$5:$J$2004,"Bitiyor"))
D12: =IF(A12="","",COUNTIFS(Üyelikler!$C$5:$C$2004,A12,Üyelikler!$J$5:$J$2004,"Aktif")+COUNTIFS(Üyelikler!$C$5:$C$2004,A12,Üyelikler!$J$5:$J$2004,"Bitiyor"))
D13: =IF(A13="","",COUNTIFS(Üyelikler!$C$5:$C$2004,A13,Üyelikler!$J$5:$J$2004,"Aktif")+COUNTIFS(Üyelikler!$C$5:$C$2004,A13,Üyelikler!$J$5:$J$2004,"Bitiyor"))
D14: =IF(A14="","",COUNTIFS(Üyelikler!$C$5:$C$2004,A14,Üyelikler!$J$5:$J$2004,"Aktif")+COUNTIFS(Üyelikler!$C$5:$C$2004,A14,Üyelikler!$J$5:$J$2004,"Bitiyor"))
D15: =IF(A15="","",COUNTIFS(Üyelikler!$C$5:$C$2004,A15,Üyelikler!$J$5:$J$2004,"Aktif")+COUNTIFS(Üyelikler!$C$5:$C$2004,A15,Üyelikler!$J$5:$J$2004,"Bitiyor"))
D16: =IF(A16="","",COUNTIFS(Üyelikler!$C$5:$C$2004,A16,Üyelikler!$J$5:$J$2004,"Aktif")+COUNTIFS(Üyelikler!$C$5:$C$2004,A16,Üyelikler!$J$5:$J$2004,"Bitiyor"))
D17: =IF(A17="","",COUNTIFS(Üyelikler!$C$5:$C$2004,A17,Üyelikler!$J$5:$J$2004,"Aktif")+COUNTIFS(Üyelikler!$C$5:$C$2004,A17,Üyelikler!$J$5:$J$2004,"Bitiyor"))
D18: =IF(A18="","",COUNTIFS(Üyelikler!$C$5:$C$2004,A18,Üyelikler!$J$5:$J$2004,"Aktif")+COUNTIFS(Üyelikler!$C$5:$C$2004,A18,Üyelikler!$J$5:$J$2004,"Bitiyor"))
D19: =IF(A19="","",COUNTIFS(Üyelikler!$C$5:$C$2004,A19,Üyelikler!$J$5:$J$2004,"Aktif")+COUNTIFS(Üyelikler!$C$5:$C$2004,A19,Üyelikler!$J$5:$J$2004,"Bitiyor"))
... D24: =IF(A24="","",COUNTIFS(Üyelikler!$C$5:$C$2004,A24,Üyelikler!$J$5:$J$2004,"Aktif")+COUNTIFS(Üyelikler!$C$5:$C$2004,A24,Üyelikler!$J$5:$J$2004,"Bitiyor"))

Sheet Özet
A1: Özet
A2: Yılı değiştir. Üyelik ve tahsilat, başlangıç ayına yazılır.
B3: Yıl | C3: 2026
B5: Süren üyelik | C5: 7 gün içinde biten | D5: 30 gün içinde biten | E5: Toplam borç | F5: Yıl tahsilatı
B6: =COUNTIF(Üyelikler!$J$5:$J$2004,"Aktif")+COUNTIF(Üyelikler!$J$5:$J$2004,"Bitiyor") -> 3 | C6: =COUNTIF(Üyelikler!$J$5:$J$2004,"Bitiyor") -> 1 | D6: =COUNTIFS(Üyelikler!$I$5:$I$2004,">=0",Üyelikler!$I$5:$I$2004,"<=30",Üyelikler!$J$5:$J$2004,"<>Başlamadı") -> 1 | E6: =SUMIFS(Üyelikler!$H$5:$H$2004,Üyelikler!$H$5:$H$2004,">0") -> 6000 | F6: =D23 -> 38000
B9: Aylık tablo | F9: Üyeliği en yakın bitecek 10 kişi
B10: Ay | C10: Yeni üyelik | D10: Tahsilat (₺) | F10: Üye | G10: Bitiş | H10: Paket
B11: Ocak | C11: =COUNTIFS(Üyelikler!$D$5:$D$2004,">="&DATE($C$3,1,1),Üyelikler!$D$5:$D$2004,"<"&DATE($C$3,2,1)) -> 0 | D11: =SUMIFS(Üyelikler!$E$5:$E$2004,Üyelikler!$D$5:$D$2004,">="&DATE($C$3,1,1),Üyelikler!$D$5:$D$2004,"<"&DATE($C$3,2,1)) -> 0 | F11: =IFERROR(INDEX(Üyelikler!$A$5:$A$2004,MATCH(SMALL(Üyelikler!$K$5:$K$2004,1),Üyelikler!$K$5:$K$2004,0))&"","") -> Üye Alfa | G11: =IF(F11="","",INDEX(Üyelikler!$F$5:$F$2004,MATCH(SMALL(Üyelikler!$K$5:$K$2004,1),Üyelikler!$K$5:$K$2004,0))) -> 46301 | H11: =IF(F11="","",INDEX(Üyelikler!$C$5:$C$2004,MATCH(SMALL(Üyelikler!$K$5:$K$2004,1),Üyelikler!$K$5:$K$2004,0))) -> Aylık
B12: Şubat | C12: =COUNTIFS(Üyelikler!$D$5:$D$2004,">="&DATE($C$3,2,1),Üyelikler!$D$5:$D$2004,"<"&DATE($C$3,3,1)) -> 1 | D12: =SUMIFS(Üyelikler!$E$5:$E$2004,Üyelikler!$D$5:$D$2004,">="&DATE($C$3,2,1),Üyelikler!$D$5:$D$2004,"<"&DATE($C$3,3,1)) -> 27000 | F12: =IFERROR(INDEX(Üyelikler!$A$5:$A$2004,MATCH(SMALL(Üyelikler!$K$5:$K$2004,2),Üyelikler!$K$5:$K$2004,0))&"","") -> Üye Beta | G12: =IF(F12="","",INDEX(Üyelikler!$F$5:$F$2004,MATCH(SMALL(Üyelikler!$K$5:$K$2004,2),Üyelikler!$K$5:$K$2004,0))) -> 46350 | H12: =IF(F12="","",INDEX(Üyelikler!$C$5:$C$2004,MATCH(SMALL(Üyelikler!$K$5:$K$2004,2),Üyelikler!$K$5:$K$2004,0))) -> 3 aylık
B13: Mart | C13: =COUNTIFS(Üyelikler!$D$5:$D$2004,">="&DATE($C$3,3,1),Üyelikler!$D$5:$D$2004,"<"&DATE($C$3,4,1)) -> 0 | D13: =SUMIFS(Üyelikler!$E$5:$E$2004,Üyelikler!$D$5:$D$2004,">="&DATE($C$3,3,1),Üyelikler!$D$5:$D$2004,"<"&DATE($C$3,4,1)) -> 0 | F13: =IFERROR(INDEX(Üyelikler!$A$5:$A$2004,MATCH(SMALL(Üyelikler!$K$5:$K$2004,3),Üyelikler!$K$5:$K$2004,0))&"","") -> Üye Gama | G13: =IF(F13="","",INDEX(Üyelikler!$F$5:$F$2004,MATCH(SMALL(Üyelikler!$K$5:$K$2004,3),Üyelikler!$K$5:$K$2004,0))) -> 46418 | H13: =IF(F13="","",INDEX(Üyelikler!$C$5:$C$2004,MATCH(SMALL(Üyelikler!$K$5:$K$2004,3),Üyelikler!$K$5:$K$2004,0))) -> Yıllık
B14: Nisan | C14: =COUNTIFS(Üyelikler!$D$5:$D$2004,">="&DATE($C$3,4,1),Üyelikler!$D$5:$D$2004,"<"&DATE($C$3,5,1)) -> 0 | D14: =SUMIFS(Üyelikler!$E$5:$E$2004,Üyelikler!$D$5:$D$2004,">="&DATE($C$3,4,1),Üyelikler!$D$5:$D$2004,"<"&DATE($C$3,5,1)) -> 0 | F14: =IFERROR(INDEX(Üyelikler!$A$5:$A$2004,MATCH(SMALL(Üyelikler!$K$5:$K$2004,4),Üyelikler!$K$5:$K$2004,0))&"","") | G14: =IF(F14="","",INDEX(Üyelikler!$F$5:$F$2004,MATCH(SMALL(Üyelikler!$K$5:$K$2004,4),Üyelikler!$K$5:$K$2004,0))) | H14: =IF(F14="","",INDEX(Üyelikler!$C$5:$C$2004,MATCH(SMALL(Üyelikler!$K$5:$K$2004,4),Üyelikler!$K$5:$K$2004,0)))
B15: Mayıs | C15: =COUNTIFS(Üyelikler!$D$5:$D$2004,">="&DATE($C$3,5,1),Üyelikler!$D$5:$D$2004,"<"&DATE($C$3,6,1)) -> 0 | D15: =SUMIFS(Üyelikler!$E$5:$E$2004,Üyelikler!$D$5:$D$2004,">="&DATE($C$3,5,1),Üyelikler!$D$5:$D$2004,"<"&DATE($C$3,6,1)) -> 0 | F15: =IFERROR(INDEX(Üyelikler!$A$5:$A$2004,MATCH(SMALL(Üyelikler!$K$5:$K$2004,5),Üyelikler!$K$5:$K$2004,0))&"","") | G15: =IF(F15="","",INDEX(Üyelikler!$F$5:$F$2004,MATCH(SMALL(Üyelikler!$K$5:$K$2004,5),Üyelikler!$K$5:$K$2004,0))) | H15: =IF(F15="","",INDEX(Üyelikler!$C$5:$C$2004,MATCH(SMALL(Üyelikler!$K$5:$K$2004,5),Üyelikler!$K$5:$K$2004,0)))
B16: Haziran | C16: =COUNTIFS(Üyelikler!$D$5:$D$2004,">="&DATE($C$3,6,1),Üyelikler!$D$5:$D$2004,"<"&DATE($C$3,7,1)) -> 0 | D16: =SUMIFS(Üyelikler!$E$5:$E$2004,Üyelikler!$D$5:$D$2004,">="&DATE($C$3,6,1),Üyelikler!$D$5:$D$2004,"<"&DATE($C$3,7,1)) -> 0 | F16: =IFERROR(INDEX(Üyelikler!$A$5:$A$2004,MATCH(SMALL(Üyelikler!$K$5:$K$2004,6),Üyelikler!$K$5:$K$2004,0))&"","") | G16: =IF(F16="","",INDEX(Üyelikler!$F$5:$F$2004,MATCH(SMALL(Üyelikler!$K$5:$K$2004,6),Üyelikler!$K$5:$K$2004,0))) | H16: =IF(F16="","",INDEX(Üyelikler!$C$5:$C$2004,MATCH(SMALL(Üyelikler!$K$5:$K$2004,6),Üyelikler!$K$5:$K$2004,0)))
B17: Temmuz | C17: =COUNTIFS(Üyelikler!$D$5:$D$2004,">="&DATE($C$3,7,1),Üyelikler!$D$5:$D$2004,"<"&DATE($C$3,8,1)) -> 0 | D17: =SUMIFS(Üyelikler!$E$5:$E$2004,Üyelikler!$D$5:$D$2004,">="&DATE($C$3,7,1),Üyelikler!$D$5:$D$2004,"<"&DATE($C$3,8,1)) -> 0 | F17: =IFERROR(INDEX(Üyelikler!$A$5:$A$2004,MATCH(SMALL(Üyelikler!$K$5:$K$2004,7),Üyelikler!$K$5:$K$2004,0))&"","") | G17: =IF(F17="","",INDEX(Üyelikler!$F$5:$F$2004,MATCH(SMALL(Üyelikler!$K$5:$K$2004,7),Üyelikler!$K$5:$K$2004,0))) | H17: =IF(F17="","",INDEX(Üyelikler!$C$5:$C$2004,MATCH(SMALL(Üyelikler!$K$5:$K$2004,7),Üyelikler!$K$5:$K$2004,0)))
B18: Ağustos | C18: =COUNTIFS(Üyelikler!$D$5:$D$2004,">="&DATE($C$3,8,1),Üyelikler!$D$5:$D$2004,"<"&DATE($C$3,9,1)) -> 2 | D18: =SUMIFS(Üyelikler!$E$5:$E$2004,Üyelikler!$D$5:$D$2004,">="&DATE($C$3,8,1),Üyelikler!$D$5:$D$2004,"<"&DATE($C$3,9,1)) -> 8000 | F18: =IFERROR(INDEX(Üyelikler!$A$5:$A$2004,MATCH(SMALL(Üyelikler!$K$5:$K$2004,8),Üyelikler!$K$5:$K$2004,0))&"","") | G18: =IF(F18="","",INDEX(Üyelikler!$F$5:$F$2004,MATCH(SMALL(Üyelikler!$K$5:$K$2004,8),Üyelikler!$K$5:$K$2004,0))) | H18: =IF(F18="","",INDEX(Üyelikler!$C$5:$C$2004,MATCH(SMALL(Üyelikler!$K$5:$K$2004,8),Üyelikler!$K$5:$K$2004,0)))
B19: Eylül | C19: =COUNTIFS(Üyelikler!$D$5:$D$2004,">="&DATE($C$3,9,1),Üyelikler!$D$5:$D$2004,"<"&DATE($C$3,10,1)) -> 1 | D19: =SUMIFS(Üyelikler!$E$5:$E$2004,Üyelikler!$D$5:$D$2004,">="&DATE($C$3,9,1),Üyelikler!$D$5:$D$2004,"<"&DATE($C$3,10,1)) -> 3000 | F19: =IFERROR(INDEX(Üyelikler!$A$5:$A$2004,MATCH(SMALL(Üyelikler!$K$5:$K$2004,9),Üyelikler!$K$5:$K$2004,0))&"","") | G19: =IF(F19="","",INDEX(Üyelikler!$F$5:$F$2004,MATCH(SMALL(Üyelikler!$K$5:$K$2004,9),Üyelikler!$K$5:$K$2004,0))) | H19: =IF(F19="","",INDEX(Üyelikler!$C$5:$C$2004,MATCH(SMALL(Üyelikler!$K$5:$K$2004,9),Üyelikler!$K$5:$K$2004,0)))
B20: Ekim | C20: =COUNTIFS(Üyelikler!$D$5:$D$2004,">="&DATE($C$3,10,1),Üyelikler!$D$5:$D$2004,"<"&DATE($C$3,11,1)) -> 1 | D20: =SUMIFS(Üyelikler!$E$5:$E$2004,Üyelikler!$D$5:$D$2004,">="&DATE($C$3,10,1),Üyelikler!$D$5:$D$2004,"<"&DATE($C$3,11,1)) -> 0 | F20: =IFERROR(INDEX(Üyelikler!$A$5:$A$2004,MATCH(SMALL(Üyelikler!$K$5:$K$2004,10),Üyelikler!$K$5:$K$2004,0))&"","") | G20: =IF(F20="","",INDEX(Üyelikler!$F$5:$F$2004,MATCH(SMALL(Üyelikler!$K$5:$K$2004,10),Üyelikler!$K$5:$K$2004,0))) | H20: =IF(F20="","",INDEX(Üyelikler!$C$5:$C$2004,MATCH(SMALL(Üyelikler!$K$5:$K$2004,10),Üyelikler!$K$5:$K$2004,0)))
B21: Kasım | C21: =COUNTIFS(Üyelikler!$D$5:$D$2004,">="&DATE($C$3,11,1),Üyelikler!$D$5:$D$2004,"<"&DATE($C$3,12,1)) -> 0 | D21: =SUMIFS(Üyelikler!$E$5:$E$2004,Üyelikler!$D$5:$D$2004,">="&DATE($C$3,11,1),Üyelikler!$D$5:$D$2004,"<"&DATE($C$3,12,1)) -> 0
B22: Aralık | C22: =COUNTIFS(Üyelikler!$D$5:$D$2004,">="&DATE($C$3,12,1),Üyelikler!$D$5:$D$2004,"<"&DATE($C$3,13,1)) -> 0 | D22: =SUMIFS(Üyelikler!$E$5:$E$2004,Üyelikler!$D$5:$D$2004,">="&DATE($C$3,12,1),Üyelikler!$D$5:$D$2004,"<"&DATE($C$3,13,1)) -> 0
B23: TOPLAM | C23: =SUM(C11:C22) -> 5 | D23: =SUM(D11:D22) -> 38000

Sheet AI Komutları
B1: Yapay Zeka Komutları
B2: İlgili sayfada başlık satırıyla birlikte kayıtlarını seç, kopyala, kullandığın yapay zeka asistanına yapıştır ve altına komutu ekle.
B3: Dikkat: Üye adlarını ve telefonlarını paylaşma. Yapay zekanın verdiği rakamları dosyadaki özet sayfasıyla karşılaştır.
B5: Ne için | C5: Komut (kopyala, yapıştır)
B6: Yenileme mesajı | C6: Üyeliği bu hafta biten üyeye gönderilecek kısa ve samimi bir yenileme mesajı yaz.
B7: Kayıp üye | C7: Üyeliği bitmiş ve yenilememiş üyeleri geri çağırmak için bir kampanya metni öner.
B8: Paket analizi | C8: [Paketler sayfası] Hangi paket daha çok tercih ediliyor? Fiyat ve süre açısından yorumla.
B9: Borç hatırlatma | C9: Ödemesi eksik üyeye gönderilecek kibar bir hatırlatma yaz.
