Workbook

Sheet Başla
B2: EXCEL KLİNİĞİ
B3: KARNE | Ders notu ve ortalama hesaplama
B4: Vize ve final notlarını gir; ders ortalaması, harf notu, dönem ve genel ortalama çıksın. Finalden kaç alman gerektiğini de söylesin.
B6: NASIL KULLANILIR
B7: 1. Not Tablosu | C7: Okulunun harf notu sınırlarını ve katsayılarını yaz.
B8: 2. Dersler | C8: Derslerini kredi, vize, vize ağırlığı ve final notuyla gir.
B9: 3. Özet | C9: Genel ortalama ve dönem ortalamaları.
B11: BİLMEN GEREKENLER
B12: Finalden gereken | C12: Final notu boşsa ve hedef ortalama yazdıysan gösterilir. 100'den büyük çıkıyorsa hedef o derste ulaşılamaz demektir.
B13: Tek vize | C13: Dosya bir vize ve bir final varsayar. Ödev ya da ikinci vize varsa ağırlıklı ortalamasını vize notu olarak yaz.
B14: Resmî değildir | C14: Kesin ortalama için okulunun öğrenci bilgi sistemini esas al.
B15: Kapasite | C15: Dersler: 80 satır.
B17: RENKLER
B18: Sarı hücre | C18: Senin dolduracağın hücre. İçindeki örnekleri silip kendi bilgini yaz.
B19: Beyaz hücre, açık başlık | C19: Formül. Değiştirme, kendiliğinden hesaplanır.

Sheet Dersler
A1: Dersler
A2: Her ders bir satır. Final notu girilmemişse, hedef ortalamaya göre finalden gereken not gösterilir.
A4: Dönem | B4: Ders | C4: Kredi | D4: Vize | E4: Vize ağırlığı | F4: Final | G4: Hedef ortalama | H4: Ortalama | I4: Harf | J4: Katsayı | K4: Finalden gereken | L4: y1 | M4: y2
A5: 1. dönem | B5: Matematik | C5: 3 | D5: 70 | E5: 0.4 | F5: 80 | H5: =IF(OR(B5="",D5="",E5="",F5=""),"",D5*E5+F5*(1-E5)) -> 76 | I5: =IF(H5="","",LOOKUP(H5,'Not Tablosu'!$A$5:$A$13,'Not Tablosu'!$B$5:$B$13)) -> BB | J5: =IF(H5="","",LOOKUP(H5,'Not Tablosu'!$A$5:$A$13,'Not Tablosu'!$C$5:$C$13)) -> 3 | K5: =IF(OR(B5="",D5="",E5="",G5="",F5<>"",E5>=1),"",(G5-D5*E5)/(1-E5)) | L5: =IF(J5="","",C5) -> 3 | M5: =IF(J5="","",C5*J5) -> 9
A6: 1. dönem | B6: Fizik | C6: 4 | D6: 50 | E6: 0.4 | F6: 60 | H6: =IF(OR(B6="",D6="",E6="",F6=""),"",D6*E6+F6*(1-E6)) -> 56 | I6: =IF(H6="","",LOOKUP(H6,'Not Tablosu'!$A$5:$A$13,'Not Tablosu'!$B$5:$B$13)) -> DC | J6: =IF(H6="","",LOOKUP(H6,'Not Tablosu'!$A$5:$A$13,'Not Tablosu'!$C$5:$C$13)) -> 1.5 | K6: =IF(OR(B6="",D6="",E6="",G6="",F6<>"",E6>=1),"",(G6-D6*E6)/(1-E6)) | L6: =IF(J6="","",C6) -> 4 | M6: =IF(J6="","",C6*J6) -> 6
A7: 2. dönem | B7: Programlama | C7: 3 | D7: 60 | E7: 0.4 | G7: 70 | H7: =IF(OR(B7="",D7="",E7="",F7=""),"",D7*E7+F7*(1-E7)) | I7: =IF(H7="","",LOOKUP(H7,'Not Tablosu'!$A$5:$A$13,'Not Tablosu'!$B$5:$B$13)) | J7: =IF(H7="","",LOOKUP(H7,'Not Tablosu'!$A$5:$A$13,'Not Tablosu'!$C$5:$C$13)) | K7: =IF(OR(B7="",D7="",E7="",G7="",F7<>"",E7>=1),"",(G7-D7*E7)/(1-E7)) -> 76.666667 | L7: =IF(J7="","",C7) | M7: =IF(J7="","",C7*J7)
A8: 2. dönem | B8: İstatistik | C8: 3 | D8: 85 | E8: 0.5 | F8: 95 | H8: =IF(OR(B8="",D8="",E8="",F8=""),"",D8*E8+F8*(1-E8)) -> 90 | I8: =IF(H8="","",LOOKUP(H8,'Not Tablosu'!$A$5:$A$13,'Not Tablosu'!$B$5:$B$13)) -> AA | J8: =IF(H8="","",LOOKUP(H8,'Not Tablosu'!$A$5:$A$13,'Not Tablosu'!$C$5:$C$13)) -> 4 | K8: =IF(OR(B8="",D8="",E8="",G8="",F8<>"",E8>=1),"",(G8-D8*E8)/(1-E8)) | L8: =IF(J8="","",C8) -> 3 | M8: =IF(J8="","",C8*J8) -> 12
H9: =IF(OR(B9="",D9="",E9="",F9=""),"",D9*E9+F9*(1-E9)) | I9: =IF(H9="","",LOOKUP(H9,'Not Tablosu'!$A$5:$A$13,'Not Tablosu'!$B$5:$B$13)) | J9: =IF(H9="","",LOOKUP(H9,'Not Tablosu'!$A$5:$A$13,'Not Tablosu'!$C$5:$C$13)) | K9: =IF(OR(B9="",D9="",E9="",G9="",F9<>"",E9>=1),"",(G9-D9*E9)/(1-E9)) | L9: =IF(J9="","",C9) | M9: =IF(J9="","",C9*J9)
H10: =IF(OR(B10="",D10="",E10="",F10=""),"",D10*E10+F10*(1-E10)) | I10: =IF(H10="","",LOOKUP(H10,'Not Tablosu'!$A$5:$A$13,'Not Tablosu'!$B$5:$B$13)) | J10: =IF(H10="","",LOOKUP(H10,'Not Tablosu'!$A$5:$A$13,'Not Tablosu'!$C$5:$C$13)) | K10: =IF(OR(B10="",D10="",E10="",G10="",F10<>"",E10>=1),"",(G10-D10*E10)/(1-E10)) | L10: =IF(J10="","",C10) | M10: =IF(J10="","",C10*J10)
H11: =IF(OR(B11="",D11="",E11="",F11=""),"",D11*E11+F11*(1-E11)) | I11: =IF(H11="","",LOOKUP(H11,'Not Tablosu'!$A$5:$A$13,'Not Tablosu'!$B$5:$B$13)) | J11: =IF(H11="","",LOOKUP(H11,'Not Tablosu'!$A$5:$A$13,'Not Tablosu'!$C$5:$C$13)) | K11: =IF(OR(B11="",D11="",E11="",G11="",F11<>"",E11>=1),"",(G11-D11*E11)/(1-E11)) | L11: =IF(J11="","",C11) | M11: =IF(J11="","",C11*J11)
H12: =IF(OR(B12="",D12="",E12="",F12=""),"",D12*E12+F12*(1-E12)) | I12: =IF(H12="","",LOOKUP(H12,'Not Tablosu'!$A$5:$A$13,'Not Tablosu'!$B$5:$B$13)) | J12: =IF(H12="","",LOOKUP(H12,'Not Tablosu'!$A$5:$A$13,'Not Tablosu'!$C$5:$C$13)) | K12: =IF(OR(B12="",D12="",E12="",G12="",F12<>"",E12>=1),"",(G12-D12*E12)/(1-E12)) | L12: =IF(J12="","",C12) | M12: =IF(J12="","",C12*J12)
H13: =IF(OR(B13="",D13="",E13="",F13=""),"",D13*E13+F13*(1-E13)) | I13: =IF(H13="","",LOOKUP(H13,'Not Tablosu'!$A$5:$A$13,'Not Tablosu'!$B$5:$B$13)) | J13: =IF(H13="","",LOOKUP(H13,'Not Tablosu'!$A$5:$A$13,'Not Tablosu'!$C$5:$C$13)) | K13: =IF(OR(B13="",D13="",E13="",G13="",F13<>"",E13>=1),"",(G13-D13*E13)/(1-E13)) | L13: =IF(J13="","",C13) | M13: =IF(J13="","",C13*J13)
H14: =IF(OR(B14="",D14="",E14="",F14=""),"",D14*E14+F14*(1-E14)) | I14: =IF(H14="","",LOOKUP(H14,'Not Tablosu'!$A$5:$A$13,'Not Tablosu'!$B$5:$B$13)) | J14: =IF(H14="","",LOOKUP(H14,'Not Tablosu'!$A$5:$A$13,'Not Tablosu'!$C$5:$C$13)) | K14: =IF(OR(B14="",D14="",E14="",G14="",F14<>"",E14>=1),"",(G14-D14*E14)/(1-E14)) | L14: =IF(J14="","",C14) | M14: =IF(J14="","",C14*J14)
H15: =IF(OR(B15="",D15="",E15="",F15=""),"",D15*E15+F15*(1-E15)) | I15: =IF(H15="","",LOOKUP(H15,'Not Tablosu'!$A$5:$A$13,'Not Tablosu'!$B$5:$B$13)) | J15: =IF(H15="","",LOOKUP(H15,'Not Tablosu'!$A$5:$A$13,'Not Tablosu'!$C$5:$C$13)) | K15: =IF(OR(B15="",D15="",E15="",G15="",F15<>"",E15>=1),"",(G15-D15*E15)/(1-E15)) | L15: =IF(J15="","",C15) | M15: =IF(J15="","",C15*J15)
H16: =IF(OR(B16="",D16="",E16="",F16=""),"",D16*E16+F16*(1-E16)) | I16: =IF(H16="","",LOOKUP(H16,'Not Tablosu'!$A$5:$A$13,'Not Tablosu'!$B$5:$B$13)) | J16: =IF(H16="","",LOOKUP(H16,'Not Tablosu'!$A$5:$A$13,'Not Tablosu'!$C$5:$C$13)) | K16: =IF(OR(B16="",D16="",E16="",G16="",F16<>"",E16>=1),"",(G16-D16*E16)/(1-E16)) | L16: =IF(J16="","",C16) | M16: =IF(J16="","",C16*J16)
H17: =IF(OR(B17="",D17="",E17="",F17=""),"",D17*E17+F17*(1-E17)) | I17: =IF(H17="","",LOOKUP(H17,'Not Tablosu'!$A$5:$A$13,'Not Tablosu'!$B$5:$B$13)) | J17: =IF(H17="","",LOOKUP(H17,'Not Tablosu'!$A$5:$A$13,'Not Tablosu'!$C$5:$C$13)) | K17: =IF(OR(B17="",D17="",E17="",G17="",F17<>"",E17>=1),"",(G17-D17*E17)/(1-E17)) | L17: =IF(J17="","",C17) | M17: =IF(J17="","",C17*J17)
H18: =IF(OR(B18="",D18="",E18="",F18=""),"",D18*E18+F18*(1-E18)) | I18: =IF(H18="","",LOOKUP(H18,'Not Tablosu'!$A$5:$A$13,'Not Tablosu'!$B$5:$B$13)) | J18: =IF(H18="","",LOOKUP(H18,'Not Tablosu'!$A$5:$A$13,'Not Tablosu'!$C$5:$C$13)) | K18: =IF(OR(B18="",D18="",E18="",G18="",F18<>"",E18>=1),"",(G18-D18*E18)/(1-E18)) | L18: =IF(J18="","",C18) | M18: =IF(J18="","",C18*J18)
H19: =IF(OR(B19="",D19="",E19="",F19=""),"",D19*E19+F19*(1-E19)) | I19: =IF(H19="","",LOOKUP(H19,'Not Tablosu'!$A$5:$A$13,'Not Tablosu'!$B$5:$B$13)) | J19: =IF(H19="","",LOOKUP(H19,'Not Tablosu'!$A$5:$A$13,'Not Tablosu'!$C$5:$C$13)) | K19: =IF(OR(B19="",D19="",E19="",G19="",F19<>"",E19>=1),"",(G19-D19*E19)/(1-E19)) | L19: =IF(J19="","",C19) | M19: =IF(J19="","",C19*J19)
H20: =IF(OR(B20="",D20="",E20="",F20=""),"",D20*E20+F20*(1-E20)) | I20: =IF(H20="","",LOOKUP(H20,'Not Tablosu'!$A$5:$A$13,'Not Tablosu'!$B$5:$B$13)) | J20: =IF(H20="","",LOOKUP(H20,'Not Tablosu'!$A$5:$A$13,'Not Tablosu'!$C$5:$C$13)) | K20: =IF(OR(B20="",D20="",E20="",G20="",F20<>"",E20>=1),"",(G20-D20*E20)/(1-E20)) | L20: =IF(J20="","",C20) | M20: =IF(J20="","",C20*J20)
... H84: =IF(OR(B84="",D84="",E84="",F84=""),"",D84*E84+F84*(1-E84)) | I84: =IF(H84="","",LOOKUP(H84,'Not Tablosu'!$A$5:$A$13,'Not Tablosu'!$B$5:$B$13)) | J84: =IF(H84="","",LOOKUP(H84,'Not Tablosu'!$A$5:$A$13,'Not Tablosu'!$C$5:$C$13)) | K84: =IF(OR(B84="",D84="",E84="",G84="",F84<>"",E84>=1),"",(G84-D84*E84)/(1-E84)) | L84: =IF(J84="","",C84) | M84: =IF(J84="","",C84*J84)

Sheet Özet
A1: Özet
A2: Bu sayfaya yazma.
B5: Genel ortalama | C5: Notu girilen kredi | D5: Notu girilen ders | E5: Bekleyen ders
B6: =IF(SUM(Dersler!$L$5:$L$84)=0,0,SUM(Dersler!$M$5:$M$84)/SUM(Dersler!$L$5:$L$84)) -> 2.7 | C6: =SUM(Dersler!$L$5:$L$84) -> 10 | D6: =COUNT(Dersler!$L$5:$L$84) -> 3 | E6: =COUNTA(Dersler!$B$5:$B$84)-COUNT(Dersler!$L$5:$L$84) -> 1
B8: Döneme göre
B9: Dönem | C9: Kredi | D9: Dönem ortalaması
B10: =IF(Listeler!A5="","",Listeler!A5) -> 1. dönem | C10: =IF(B10="","",SUMIFS(Dersler!$L$5:$L$84,Dersler!$A$5:$A$84,B10)) -> 7 | D10: =IF(B10="","",IF(SUMIFS(Dersler!$L$5:$L$84,Dersler!$A$5:$A$84,B10)=0,"",SUMIFS(Dersler!$M$5:$M$84,Dersler!$A$5:$A$84,B10)/SUMIFS(Dersler!$L$5:$L$84,Dersler!$A$5:$A$84,B10))) -> 2.1428571
B11: =IF(Listeler!A6="","",Listeler!A6) -> 2. dönem | C11: =IF(B11="","",SUMIFS(Dersler!$L$5:$L$84,Dersler!$A$5:$A$84,B11)) -> 3 | D11: =IF(B11="","",IF(SUMIFS(Dersler!$L$5:$L$84,Dersler!$A$5:$A$84,B11)=0,"",SUMIFS(Dersler!$M$5:$M$84,Dersler!$A$5:$A$84,B11)/SUMIFS(Dersler!$L$5:$L$84,Dersler!$A$5:$A$84,B11))) -> 4
B12: =IF(Listeler!A7="","",Listeler!A7) -> 3. dönem | C12: =IF(B12="","",SUMIFS(Dersler!$L$5:$L$84,Dersler!$A$5:$A$84,B12)) -> 0 | D12: =IF(B12="","",IF(SUMIFS(Dersler!$L$5:$L$84,Dersler!$A$5:$A$84,B12)=0,"",SUMIFS(Dersler!$M$5:$M$84,Dersler!$A$5:$A$84,B12)/SUMIFS(Dersler!$L$5:$L$84,Dersler!$A$5:$A$84,B12)))
B13: =IF(Listeler!A8="","",Listeler!A8) -> 4. dönem | C13: =IF(B13="","",SUMIFS(Dersler!$L$5:$L$84,Dersler!$A$5:$A$84,B13)) -> 0 | D13: =IF(B13="","",IF(SUMIFS(Dersler!$L$5:$L$84,Dersler!$A$5:$A$84,B13)=0,"",SUMIFS(Dersler!$M$5:$M$84,Dersler!$A$5:$A$84,B13)/SUMIFS(Dersler!$L$5:$L$84,Dersler!$A$5:$A$84,B13)))
B14: =IF(Listeler!A9="","",Listeler!A9) -> 5. dönem | C14: =IF(B14="","",SUMIFS(Dersler!$L$5:$L$84,Dersler!$A$5:$A$84,B14)) -> 0 | D14: =IF(B14="","",IF(SUMIFS(Dersler!$L$5:$L$84,Dersler!$A$5:$A$84,B14)=0,"",SUMIFS(Dersler!$M$5:$M$84,Dersler!$A$5:$A$84,B14)/SUMIFS(Dersler!$L$5:$L$84,Dersler!$A$5:$A$84,B14)))
B15: =IF(Listeler!A10="","",Listeler!A10) -> 6. dönem | C15: =IF(B15="","",SUMIFS(Dersler!$L$5:$L$84,Dersler!$A$5:$A$84,B15)) -> 0 | D15: =IF(B15="","",IF(SUMIFS(Dersler!$L$5:$L$84,Dersler!$A$5:$A$84,B15)=0,"",SUMIFS(Dersler!$M$5:$M$84,Dersler!$A$5:$A$84,B15)/SUMIFS(Dersler!$L$5:$L$84,Dersler!$A$5:$A$84,B15)))
B16: =IF(Listeler!A11="","",Listeler!A11) -> 7. dönem | C16: =IF(B16="","",SUMIFS(Dersler!$L$5:$L$84,Dersler!$A$5:$A$84,B16)) -> 0 | D16: =IF(B16="","",IF(SUMIFS(Dersler!$L$5:$L$84,Dersler!$A$5:$A$84,B16)=0,"",SUMIFS(Dersler!$M$5:$M$84,Dersler!$A$5:$A$84,B16)/SUMIFS(Dersler!$L$5:$L$84,Dersler!$A$5:$A$84,B16)))
B17: =IF(Listeler!A12="","",Listeler!A12) -> 8. dönem | C17: =IF(B17="","",SUMIFS(Dersler!$L$5:$L$84,Dersler!$A$5:$A$84,B17)) -> 0 | D17: =IF(B17="","",IF(SUMIFS(Dersler!$L$5:$L$84,Dersler!$A$5:$A$84,B17)=0,"",SUMIFS(Dersler!$M$5:$M$84,Dersler!$A$5:$A$84,B17)/SUMIFS(Dersler!$L$5:$L$84,Dersler!$A$5:$A$84,B17)))

Sheet Not Tablosu
A1: Not Tablosu
A2: Okulunun harf notu sınırlarını yaz. Alt sınırlar küçükten büyüğe sıralı olmalı.
A4: Alt sınır | B4: Harf | C4: Katsayı
A5: 0 | B5: FF | C5: 0 | E5: Bu sınırlar yalnızca örnektir; her okulun yönetmeliği farklıdır. Kendi okulunun tablosunu yaz.
A6: 40 | B6: FD | C6: 0.5
A7: 50 | B7: DD | C7: 1
A8: 55 | B8: DC | C8: 1.5
A9: 60 | B9: CC | C9: 2
A10: 70 | B10: CB | C10: 2.5
A11: 75 | B11: BB | C11: 3
A12: 85 | B12: BA | C12: 3.5
A13: 90 | B13: AA | C13: 4

Sheet Listeler
A1: Listeler
A2: Açılır listelerde çıkan seçenekler. Sarı hücrelere kendi seçeneklerini yaz.
A4: Dönem
A5: 1. dönem
A6: 2. dönem
A7: 3. dönem
A8: 4. dönem
A9: 5. dönem
A10: 6. dönem
A11: 7. dönem
A12: 8. dönem

Sheet AI Komutları
B1: Yapay Zeka Komutları
B2: İlgili sayfada başlık satırıyla birlikte kayıtlarını seç, kopyala, kullandığın yapay zeka asistanına yapıştır ve altına komutu ekle.
B3: Dikkat: Öğrenci numaranı paylaşma. Yapay zekanın verdiği rakamları dosyadaki özet sayfasıyla karşılaştır.
B5: Ne için | C5: Komut (kopyala, yapıştır)
B6: Çalışma planı | C6: [Dersler sayfası] Finalden gereken notu en yüksek olan derslere öncelik vererek iki haftalık bir çalışma planı hazırla.
B7: Ortalama yükseltme | C7: Genel ortalamamı [hedef] yapmak için kalan derslerden ortalama kaç almalıyım?
B8: Ders tekrarı | C8: Hangi dersi tekrar alırsam ortalamama en çok katkı sağlar? Kredi ve mevcut harfe göre sırala.
B9: Konu özeti | C9: [ders adı] dersinin final konularını çalışmak için bir kontrol listesi oluştur; konuları ben yazacağım.
