Workbook

Sheet Başla
B2: EXCEL KLİNİĞİ
B3: VALİZ | Seyahat planı ve bütçesi
B4: Gün gün plan, dövizli harcamalar, kişi başı maliyet ve bütçeden kalan.
B6: NASIL KULLANILIR
B7: 1. Özet | C7: Bütçeni, döviz kurunu ve kişi sayısını yaz.
B8: 2. Plan | C8: Gün gün nerede olacağını ve tahmini maliyeti yaz.
B9: 3. Harcamalar | C9: Yolculukta her harcamayı gir; dövizli olanlar kura göre liraya çevrilir.
B11: BİLMEN GEREKENLER
B12: Tek kur | C12: Dosya tek bir döviz kuru kullanır. Farklı para birimleri ya da değişen kur için tutarı liraya kendin çevirip TL olarak gir.
B13: Günlük ortalama | C13: İlk ve son harcama tarihi arasındaki gün sayısına bölünür.
B14: Kapasite | C14: Harcamalar: 500 satır; Plan: 60 satır.
B16: RENKLER
B17: Sarı hücre | C17: Senin dolduracağın hücre. İçindeki örnekleri silip kendi bilgini yaz.
B18: Beyaz hücre, açık başlık | C18: Formül. Değiştirme, kendiliğinden hesaplanır.

Sheet Harcamalar
A1: Harcamalar
A2: Her harcamayı bir satır yaz. Yabancı parayla ödediysen para birimini Döviz seç.
A4: Tarih | B4: Kategori | C4: Açıklama | D4: Tutar | E4: Para birimi | F4: TL karşılığı (₺)
A5: 46204 | B5: Ulaşım | C5: Uçak bileti | D5: 18000 | E5: TL | F5: =IF(D5="","",IF(E5="Döviz",D5*Özet!$C$4,D5)) -> 18000
A6: 46205 | B6: Konaklama | C6: Otel (3 gece) | D6: 240 | E6: Döviz | F6: =IF(D6="","",IF(E6="Döviz",D6*Özet!$C$4,D6)) -> 12000
A7: 46205 | B7: Yemek | C7: Akşam yemeği | D7: 35 | E7: Döviz | F7: =IF(D7="","",IF(E7="Döviz",D7*Özet!$C$4,D7)) -> 1750
A8: 46206 | B8: Gezi ve müze | C8: Müze kartı | D8: 40 | E8: Döviz | F8: =IF(D8="","",IF(E8="Döviz",D8*Özet!$C$4,D8)) -> 2000
A9: 46207 | B9: Alışveriş | C9: Hediyelik | D9: 1200 | E9: TL | F9: =IF(D9="","",IF(E9="Döviz",D9*Özet!$C$4,D9)) -> 1200
F10: =IF(D10="","",IF(E10="Döviz",D10*Özet!$C$4,D10))
F11: =IF(D11="","",IF(E11="Döviz",D11*Özet!$C$4,D11))
F12: =IF(D12="","",IF(E12="Döviz",D12*Özet!$C$4,D12))
F13: =IF(D13="","",IF(E13="Döviz",D13*Özet!$C$4,D13))
F14: =IF(D14="","",IF(E14="Döviz",D14*Özet!$C$4,D14))
F15: =IF(D15="","",IF(E15="Döviz",D15*Özet!$C$4,D15))
F16: =IF(D16="","",IF(E16="Döviz",D16*Özet!$C$4,D16))
F17: =IF(D17="","",IF(E17="Döviz",D17*Özet!$C$4,D17))
F18: =IF(D18="","",IF(E18="Döviz",D18*Özet!$C$4,D18))
F19: =IF(D19="","",IF(E19="Döviz",D19*Özet!$C$4,D19))
F20: =IF(D20="","",IF(E20="Döviz",D20*Özet!$C$4,D20))
F21: =IF(D21="","",IF(E21="Döviz",D21*Özet!$C$4,D21))
... F504: =IF(D504="","",IF(E504="Döviz",D504*Özet!$C$4,D504))

Sheet Plan
A1: Gün Gün Plan
A2: Her gün için nerede olacağını, ne yapacağını ve tahmini maliyeti yaz.
A4: Tarih | B4: Şehir | C4: Yapılacaklar | D4: Tahmini maliyet (₺)
A5: 46204 | B5: Roma | C5: Varış, otele yerleşme | D5: 3000
A6: 46205 | B6: Roma | C6: Kolezyum, Roma Forumu | D6: 4500
A7: 46206 | B7: Roma | C7: Vatikan müzeleri | D7: 4000
A8: 46207 | B8: Roma | C8: Alışveriş, dönüş | D8: 2500

Sheet Özet
A1: Özet
A2: Sarı hücreleri doldur: bütçe, döviz kuru ve kişi sayısı.
B3: Toplam bütçe (₺) | C3: 60000
B4: 1 birim döviz kaç ₺ | C4: 50 | D4: Kullanıcı girişi: ödediğin günkü kuru yaz.
B5: Kişi sayısı | C5: 2
B7: Harcanan | C7: Bütçeden kalan | D7: Kişi başı | E7: Günlük ortalama | F7: Planlanan maliyet
B8: =SUM(Harcamalar!$F$5:$F$504) -> 34950 | C8: =C3-SUM(Harcamalar!$F$5:$F$504) -> 25050 | D8: =IF(C5=0,0,SUM(Harcamalar!$F$5:$F$504)/C5) -> 17475 | E8: =IF(COUNT(Harcamalar!$A$5:$A$504)=0,0,SUM(Harcamalar!$F$5:$F$504)/(MAX(Harcamalar!$A$5:$A$504)-MIN(Harcamalar!$A$5:$A$504)+1)) -> 8737.5 | F8: =SUM(Plan!$D$5:$D$64) -> 14000
B10: Kategoriye göre
B11: Kategori | C11: Tutar (₺) | D11: Pay
B12: =IF(Listeler!A5="","",Listeler!A5) -> Ulaşım | C12: =IF(B12="","",SUMIFS(Harcamalar!$F$5:$F$504,Harcamalar!$B$5:$B$504,B12)) -> 18000 | D12: =IF(B12="","",IF($B$8=0,0,SUMIFS(Harcamalar!$F$5:$F$504,Harcamalar!$B$5:$B$504,B12)/$B$8)) -> 0.51502146
B13: =IF(Listeler!A6="","",Listeler!A6) -> Konaklama | C13: =IF(B13="","",SUMIFS(Harcamalar!$F$5:$F$504,Harcamalar!$B$5:$B$504,B13)) -> 12000 | D13: =IF(B13="","",IF($B$8=0,0,SUMIFS(Harcamalar!$F$5:$F$504,Harcamalar!$B$5:$B$504,B13)/$B$8)) -> 0.34334764
B14: =IF(Listeler!A7="","",Listeler!A7) -> Yemek | C14: =IF(B14="","",SUMIFS(Harcamalar!$F$5:$F$504,Harcamalar!$B$5:$B$504,B14)) -> 1750 | D14: =IF(B14="","",IF($B$8=0,0,SUMIFS(Harcamalar!$F$5:$F$504,Harcamalar!$B$5:$B$504,B14)/$B$8)) -> 0.050071531
B15: =IF(Listeler!A8="","",Listeler!A8) -> Gezi ve müze | C15: =IF(B15="","",SUMIFS(Harcamalar!$F$5:$F$504,Harcamalar!$B$5:$B$504,B15)) -> 2000 | D15: =IF(B15="","",IF($B$8=0,0,SUMIFS(Harcamalar!$F$5:$F$504,Harcamalar!$B$5:$B$504,B15)/$B$8)) -> 0.057224607
B16: =IF(Listeler!A9="","",Listeler!A9) -> Alışveriş | C16: =IF(B16="","",SUMIFS(Harcamalar!$F$5:$F$504,Harcamalar!$B$5:$B$504,B16)) -> 1200 | D16: =IF(B16="","",IF($B$8=0,0,SUMIFS(Harcamalar!$F$5:$F$504,Harcamalar!$B$5:$B$504,B16)/$B$8)) -> 0.034334764
B17: =IF(Listeler!A10="","",Listeler!A10) -> Diğer | C17: =IF(B17="","",SUMIFS(Harcamalar!$F$5:$F$504,Harcamalar!$B$5:$B$504,B17)) -> 0 | D17: =IF(B17="","",IF($B$8=0,0,SUMIFS(Harcamalar!$F$5:$F$504,Harcamalar!$B$5:$B$504,B17)/$B$8)) -> 0
B18: =IF(Listeler!A11="","",Listeler!A11) | C18: =IF(B18="","",SUMIFS(Harcamalar!$F$5:$F$504,Harcamalar!$B$5:$B$504,B18)) | D18: =IF(B18="","",IF($B$8=0,0,SUMIFS(Harcamalar!$F$5:$F$504,Harcamalar!$B$5:$B$504,B18)/$B$8))
B19: =IF(Listeler!A12="","",Listeler!A12) | C19: =IF(B19="","",SUMIFS(Harcamalar!$F$5:$F$504,Harcamalar!$B$5:$B$504,B19)) | D19: =IF(B19="","",IF($B$8=0,0,SUMIFS(Harcamalar!$F$5:$F$504,Harcamalar!$B$5:$B$504,B19)/$B$8))

Sheet Listeler
A1: Listeler
A2: Açılır listelerde çıkan seçenekler. Sarı hücrelere kendi seçeneklerini yaz.
A4: Kategori
A5: Ulaşım
A6: Konaklama
A7: Yemek
A8: Gezi ve müze
A9: Alışveriş
A10: Diğer

Sheet AI Komutları
B1: Yapay Zeka Komutları
B2: İlgili sayfada başlık satırıyla birlikte kayıtlarını seç, kopyala, kullandığın yapay zeka asistanına yapıştır ve altına komutu ekle.
B3: Dikkat: Pasaport, bilet ve rezervasyon numaralarını paylaşma. Yapay zekanın verdiği rakamları dosyadaki özet sayfasıyla karşılaştır.
B5: Ne için | C5: Komut (kopyala, yapıştır)
B6: Rota önerisi | C6: [Plan sayfası] Bu planı yürüme mesafelerine göre yeniden sırala ve her güne bir yedek etkinlik ekle.
B7: Bütçe kontrolü | C7: [Özet sayfası] Harcamam bütçeye göre nasıl gidiyor? Kalan günler için günlük sınır öner.
B8: Bavul listesi | C8: [şehir] için [ay] ayında [gün] günlük seyahate uygun bir bavul listesi hazırla.
B9: Kişi başı hesap | C9: [Harcamalar sayfası] Harcamaları kişi başına böl ve kim kime ne kadar borçlu, hesapla. Ödeyenleri ben söyleyeceğim.
