Workbook

Sheet Başla
B2: EXCEL KLİNİĞİ
B3: NÖBET | Haftalık vardiya çizelgesi
B4: Kim hangi gün hangi vardiyada, haftada kaç saat çalışıyor, hangi gün kaç kişi var.
B6: NASIL KULLANILIR
B7: 1. Vardiyalar | C7: Vardiya kodlarını ve sürelerini yaz. İzin için süresi 0 olan bir kod kullan.
B8: 2. Çizelge | C8: Haftanın pazartesi tarihini, personeli ve her günün vardiya kodunu gir.
B9: 3. Kontrol | C9: Haftalık saat, en fazla saati aşanlar ve gün gün çalışan sayısı hesaplanır.
B11: BİLMEN GEREKENLER
B12: Tek hafta | C12: Bir sayfa bir haftayı tutar. Yeni hafta için sayfayı kopyala ya da kodları silip yeniden doldur.
B13: Yasal süre | C13: En fazla saat senin girdiğin sınırdır; yasal çalışma ve dinlenme sürelerine uygunluğu dosya denetlemez.
B14: Kapasite | C14: 30 personel, 10 vardiya kodu, bir hafta.
B16: RENKLER
B17: Sarı hücre | C17: Senin dolduracağın hücre. İçindeki örnekleri silip kendi bilgini yaz.
B18: Beyaz hücre, açık başlık | C18: Formül. Değiştirme, kendiliğinden hesaplanır.

Sheet Çizelge
A1: Haftalık Çizelge
A2: Haftanın pazartesi tarihini yaz, her kişi için günlerin vardiya kodunu seç.
B3: Haftanın pazartesisi | C3: 46300
B5: Personel | C5: En fazla saat | D5: ="Pzt "&RIGHT("0"&DAY($C$3+0),2)&"."&RIGHT("0"&MONTH($C$3+0),2) -> Pzt 05.10 | E5: ="Sal "&RIGHT("0"&DAY($C$3+1),2)&"."&RIGHT("0"&MONTH($C$3+1),2) -> Sal 06.10 | F5: ="Çar "&RIGHT("0"&DAY($C$3+2),2)&"."&RIGHT("0"&MONTH($C$3+2),2) -> Çar 07.10 | G5: ="Per "&RIGHT("0"&DAY($C$3+3),2)&"."&RIGHT("0"&MONTH($C$3+3),2) -> Per 08.10 | H5: ="Cum "&RIGHT("0"&DAY($C$3+4),2)&"."&RIGHT("0"&MONTH($C$3+4),2) -> Cum 09.10 | I5: ="Cmt "&RIGHT("0"&DAY($C$3+5),2)&"."&RIGHT("0"&MONTH($C$3+5),2) -> Cmt 10.10 | J5: ="Paz "&RIGHT("0"&DAY($C$3+6),2)&"."&RIGHT("0"&MONTH($C$3+6),2) -> Paz 11.10 | K5: Haftalık saat | L5: Uyarı
B6: Personel Alfa | C6: 45 | D6: S | E6: S | F6: S | G6: S | H6: S | I6: İ | J6: İ | K6: =IF(B6="","",SUMPRODUCT(COUNTIF(D6:J6,Vardiyalar!$A$5:$A$14)*Vardiyalar!$C$5:$C$14)) -> 40 | L6: =IF(OR(B6="",C6=""),"",IF(K6>C6,"En fazla saati aşıyor",""))
B7: Personel Beta | C7: 45 | D7: A | E7: A | F7: A | G7: A | H7: A | I7: A | J7: İ | K7: =IF(B7="","",SUMPRODUCT(COUNTIF(D7:J7,Vardiyalar!$A$5:$A$14)*Vardiyalar!$C$5:$C$14)) -> 48 | L7: =IF(OR(B7="",C7=""),"",IF(K7>C7,"En fazla saati aşıyor","")) -> En fazla saati aşıyor
B8: Personel Gama | C8: 45 | D8: İ | E8: T | F8: T | G8: T | H8: T | I8: S | K8: =IF(B8="","",SUMPRODUCT(COUNTIF(D8:J8,Vardiyalar!$A$5:$A$14)*Vardiyalar!$C$5:$C$14)) -> 56 | L8: =IF(OR(B8="",C8=""),"",IF(K8>C8,"En fazla saati aşıyor","")) -> En fazla saati aşıyor
B9: Personel Delta | C9: 30 | D9: S | F9: S | H9: A | I9: T | J9: T | K9: =IF(B9="","",SUMPRODUCT(COUNTIF(D9:J9,Vardiyalar!$A$5:$A$14)*Vardiyalar!$C$5:$C$14)) -> 48 | L9: =IF(OR(B9="",C9=""),"",IF(K9>C9,"En fazla saati aşıyor","")) -> En fazla saati aşıyor
K10: =IF(B10="","",SUMPRODUCT(COUNTIF(D10:J10,Vardiyalar!$A$5:$A$14)*Vardiyalar!$C$5:$C$14)) | L10: =IF(OR(B10="",C10=""),"",IF(K10>C10,"En fazla saati aşıyor",""))
K11: =IF(B11="","",SUMPRODUCT(COUNTIF(D11:J11,Vardiyalar!$A$5:$A$14)*Vardiyalar!$C$5:$C$14)) | L11: =IF(OR(B11="",C11=""),"",IF(K11>C11,"En fazla saati aşıyor",""))
K12: =IF(B12="","",SUMPRODUCT(COUNTIF(D12:J12,Vardiyalar!$A$5:$A$14)*Vardiyalar!$C$5:$C$14)) | L12: =IF(OR(B12="",C12=""),"",IF(K12>C12,"En fazla saati aşıyor",""))
K13: =IF(B13="","",SUMPRODUCT(COUNTIF(D13:J13,Vardiyalar!$A$5:$A$14)*Vardiyalar!$C$5:$C$14)) | L13: =IF(OR(B13="",C13=""),"",IF(K13>C13,"En fazla saati aşıyor",""))
K14: =IF(B14="","",SUMPRODUCT(COUNTIF(D14:J14,Vardiyalar!$A$5:$A$14)*Vardiyalar!$C$5:$C$14)) | L14: =IF(OR(B14="",C14=""),"",IF(K14>C14,"En fazla saati aşıyor",""))
K15: =IF(B15="","",SUMPRODUCT(COUNTIF(D15:J15,Vardiyalar!$A$5:$A$14)*Vardiyalar!$C$5:$C$14)) | L15: =IF(OR(B15="",C15=""),"",IF(K15>C15,"En fazla saati aşıyor",""))
K16: =IF(B16="","",SUMPRODUCT(COUNTIF(D16:J16,Vardiyalar!$A$5:$A$14)*Vardiyalar!$C$5:$C$14)) | L16: =IF(OR(B16="",C16=""),"",IF(K16>C16,"En fazla saati aşıyor",""))
K17: =IF(B17="","",SUMPRODUCT(COUNTIF(D17:J17,Vardiyalar!$A$5:$A$14)*Vardiyalar!$C$5:$C$14)) | L17: =IF(OR(B17="",C17=""),"",IF(K17>C17,"En fazla saati aşıyor",""))
K18: =IF(B18="","",SUMPRODUCT(COUNTIF(D18:J18,Vardiyalar!$A$5:$A$14)*Vardiyalar!$C$5:$C$14)) | L18: =IF(OR(B18="",C18=""),"",IF(K18>C18,"En fazla saati aşıyor",""))
K19: =IF(B19="","",SUMPRODUCT(COUNTIF(D19:J19,Vardiyalar!$A$5:$A$14)*Vardiyalar!$C$5:$C$14)) | L19: =IF(OR(B19="",C19=""),"",IF(K19>C19,"En fazla saati aşıyor",""))
K20: =IF(B20="","",SUMPRODUCT(COUNTIF(D20:J20,Vardiyalar!$A$5:$A$14)*Vardiyalar!$C$5:$C$14)) | L20: =IF(OR(B20="",C20=""),"",IF(K20>C20,"En fazla saati aşıyor",""))
K21: =IF(B21="","",SUMPRODUCT(COUNTIF(D21:J21,Vardiyalar!$A$5:$A$14)*Vardiyalar!$C$5:$C$14)) | L21: =IF(OR(B21="",C21=""),"",IF(K21>C21,"En fazla saati aşıyor",""))
... K35: =IF(B35="","",SUMPRODUCT(COUNTIF(D35:J35,Vardiyalar!$A$5:$A$14)*Vardiyalar!$C$5:$C$14)) | L35: =IF(OR(B35="",C35=""),"",IF(K35>C35,"En fazla saati aşıyor",""))
B37: Gün gün kaç kişi çalışıyor
B38: Vardiya | D38: =D5 -> Pzt 05.10 | E38: =E5 -> Sal 06.10 | F38: =F5 -> Çar 07.10 | G38: =G5 -> Per 08.10 | H38: =H5 -> Cum 09.10 | I38: =I5 -> Cmt 10.10 | J38: =J5 -> Paz 11.10
B39: =IF(Vardiyalar!A5="","",Vardiyalar!A5&" "&Vardiyalar!B5) -> S Sabah 08:00-16:00 | D39: =IF(Vardiyalar!$A5="","",COUNTIF(D$6:D$35,Vardiyalar!$A5)) -> 2 | E39: =IF(Vardiyalar!$A5="","",COUNTIF(E$6:E$35,Vardiyalar!$A5)) -> 1 | F39: =IF(Vardiyalar!$A5="","",COUNTIF(F$6:F$35,Vardiyalar!$A5)) -> 2 | G39: =IF(Vardiyalar!$A5="","",COUNTIF(G$6:G$35,Vardiyalar!$A5)) -> 1 | H39: =IF(Vardiyalar!$A5="","",COUNTIF(H$6:H$35,Vardiyalar!$A5)) -> 1 | I39: =IF(Vardiyalar!$A5="","",COUNTIF(I$6:I$35,Vardiyalar!$A5)) -> 1 | J39: =IF(Vardiyalar!$A5="","",COUNTIF(J$6:J$35,Vardiyalar!$A5)) -> 0
B40: =IF(Vardiyalar!A6="","",Vardiyalar!A6&" "&Vardiyalar!B6) -> A Akşam 16:00-24:00 | D40: =IF(Vardiyalar!$A6="","",COUNTIF(D$6:D$35,Vardiyalar!$A6)) -> 1 | E40: =IF(Vardiyalar!$A6="","",COUNTIF(E$6:E$35,Vardiyalar!$A6)) -> 1 | F40: =IF(Vardiyalar!$A6="","",COUNTIF(F$6:F$35,Vardiyalar!$A6)) -> 1 | G40: =IF(Vardiyalar!$A6="","",COUNTIF(G$6:G$35,Vardiyalar!$A6)) -> 1 | H40: =IF(Vardiyalar!$A6="","",COUNTIF(H$6:H$35,Vardiyalar!$A6)) -> 2 | I40: =IF(Vardiyalar!$A6="","",COUNTIF(I$6:I$35,Vardiyalar!$A6)) -> 1 | J40: =IF(Vardiyalar!$A6="","",COUNTIF(J$6:J$35,Vardiyalar!$A6)) -> 0
B41: =IF(Vardiyalar!A7="","",Vardiyalar!A7&" "&Vardiyalar!B7) -> G Gece 24:00-08:00 | D41: =IF(Vardiyalar!$A7="","",COUNTIF(D$6:D$35,Vardiyalar!$A7)) -> 0 | E41: =IF(Vardiyalar!$A7="","",COUNTIF(E$6:E$35,Vardiyalar!$A7)) -> 0 | F41: =IF(Vardiyalar!$A7="","",COUNTIF(F$6:F$35,Vardiyalar!$A7)) -> 0 | G41: =IF(Vardiyalar!$A7="","",COUNTIF(G$6:G$35,Vardiyalar!$A7)) -> 0 | H41: =IF(Vardiyalar!$A7="","",COUNTIF(H$6:H$35,Vardiyalar!$A7)) -> 0 | I41: =IF(Vardiyalar!$A7="","",COUNTIF(I$6:I$35,Vardiyalar!$A7)) -> 0 | J41: =IF(Vardiyalar!$A7="","",COUNTIF(J$6:J$35,Vardiyalar!$A7)) -> 0
B42: =IF(Vardiyalar!A8="","",Vardiyalar!A8&" "&Vardiyalar!B8) -> T Tam gün 10:00-22:00 | D42: =IF(Vardiyalar!$A8="","",COUNTIF(D$6:D$35,Vardiyalar!$A8)) -> 0 | E42: =IF(Vardiyalar!$A8="","",COUNTIF(E$6:E$35,Vardiyalar!$A8)) -> 1 | F42: =IF(Vardiyalar!$A8="","",COUNTIF(F$6:F$35,Vardiyalar!$A8)) -> 1 | G42: =IF(Vardiyalar!$A8="","",COUNTIF(G$6:G$35,Vardiyalar!$A8)) -> 1 | H42: =IF(Vardiyalar!$A8="","",COUNTIF(H$6:H$35,Vardiyalar!$A8)) -> 1 | I42: =IF(Vardiyalar!$A8="","",COUNTIF(I$6:I$35,Vardiyalar!$A8)) -> 1 | J42: =IF(Vardiyalar!$A8="","",COUNTIF(J$6:J$35,Vardiyalar!$A8)) -> 1
B43: =IF(Vardiyalar!A9="","",Vardiyalar!A9&" "&Vardiyalar!B9) -> İ İzinli | D43: =IF(Vardiyalar!$A9="","",COUNTIF(D$6:D$35,Vardiyalar!$A9)) -> 1 | E43: =IF(Vardiyalar!$A9="","",COUNTIF(E$6:E$35,Vardiyalar!$A9)) -> 0 | F43: =IF(Vardiyalar!$A9="","",COUNTIF(F$6:F$35,Vardiyalar!$A9)) -> 0 | G43: =IF(Vardiyalar!$A9="","",COUNTIF(G$6:G$35,Vardiyalar!$A9)) -> 0 | H43: =IF(Vardiyalar!$A9="","",COUNTIF(H$6:H$35,Vardiyalar!$A9)) -> 0 | I43: =IF(Vardiyalar!$A9="","",COUNTIF(I$6:I$35,Vardiyalar!$A9)) -> 1 | J43: =IF(Vardiyalar!$A9="","",COUNTIF(J$6:J$35,Vardiyalar!$A9)) -> 2
B44: =IF(Vardiyalar!A10="","",Vardiyalar!A10&" "&Vardiyalar!B10) | D44: =IF(Vardiyalar!$A10="","",COUNTIF(D$6:D$35,Vardiyalar!$A10)) | E44: =IF(Vardiyalar!$A10="","",COUNTIF(E$6:E$35,Vardiyalar!$A10)) | F44: =IF(Vardiyalar!$A10="","",COUNTIF(F$6:F$35,Vardiyalar!$A10)) | G44: =IF(Vardiyalar!$A10="","",COUNTIF(G$6:G$35,Vardiyalar!$A10)) | H44: =IF(Vardiyalar!$A10="","",COUNTIF(H$6:H$35,Vardiyalar!$A10)) | I44: =IF(Vardiyalar!$A10="","",COUNTIF(I$6:I$35,Vardiyalar!$A10)) | J44: =IF(Vardiyalar!$A10="","",COUNTIF(J$6:J$35,Vardiyalar!$A10))
B45: =IF(Vardiyalar!A11="","",Vardiyalar!A11&" "&Vardiyalar!B11) | D45: =IF(Vardiyalar!$A11="","",COUNTIF(D$6:D$35,Vardiyalar!$A11)) | E45: =IF(Vardiyalar!$A11="","",COUNTIF(E$6:E$35,Vardiyalar!$A11)) | F45: =IF(Vardiyalar!$A11="","",COUNTIF(F$6:F$35,Vardiyalar!$A11)) | G45: =IF(Vardiyalar!$A11="","",COUNTIF(G$6:G$35,Vardiyalar!$A11)) | H45: =IF(Vardiyalar!$A11="","",COUNTIF(H$6:H$35,Vardiyalar!$A11)) | I45: =IF(Vardiyalar!$A11="","",COUNTIF(I$6:I$35,Vardiyalar!$A11)) | J45: =IF(Vardiyalar!$A11="","",COUNTIF(J$6:J$35,Vardiyalar!$A11))
B46: =IF(Vardiyalar!A12="","",Vardiyalar!A12&" "&Vardiyalar!B12) | D46: =IF(Vardiyalar!$A12="","",COUNTIF(D$6:D$35,Vardiyalar!$A12)) | E46: =IF(Vardiyalar!$A12="","",COUNTIF(E$6:E$35,Vardiyalar!$A12)) | F46: =IF(Vardiyalar!$A12="","",COUNTIF(F$6:F$35,Vardiyalar!$A12)) | G46: =IF(Vardiyalar!$A12="","",COUNTIF(G$6:G$35,Vardiyalar!$A12)) | H46: =IF(Vardiyalar!$A12="","",COUNTIF(H$6:H$35,Vardiyalar!$A12)) | I46: =IF(Vardiyalar!$A12="","",COUNTIF(I$6:I$35,Vardiyalar!$A12)) | J46: =IF(Vardiyalar!$A12="","",COUNTIF(J$6:J$35,Vardiyalar!$A12))
B47: =IF(Vardiyalar!A13="","",Vardiyalar!A13&" "&Vardiyalar!B13) | D47: =IF(Vardiyalar!$A13="","",COUNTIF(D$6:D$35,Vardiyalar!$A13)) | E47: =IF(Vardiyalar!$A13="","",COUNTIF(E$6:E$35,Vardiyalar!$A13)) | F47: =IF(Vardiyalar!$A13="","",COUNTIF(F$6:F$35,Vardiyalar!$A13)) | G47: =IF(Vardiyalar!$A13="","",COUNTIF(G$6:G$35,Vardiyalar!$A13)) | H47: =IF(Vardiyalar!$A13="","",COUNTIF(H$6:H$35,Vardiyalar!$A13)) | I47: =IF(Vardiyalar!$A13="","",COUNTIF(I$6:I$35,Vardiyalar!$A13)) | J47: =IF(Vardiyalar!$A13="","",COUNTIF(J$6:J$35,Vardiyalar!$A13))
B48: =IF(Vardiyalar!A14="","",Vardiyalar!A14&" "&Vardiyalar!B14) | D48: =IF(Vardiyalar!$A14="","",COUNTIF(D$6:D$35,Vardiyalar!$A14)) | E48: =IF(Vardiyalar!$A14="","",COUNTIF(E$6:E$35,Vardiyalar!$A14)) | F48: =IF(Vardiyalar!$A14="","",COUNTIF(F$6:F$35,Vardiyalar!$A14)) | G48: =IF(Vardiyalar!$A14="","",COUNTIF(G$6:G$35,Vardiyalar!$A14)) | H48: =IF(Vardiyalar!$A14="","",COUNTIF(H$6:H$35,Vardiyalar!$A14)) | I48: =IF(Vardiyalar!$A14="","",COUNTIF(I$6:I$35,Vardiyalar!$A14)) | J48: =IF(Vardiyalar!$A14="","",COUNTIF(J$6:J$35,Vardiyalar!$A14))
B49: ÇALIŞAN TOPLAMI | D49: =SUMPRODUCT(COUNTIF(D$6:D$35,Vardiyalar!$A$5:$A$14)*(Vardiyalar!$C$5:$C$14>0)) -> 3 | E49: =SUMPRODUCT(COUNTIF(E$6:E$35,Vardiyalar!$A$5:$A$14)*(Vardiyalar!$C$5:$C$14>0)) -> 3 | F49: =SUMPRODUCT(COUNTIF(F$6:F$35,Vardiyalar!$A$5:$A$14)*(Vardiyalar!$C$5:$C$14>0)) -> 4 | G49: =SUMPRODUCT(COUNTIF(G$6:G$35,Vardiyalar!$A$5:$A$14)*(Vardiyalar!$C$5:$C$14>0)) -> 3 | H49: =SUMPRODUCT(COUNTIF(H$6:H$35,Vardiyalar!$A$5:$A$14)*(Vardiyalar!$C$5:$C$14>0)) -> 4 | I49: =SUMPRODUCT(COUNTIF(I$6:I$35,Vardiyalar!$A$5:$A$14)*(Vardiyalar!$C$5:$C$14>0)) -> 3 | J49: =SUMPRODUCT(COUNTIF(J$6:J$35,Vardiyalar!$A$5:$A$14)*(Vardiyalar!$C$5:$C$14>0)) -> 1

Sheet Vardiyalar
A1: Vardiyalar
A2: Vardiya kodlarını ve kaç saat sürdüğünü yaz. Çizelgede bu kodları kullanırsın.
A4: Kod | B4: Açıklama | C4: Saat
A5: S | B5: Sabah 08:00-16:00 | C5: 8
A6: A | B6: Akşam 16:00-24:00 | C6: 8
A7: G | B7: Gece 24:00-08:00 | C7: 8
A8: T | B8: Tam gün 10:00-22:00 | C8: 12
A9: İ | B9: İzinli | C9: 0

Sheet AI Komutları
B1: Yapay Zeka Komutları
B2: İlgili sayfada başlık satırıyla birlikte kayıtlarını seç, kopyala, kullandığın yapay zeka asistanına yapıştır ve altına komutu ekle.
B3: Dikkat: Personel adlarını takma adla değiştir. Yapay zekanın verdiği rakamları dosyadaki özet sayfasıyla karşılaştır.
B5: Ne için | C5: Komut (kopyala, yapıştır)
B6: Dengeleme | C6: [Çizelge sayfası] Saatleri kişiler arasında daha dengeli dağıtmak için hangi vardiyaları değiştirebilirim?
B7: Boşluk | C7: [Çizelge sayfası] Hangi gün ve vardiyada kişi sayısı en düşük? Öneri ver.
B8: Duyuru | C8: Haftalık vardiya çizelgesini ekibe duyuran kısa bir mesaj yaz.
B9: İzin talebi | C9: [kişi] [gün] izin istiyor. Çizelgeyi en az değişiklikle yeniden düzenle.
